poi_id,name,AI후보(모델이름),권역,분류,분류_한글,분류변경,읍면동,latitude,longitude,address,사진,한줄설명,세부설명,출처,확인사항,카카오맵
1,신비원,,NORTH,EXPERIENCE,체험 활동 관광지,,제주시 연동,33.4494816,126.4872233,제주특별자치도 제주시 노형동 291-25 전,,제주 돌에 식물을 심어 가꾼 석부작 작품을 전시한 테마공원이다.,"제주 돌에 식물을 심어 가꾼 석부작 작품을 전시한 테마공원이다.
크고 작은 작품을 실내와 야외에서 둘러보며 제주의 돌과 식물이 어우러진 모습을 볼 수 있다.",BASE,사진 없음,https://map.kakao.com/?q=신비원
3,제주돌문화공원,제주돌문화공원,EAST,NATURE,자연관광지,,제주시 조천읍,33.4462782,126.6606466,제주특별자치도 제주시 조천읍 남조로 2023,https://api.cdn.visitjeju.net/photomng/imgpath/202408/21/e5f84397-91c4-4a31-91b2-4bfd618b9259.webp,제주의 바람과 신화를 머금은 아름다운 돌을 감상하다,"제주돌문화공원은 제주의 돌 문화와 자연을 함께 살펴볼 수 있는 박물관 겸 생태공원이다. 설문대할망과 오백장군의 설화를 바탕으로 공간이 조성되어 있으며, 돌박물관과 야외 전시장에는 제주의 석상과 생활 속 돌 문화가 전시된다. 관람로를 따라 오백장군갤러리, 돌문화전시관, 전통초가마을을 둘러보며 제주 사람들의 생활과 신화를 접할 수 있다.",AI+BASE+VJ+TOUR,,https://map.kakao.com/?q=제주돌문화공원
4,제주민속5일시장,,NORTH,COMMERCIAL,상업지구,,제주시 도두동,33.4958738,126.4752888,제주특별자치도 제주시 오일장서길 26,https://api.cdn.visitjeju.net/photomng/imgpath/201804/30/80b158d5-eb73-40aa-af17-efb399d6bde5.webp,제주 현지인의 삶을 가장 잘 말해주는 오일시장,"제주시에서 날짜 끝자리가 2일과 7일인 날에 열리는 전통시장이다.
농수산물부터 옹기, 의류, 생활용품까지 다양한 물건을 파는 장터가 펼쳐진다.
방문 후기에는 제주 먹거리를 맛보고 시장 골목을 둘러보는 재미가 소개된다.",BASE+VJ+TOUR,,https://map.kakao.com/?q=제주민속5일시장
5,성산일출봉,성산일출봉,EAST,NATURE,자연관광지,,서귀포시 성산읍,33.4619589,126.9362444,제주특별자치도 서귀포시 성산읍 일출로 284-12,https://api.cdn.visitjeju.net/photomng/imgpath/202409/20/b2087c57-7cb6-420d-a840-c6e7e581072e.webp,바다 위로 우뚝 솟은 수성 화산체이자 유네스코 세계자연유산 · 천연기념물 제420호 · 제주올레 1코스,"성산일출봉은 얕은 바다에서 화산이 분출하며 만들어진 응회구다. 정상에는 큰 분화구가 있고, 가장자리에 솟은 암봉들이 성곽처럼 둘러서 있어 지금의 이름이 붙었다. 정상에 오르면 분화구와 성산 마을, 우도와 바다가 한눈에 들어오며 일출 경관으로도 유명하다. 제주 화산섬과 용암 동굴의 일부로 유네스코 세계자연유산에 등재되어 있다.",AI+BASE+VJ+TOUR,,https://map.kakao.com/?q=성산일출봉
7,섭지코지,섭지코지,EAST,NATURE,자연관광지,,서귀포시 성산읍,33.4239381,126.9306092,제주특별자치도 서귀포시 성산읍 섭지코지로 107,https://api.cdn.visitjeju.net/photomng/imgpath/202408/16/6efa0dd8-7e17-47b9-8265-caf514b7ccef.webp,성산일출봉을 배경으로 아름다운 해안 절경과 독특한 화산지형을 감상할 수 있는 제주 동부의 해안 명소,"섭지코지는 제주 동부 해안에서 바다 쪽으로 뻗은 곶이다. 초원과 해안 절벽을 따라 걸으며 신양해변과 성산일출봉을 조망할 수 있고, 봄에는 유채꽃이 해안 풍경에 색을 더한다. 붉은 화산쇄설물이 드러난 붉은오름과 선돌바위에서는 이 일대의 다양한 화산 지형을 볼 수 있다. 초원에는 조선시대에 위급한 소식을 전하던 협자연대도 남아 있다.",AI+BASE+VJ+TOUR,,https://map.kakao.com/?q=섭지코지
10,포도뮤지엄,포도뮤지엄,WEST,CULTURE,문화시설,,서귀포시 안덕면,33.3192708,126.3858093,제주특별자치도 서귀포시 안덕면 산록남로 788,https://api.cdn.visitjeju.net/photomng/imgpath/202512/12/7a566c51-9dd5-40ea-bdc6-8810e344045c.webp,다양성을 존중하고 서로의 생각을 공유하는 열린 문화공간 전시관,"포도뮤지엄은 서귀포시 안덕면에 있는 실내 전시 공간이다.
다양한 생각을 나누는 문화 공간으로 전시를 둘러볼 수 있다.
방문 후기에는 찾아가는 길의 풍경과 전시가 모두 인상적이었다는 경험이 담겨 있다.",AI+BASE+VJ+TOUR,,https://map.kakao.com/?q=포도뮤지엄
11,코코몽에코파크,,SOUTH,THEME,테마시설,,서귀포시 남원읍,33.2749095,126.7050669,제주특별자치도 서귀포시 남원읍 태위로 536,,코코몽에코파크는 아이와 함께 방문하기 좋은 캐릭터 테마공원이다.,"코코몽에코파크는 아이와 함께 방문하기 좋은 캐릭터 테마공원이다.
코코몽 조형물 앞에서 사진을 찍고 놀이시설과 열차를 즐길 수 있다.
방문 경험에는 비눗방울 놀이와 가족사진이 즐거운 추억으로 소개된다.",BASE,사진 없음,https://map.kakao.com/?q=코코몽에코파크
12,카멜리아힐,카멜리아힐,WEST,NATURE,자연관광지,,서귀포시 안덕면,33.2890116,126.3713192,제주특별자치도 서귀포시 안덕면 병악로 166,https://api.cdn.visitjeju.net/photomng/imgpath/202410/15/dbcf908a-9c8c-4fc0-947c-e71554472c23.webp,연인과 아이를 동반한 가족 단위 관광객에게 인기 있는 동양 최대 규모의 동백 수목원,"카멜리아힐은 서귀포시 안덕면에 있는 동백 수목원으로 여러 지역에서 온 다양한 품종의 동백나무를 만날 수 있다. 동백이 피는 계절에는 꽃길과 정원을 둘러보기 좋고, 여름에는 수국, 가을에는 억새와 핑크뮬리가 계절마다 다른 풍경을 만든다. 수목원 곳곳에는 숲길과 돌담길, 사진을 남길 수 있는 정원 공간이 조성되어 있다.",AI+BASE+VJ+TOUR,,https://map.kakao.com/?q=카멜리아힐
13,대정교회,,WEST,HISTORY,역사·유적·종교 시설,,서귀포시 대정읍,33.2510928,126.2797822,제주특별자치도 서귀포시 대정읍 추사로36번길 11,,대정교회는 제주 기독교 순례길 4코스인 ‘화해의 길’에 자리한다.,"대정교회는 제주 기독교 순례길 4코스인 ‘화해의 길’에 자리한다.
제주 출신 첫 목사인 이도종 목사의 유해와 순교 기념비가 봉안되어 있다.
제주의 종교사와 4·3의 흔적을 돌아볼 수 있는 순례 장소다.",BASE,사진 없음; 관광지인지 확인(도서관·교회·골프 등),https://map.kakao.com/?q=대정교회
14,ICC제주국제컨벤션센터,ICC제주국제컨벤션센터,SOUTH,CULTURE,문화시설,,서귀포시 중문동,33.2412815,126.4244569,제주특별자치도 서귀포시 중문관광로 224,https://api.cdn.visitjeju.net/photomng/imgpath/201908/08/0d898924-dd55-4563-936a-f5c4a87cd2f1.webp,"제주의 대표적인 MICE 인프라인 제주국제컨벤션센터, 각종 회의 및 전시 행사가 진행된다","중문관광단지에 있는 제주국제컨벤션센터는 회의와 전시가 열리는 공간이다.
건물 안에는 행사장과 회의실, 제주관광공사 중문면세점이 있다.
방문할 행사가 있다면 중문 관광 일정과 함께 둘러볼 수 있다.",AI+BASE+VJ+TOUR,관광지인지 확인(도서관·교회·골프 등),https://map.kakao.com/?q=ICC제주국제컨벤션센터
15,협재해수욕장,협재해수욕장,WEST,NATURE,자연관광지,,제주시 한림읍,33.3938661,126.2391575,제주특별자치도 제주시 한림읍 한림로 329-10,https://api.cdn.visitjeju.net/photomng/imgpath/202408/27/e8a13893-251e-4acc-9657-34ba532426ad.webp,"비양도, 은모래, 바다가 그려낸 그림같이 아름다운 해변","협재해수욕장은 제주시 한림읍의 서쪽 해안에 있으며 금능해수욕장과 이어진다. 조개껍질 가루가 섞인 밝은 모래사장과 맑은 바닷물이 어우러지고, 해변 앞에는 비양도가 보인다. 바닥 경사가 완만하고 물이 얕은 편이어서 가족 단위 방문객이 찾으며, 해 질 무렵에는 비양도 너머로 지는 해를 감상할 수 있다.",AI+BASE+VJ+TOUR,,https://map.kakao.com/?q=협재해수욕장
16,표선해비치해변야영장,,EAST,NATURE,자연관광지,,서귀포시 표선면,33.3254563,126.842428,제주특별자치도 서귀포시 표선면 민속해안로 594,https://tong.visitkorea.or.kr/cms/resource/07/3031507_image2_1.jpg,표선해수욕장 야영장은 물놀이와 레저 명소인 표선해수욕장 입구 왼쪽에 위치하여 접근성도 좋다.,"표선해비치해변의 넓은 백사장 가까이에 기록된 야영 지점이다.
주변에서는 물때에 따라 달라지는 해변 풍경과 제주올레 4코스의 해안길을 만날 수 있다.
현재 야영 가능 여부와 이용 조건은 확인되지 않아 방문 전 확인이 필요하다.",BASE+TOUR,TourAPI 이름 다름(표선해수욕장 야영장),https://map.kakao.com/?q=표선해비치해변야영장
17,붉은오름자연휴양림,붉은오름자연휴양림,EAST,NATURE,자연관광지,,서귀포시 표선면,33.4011901,126.6759229,제주특별자치도 서귀포시 표선면 가시리 산 158임,https://api.cdn.visitjeju.net/photomng/imgpath/202111/11/e91e2593-82f1-40e4-9d4c-321aa393be20.webp,계절마다 각기 다른 아름다움을 뽐내는 붉은 오름 자연휴양림,"붉은오름자연휴양림은 울창한 숲길을 걷고 야영하며 쉬어 갈 수 있는 곳이다.
방문 후기에는 새소리와 빗소리를 가까이에서 들으며 캠핑한 경험이 담겨 있다.
밤하늘의 별과 조용한 숲의 분위기가 기억에 남았다는 이야기도 있다.",AI+BASE+VJ+TOUR,,https://map.kakao.com/?q=붉은오름자연휴양림
18,중앙목장,,EAST,EXPERIENCE,체험 활동 관광지,LEISURE→EXPERIENCE,제주시 조천읍,33.4346739,126.7189598,제주특별자치도 제주시 조천읍 비자림로 1065,,중앙목장은 제주시 조천읍 비자림로에 기록된 목장이다.,중앙목장은 제주시 조천읍 비자림로에 기록된 목장이다.,BASE,사진 없음,https://map.kakao.com/?q=중앙목장
21,제주랜드ATV승마,,EAST,EXPERIENCE,체험 활동 관광지,LEISURE→EXPERIENCE,서귀포시 성산읍,33.4135184,126.8325232,제주특별자치도 서귀포시 성산읍 난산리 2826목,,서귀포시 성산읍에서 승마와 ATV 체험 장소로 소개된 곳이다.,"서귀포시 성산읍에서 승마와 ATV 체험 장소로 소개된 곳이다.
제주관광공사의 과거 소개에는 말을 타고 오름에 올라 주변 풍경을 바라보는 코스가 나온다.
체험 코스와 운영 여부는 달라졌을 수 있으므로 예약 전에 확인하는 것이 좋다.",BASE,사진 없음,https://map.kakao.com/?q=제주랜드ATV승마
22,헬로키티아일랜드,헬로키티아일랜드,WEST,THEME,테마시설,,서귀포시 안덕면,33.2899533,126.3520703,제주특별자치도 서귀포시 안덕면 한창로 340,https://api.cdn.visitjeju.net/photomng/imgpath/202111/03/492de2bd-6669-4bbf-a879-0da3e6524c2f.webp,많은 사랑을 받고 있는 헬로키티 전시관,"헬로키티아일랜드는 캐릭터 전시와 조형물을 둘러보는 실내 테마공간이다.
분홍빛 공간 곳곳에서 헬로키티를 배경으로 사진을 남길 수 있다.
방문 후기에는 아이가 제주 여행 중 특히 가고 싶어 했던 곳으로 소개된다.",AI+BASE+VJ+TOUR,,https://map.kakao.com/?q=헬로키티아일랜드
23,고성오일시장,고성오일시장,EAST,COMMERCIAL,상업지구,,서귀포시 성산읍,33.451935,126.9132441,제주특별자치도 서귀포시 성산읍 고성오조로 93,https://api.cdn.visitjeju.net/photomng/imgpath/201804/30/d6c39d22-223c-4368-8599-e2277f1188e8.webp,옛 장터 분위기를 지닌 전통시장,"고성장은 제주도 동부 관광명소인 성산일출봉이 있는 성산읍사무소 소재지 마을인 고성리에 위치하고 있으며 국도 12번 도로에 접하고 있다. 1984년 현재 위치로 이설 한 후, 성산읍 주민은 물론 인근 우도면과 구좌읍 주민들도 이용하는 비교적 큰 5일장이다. 도심의 오일시장과는 사뭇 다른 시골장터 분위기를 느낄 수 있다. 특별한 상품보다는 청과물, 수산물, 정육, 생활용품, 의류, 농기구, 잡화 등 생활에 필요한 모든 물품이 갖추어져 있어 없는 것이 없다는 표현이 어울린다. 그리고 근처에는 제주 명소들이 인접해 있어 부담없이 둘러볼 수 있다. 성산읍의 정취와 정겨움을 느끼고 싶다면 고성오일시장을 방문해 보는 것을 추천한다.",AI+BASE+VJ+TOUR,,https://map.kakao.com/?q=고성오일시장
25,오설록티뮤지엄,오설록티뮤지엄,WEST,CULTURE,문화시설,,서귀포시 안덕면,33.3064391,126.290848,제주특별자치도 서귀포시 안덕면 서광리 1235-1대,https://api.cdn.visitjeju.net/photomng/imgpath/202408/21/2aa92c1e-5dec-48f0-a3f5-ef5bb271bb51.webp,오설록의 역사를 간직하고 차 문화를 만들어가는 티 헤리티지 공간,"제주의 차 문화와 역사를 살펴볼 수 있는 박물관이다.
전시를 둘러본 뒤 주변 녹차밭을 걸으며 풍경을 즐길 수 있다.
방문 후기에는 차 문화 행사와 차밭 산책이 기억에 남는다는 이야기가 있다.",AI+BASE+VJ+TOUR,,https://map.kakao.com/?q=오설록티뮤지엄
26,조랑말타운승마장,,EAST,EXPERIENCE,체험 활동 관광지,COMMERCIAL→EXPERIENCE,서귀포시 표선면,33.4079372,126.7721465,제주특별자치도 서귀포시 표선면 번영로 2486,,서귀포시 표선면에서 말을 가까이 만나고 승마를 체험할 수 있는 곳이다.,"서귀포시 표선면에서 말을 가까이 만나고 승마를 체험할 수 있는 곳이다.
방문 후기에는 말 먹이주기와 야외 놀이를 함께 즐긴 경험이 소개된다.
아이와 함께 말과 교감하며 시간을 보낸 이야기도 찾아볼 수 있다.",BASE,사진 없음,https://map.kakao.com/?q=조랑말타운승마장
28,제주신화월드테마파크,,WEST,THEME,테마시설,,서귀포시 안덕면,33.3055711,126.3153838,제주특별자치도 서귀포시 안덕면 신화역사로304번길 98,https://api.cdn.visitjeju.net/photomng/imgpath/202301/02/e9f4ba08-53a6-4768-89bb-ee21835224ac.webp,한국 토종 애니메이션으로 세계적인 인기를 끈 라바의 세계관이 곳곳에 심어진 정통 테마파크..,"여러 놀이기구와 게임, 공연을 한곳에서 즐길 수 있다.
구역마다 다른 볼거리가 있어 가족 단위로 둘러보기 좋다.",BASE+VJ+TOUR,,https://map.kakao.com/?q=제주신화월드테마파크
29,1965올레시장54번가,,SOUTH,TRAIL,산책로·둘레길,COMMERCIAL→TRAIL,서귀포시 중앙동,33.2496683,126.5629641,제주특별자치도 서귀포시 중정로61번길 20,,서귀포매일올레시장 안에 청년 점포가 들어선 공간이다.,서귀포매일올레시장 안에 청년 점포가 들어선 공간이다. 시장 골목을 걸으며 먹거리와 상점들을 함께 둘러볼 수 있다. 같은 주소의 올레야시장 후기에는 여러 음식을 골라 먹은 경험이 소개된다.,BASE,사진 없음,https://map.kakao.com/?q=1965올레시장54번가
34,제주문예회관,제주문화예술진흥원 제주문예회관,NORTH,CULTURE,문화시설,,제주시 일도2동,33.504347,126.5348893,제주특별자치도 제주시 동광로 69,https://api.cdn.visitjeju.net/photomng/imgpath/201804/30/1486a3fc-5ad0-4922-be67-db8d81319ccf.webp,"제주특별자치도 문화예술진흥원에서 운영하는 문화예술 공연, 전시관","제주시 동광로에 자리한 공연·전시 공간이다.
대극장과 소극장에서 공연을 열고 전시실에서는 미술 작품 등을 소개한다.
방문 날짜의 공연과 전시 일정을 확인해 제주 지역 문화를 만날 수 있다.",AI+BASE+VJ,AI 후보 '제주문화예술진흥원 제주문예회관'와 연결(이름 다름) → 확인,https://map.kakao.com/?q=제주문예회관
35,수목원테마파크,수목원테마파크,NORTH,THEME,테마시설,,제주시 연동,33.4706504,126.4884346,제주특별자치도 제주시 연동 1320 대,https://api.cdn.visitjeju.net/photomng/imgpath/201804/30/9bf34a74-0bd5-4394-95be-c088b44805c6.webp,"제주아이스뮤지엄, 3D 착시아트, 5D 영상관 등의 독특한 테마를 볼 수 있는 실내 관광지",수목원테마파크(아이스뮤지엄)는 날씨에 상관없이 즐길 수 있는 실내 공간으로 1년 내내 다양한 얼음조각과 시원하고 스릴 넘치는 얼음 썰매를 즐길 수 있다. 이색적인 공간과 더불어 세상에 없던 재미를 선사하는 짜릿한 가상 현실 VR 체험 등 다양한 즐길 거리가 있다. 테마파크 주변으로는 대한민국 최초의 소나무 숲 안에 조성된 자연 그대로의 형태를 갖춘 야시장과 LED 공원 주변으로 다양한 먹거리와 여행 중 피로를 풀어 줄 족욕 체험도 있어 제주 자연을 느낄 수 있는 ‘도심 속 작은 휴식처’로 관광객들에게 다양한 콘텐츠를 제공하는 제주 최대 규모 복합 관광지이다.,AI+BASE+VJ+TOUR,,https://map.kakao.com/?q=수목원테마파크
36,항파두리 항몽유적지,항파두리 항몽유적지,WEST,HISTORY,역사·유적·종교 시설,,제주시 애월읍,33.4527479,126.4079226,제주특별자치도 제주시 애월읍 항파두리로 50,https://api.cdn.visitjeju.net/photomng/imgpath/201804/30/c38b3538-8ab8-49b6-b15f-903fff647b80.webp,고려시대 몽골의 침략에 끝까지 저항했던 삼별초가 최후까지 항전하여 호국충정의 혼을 일깨울수 있는 역사유적지,고려시대 몽골의 침략에 끝까지 저항했던 삼별초가 최후까지 항전하여 호국충정의 혼을 일깨울수 있는 역사유적지,AI+BASE+VJ+TOUR,,https://map.kakao.com/?q=항파두리 항몽유적지
37,천지연폭포,천지연폭포,SOUTH,NATURE,자연관광지,,서귀포시 서홍동,33.2470217,126.554558,제주특별자치도 서귀포시 서홍동 2565천,https://api.cdn.visitjeju.net/photomng/imgpath/201804/30/9533606a-132c-430d-990b-f7ff12d37725.webp,하늘과 땅이 만나서 이룬 연못 · 천연기념물 제163호 · 천연기념물 제27호 · 천연기념물 제379호 · 올레6코스,"천지연폭포는 서귀포의 물길이 절벽 아래 깊은 연못으로 떨어지는 폭포다. 천지연이라는 이름은 하늘과 땅이 만나 이룬 연못이라는 뜻을 담고 있다. 폭포 주변에는 구실잣밤나무와 동백나무 등이 자라는 난대림이 펼쳐지고, 숲을 따라 산책로가 이어진다. 계곡의 담팔수 자생지와 난대림, 연못의 무태장어 서식지는 천연기념물로 보호되고 있다.",AI+BASE+VJ+TOUR,,https://map.kakao.com/?q=천지연폭포
38,남송악,,WEST,TRAIL,산책로·둘레길,,서귀포시 안덕면,33.3122139,126.3068194,제주특별자치도 서귀포시 안덕면 서광리 산 31임,,서귀포시 안덕면에 있는 산책로·둘레길입니다.,서귀포시 안덕면에 있는 산책로·둘레길입니다.,BASE,설명 기본 문구; 세부설명 없음 → 한 줄 소개로 대체; 사진 없음,https://map.kakao.com/?q=남송악
42,아르떼뮤지엄,아르떼뮤지엄 제주,WEST,CULTURE,문화시설,,제주시 애월읍,33.396697,126.3449783,제주특별자치도 제주시 애월읍 어림비로 478,https://api.cdn.visitjeju.net/photomng/imgpath/202608/24/7c3d6556-a3a8-4611-9b3c-2b67ed8b7526.jpg,국내 최대의 몰입형 미디어아트 뮤지엄,국내 최대의 몰입형 미디어아트 뮤지엄,AI+BASE+VJ+TOUR,AI 후보 '아르떼뮤지엄 제주'와 연결(이름 다름) → 확인,https://map.kakao.com/?q=아르떼뮤지엄
44,에코랜드테마파크,에코랜드테마파크,EAST,THEME,테마시설,,제주시 조천읍,33.4448176,126.679336,제주특별자치도 제주시 조천읍 교래리 385-1 임,https://api.cdn.visitjeju.net/photomng/imgpath/202506/10/ce1a35b1-fb88-498b-8b74-3318ebd56c0f.webp,기차를 타고 감상하는 곶자왈 숲속 테마공원,기차를 타고 감상하는 곶자왈 숲속 테마공원,AI+BASE+VJ+TOUR,,https://map.kakao.com/?q=에코랜드테마파크
45,곽지해변,,WEST,NATURE,자연관광지,,제주시 애월읍,33.4509085,126.3051464,제주특별자치도 제주시 애월읍 곽지리 1565임,https://api.cdn.visitjeju.net/photomng/imgpath/202110/25/4e19a935-3794-4891-94a2-7e89759e14b3.webp,시원한 용천수를 뿜어내는 노천탕이 있는 곳,시원한 용천수를 뿜어내는 노천탕이 있는 곳,BASE+VJ+TOUR,비짓제주 이름 다름(곽지해수욕장); TourAPI 이름 다름(곽지해수욕장),https://map.kakao.com/?q=곽지해변
46,중문색달해수욕장,중문색달해수욕장,SOUTH,NATURE,자연관광지,,서귀포시 색달동,33.245087,126.4103336,제주특별자치도 서귀포시 예래동,https://api.cdn.visitjeju.net/photomng/imgpath/202407/24/9562c8bf-e728-4cfc-8eea-f23f576918d4.webp,"제주올레 8코스, 여유롭고 이국적인 해수욕장","중문색달해수욕장은 아름다운 해안 풍경과 야자수의 이국적인 모습을 가진 해변으로 중문관광단지에서 시작해 천제연폭포와 대포주상절리와 이어지는 곳에 있다. 해변의 길이가 약 560미터에 달하는 활처럼 굽은 백사장으로 해마다 100만 명이 넘는 사람들이 다양한 해양 스포츠를 즐기기 위해 몰려든다. 본래는 진모살이라고 불렸는데 긴 모래 해변이라는 뜻이다. 이곳의 모래는 흑색, 회색, 적색, 백색 4가지가 섞여 있어 해가 비추는 방향에 따라 해변의 색깔이 달라 보이며 제주도 특유의 검은 돌인 화산석과 아름다운 조화를 이루고 있다. 다른 해수욕장보다 파도가 잦고, 높은 편이라 서퍼들에게 인기가 많고, 국내의 가장 큰 규모의 국제 서핑 대회가 매년 6월에 개최된다.
이 밖에도 수상스키, 윈드서핑, 스쿠버다이빙, 제트보트 등 함께 즐길 수 있는 수상 레저 활동이 많아 수상 레저 마니아들이 좋아하는 해변으로 알려져 있다. 1999년 환경운동연합이 실시한 수질환경성 조사 결과 전국 44개 해수욕장 가운데 최고의 청정 해수욕장으로 꼽히기도 했다. 색달해변이 한눈에 보이는 쉬리의 언덕은 이곳의 또 다른 명소로 영화 쉬리의 마지막 장면의 촬영지이기도 하며 제주에서 가장 아름다운 일출과 일몰을 볼 수 있는 장소이다.",AI+BASE+VJ+TOUR,,https://map.kakao.com/?q=중문색달해수욕장
47,우림랜드,,SOUTH,THEME,테마시설,NATURE→THEME,서귀포시 중문동,33.2443196,126.4225785,제주특별자치도 서귀포시 중문관광로 227-20,,서귀포시 중문동에 있는 테마시설입니다.,서귀포시 중문동에 있는 테마시설입니다.,BASE,설명 기본 문구; 세부설명 없음 → 한 줄 소개로 대체; 사진 없음,https://map.kakao.com/?q=우림랜드
50,크리스마스박물관,바이나흐튼 크리스마스박물관,WEST,HISTORY,역사·유적·종교 시설,,서귀포시 안덕면,33.2913123,126.3278107,제주특별자치도 서귀포시 안덕면 평화로 654,https://tong.visitkorea.or.kr/cms/resource/82/3548182_image2_1.jpg,서귀포시 안덕면에 위치한 바이나흐튼 크리스마스 박물관은 주인 부부가 여행하며 모은 크리스마스 장식과 관련 물품이 전시되어 있다.,"서귀포시 안덕면에 위치한 바이나흐튼 크리스마스 박물관은 주인 부부가 여행하며 모은 크리스마스 장식과 관련 물품이 전시되어 있다. 독일어로 크리스마스를 뜻하는 ‘바이나흐튼’과 독일의 건축물을 참고해 만들어 유럽의 크리스마스 느낌이 물씬 나는 공간이다. 개인 박물관치곤 전시물의 종류도 다양하고 소장 가치가 뛰어난 것도 많은 편이다. 일 년 내내 크리스마스 분위기를 느낄 수 있는 곳이지만 이곳의 12월은 조금 더 특별하다. 크리스마스를 맞기 전, 한 달간 크리스마스 마켓 때문이다. 매년 수많은 셀러들이 참여, 크리스마스와 관련된 다양한 라이프스타일 제품들을 판매하며, 유명 셰프들이 만드는 다채로운 요리와 관람객 누구나 참여할 수 있는 다양한 체험 프로그램들이 마련된다.",AI+BASE+TOUR,AI 후보 '바이나흐튼 크리스마스박물관'와 연결(이름 다름) → 확인,https://map.kakao.com/?q=크리스마스박물관
52,동문시장,제주동문시장,NORTH,COMMERCIAL,상업지구,,제주시 일도일동,33.5127895,126.5283174,제주특별자치도 제주시 동문로 16,https://api.cdn.visitjeju.net/photomng/imgpath/202110/27/6c75266f-f1d0-413b-9ebb-a2cc6e916389.webp,"각종 갈옷, 한복, 옷감 등 포목점을 주로 이루는 상가건물형 상설시장","각종 갈옷, 한복, 옷감 등 포목점을 주로 이루는 상가건물형 상설시장",AI+BASE+VJ+TOUR,AI 후보 '제주동문시장'와 연결(이름 다름) → 확인,https://map.kakao.com/?q=동문시장
58,도들봉공원,,NORTH,NATURE,자연관광지,,제주시 도두동,33.5081204,126.4684454,제주특별자치도 제주시 도두일동 산 1임,,제주시 도두동에 있는 자연관광지입니다.,제주시 도두동에 있는 자연관광지입니다.,BASE,설명 기본 문구; 세부설명 없음 → 한 줄 소개로 대체; 사진 없음,https://map.kakao.com/?q=도들봉공원
59,상효원식물원,,SOUTH,NATURE,자연관광지,,서귀포시 영천동,33.3065159,126.5839968,제주특별자치도 서귀포시 상효동 산 28임,https://api.cdn.visitjeju.net/photomng/imgpath/201908/19/18c96cef-e38e-4403-8e8c-892c0dde6b91.webp,제주의 자생식물을 볼 수 있는 수목원,제주의 자생식물을 볼 수 있는 수목원,BASE+VJ+TOUR,TourAPI 이름 다름(상효원수목원),https://map.kakao.com/?q=상효원식물원
60,이호테우해수욕장,이호테우해수욕장,NORTH,NATURE,자연관광지,,제주시 이호일동,33.4970579,126.4505033,제주특별자치도 제주시 이호동,https://api.cdn.visitjeju.net/photomng/imgpath/201808/08/41382152-d67e-46e1-9167-b5ea4ef84068.webp,붉은 조랑말과 흰 조랑말의 극명하게 대조되는 색감이 이국적인 풍경을 선사하는 해변,붉은 조랑말과 흰 조랑말의 극명하게 대조되는 색감이 이국적인 풍경을 선사하는 해변,AI+BASE+VJ+TOUR,,https://map.kakao.com/?q=이호테우해수욕장
61,세화해수욕장,,EAST,NATURE,자연관광지,,제주시 구좌읍,33.5251123,126.8594774,제주특별자치도 제주시 구좌읍 세화리 산 1-1임,https://api.cdn.visitjeju.net/photomng/imgpath/202407/24/1618588d-74d2-49e3-a527-d2637b6ca018.webp,인생 사진을 남길 수 있는 인생 바다,인생 사진을 남길 수 있는 인생 바다,BASE+VJ+TOUR,,https://map.kakao.com/?q=세화해수욕장
62,만장굴,만장굴,EAST,NATURE,자연관광지,,제주시 구좌읍,33.5283816,126.7716147,제주특별자치도 제주시 구좌읍 만장굴길 182,https://api.cdn.visitjeju.net/photomng/imgpath/202608/12/71968712-4e81-415a-bc16-703f03a8937b.jpg,세계적인 규모의 용암동굴이자 유네스코 세계자연유산을 구성하는 거문오름용암동굴계의 대표 동굴,만장굴은 거문오름의 화산 활동으로 만들어진 용암동굴계에 속한다. 동굴 안에는 용암이 흐르며 남긴 지형과 여러 형태의 동굴 생성물을 관찰할 수 있어 제주의 화산 역사를 살펴보는 장소로 알려져 있다. 거문오름용암동굴계는 제주 화산섬과 용암 동굴의 구성 유산으로 유네스코 세계자연유산에 등재되어 있다.,AI+BASE+VJ+TOUR,,https://map.kakao.com/?q=만장굴
63,모살밭휴게소,,WEST,NATURE,자연관광지,,제주시 한림읍,33.3904017,126.2361946,제주특별자치도 제주시 한림읍 금능길 119-10,,제주시 한림읍에 있는 자연관광지입니다.,제주시 한림읍에 있는 자연관광지입니다.,BASE,설명 기본 문구; 세부설명 없음 → 한 줄 소개로 대체; 사진 없음; 관광지인지 확인(도서관·교회·골프 등),https://map.kakao.com/?q=모살밭휴게소
64,조랑말박물관,,EAST,CULTURE,문화시설,EXPERIENCE→CULTURE,서귀포시 표선면,33.3830767,126.7363199,제주특별자치도 서귀포시 표선면 녹산로 381-15,,서귀포시 표선면에 있는 문화시설입니다.,서귀포시 표선면에 있는 문화시설입니다.,BASE,설명 기본 문구; 세부설명 없음 → 한 줄 소개로 대체; 사진 없음,https://map.kakao.com/?q=조랑말박물관
65,보롬왓,보롬왓,EAST,NATURE,자연관광지,,서귀포시 표선면,33.4134994,126.7525343,제주특별자치도 서귀포시 표선면 번영로 2350-104,https://api.cdn.visitjeju.net/photomng/imgpath/202110/29/e478e6c4-4a5f-40ec-9ded-36da33da5d9b.webp,보롬왓은 전국 최대 메밀산지인 제주에서 자연과 사람이 서로 상생하는 '같이의 가치' 농업을 꿈꾸는 6차 산업 인증 농업회사입니다.,보롬왓은 전국 최대 메밀산지인 제주에서 자연과 사람이 서로 상생하는 '같이의 가치' 농업을 꿈꾸는 6차 산업 인증 농업회사입니다.,AI+BASE+VJ+TOUR,,https://map.kakao.com/?q=보롬왓
66,말자하우스,,SOUTH,LEISURE,레저·스포츠 관련 시설,,서귀포시 대륜동,33.2353353,126.5139746,제주특별자치도 서귀포시 막숙포로 74,,서귀포시 대륜동에 있는 레저·스포츠 관련 시설입니다.,서귀포시 대륜동에 있는 레저·스포츠 관련 시설입니다.,BASE,설명 기본 문구; 세부설명 없음 → 한 줄 소개로 대체; 사진 없음,https://map.kakao.com/?q=말자하우스
67,천주교황사평성지,,NORTH,HISTORY,역사·유적·종교 시설,,제주시 화북동,33.4904757,126.5598768,제주특별자치도 제주시 기와5길 117-22,,제주시 화북동에 있는 역사·유적·종교 시설입니다.,제주시 화북동에 있는 역사·유적·종교 시설입니다.,BASE,설명 기본 문구; 세부설명 없음 → 한 줄 소개로 대체; 사진 없음,https://map.kakao.com/?q=천주교황사평성지
68,성이시돌목장,성이시돌목장,WEST,NATURE,자연관광지,,제주시 한림읍,33.351217,126.3260293,제주특별자치도 제주시 한림읍 금악리 365-5 목,https://api.cdn.visitjeju.net/photomng/imgpath/202110/28/f2223296-ce4a-4352-86fe-8e2b85f5edd3.webp,아름다운 풍경이 있는 목장,"성이시돌목장은 아일랜드인 맥글린치(한국명 임피제) 신부님이 1954년 제주 한림지역에 부임하면서 가난한 지역민을 돕기 위한 가축은행을 열면서 시작되었다. 1961년 정식으로 중앙 실습 목장을 열고 축산업 교육과 함께 양돈, 면양, 비육우 및 낙농사업을 펼쳤으며 현재는 경주마와 젖소를 주로 사육하여 유수의 경주마와 유기농 우유를 생산하여 그 수익을 여러 복지사업에 사용하고 있다. 넓은 초지와 오랜 역사를 상징하는 ‘테쉬폰’ 등 근대건축물이 어우러져 이국적인 풍광을 즐길 수 있고, 목장의 우유를 이용한 카페와 신앙을 주제로 한 산책로와 공원 등을 방문할 수 있다.",AI+BASE+VJ+TOUR,,https://map.kakao.com/?q=성이시돌목장
70,한라수목원,한라수목원,NORTH,NATURE,자연관광지,,제주시 연동,33.4697839,126.4932661,제주특별자치도 제주시 수목원길 72,https://api.cdn.visitjeju.net/photomng/imgpath/202111/10/3ee79bde-47e4-4659-90b4-1f4acb55253e.webp,제주 자생수종과 아열대 식물을 비롯한 다양한 식물을 관찰하며 산책할 수 있는 도심 속 수목원이다.,제주 자생수종과 아열대 식물을 비롯한 다양한 식물을 관찰하며 산책할 수 있는 도심 속 수목원이다.,AI+BASE+VJ+TOUR,,https://map.kakao.com/?q=한라수목원
72,견월교,,NORTH,NATURE,자연관광지,,제주시 봉개동,33.4239988,126.6080841,제주특별자치도 제주시 봉개동 산 78-3임,,제주시 봉개동에 있는 자연관광지입니다.,제주시 봉개동에 있는 자연관광지입니다.,BASE,설명 기본 문구; 세부설명 없음 → 한 줄 소개로 대체; 사진 없음,https://map.kakao.com/?q=견월교
73,스카이워터쇼,스카이워터쇼,EAST,CULTURE,문화시설,,제주시 구좌읍,33.4239312,126.7441268,제주특별자치도 제주시 구좌읍 번영로 2172-80,https://tong.visitkorea.or.kr/cms/resource/08/3037608_image2_1.jpg,제주 스카이워터쇼는 구좌읍에 위치한 실내 공연장에서 상연되는 워터쇼이다.,"제주 스카이워터쇼는 구좌읍에 위치한 실내 공연장에서 상연되는 워터쇼이다. 대형 분수쇼와 고난도 다이빙쇼가 어우러지는 역동적이고 신기한 워터쇼로 외줄 타기 공연은 물론이고 고공낙하쇼 그리고 분수쇼까지 화려한 퍼포먼스와 환상적인 무대는 긴장감을 놓을 수 없는 재미를 선사한다. 또한, 물과 빛이 아름답게 어우러지는 국내 최초의 스카이 워터쇼로 손꼽힌다. 필리핀공연단, 러시아, 우즈베키스탄, 우크라이나 세계대회 우승 다이버 등 여러 나라의 공연단들과 함께 대형 분수쇼, 화려한 공중 퍼포먼스와 코믹하고 멋진 다이빙 쇼를 동시에 선보이고 있다. 공연이 끝나면 공연단들과 함께 사진 촬영도 가능하다. 아이가 있는 가족여행객뿐 아니라 부모님도 만족하는 공연으로 온 가족이 함께 즐기기 좋은 제주도 실내관광지이다. 주변으로 산굼부리분화구와 에코랜드가 있어 연계해서 방문해 보는 것도 좋다.",AI+BASE+TOUR,,https://map.kakao.com/?q=스카이워터쇼
74,한림공원,한림공원,WEST,NATURE,자연관광지,,제주시 한림읍,33.3891904,126.2401849,제주특별자치도 제주시 한림읍 한림로 300,https://api.cdn.visitjeju.net/photomng/imgpath/202205/30/e0145d42-16eb-4055-873c-ba683a16dede.webp,10만 평 대지 위에 펼쳐지는 환상적인 9가지 테마의 공원.,"제주 한림공원은 1971년 창업인 송봉규 선생이 10만여 평의 황무지 모래밭에 야자수 씨앗을 파종하여 육묘함으로써 탄생하게 된 비경지대이다. 협재, 금릉 해수욕장의 비경과 아름다운 비양도의 경관을 마주하고 있는 제주도내 최고의 관광명소로 손꼽히고 있다. 10만여 평의 대지에 하늘로 우뚝 뻗은 야자수군락과 울창한 송림으로 둘러싸인 한림공원은 다양한 종류의 꽃과 나무가 사계절 아름다운 경관을 연출하며, 남국의 정취가 물씬 풍기는 야자수길, 분재와 돌을 소재로 하여 구성된 제주석분재원, 제주의 옛 모습을 재현한 재암민속마을 등 다양한 볼거리를 함께 갖추고 있다. 환상적인 9가지 다양한 테마가 펼쳐지는 한림공원은 장쩌민 중국 전 국가주석과 나까소네 전 일본수상을 비롯한 세계 각국의 저명인사들이 방문한 곳으로, 국내외 관광객이 찾는 세계적인 관광명소이다.",AI+BASE+VJ+TOUR,,https://map.kakao.com/?q=한림공원
76,외돌개관광단지,외돌개,SOUTH,TRAIL,산책로·둘레길,,서귀포시 서홍동,33.2397525,126.5433516,제주특별자치도 서귀포시 호근동 336 임,https://api.cdn.visitjeju.net/photomng/imgpath/202110/26/a434d9b2-a595-485f-89d6-1423bd989912.webp,"바다 위에 홀로 우뚝, 우직한 외돌개","바다 위에 홀로 우뚝, 우직한 외돌개",AI+BASE+VJ+TOUR,AI 후보 '외돌개'와 연결(이름 다름) → 확인,https://map.kakao.com/?q=외돌개관광단지
77,용연구름다리,용연구름다리,NORTH,NATURE,자연관광지,,제주시 용담2동,33.5148841,126.5143808,제주특별자치도 제주시 용담이동 2581천,https://api.cdn.visitjeju.net/photomng/imgpath/202311/28/517a602c-0c88-4874-b6e8-6e0aa1b14326.webp,제주의 은은한 야경을 느낄 수 있는 곳,"용연구름다리는 제주공항 서쪽에 위치한 다리이다. 용연은 제주시 용담동에 위치한 계곡의 물이 유입되는 하천으로, 산등성이부터 바닷가로 흘러 바닷물과 민물이 만나 신비로움을 선사한다. 용연은 가뭄이 들어도 물이 마르지 않아 이곳에 살던 용이 승천해 비를 내리게 했다는 전설이 내려온다. 물이 풍부해 선인들이 풍류를 즐긴 장소로도 이용되었다. 출렁다리로 연결된 용연구름다리는 용연의 기암절벽 사이를 잇는, 현수교 형태이다. 붉은빛이 감도는 정자와 에메랄드빛 계곡이 어우러진 경관을 감상할 수 있다. 특히 야경이 멋진 곳으로, 저녁 산책코스로 좋다. 밤이면 다리에 켜지는 불빛들과 잔잔한 호수, 그리고 우거진 나무숲들이 어우러진 모습을 볼 수 있다. 또한 제주올레 17코스가 통과하는 곳으로 제주 자연의 아름다움과 은은함을 느낄 수 있다.",AI+BASE+VJ+TOUR,,https://map.kakao.com/?q=용연구름다리
79,제주양떼목장,,WEST,EXPERIENCE,체험 활동 관광지,,제주시 애월읍,33.4110747,126.3654095,제주특별자치도 제주시 애월읍 도치돌길 289-13,https://tong.visitkorea.or.kr/cms/resource/29/4073429_image2_1.jpg,"제주 애월읍에 있는 제주 양떼목장은 양뿐만 아니라 염소, 말, 돼지 등 다양한 동물들을 만날 수 있는 자연 친화적인 공간이다.","제주 애월읍에 있는 제주 양떼목장은 양뿐만 아니라 염소, 말, 돼지 등 다양한 동물들을 만날 수 있는 자연 친화적인 공간이다. 동물에게 먹이를 줄 수 있는 목장 체험은 물론이고, 신선한 산양유 커피를 맛볼 수 있는 목장 카페, 통나무 펜션까지 운영해 다른 체험 목장보다 풍성한 추억을 만들 수 있다. 다양한 프로그램이 있는 체험 목장에서 숙박까지 하는 이색 체험이 마련되어 있어 관광객에게 인기가 많은 관광지이다.",BASE+TOUR,,https://map.kakao.com/?q=제주양떼목장
80,걸매생태공원,,SOUTH,NATURE,자연관광지,,서귀포시 천지동,33.2494716,126.5556866,제주특별자치도 서귀포시 서홍동 462전,https://api.cdn.visitjeju.net/photomng/imgpath/201903/12/9f94ece3-2dae-4baa-9ac8-fa87d3f031fc.webp,봄을 알리는 매화가 가득한 시민공원.,봄을 알리는 매화가 가득한 시민공원.,BASE+VJ+TOUR,,https://map.kakao.com/?q=걸매생태공원
81,산방산온천,,WEST,THEME,테마시설,,서귀포시 안덕면,33.2486039,126.2990062,제주특별자치도 서귀포시 안덕면 사계북로41번길 192,https://api.cdn.visitjeju.net/photomng/imgpath/202111/19/07c8d978-3c3c-49e1-9ae5-9b4b7a92ab61.webp,"제주 최초의 대중온천으로 알려진 국내에서도 보기 드문 탄산온천, 산방산 탄산온천","제주 최초의 대중온천으로 알려진 국내에서도 보기 드문 탄산온천, 산방산 탄산온천",BASE+VJ+TOUR,,https://map.kakao.com/?q=산방산온천
82,아띠하우스,,WEST,CULTURE,문화시설,,서귀포시 안덕면,33.2965689,126.308308,제주특별자치도 서귀포시 안덕면 신화역사로188번길 151,,서귀포시 안덕면에 있는 문화시설입니다.,서귀포시 안덕면에 있는 문화시설입니다.,BASE,설명 기본 문구; 세부설명 없음 → 한 줄 소개로 대체; 사진 없음,https://map.kakao.com/?q=아띠하우스
83,화조원,,WEST,EXPERIENCE,체험 활동 관광지,,제주시 애월읍,33.4111284,126.3719794,제주특별자치도 제주시 애월읍 애원로 804,https://api.cdn.visitjeju.net/photomng/imgpath/202607/16/a4676a11-8768-456c-9a1f-72b005d65875.jpg,다양한 새들과 작은 동물들과 교감할 수 있는 공간.,"제주 화조원(花鳥園)은 다양한 새들과 알파카 등 온순한 소동물들을 가까이에서 보고, 직접 만지며 교감할 수 있는 체험형 조류 동물원이다. 단순히 관람만 하는 공간이 아니라 아이부터 어른까지 자연스럽게 동물과 소통할 수 있도록 구성되어 있어 가족 단위 방문객들에게 특히 인기가 많다. 하루 4차례 진행되는 조류생태설명회에서는 사육사가 직접 새들의 생태와 습성을 설명해 주어 시간대에 맞춰 방문하면 더욱 알찬 관람이 가능하다. 조류 외에도 토끼, 잉어, 미니말 등 다양한 소동물에게 먹이를 주는 체험이 마련되어 있어 아이들이 배우며 즐거운 추억을 쌓을 수 있는 공간이다.",BASE+VJ+TOUR,,https://map.kakao.com/?q=화조원
84,서귀포항,서귀포항,SOUTH,LEISURE,레저·스포츠 관련 시설,,서귀포시 서귀동,33.2351603,126.5700614,제주특별자치도 서귀포시 서귀동 758-5 잡,https://api.cdn.visitjeju.net/photomng/imgpath/201804/30/51fa1314-f59a-4f33-916e-855f4113cf13.webp,문섬과 새끼섬을 바라보며 새연교를 따라 걷는 아름다운 산책,"우리나라 최남단에 위치하는 이 서귀포항은 한라산이 있어 여름철을 제외한 대부분이 평온한 해상 기온을 유지하고 있다. 본래 기능은 어항이나 관광객을 받아들이는 관광항으로서의 기능도 커 오래전부터 관광잠수정 등의 해양 관광지로 각광을 받으며 현재는 잠수함과 유람선 제트보트 등 청명한 바다를 즐길 수 있는 레저시설이 있다. 서귀포항 주변은 해양 생태계 보전 지역 및 해양 보호 지역으로 지정되어 있는 등 환경 민감 자원이 다수 분포되어 있으며, 문섬과 새섬, 섶섬 등 아름다운 섬들이 펼쳐진 풍경도 서귀포항의 관광 자원에 한 몫 한다. 서귀포항에서 보이는 문섬 앞 바다는 푸른 바다 속 산호 풍경이 아름다워 다이버들이 즐겨 찾는 곳이기도 하다. 

(출처 : 비짓제주)",AI+BASE+VJ+TOUR,,https://map.kakao.com/?q=서귀포항
85,금능식물원,,WEST,HISTORY,역사·유적·종교 시설,,제주시 한림읍,33.3856925,126.227032,제주특별자치도 제주시 한림읍 한림로 176,https://api.cdn.visitjeju.net/photomng/imgpath/202205/30/fd593a05-2426-4e3e-bd17-5760419eb329.webp,똑같이 생긴 하르방만 본 여행객들에게 제주 석물의 진수를 감상할 수 있게 하는 곳,똑같이 생긴 하르방만 본 여행객들에게 제주 석물의 진수를 감상할 수 있게 하는 곳,BASE+VJ+TOUR,,https://map.kakao.com/?q=금능식물원
86,서복전시관,서복전시관,SOUTH,CULTURE,문화시설,,서귀포시 서귀동,33.2447173,126.5708296,제주특별자치도 서귀포시 칠십리로 156-8,https://api.cdn.visitjeju.net/photomng/imgpath/202112/23/968cc936-9abe-4648-8a7b-d12fd67f2b06.webp,진시황의 불로장생의 꿈인 불로초를 찾아 제주도에 온 것으로 전해지는 서복(徐福)을 기념하는 전시관,"서복전시관은 중국 진나라 때 진시황의 불로장생의 꿈을 이루기 위해 불로초를 찾아 제주도로 왔다고 전해지는 서복을 기념하여 만든 전시관이다. 1999년 2월 27일 문화관광부 전국 7대 문화관광권 개발 사업으로 지정되어 2003년 9월 26일 개관했다. 서복은 영주산에서 불로초를 구한 후 서귀포 앞바다 정방폭포 암벽에 ""서복이 이곳을 지나갔다""라는 글자를 새겨 놓고 서쪽인 중국으로 돌아갔다고 전해진다. 서귀포의 지명도 ‘서쪽으로 돌아간 포구’에서 유래됐다는 이야기가 있다. 전시관에는 서복상을 비롯해 진시황릉의 청동마차, 병마용갱의 실물 복제품과 조각 작품들이 전시되어 있다. 중국 원자바오 총리의 실물 크기 사진과 촬영하는 포토존, 주변 해안 전망대와 쉼터 등이 조성되어 있다.",AI+BASE+VJ+TOUR,,https://map.kakao.com/?q=서복전시관
87,저지문화예술인마을,,WEST,CULTURE,문화시설,,제주시 한경면,33.3397863,126.2656069,제주특별자치도 제주시 한경면 저지14길 35,https://api.cdn.visitjeju.net/photomng/imgpath/202112/01/b87cc8a3-c01d-4119-802c-32bbd770b4d7.webp,'문화예술'이 있는 마을,"제주시 한경면 저지리에 위치한 저지예술마을, 일명 새오름이라 하는 저지악이 마을 중심에 있어 풍광이 독특하고, 전국의 유명 예술인들이 모여 작품을 생산하는 문화예술인촌이 형성돼 있어 문화적 향취가 남다르다. 또 동양 최대의 분재 정원으로 알려진 생각하는 공원과 세계적으로도 희귀한 천연 난대림 지역인 곶자왈, 야생화가 지천인 방림원 등 이색 공간이 많아 제주의 문화와 함께 볼거리까지 풍성하게 돌아볼 수 있다.

(출처 : 제주 문화관광 홈페이지)",BASE+VJ+TOUR,,https://map.kakao.com/?q=저지문화예술인마을
88,우리승마장,,EAST,EXPERIENCE,체험 활동 관광지,,서귀포시 성산읍,33.3868304,126.8123956,제주특별자치도 서귀포시 성산읍 중산간동로 4517,https://tong.visitkorea.or.kr/cms/resource/35/3030935_image2_1.jpg,성읍민속마을 근처에 위치한 우리승마장은 잘 훈련된 말 위에서 제주의 아름다운 풍경을 만끽하며 일상의 스트레스를 한 번에 날릴 수 있는 이색 승…,"성읍민속마을 근처에 위치한 우리승마장은 잘 훈련된 말 위에서 제주의 아름다운 풍경을 만끽하며 일상의 스트레스를 한 번에 날릴 수 있는 이색 승마체험장이다. 이곳의 말들은 성품이 온순하여 초보자는 물론, 아이도 안전하게 승마를 즐길 수 있다. 승마장 주변 드넓게 조성된 예쁜 꽃밭에서 개성 넘치는 포즈를 취하며 생생한 추억을 남길 수 있다. 특히 아이들에게 동물은 호기심과 즐거움의 대상이고 생명에 대한 존중, 호기심을 기르기에 동물과 직접 교감하는 것 만한 경험은 없을 것이다. 승마체험에 어울리는 카우보이모자, 장화 대여가 가능하고 안전상의 문제로 핸드폰을 소지한 채로 승마체험은 할 수 없으며 사진도 정해진 자리에서만 찍어야 한다. 또한 양산이나 우산도 사용 금지이다. 성읍마을 주변 방문 시 아이와 함께 짧게 즐기기에 좋고 승마체험이 끝난 후에는 말에게 당근 먹이 주기 체험도 가능하다. 무엇보다도 이곳의 경쟁력은 저렴하게 짧은 코스의 승마체험이 가능하다는 점이다. 따라서 성읍민속마을뿐만 아니라 표선해수욕장, 제주민속촌, 허브동산 등 성산 쪽 여러 관광지를 둘러보는 코스에 포함시켜 방문하길 추천한다.",BASE+TOUR,,https://map.kakao.com/?q=우리승마장
89,본태박물관,본태박물관,WEST,HISTORY,역사·유적·종교 시설,,서귀포시 안덕면,33.3040383,126.3921565,제주특별자치도 서귀포시 안덕면 산록남로762번길 69,https://api.cdn.visitjeju.net/photomng/imgpath/202111/04/c0e907e9-4cf5-4803-a3a5-bd3806b6e218.webp,세계적인 건축가 안도다다오의 자연 친화적인 건축과 전통공예 · 현대미술의 조화,세계적인 건축가 안도다다오의 자연 친화적인 건축과 전통공예 · 현대미술의 조화,AI+BASE+VJ+TOUR,,https://map.kakao.com/?q=본태박물관
92,라온더마파크,더마파크,WEST,THEME,테마시설,,제주시 한림읍,33.3547367,126.2426487,제주특별자치도 제주시 한림읍 월림7길 155,https://api.cdn.visitjeju.net/photomng/imgpath/202111/16/84fd9eab-8916-47b2-b2d9-db0fb87a1f8a.webp,승마·기마공연·카트를 즐기는 말 테마공원,승마·기마공연·카트를 즐기는 말 테마공원,AI+BASE+VJ+TOUR,AI 후보 '더마파크'와 연결(이름 다름) → 확인,https://map.kakao.com/?q=라온더마파크
94,서프라이즈테마파크,,EAST,THEME,테마시설,,제주시 조천읍,33.4656162,126.6598717,제주특별자치도 제주시 조천읍 남조로 2243,https://api.cdn.visitjeju.net/photomng/imgpath/202207/06/af880d88-514c-4389-b4fa-44fc59ec6a97.webp,문화예술계에서 주목하고 있는 재활용 소재를 활용한 정크아트(Junk Art) 작품을 테마로 조성된 관광지,"서프라이즈테마파크는 문화예술계에서 주목하고 있는 재활용 소재를 활용한 장인정신의 숨결과 혼이 깃든 신비로운 정크아트 (Junk Art 폐품으로 만든 입체 예술작품)를 만나볼 수 있는 곳이다. 재활용 소재로 만들었으나 디테일과 크기는 그 어떤 작품 못지않은 정교함과 웅장함을 자랑한다. ‘SBS 세상에 이런 일이’에 방영된 깜짝 놀랄만한 세계 수준의 예술작품을 생동감 있게 구현한 영화 속 히어로들 그리고 애니메이션 주인공들과 함께 가까이에서 만날 수 있다. 다양한 크기와 형태로 작품화된 캐릭터를 통해 그들을 직접 만나고 체험해 봄으로써 흥미와 감동으로 아 동과 청소년들의 꿈을 키우고 용기와 진취적 기상을 심어줄 수 있는 계기가 될 것이다. 50,000여 평의 넓은 대지 위에 펼쳐진 500여 점의 작품과 주변 풍경의 파노라마는 전 지역이 포토존으 로 활용될 수 있어서 가족 단위의 나들이를 통해 추억의 시간을 간직할 수 있으며, 곶자왈둘레길 생태체 험 산책을 통해 삼림욕을 함으로써 웰빙을 구가할 수 있다. 또한 단체 학생들의 체험 활동을 통해 꿈과 끼를 키우는 감성 교육의 장으로 활용될 수 있다.",BASE+VJ+TOUR,,https://map.kakao.com/?q=서프라이즈테마파크
95,새별헤이요목장,,WEST,EXPERIENCE,체험 활동 관광지,,제주시 애월읍,33.363034,126.3641169,제주특별자치도 제주시 애월읍 평화로 1529,,제주시 애월읍에 있는 체험 활동 관광지입니다.,제주시 애월읍에 있는 체험 활동 관광지입니다.,BASE,설명 기본 문구; 세부설명 없음 → 한 줄 소개로 대체; 사진 없음,https://map.kakao.com/?q=새별헤이요목장
96,제주국제평화센터,,SOUTH,CULTURE,문화시설,,서귀포시 중문동,33.2451893,126.4213758,제주특별자치도 서귀포시 중문관광로 227-24,https://api.cdn.visitjeju.net/photomng/imgpath/201804/30/7cdd9eb6-8040-4938-9e37-7bd5a9581608.webp,세계 평화의 섬 이미지 구현의 구심점 역할,"제주국제평화센터는 2005년 제주특별자치도가 대한민국 정부로부터 세계평화의 섬으로 공식 지정되면서 상징시설인 제주국제평화센터를 서귀포시 중문관광단지 내에 건립하였다. 제주국제평화센터는 지상 2층, 지하 1층 건물에 4개의 전시실과 세미나실, 정보 자료실, 기념품 매장, 카페테리아 등의 부대 시설을 갖추고 있다. 제주국제평화센터는 다양한 시청각 자료들을 전시하고 있으며, 제주가 평화의 섬으로 지정되기까지의 정치적, 지리적, 환경적인 이유를 쉽고 자세하게 설명하고 있다. 전시실 내부의 한국어, 영어, 중국어 안내문은 국내 관람객뿐 아니라 제주를 찾는 해외 관광객들에게 동북아시아 평화의 중심으로서의 제주를 알리는 역할을 하고 있다.",BASE+VJ+TOUR,관광지인지 확인(도서관·교회·골프 등),https://map.kakao.com/?q=제주국제평화센터
97,제주세계자연유산센터,제주 세계자연유산센터,EAST,CULTURE,문화시설,,제주시 조천읍,33.4567416,126.7149906,제주특별자치도 제주시 조천읍 선교로 569-36,https://api.cdn.visitjeju.net/photomng/imgpath/202112/08/c29d545c-bf68-462e-8606-510c50930951.webp,대한민국 최초의 세계자연유산으로서의 상징성을 위해 기념된 곳입니다,대한민국 최초의 세계자연유산으로서의 상징성을 위해 기념된 곳입니다,AI+BASE+VJ+TOUR,관광지인지 확인(도서관·교회·골프 등),https://map.kakao.com/?q=제주세계자연유산센터
98,납읍목장,,WEST,EXPERIENCE,체험 활동 관광지,,제주시 애월읍,33.3902387,126.3754269,제주특별자치도 제주시 애월읍 산록서로 15,,제주시 애월읍에 있는 체험 활동 관광지입니다.,제주시 애월읍에 있는 체험 활동 관광지입니다.,BASE,설명 기본 문구; 세부설명 없음 → 한 줄 소개로 대체; 사진 없음,https://map.kakao.com/?q=납읍목장
99,방림원,,WEST,NATURE,자연관광지,,제주시 한림읍,33.3382628,126.2695818,제주특별자치도 제주시 한림읍 월림리 115-224 임,https://api.cdn.visitjeju.net/photomng/imgpath/202205/30/725e93f1-8ed2-4290-84e3-431ac76b78b3.webp,"국내최초 세계야생화 작품 전시 박물관, 저지리 예술인 마을에 위치","국내최초 세계야생화 작품 전시 박물관, 저지리 예술인 마을에 위치",BASE+VJ+TOUR,,https://map.kakao.com/?q=방림원
102,이중섭미술관,이중섭미술관,SOUTH,CULTURE,문화시설,,서귀포시 서귀동,33.2458618,126.5648746,제주특별자치도 서귀포시 이중섭로 27-3,https://api.cdn.visitjeju.net/photomng/imgpath/202409/06/eed44a97-f06d-4c3d-8014-65a3a01f45f0.webp,불운한 시대의 천재 화가 이중섭의 작품을 전시한 미술관,불운한 시대의 천재 화가 이중섭의 작품을 전시한 미술관,AI+BASE+VJ+TOUR,,https://map.kakao.com/?q=이중섭미술관
103,감귤박물관,감귤박물관,SOUTH,HISTORY,역사·유적·종교 시설,,서귀포시 신효동,33.2712931,126.6070117,제주특별자치도 서귀포시 효돈순환로 441,https://api.cdn.visitjeju.net/photomng/imgpath/202311/21/d37fb821-40fb-4510-b001-9415cc2f186d.webp,주렁주렁 노랗게 익은 감귤을 직접 딸 수 있는 체험장,주렁주렁 노랗게 익은 감귤을 직접 딸 수 있는 체험장,AI+BASE+VJ+TOUR,,https://map.kakao.com/?q=감귤박물관
105,절물휴양림,,NORTH,NATURE,자연관광지,,제주시 봉개동,33.4367638,126.6284646,제주특별자치도 제주시 명림로 584,https://api.cdn.visitjeju.net/photomng/imgpath/202408/26/805247f8-451f-4ff7-88ec-d4512ee1fb3e.webp,삼나무 숲에서 즐기는 산림욕,삼나무 숲에서 즐기는 산림욕,BASE+VJ+TOUR,TourAPI 이름 다름(제주절물자연휴양림),https://map.kakao.com/?q=절물휴양림
106,용담공원,,NORTH,NATURE,자연관광지,,제주시 용담2동,33.514024,126.5147319,제주특별자치도 제주시 용담이동 372전,https://api.cdn.visitjeju.net/photomng/imgpath/202112/08/02cadb7a-e2d4-4698-9dea-4e9e7fe17154.webp,편의시설과 체육시설이 잘 갖춰진 공원,"용담공원은 용두암 근처에 있는 작은 공원으로, 용연 다리와도 연결된 도심 속의 자그마한 쉼터이다. 근처 관광지인 용두암은 기암괴석 사이에 있는 용머리 모양의 관광 명소이며, 용연 다리는 용담 공원과 건너편을 잇는 거대한 출렁다리다. 밤이면 화려한 조명이 켜지면서 아름다운 야경을 자랑한다. 다리 건너편 용담공원은 비록 규모가 크지는 않지만, 오밀조밀 잘 꾸며놓아 산책하기에 좋다. 나무 벤치와 조각상이 설치되어 있어 해안을 바라보며 잠시 쉬었다가 갈 수도 있다.",BASE+VJ+TOUR,비짓제주 이름 다름(용담레포츠공원),https://map.kakao.com/?q=용담공원
108,9.81파크,9.81파크,WEST,LEISURE,레저·스포츠 관련 시설,,제주시 애월읍,33.3901786,126.3665666,제주특별자치도 제주시 애월읍 천덕로 880-24,https://api.cdn.visitjeju.net/photomng/imgpath/202310/17/84b1f251-5276-42e8-a56c-daacab394252.webp,제주도의 중심 한라산과 비양도를 품은 푸른 바다를 마주하는 실외 공간과 ‘iF 디자인 어워드’를 수상한 감각적인 실내 공간을 모두 경험할 수…,제주도의 중심 한라산과 비양도를 품은 푸른 바다를 마주하는 실외 공간과 ‘iF 디자인 어워드’를 수상한 감각적인 실내 공간을 모두 경험할 수 있는 테마파크다. 제주의 자연과 어우러져 전혀 새로운 형태의 스마트하고 다채로운 어트랙션과 트렌디한 부대시설을 즐기며 사랑하는 이들과 잊지 못할 특별한 추억을 만들어보자.,AI+BASE+VJ+TOUR,,https://map.kakao.com/?q=9.81파크
109,왈종미술관,,SOUTH,CULTURE,문화시설,,서귀포시 동홍동,33.2452893,126.5736655,제주특별자치도 서귀포시 칠십리로214번길 30,https://api.cdn.visitjeju.net/photomng/imgpath/201804/30/b00f25ec-42b7-4251-a7a5-531f077ea4b4.webp,제주의 풍요로움과 아름다움을 되세기게 하는 미술관,"왈종미술관은 제주도 서귀포시 정방폭포 입구에 자리한 사립 미술관이다. 이곳은 평생 동안 제주의 풍요로움과 아름다움을 화폭에 담아 온 이왈종 화백이 자신의 이름을 걸고 개관한 곳이다. 전체 넓이 300평(약 992㎡) 규모의 3층 건물로, 조선백자의 찻잔을 조형화한 모습이 파란 하늘과 짙푸른 바다를 배경으로 멋진 한 폭의 그림을 그려내는 것 같다. 미술관 1층은 어린이 미술교육실과 수장고, 도예실로 이루어졌고, 2층에 마련된 전시실에는 이 화백의 회화와 도예 작품 90여 점이 전시되어 있다. 3층은 이 화백의 작업공간으로 꾸며졌으며, 커피숍을 겸한 아트숍이 미술관 옆에 자리하고 있어 그림과 휴식을 함께 즐기는 복합 문화공간으로 이용할 수 있다.",BASE+VJ+TOUR,,https://map.kakao.com/?q=왈종미술관
112,화순금모래해수욕장,화순금모래해수욕장,WEST,NATURE,자연관광지,,서귀포시 안덕면,33.2400324,126.3335893,제주특별자치도 서귀포시 안덕면 화순해안로 69,https://api.cdn.visitjeju.net/photomng/imgpath/201804/30/1870af1d-0694-450a-a960-b5743558461a.webp,야외 수영장에서 담수욕을 즐길 수 있는 해수욕장,"화순금모래 해변은 검은 모래밭이 펼쳐진 곳으로 주변에 천혜의 자연조건을 가지고 있다. 해수욕장 옆으로는 소금막 해변 백사장이 넓게 펼쳐져 있고, 뒤로는 산방산이 서있으며, 앞으로는 가파도, 마라도, 형제섬 등이 한눈에 펼져쳐 있어 동양의 산수화를 연상케 하는 해변이다. 해수욕장의 모래는 검은 빛으로 부드럽고 고운편이며 여름이면 바로 옆에 야외수영장이 설치되어 해수욕과 담수욕을 동시에 즐길 수 있다. 야외수영장은 일년 내내 낮은 온도를 유지하는 용천수를 사용해 물이 무척 시원하며 슬라이딩 미끄럼틀 등의 기구를 설치해 아이들과 함께 물놀이 할 수 있다. 안덕면 소재지인 화순리에 있어서 교통, 숙박, 매점, 음식점 등의 편의 시설이 풍부하다는 점도 빼놓을 수 없다.",AI+BASE+VJ+TOUR,,https://map.kakao.com/?q=화순금모래해수욕장
113,하이제주,,NORTH,COMMERCIAL,상업지구,,제주시 연동,33.4861043,126.4888047,제주특별자치도 제주시 노연로 81,,제주시 연동에 있는 상업지구입니다.,제주시 연동에 있는 상업지구입니다.,BASE,설명 기본 문구; 세부설명 없음 → 한 줄 소개로 대체; 사진 없음,https://map.kakao.com/?q=하이제주
115,아침미소목장,,NORTH,EXPERIENCE,체험 활동 관광지,,제주시 아라동,33.4550029,126.5858278,제주특별자치도 제주시 첨단동길 160-20,https://api.cdn.visitjeju.net/photomng/imgpath/202111/01/11fe3cc5-450b-4f3a-ab14-11a9e0b6d284.webp,"제주시 근교에서 방목 젖소와 목가적인 풍경을 만나고, 목장에서 생산한 유제품을 맛볼 수 있는 친환경 목장.","제주시 근교에서 방목 젖소와 목가적인 풍경을 만나고, 목장에서 생산한 유제품을 맛볼 수 있는 친환경 목장.",BASE+VJ+TOUR,,https://map.kakao.com/?q=아침미소목장
116,피규어뮤지움제주,피규어뮤지엄제주,WEST,CULTURE,문화시설,,서귀포시 안덕면,33.2817163,126.3553772,제주특별자치도 서귀포시 안덕면 한창로 243,https://api.cdn.visitjeju.net/photomng/imgpath/201804/30/42161641-a82b-42d5-9648-7c75a07d498f.webp,"국내 최대규모의 피규어 뮤지엄, 피규어 취향저격 기프트샵","국내 최대규모의 피규어 뮤지엄, 피규어 취향저격 기프트샵",AI+BASE+VJ+TOUR,AI 후보 '피규어뮤지엄제주'와 연결(이름 다름) → 확인,https://map.kakao.com/?q=피규어뮤지움제주
117,소문난옥돔,,NORTH,COMMERCIAL,상업지구,,제주시 이도1동,33.5125359,126.5254794,제주특별자치도 제주시 오현길 88,,제주시 이도1동에 있는 상업지구입니다.,제주시 이도1동에 있는 상업지구입니다.,BASE,설명 기본 문구; 세부설명 없음 → 한 줄 소개로 대체; 사진 없음,https://map.kakao.com/?q=소문난옥돔
118,산지등대,,NORTH,NATURE,자연관광지,CULTURE→NATURE,제주시 건입동,33.5214796,126.545774,제주특별자치도 제주시 사라봉동길 108-1,https://api.cdn.visitjeju.net/photomng/imgpath/202112/07/272be9bc-ac7c-41ea-9f8d-aa715205799f.webp,오랜 역사를 지니고 있는 제주의 대표 등대 중 하나,"산지등대는 제주 사라봉 북쪽 비탈면에 있는 등대이다. 일제강점기인 1916년 10월 무인 등대로 처음 설치했으며 1917년 3월 유인 등대로 변경되었고 1999년 12월에 새롭게 등탑을 신설했다. 100년 이상의 오랜 역사를 간직한 등대로 제주도를 대표한다. 산지라는 명칭은 조선 숙종 때 제작한 ‘탐라순력도’에 이곳이 산지촌으로 기록된 데서 유래했다. 처음에는 산저였다가 산지로 바뀌었다는 설도 있다. 
산지등대는 주변 경관이 뛰어나고 도심지와 가까운 위치에 있어 학생들의 등대 탐방 체험장소로도 인기가 있다. 일몰 때면 등대 앞쪽 바다에 수십 척의 고기잡이배들이 모여 수놓는 아름다운 야경도 볼 수 있다.",BASE+VJ+TOUR,,https://map.kakao.com/?q=산지등대
119,대성농장,,WEST,EXPERIENCE,체험 활동 관광지,,서귀포시 안덕면,33.2801422,126.3657592,제주특별자치도 서귀포시 안덕면 병악로 44-33,,서귀포시 안덕면에 있는 체험 활동 관광지입니다.,서귀포시 안덕면에 있는 체험 활동 관광지입니다.,BASE,설명 기본 문구; 세부설명 없음 → 한 줄 소개로 대체; 사진 없음,https://map.kakao.com/?q=대성농장
122,제주해녀박물관,해녀박물관,EAST,HISTORY,역사·유적·종교 시설,,제주시 구좌읍,33.5228343,126.8634508,제주특별자치도 제주시 구좌읍 해녀박물관길 26,https://api.cdn.visitjeju.net/photomng/imgpath/202111/08/0d4afd3d-f164-4685-bd89-61436f09be7f.webp,바당의 어멍 제주해녀의 삶을 느낄 수 있는 곳,바당의 어멍 제주해녀의 삶을 느낄 수 있는 곳,AI+BASE+VJ+TOUR,AI 후보 '해녀박물관'와 연결(이름 다름) → 확인,https://map.kakao.com/?q=제주해녀박물관
123,세계자동차&피아노박물관,세계자동차&피아노박물관,WEST,HISTORY,역사·유적·종교 시설,,서귀포시 안덕면,33.2837201,126.3497853,제주특별자치도 서귀포시 안덕면 중산간서로 1610,https://api.cdn.visitjeju.net/photomng/imgpath/202207/06/335554bd-1dcf-4580-8b50-8d4452a41e35.webp,인간이 만든 가장 위대한 발명품인 역동적인 자동차와 인간의 감성을 가장 잘 표현해주는 악기.,"세계자동차 & 피아노 박물관은 2008년 아시아 최초 개인 소장 자동차 박물관 개관에 이어 2019년 한국 최초의 피아노 박물관을 개관하여 역사와 문화, 예술이 함께 공존하는 교육의 장이 되도록 노력하고 있는 곳이다.
인류 최고의 발명품 자동차, 자동차는 단순한 운송 수단이 아니라, 라이프 스타일의 상징이자 인류의 꿈과 미래를 담은 상징이기도 하다. 최초의 자동차에서 시작하여 각 시대를 대표하는 전 세계에서 수집된 100여 대의 자동차를 통해 자동차가 발전하는 역사와 문화를 만나 볼 수 있으며, 2019년 7월 개관한 피아노박물관은 세계적 조각가 오귀스트 로댕이 조각한 전 세계 단 하나뿐인 진귀한 피아노를 비롯해 베토벤, 쇼팽, 하이든 등 위대한 음악가들이 사랑했던 피아노의 특별한 스토리와 300년의 역사가 살아 숨 쉬는 피아노 예술품들이 전시되어 있다. 어린이들이 직접 피아노를 연주하거나 지휘를 하며 공연할 수 있는 복합음악 체험 공간이 마련되어 있다. 전시된 자동차와 피아노 관람과 더불어 어린이 무료 교통 체험, 음악 체험 , 사슴, 토끼 먹이 주기 체험을 할 수 있다. 이외에도 100여 종의 식물이 서식하고 있는 곶자왈 힐링 로드도 여유롭게 즐겨보기를 권한다.",AI+BASE+VJ+TOUR,,https://map.kakao.com/?q=세계자동차&피아노박물관
124,아라리오뮤지엄탑동시네마,아라리오뮤지엄 탑동시네마,NORTH,CULTURE,문화시설,,제주시 삼도이동,33.5174201,126.5233586,제주특별자치도 제주시 탑동로 14,https://api.cdn.visitjeju.net/photomng/imgpath/201804/30/3b15f398-8e0b-40be-82d4-37e9916fbab5.webp,원도심속 버려진 건물을 개조해 만든 전시관,원도심속 버려진 건물을 개조해 만든 전시관,AI+BASE+VJ+TOUR,,https://map.kakao.com/?q=아라리오뮤지엄탑동시네마
128,제주연동오네프,,NORTH,EXPERIENCE,체험 활동 관광지,,제주시 연동,33.4926061,126.4962579,제주특별자치도 제주시 삼무로11길 9,,제주시 연동에 있는 체험 활동 관광지입니다.,제주시 연동에 있는 체험 활동 관광지입니다.,BASE,설명 기본 문구; 세부설명 없음 → 한 줄 소개로 대체; 사진 없음,https://map.kakao.com/?q=제주연동오네프
129,소인국테마파크,,WEST,THEME,테마시설,,서귀포시 안덕면,33.290189,126.3225652,제주특별자치도 서귀포시 안덕면 중산간서로 1878,https://api.cdn.visitjeju.net/photomng/imgpath/202505/13/e90e70ab-70a3-4ebe-9935-89b7cb7a328b.webp,돌하루방 가족의 정원!,돌하루방 가족의 정원! 디오라마 전시관을 관람하며 캐릭터 정원을 지나 무료로 운행되는 통통열차 탑승,BASE+VJ+TOUR,,https://map.kakao.com/?q=소인국테마파크
134,세화민속오일시장,세화민속오일시장,EAST,COMMERCIAL,상업지구,,제주시 구좌읍,33.5259486,126.8571967,제주특별자치도 제주시 구좌읍 해맞이해안로 1412,https://api.cdn.visitjeju.net/photomng/imgpath/202110/27/1efbaf5c-f767-4115-810a-adf1ed6f99d3.webp,세화해변을 낀 동쪽 대표 오일시장,"세화민속오일시장은 세화 중심가 사거리에서 인접해 있어서 교통이 편리하고, 주민들과 상인들이 함께 어우러져 서로 사고 파는 제주 사람들의 진솔한 삶의 모습을 들여다볼 수 있는 제주의 전통적인 재래시장이다. 우리나라 장이 거의 그렇듯 제주의 재래시장도 5일 간격으로 서는 오일장이며, 상품의 종류도 많고 가격도 저렴한 편이다.",AI+BASE+VJ+TOUR,,https://map.kakao.com/?q=세화민속오일시장
135,여미지식물원,여미지식물원,SOUTH,THEME,테마시설,,서귀포시 색달동,33.2541723,126.4170918,제주특별자치도 서귀포시 색달동 2484-1 원,https://api.cdn.visitjeju.net/photomng/imgpath/202111/02/da2c9853-630b-4527-9a7b-68c5c2634d64.webp,마음의 안식을 주는 대형 온실 식물원,마음의 안식을 주는 대형 온실 식물원,AI+BASE+VJ+TOUR,,https://map.kakao.com/?q=여미지식물원
138,더코드,,SOUTH,CULTURE,문화시설,,서귀포시 정방동,33.2476152,126.5640047,제주특별자치도 서귀포시 이중섭로 4-1,,서귀포시 정방동에 있는 문화시설입니다.,서귀포시 정방동에 있는 문화시설입니다.,BASE,설명 기본 문구; 세부설명 없음 → 한 줄 소개로 대체; 사진 없음,https://map.kakao.com/?q=더코드
139,까사팰리스타운,,NORTH,COMMERCIAL,상업지구,,제주시 이도2동,33.4924299,126.5285218,제주특별자치도 제주시 도남로 89,,제주시 이도2동에 있는 상업지구입니다.,제주시 이도2동에 있는 상업지구입니다.,BASE,설명 기본 문구; 세부설명 없음 → 한 줄 소개로 대체; 사진 없음,https://map.kakao.com/?q=까사팰리스타운
141,노루생이삼거리,,NORTH,COMMERCIAL,상업지구,LEISURE→COMMERCIAL,제주시 연동,33.422401,126.4931044,제주특별자치도 제주시 연동 산 146-9도,,제주시 연동에 있는 상업지구입니다.,제주시 연동에 있는 상업지구입니다.,BASE,설명 기본 문구; 세부설명 없음 → 한 줄 소개로 대체; 사진 없음,https://map.kakao.com/?q=노루생이삼거리
145,차귀도유람선,,WEST,EXPERIENCE,체험 활동 관광지,LEISURE→EXPERIENCE,제주시 한경면,33.3089133,126.1654873,제주특별자치도 제주시 한경면 노을해안로 1163,https://api.cdn.visitjeju.net/photomng/imgpath/201907/03/2f12fc8c-9716-4f7a-8b99-5f2557a98429.webp,"섬속의 섬 차귀도 둘레길 탐방과 수월봉, 차귀도의 절경 유람을 동시에 즐길 수 있는 유람선","섬속의 섬 차귀도 둘레길 탐방과 수월봉, 차귀도의 절경 유람을 동시에 즐길 수 있는 유람선",BASE+VJ+TOUR,,https://map.kakao.com/?q=차귀도유람선
146,환상숲곶자왈공원,환상숲곶자왈공원,WEST,NATURE,자연관광지,,제주시 한경면,33.3229067,126.2630279,제주특별자치도 제주시 한경면 녹차분재로 594-1,https://api.cdn.visitjeju.net/photomng/imgpath/202508/20/5819a814-f967-4e66-923f-fac97fae302a.webp,제주도의 진짜 자연을 볼 수 있는 에코힐링여행,제주도의 진짜 자연을 볼 수 있는 에코힐링여행,AI+BASE+VJ+TOUR,,https://map.kakao.com/?q=환상숲곶자왈공원
149,서귀포천문과학문화관,,SOUTH,CULTURE,문화시설,,서귀포시 중문동,33.2888733,126.4604181,제주특별자치도 서귀포시 1100로 506-1,https://api.cdn.visitjeju.net/photomng/imgpath/202008/28/4797c592-4502-4298-ac25-31d68b58400f.webp,제주도내 최초 천문우주 관련 과학관,"서귀포천문과학문화관은 무병장수를 상징하는 별인 노인성을 관측하기에 최적의 장소로서 천문우주 관련 전시물들과 밤하늘의 천체 및 태양을 관측할 수 있는 천체 망원경들을 보유하고 있으며 아울러 가상의 밤하늘과 디지털 영상을 상영할 수 있는 천체 투영실을 갖추고 있다. 노인성은 무병장수를 상징하는 별로 겨울이 되면 서귀포시 밤하늘에서 관측할 수 있는 별이다. 노인성은 고도가 매우 낮아 지구 북반구의 중위도 지역에서는 관측하기가 쉽지 않다. 북반구에 위치한 우리나라에선 매우 보기 어려운 별이어서 노인성을 볼 수 있는 제주는 노인성이 비치는 땅, 장수하는 사람이 많은 곳으로 여겨졌다. 천문과학문화관에는 주관측실, 천체투영실, 전시실, 강의실이 있으며 황도 12궁을 살펴볼 수 있는 야외조형물이 있다. 또한 별빛 체험 교실, 방학 천문교실 등의 천문우주과학교육 프로그램을 운영하고 있다.",BASE+VJ+TOUR,,https://map.kakao.com/?q=서귀포천문과학문화관
150,세계술박물관,,EAST,CULTURE,문화시설,HISTORY→CULTURE,서귀포시 표선면,33.3541183,126.8175825,제주특별자치도 서귀포시 표선면 한마음초등로 431,https://api.cdn.visitjeju.net/photomng/imgpath/201804/30/bbeee928-9c57-4824-a8cb-bc104ff3a9fb.webp,우리나라 전통주를 비롯하여 세계의 술의 역사를 알 수 있는 박물관,우리나라 전통주를 비롯하여 세계의 술의 역사를 알 수 있는 박물관,BASE+VJ+TOUR,,https://map.kakao.com/?q=세계술박물관
151,산방산랜드,,WEST,THEME,테마시설,,서귀포시 안덕면,33.2337761,126.3115291,제주특별자치도 서귀포시 안덕면 사계남로216번길 24-9,https://api.cdn.visitjeju.net/photomng/imgpath/201804/30/0a1153e3-088a-4a99-a89b-4001ccb64fff.webp,웅장하고 신비로운 산방산을 배경으로 우리나라에서 가장 높게 올라가는 짜릿한 바이킹을 즐거보세요,웅장하고 신비로운 산방산을 배경으로 우리나라에서 가장 높게 올라가는 짜릿한 바이킹을 즐거보세요,BASE+VJ+TOUR,,https://map.kakao.com/?q=산방산랜드
152,중문랜드,,SOUTH,THEME,테마시설,EXPERIENCE→THEME,서귀포시 예래동,33.2636334,126.3855125,제주특별자치도 서귀포시 소보리당로164번길 62,,서귀포시 예래동에 있는 테마시설입니다.,서귀포시 예래동에 있는 테마시설입니다.,BASE,설명 기본 문구; 세부설명 없음 → 한 줄 소개로 대체; 사진 없음,https://map.kakao.com/?q=중문랜드
153,일출랜드선인장하우스,,EAST,THEME,테마시설,,서귀포시 성산읍,33.3837073,126.8409909,제주특별자치도 서귀포시 성산읍 중산간동로 4150-30,https://api.cdn.visitjeju.net/photomng/imgpath/202205/30/8d1fb97b-1ad0-48cc-9aa0-2ec519e9575c.webp,"‘새로운 태양이 떠오르는 휴식 공간’이라는 주제로 설립된 일출랜드는 제주 토종 동백나무, 비자나무를 포함한 60만본의 식물들을 관리, 보존하고…","‘새로운 태양이 떠오르는 휴식 공간’이라는 주제로 설립된 일출랜드는 제주 토종 동백나무, 비자나무를 포함한 60만본의 식물들을 관리, 보존하고 있으며, 사계절 꽃의 축제가 열리고 있는 식물원이다. 천연용암동굴인 미천굴을 중심으로 수변공원, 잔디광장, 제주종갓집초가, 화석원, 분재정원, 조각의 거리, 공예체험 아트센터, 선인장 온실, 아열대 식물원 등 다양한 테마로 구성되어 있어, 제주 청정 자연의 생태, 문화, 체험을 모두 만나볼 수 있다.",BASE+VJ+TOUR,,https://map.kakao.com/?q=일출랜드선인장하우스
154,통나무파크,,WEST,THEME,테마시설,EXPERIENCE→THEME,제주시 애월읍,33.4099524,126.3657889,제주특별자치도 제주시 애월읍 도치돌길 293,,제주시 애월읍에 있는 테마시설입니다.,제주시 애월읍에 있는 테마시설입니다.,BASE,설명 기본 문구; 세부설명 없음 → 한 줄 소개로 대체; 사진 없음,https://map.kakao.com/?q=통나무파크
155,송당본향당(민속자료9-1),,EAST,HISTORY,역사·유적·종교 시설,,제주시 구좌읍,33.4684469,126.7756882,제주특별자치도 제주시 구좌읍 송당리 산 199-1임,https://api.cdn.visitjeju.net/photomng/imgpath/201804/30/7c4987a6-d528-40fc-840b-c1877e7e07fa.webp,제주 민간신앙의 자취를 확인할 수 있는 송당본향당,제주 민간신앙의 자취를 확인할 수 있는 송당본향당,BASE+VJ,,https://map.kakao.com/?q=송당본향당(민속자료9-1)
156,삼매봉도서관,,SOUTH,CULTURE,문화시설,,서귀포시 천지동,33.2444313,126.5521091,제주특별자치도 서귀포시 남성중로153번길 15,https://tong.visitkorea.or.kr/cms/resource/49/3383849_image2_1.jpg,삼매봉도서관은 제주특별자치도에 있는 15개의 공공도서관 중 한 곳으로 서귀포시 서홍동 기당미술관 옆에 있다.,"삼매봉도서관은 제주특별자치도에 있는 15개의 공공도서관 중 한 곳으로 서귀포시 서홍동 기당미술관 옆에 있다. 다양한 자료를 수집 및 제공함으로써 도민의 독서 생활화에 기여하고 있으며, 다양한 계층별 독서 문화 프로그램을 통해 도민들의 평생교육 실현에 앞장서고 있는 문화 소통의 복합 공간이다. 천장에는 외부를 그대로 보여주고 있어 바깥 풍경을 볼 수 있으며, 실내에 식물들이 식재되어 있어 편안한 느낌을 준다.
이곳은 제주 올레길 중 가장 인기가 많은 제주 올레 7코스에 포함되어 있어 오름도 오르고 독서도 하며 휴식을 취하고 싶다면 삼매봉도서관이 제격이다.",BASE+TOUR,관광지인지 확인(도서관·교회·골프 등),https://map.kakao.com/?q=삼매봉도서관
157,뽀로로앤타요테마파크,뽀로로앤타요테마파크 제주,WEST,THEME,테마시설,,서귀포시 안덕면,33.3004579,126.370805,제주특별자치도 서귀포시 안덕면 병악로 269,https://api.cdn.visitjeju.net/photomng/imgpath/202002/06/19eb3655-5106-418e-b7b8-0e0ba24dbd31.webp,아이들에게 인기만점인 캐릭터 뽀로로와 타요를 만날 수 있는 테마파크 다양한 어트랙션이 실내와 실외에 골고루 있어 비가 와도 문제없이 즐길 수…,"아이들에게 인기만점인 캐릭터 뽀로로와 타요를 만날 수 있는 테마파크
다양한 어트랙션이 실내와 실외에 골고루 있어 비가 와도 문제없이 즐길 수 있다.",AI+BASE+VJ+TOUR,AI 후보 '뽀로로앤타요테마파크 제주'와 연결(이름 다름) → 확인,https://map.kakao.com/?q=뽀로로앤타요테마파크
158,산굼부리,산굼부리,EAST,NATURE,자연관광지,,제주시 조천읍,33.4342353,126.688824,제주특별자치도 제주시 조천읍 비자림로 768,https://api.cdn.visitjeju.net/photomng/imgpath/201804/30/c44bb372-4717-4e89-ad89-2c5dba285168.webp,사계절마다 새로운 풍경을 선사하는 ‘분화구 식물원’이자 국가 지정 천연기념물 제263호,"산굼부리는 천연기념물로 둘레가 2㎞가 넘는 화구이다. 제주도에는 360여 개의 기생화산이 분포되어 있지만 이곳 산굼부리를 제외한 다른 화산은 모두 대접을 엎어놓은 듯한 분화구의 형태이고, 산굼부리 분화구만은 제주도에서 유일하게 용암이나 화산재의 분출 없이 폭발이 일어나 그곳에 있던 암석을 날려 그 구멍만이 남게 된 것이다. 이러한 화산을 마르(Maar)라고 부르는데 한국에는 하나밖에 없는 세계적으로도 아주 희귀한 화산이다.

특히, 산굼부리 밑바닥에는 틈이 많아서 물이 모두 스며들기 때문에 이 화구 안에는 식물의 생태계가 특이하게 분포되어 있다. 분화구의 내부높이에 따라 온대와 난대지역이 형성되어 있고 태양이 비치는 일사량과 일조시간에 따라 다양한 분포를 이루고 있다. 즉, 햇볕이 잘 드는 북쪽벼랑은 난대지역을 이뤄서 붉가시나무를 비롯해서 후박나무, 구실잣밤나무, 센달나무 등 상록활엽수군이 형성되어 있으며, 그 아래층에는 금새우란과 같은 희귀 식물과 자금우, 겨울딸기 등이 분포되어 있다. 또한, 햇볕이 잘 들지 않는 남쪽벼랑에는 북쪽과는 판이한 분포를 이루는 상수리나무를 비롯하여 졸창나무, 산딸나무, 단풍나무, 곰솔등 온대성낙엽수 군락이 진을 치고 있다.

뿐만 아니라, 다른 곳에서는 보기 힘든 왕쥐똥나무군락을 비롯해서 상산 군락, 제주조릿대군락, 복수초군락, 변산바람꽃군락등이 매우 화려하고 완벽하게 보존되어 있음은 학술적으로도 연구 가치가 매우 높게 평가되고 있다. 그리고 노루와 오소리 등의 포유류를 비롯하여 조류, 파충류 등 야생동물들의 서식처로도 유명하다. 봄에는 분화구 밑바닥에서 구름이 형성돼서 위로 올라가는 모양이 신비에 가까우며, 쑥부쟁이를 비롯한 무룻과 용담, 물매화 등 천연색 꽃과 더불어 이 산굼부리에는 일 년 사시사철 관광객들에게 신비와 아름다움을 보여준다.",AI+BASE+VJ+TOUR,,https://map.kakao.com/?q=산굼부리
159,제주서프하우스,,SOUTH,EXPERIENCE,체험 활동 관광지,,서귀포시 예래동,33.258444,126.4130294,제주특별자치도 서귀포시 일주서로 914,,서귀포시 예래동에 있는 체험 활동 관광지입니다.,서귀포시 예래동에 있는 체험 활동 관광지입니다.,BASE,설명 기본 문구; 세부설명 없음 → 한 줄 소개로 대체; 사진 없음,https://map.kakao.com/?q=제주서프하우스
160,대정5일시장,,WEST,COMMERCIAL,상업지구,,서귀포시 대정읍,33.2205095,126.2489213,제주특별자치도 서귀포시 대정읍 하모리 1067-26 도,https://api.cdn.visitjeju.net/photomng/imgpath/202111/16/fa58b3b8-d622-44ea-bcc2-77528553d84c.webp,제주도 서부 지역에서 가장 큰 오일시장,제주도 서부 지역에서 가장 큰 오일시장,BASE+VJ+TOUR,,https://map.kakao.com/?q=대정5일시장
164,제주올레여행자센터,,SOUTH,TRAIL,산책로·둘레길,,서귀포시 천지동,33.2474052,126.558667,제주특별자치도 서귀포시 중정로 22,https://api.cdn.visitjeju.net/photomng/imgpath/202401/17/c478d5d8-bf53-4591-8c23-768147a815da.webp,제주 여행자들의 베이스캠프,제주 여행자들의 베이스캠프,BASE+VJ+TOUR,관광지인지 확인(도서관·교회·골프 등),https://map.kakao.com/?q=제주올레여행자센터
168,건강과성박물관,건강과성박물관,WEST,HISTORY,역사·유적·종교 시설,,서귀포시 안덕면,33.2553313,126.3452378,제주특별자치도 서귀포시 안덕면 일주서로 1611,https://api.cdn.visitjeju.net/photomng/imgpath/202301/09/82bcc672-47a9-4bc4-8292-6cafd7dd62d7.webp,"건강과 성 박물관은 서귀포시 안덕면 감산리에서 세계최대, 최초의 제1종 성 박물관으로 운영되고 있다.","건강과 성 박물관은 서귀포시 안덕면 감산리에서 세계최대, 최초의 제1종 성 박물관으로 운영되고 있다.",AI+BASE+VJ+TOUR,,https://map.kakao.com/?q=건강과성박물관
169,제주민속박물관,,EAST,CULTURE,문화시설,HISTORY→CULTURE,서귀포시 표선면,33.3205301,126.8431877,제주특별자치도 서귀포시 표선면 민속해안로 631-34,https://api.cdn.visitjeju.net/photomng/imgpath/202407/08/279e016a-35d4-4a6e-a432-799743d168df.webp,"제주에서 가장 제주다움을 볼 수 있는 곳, ‘제주민속촌’","제주에서 가장 제주다움을 볼 수 있는 곳, ‘제주민속촌’",BASE+VJ+TOUR,비짓제주 이름 다름(제주민속촌); TourAPI 이름 다름(제주민속촌),https://map.kakao.com/?q=제주민속박물관
170,서바이벌체험관,,SOUTH,EXPERIENCE,체험 활동 관광지,LEISURE→EXPERIENCE,서귀포시 영천동,33.2895399,126.5889654,제주특별자치도 서귀포시 토평공단로 78-27,,서귀포시 영천동에 있는 체험 활동 관광지입니다.,서귀포시 영천동에 있는 체험 활동 관광지입니다.,BASE,설명 기본 문구; 세부설명 없음 → 한 줄 소개로 대체; 사진 없음,https://map.kakao.com/?q=서바이벌체험관
172,민속자연사박물관,제주특별자치도 민속자연사박물관,NORTH,HISTORY,역사·유적·종교 시설,,제주시 일도2동,33.5055115,126.5315677,제주특별자치도 제주시 삼성로 40,https://api.cdn.visitjeju.net/photomng/imgpath/202111/15/83f1fd6b-f86a-4136-a02e-75c9baca7d12.webp,제주민속자연사박물관은 제주 사람들이 오랜 세월 지켜온 전통문화와 자연 환경을 깊이 들여다보고 이해하는 공간이다.,제주민속자연사박물관은 제주 사람들이 오랜 세월 지켜온 전통문화와 자연 환경을 깊이 들여다보고 이해하는 공간이다. 볼거리가 많고 내용이 알차서 관람 시간을 넉넉히 잡는 것이 좋다. 제주 신화의 발상지인 삼성혈과 이웃해 함께 둘러보면 편하다.,AI+BASE+VJ+TOUR,AI 후보 '제주특별자치도 민속자연사박물관'와 연결(이름 다름) → 확인,https://map.kakao.com/?q=민속자연사박물관
173,D&DEPARTMENTJEJUBYARARIO,,NORTH,COMMERCIAL,상업지구,,제주시 삼도2동,33.5177427,126.5231658,제주특별자치도 제주시 탑동로2길 3,,제주시 삼도2동에 있는 상업지구입니다.,제주시 삼도2동에 있는 상업지구입니다.,BASE,설명 기본 문구; 세부설명 없음 → 한 줄 소개로 대체; 사진 없음,https://map.kakao.com/?q=D&DEPARTMENTJEJUBYARARIO
174,중문골프클럽,,SOUTH,LEISURE,레저·스포츠 관련 시설,,서귀포시 예래동,33.2454226,126.4013982,제주특별자치도 서귀포시 중문관광로72번길 60,https://tong.visitkorea.or.kr/cms/resource/92/2607292_image2_1.bmp,중문관광단지에 위치한 중문골프클럽은 해안절벽을 따라 30여 만평 부지에 18홀 규모로 1981년에 조성되었다.,"중문관광단지에 위치한 중문골프클럽은 해안절벽을 따라 30여 만평 부지에 18홀 규모로 1981년에 조성되었다. 수려한 자연경관과 계곡을 낀 국내 유일의 해안코스를 따라 라운딩이 가능하며, 계절마다 다른 느낌의 코스로 즐길 수 있다. 또한, 양잔디로 시공하여 연중 푸르고 쾌적한 라운딩을 즐길 수 있다. 본래 회원제 골프장이지만, 국내외 관광객 이용기회를 확대하기 위하여 관광객 공유개념의 비회원제로 운영을 하고 있다. 철저한 사전예약제 운영으로 예약질서 확립 및 외국관광객 우선 예약을 실시하고 있다. 수려한 주변경관과 단지 내의 다양한 관광시설들을 이용할 수 있어 관광의 즐거움을 더해준다.",BASE+TOUR,관광지인지 확인(도서관·교회·골프 등),https://map.kakao.com/?q=중문골프클럽
175,오늘은녹차한잔,오늘은녹차한잔,EAST,NATURE,자연관광지,,서귀포시 표선면,33.3818497,126.7910726,제주특별자치도 서귀포시 표선면 중산간동로 4772,,서귀포시 표선면에 있는 자연관광지입니다.,서귀포시 표선면에 있는 자연관광지입니다.,AI+BASE,설명 기본 문구; 세부설명 없음 → 한 줄 소개로 대체; 사진 없음,https://map.kakao.com/?q=오늘은녹차한잔
176,제주라프,제주라프,EAST,LEISURE,레저·스포츠 관련 시설,,제주시 조천읍,33.4867534,126.7069211,제주특별자치도 제주시 조천읍 선교로 115-1,https://api.cdn.visitjeju.net/photomng/imgpath/202109/24/da02d6fd-c002-4b03-b3a9-f194e7cc64fd.webp,"제주시 조천읍에 위치한 종합아트클러스터로서 짚와이어, 족욕, F&B, 예술작품, 빛축제 등 다양한 볼거리와 체험을 제공한다.","제주시 조천읍에 위치한 종합아트클러스터로서 짚와이어, 족욕, F&B, 예술작품, 빛축제 등 다양한 볼거리와 체험을 제공한다.",AI+BASE+VJ+TOUR,,https://map.kakao.com/?q=제주라프
177,와흘메밀농촌체험휴양마을,,EAST,EXPERIENCE,체험 활동 관광지,,제주시 조천읍,33.482789,126.6500808,제주특별자치도 제주시 조천읍 남조로 2455,https://tong.visitkorea.or.kr/cms/resource/09/4074109_image2_1.jpg,"제주 한라산 북쪽 사면 밑에 자리 잡은 와흘리는 구그네오름, 세미오름 등 여러 오름에 둘러 쌓여있고, 넓은 초지가 있는 중산간 마을이다.","제주 한라산 북쪽 사면 밑에 자리 잡은 와흘리는 구그네오름, 세미오름 등 여러 오름에 둘러 쌓여있고, 넓은 초지가 있는 중산간 마을이다. 산세모습이 마치 사람이 편안하게 누운 모습과 같다 하여 누울 ‘와’, 산 높을 ‘흘’이라 칭한 만큼 편안한 인심을 가진 사람들이 모여 하늘을 섬기던 전통을 잇고, 땅을 지키며, 이웃과 함께하는 아름다운 전형적인 농촌마을이다. 
매년 5월과 10월이면 하얀 메밀꽃이 만개해 사진 촬영 명소로 유명하다. 5월에는 축제가 열리며 다양한 체험행사도 진행한다. 
제주특별자치도 제주시 조천읍에 소재하고 있으며 제주공항에서 30분으로 제주시와 가까운 거리에 위치해 있다.",BASE+TOUR,TourAPI 이름 다름(와흘메밀마을),https://map.kakao.com/?q=와흘메밀농촌체험휴양마을
180,관음사,관음사,NORTH,NATURE,자연관광지,,제주시 아라일동,33.4237403,126.5581237,제주특별자치도 제주시 산록북로 660,https://api.cdn.visitjeju.net/photomng/imgpath/201908/29/3da5f721-c928-466d-ad52-00e4e844cfa5.webp,"휴식, 명상을 통해 자기자신을 들여다보는 시간","휴식, 명상을 통해 자기자신을 들여다보는 시간",AI+BASE+VJ+TOUR,,https://map.kakao.com/?q=관음사
183,포레스트공룡사파리,,EAST,CULTURE,문화시설,,제주시 조천읍,33.4631025,126.7095874,제주특별자치도 제주시 조천읍 선교로 474-1,https://api.cdn.visitjeju.net/photomng/imgpath/202304/05/05e647d8-e47e-4da1-a951-9a56227aaf56.webp,조천에 위치한 동물원 테마파크.,"생동감 있게 움직이는 공룡들과 스탬프 미션이 기다리고 있는 포레스트 공룡사파리는 제주 최대 사파리테마파크이다. 포토 존, 힐링 존, 체험 존, 페인팅 존, 실내 놀이시설 등 다양한 공간과 체험을 즐길 수 있으며, 어린이가 올라타도 되는 안전하고 편안한 동물 모형과 어른들이 쉴 수 있는 공간까지 가족 모두가 즐길 수 있는 테마파크이다. 공룡사파리 존은 마치 살아 숨 쉬는 듯한 공룡 친구들을 만날 수 있으며, 직접 동물을 만져보고 동물들에게 먹이도 주며 동물과 교감해 보는 동물 먹이 주기 체험 존과 어린이들만의 개성으로 동물을 페인팅해 보며 어린이의 창의성을 배가하는 페인팅 존, 비가 오나 눈이 오나 날씨와 상관없이 신나게 놀 수 있는 실내놀이터 존 등에서 어린이는 물론 어른들도 시간 가는 줄 모르는 흥미진진한 가족 여행지이다.",BASE+VJ+TOUR,,https://map.kakao.com/?q=포레스트공룡사파리
184,사라봉공원,사라봉,NORTH,NATURE,자연관광지,,제주시 건입동,33.5171582,126.544392,제주특별자치도 제주시 건입동 387-1임,https://api.cdn.visitjeju.net/photomng/imgpath/202111/24/495664c1-2a08-453c-b914-ed3322c29f9f.webp,"제주의 아침이 열리는 사라봉공원, 영주 10경 중의 하나인 사봉낙조의 장관을 볼 수 있는 곳","사라봉 공원은 제주시 동문로터리에서 있는 낮은 동산이다. 사라봉 전체를 공원으로 조성하여 제주 시민들의 산책이나 운동 장소로 이용될 뿐만 아니라, 사라봉을 오르는 관광객들에게도 오름을 오르는 즐거움을 더하고 있다. 사봉낙조는 사라봉에서 바라보는 해넘이를 말하는데, 이곳에서 볼 수 있는 사봉낙조는 영주(제주도의 옛 명칭) 12경의 하나로 성산일출과 대조가 될만하다. 북쪽으로는 바다를 끼고 남쪽으로는 한라산을 바라보고 있는 이곳은 제주시민은 물론 관광객도 즐겨 찾는다. 사라봉입구 버스 정류장에서 공원으로 가는 길에 모충사가 있고 사라봉 동쪽에는 패러글라이딩 활공장이 있는 별도봉이 들어앉았다. 기슭에 우당도서관이 있는데 이곳에서 부터 사라봉 뒤편을 돌아 제주항을 거친 다음 탑동까지 가는 코스는 이름난 드라이브 코스이다. 오후에 운동 겸 산책겸 사라봉을 오르면서 바다로 지는 일몰도 감상하고, 시내에 하나 둘 들어오는 불빛을 바라보면, 자연과 도시의 아름다움을 한번에 느낄 수 있다. 도시의 불빛 뿐만 아니라, 항구 쪽에서 밝혀지는 불빛들은 바닷가에서만 만날 수 있는 또 다른 아름다움을 선사한다.",AI+BASE+VJ+TOUR,AI 후보 '사라봉'와 연결(이름 다름) → 확인,https://map.kakao.com/?q=사라봉공원
185,제주레포츠랜드,제주레포츠랜드,EAST,LEISURE,레저·스포츠 관련 시설,,제주시 조천읍,33.4827616,126.6386278,제주특별자치도 제주시 조천읍 와흘상서2길 47,https://api.cdn.visitjeju.net/photomng/imgpath/202506/30/e2da395b-cea0-49da-83e0-11a593ebc482.webp,"일반 카트장의 3배 크기, 국제경기유치가 가능한 국내최대규모카트장","일반 카트장의 3배 크기, 국제경기유치가 가능한 국내최대규모카트장",AI+BASE+VJ+TOUR,,https://map.kakao.com/?q=제주레포츠랜드
186,휴애리자연생활공원,휴애리자연생활공원,SOUTH,THEME,테마시설,,서귀포시 남원읍,33.3094105,126.6354098,제주특별자치도 서귀포시 남원읍 신례동로 256,https://api.cdn.visitjeju.net/photomng/imgpath/202308/29/4c6ef2f3-3fa8-44fd-978b-de5559495d58.webp,자연 속 동·식물과 교감하며 계절별 꽃과 다양한 체험을 즐길 수 있는 자연생활공원,자연 속 동·식물과 교감하며 계절별 꽃과 다양한 체험을 즐길 수 있는 자연생활공원,AI+BASE+VJ+TOUR,,https://map.kakao.com/?q=휴애리자연생활공원
187,테지움,,WEST,CULTURE,문화시설,,제주시 애월읍,33.4124994,126.393337,제주특별자치도 제주시 애월읍 평화로 2157-1,https://api.cdn.visitjeju.net/photomng/imgpath/202111/24/ea35a3d0-8c0f-46b5-b193-c3ea5250967f.webp,"테디베어와 동물인형들을 직접만져보고,안아보고 함께 사진찍을수있는 체험형 오픈전시관","테디베어와 동물인형들을 직접만져보고,안아보고 함께 사진찍을수있는 체험형 오픈전시관",BASE+VJ+TOUR,,https://map.kakao.com/?q=테지움
190,제주해양동물박물관,,EAST,CULTURE,문화시설,HISTORY→CULTURE,서귀포시 성산읍,33.4292468,126.8552557,제주특별자치도 서귀포시 성산읍 서성일로 689-21,https://api.cdn.visitjeju.net/photomng/imgpath/202207/06/7f0222de-09f9-4c43-8b7c-1bec1f1d31c0.webp,성산에 위치한 제주해양동물박물관,성산에 위치한 제주해양동물박물관,BASE+VJ+TOUR,,https://map.kakao.com/?q=제주해양동물박물관
191,이중섭거주지,,SOUTH,HISTORY,역사·유적·종교 시설,,서귀포시 정방동,33.2455503,126.5643255,제주특별자치도 서귀포시 이중섭로 29,https://api.cdn.visitjeju.net/photomng/imgpath/202111/08/711eb171-3b4a-4840-8987-dade1247ca2a.webp,서귀포에서 피난생활을 하며 그림에 대한 열정을 불태웠던 천재화가 이중섭 거주지,"이중섭 거주지는 이중섭이 서귀포로 피난을 와서 정착한 곳이다. 천재 화가 이중섭과 그의 작품세계를 기리기 위해 그가 잠시 살다 간 서귀포 정방동 거주지를 당시 모습으로 복원, 정비하고 정방동 매일시장 입구부터 솔동산까지 360m를 이중섭 거리로 지정하여 그의 서귀포 체류 시절을 기념하고 있다. 1995년 11월 이중섭 거주지 기념 표석이 세워졌고, 이듬해 2월 말 그가 자주 거닐곤 했던 길가는 이중섭 거리로 그리고 그 이듬해인 1997년 4월 그가 기거했던 집과 부속 건물을 복원, 정리하여 이중섭 거주지와 그의 호 '대향'을 따라서 대향 전시실로 꾸며 놓고 소개하게 되었다.
이로써 제주 서귀포시의 이중섭 거리는 한국 최초로 화가의 이름이 붙여진 거리가 되었으며, 더불어 매년 10월 말 그의 사망 주기에 맞추어 ""이중섭 예술제""를 이곳에서 거행해 그의 예술혼을 기리는 행사를 하고 있다. 이중섭과 그의 가족 4명이 기거했던 방은 1.3평 정도의 아주 협소한 공간으로 명성에 비하여 얼마나 그의 인생이 초라했고 치열했는지 알 수 있다. 전시실은 8평 남짓한 공간에 그의 서귀포 생활이 담긴 작품을 중심으로 서귀포의 추억물고기 등의 그림이 전시되어 있으며, 특히 눈길을 끄는 것은 담배 은박지에 그린 은지화 작품으로 6·25전쟁 후 생활고로 인한 그림재료의 열악함을 짐작할 수 있는 부분이다. 이곳은 이중섭 가족의 추억이 담긴 장소이자 이중섭 화백의 숨결을 느낄 수 있는 소중한 공간이다.",BASE+VJ+TOUR,,https://map.kakao.com/?q=이중섭거주지
192,머택젠푸드타운,,EAST,LEISURE,레저·스포츠 관련 시설,,제주시 구좌읍,33.5546273,126.7983725,제주특별자치도 제주시 구좌읍 해맞이해안로 480-1,,제주시 구좌읍에 있는 레저·스포츠 관련 시설입니다.,제주시 구좌읍에 있는 레저·스포츠 관련 시설입니다.,BASE,설명 기본 문구; 세부설명 없음 → 한 줄 소개로 대체; 사진 없음,https://map.kakao.com/?q=머택젠푸드타운
193,우도산호레져,우도,EAST,NATURE,자연관광지,,제주시 우도면,33.4941146,126.950475,제주특별자치도 제주시 우도면 우도해안길 90,https://api.cdn.visitjeju.net/photomng/imgpath/202408/21/edc894d2-02ca-4bc6-9d89-0681a696f58c.webp,소가 누운 형상을 닮은 제주의 가장 큰 부속섬,소가 누운 형상을 닮은 제주의 가장 큰 부속섬,AI+BASE+VJ+TOUR,AI 후보 '우도'와 연결(이름 다름) → 확인; TourAPI 이름 다름([제주올레 1-1코스] 우도 올레),https://map.kakao.com/?q=우도산호레져
195,김녕미로공원,김녕미로공원,EAST,NATURE,자연관광지,,제주시 구좌읍,33.5366309,126.7726647,제주특별자치도 제주시 구좌읍 만장굴길 122,https://api.cdn.visitjeju.net/photomng/imgpath/202409/09/3ecb92bb-b673-4d11-bd79-9e6c0564b975.webp,사계절 푸르른 랠란디나무로 이루어진 우리나라 최초의 미로공원,"제주도 제주시의 만장굴과 김녕사굴 사이에 유명한 관광지인 제주 김녕미로공원이 있다. 키 큰 나무 사이로 샛길이 만들어져 한번 들어가면 방향감각을 잃게 되어 어디로 나와야 할지 헷갈리게 하는 매력의 우리나라 최초 미로공원이다. 제주대학교에서 퇴직한 미국인 더스틴(F.H. Dustin) 교수가 세계적으로 유명한 영국의 미로 디자이너 에드린 피셔(Adrian Flsher Minotaur Maze Designs)와 함께 국제 전화, 국제 우편을 주고받으며 1983년부터 약 3년에 걸쳐 기본 디자인 작업을 마무리하였다. 그 후 1987년 처음으로 랠란디 나무를 산목 후 8년 동안 나무를 가꾸면서 1995년부터 운영을 시작했다. 
김녕미로공원의 수벽을 리우고 있는 나무는 랠란디나무는 사계절 푸른 상록수로서 향기는 사람의 정신을 맑게 해 주고 심리적 압박감을 완화시켜 주는 효과를 지니고 있다. 미로의 붉은빛이 감도는 바닥은 제주 천연 화산석이 송이이며 오염된 공기를 정화시키고 인체의 혈액 순환을 촉진시키는 효과를 지니고 있다. 
미로공원뿐만 아니라 다양한 포토존, 아이들과 놀 수 있는 놀이터, 미로공원에서 자라고 있는 고양이들에게 사료를 주는 등의 체험 프로그램을 진행하고 있어 가족 단위의 관광객들이 많이 방문한다.",AI+BASE+VJ+TOUR,,https://map.kakao.com/?q=김녕미로공원
197,해미안,,NORTH,EXPERIENCE,체험 활동 관광지,,제주시 외도동,33.4938186,126.4321388,제주특별자치도 제주시 일주서로 7353,,제주시 외도동에 있는 체험 활동 관광지입니다.,제주시 외도동에 있는 체험 활동 관광지입니다.,BASE,설명 기본 문구; 세부설명 없음 → 한 줄 소개로 대체; 사진 없음,https://map.kakao.com/?q=해미안
198,제주안전체험관,,WEST,EXPERIENCE,체험 활동 관광지,,제주시 애월읍,33.3941443,126.3734121,제주특별자치도 제주시 애월읍 평화로 1885,https://api.cdn.visitjeju.net/photomng/imgpath/202406/27/3e5fe5a3-7344-4d34-a319-59ef5868d6ae.webp,각종 재난에 대처하는 능력을 겸비한 현직 소방관이 직접 안전교육을 하는 특별한 체험공간에서 스스로 행동하는 방법을 배우고 안전의 소중함에 대해…,각종 재난에 대처하는 능력을 겸비한 현직 소방관이 직접 안전교육을 하는 특별한 체험공간에서 스스로 행동하는 방법을 배우고 안전의 소중함에 대해 생각할 수 있는 유익한 시간을 보낼 수 있습니다.,BASE+VJ+TOUR,,https://map.kakao.com/?q=제주안전체험관
199,중문향토오일시장,,SOUTH,COMMERCIAL,상업지구,,서귀포시 중문동,33.2507871,126.4241625,제주특별자치도 서귀포시 천제연로188번길 12,https://api.cdn.visitjeju.net/photomng/imgpath/201804/30/2b12c0a6-aa6f-4197-951c-2dc02c810640.webp,소박함과 정겨움을 느낄 수 있는 장터,"서귀포 관광 명소가 가득한 중문 관광단지 가운데 위치한 중문향토오일시장은 1950년대 피난민들과 함께 형성된 시장으로, 1965년 정식으로 장을 열어 현재까지 이어지는 역사를 지닌 시장이다. 이곳에서는 손수 농사지은 농산물과 물가에 나가 잡은 수산물을 주로 판매하며 주로 제주도 현지인들이 장을 보는 오일장이다. 서귀포매일올레시장이나 제주민속오일시장에 비하면 큰 규모의 시장은 아니나, 볼거리와 살 거리가 다양하다. 도심의 시장과는 전혀 다른 분위기로 옛 시골 장터 분위기와 할머니들의 소박함과 정겨움을 느낄 수 있는 곳이다. 시장을 둘러보다 보면 상인들의 삶을 엿볼 수도 있고 활기찬 에너지를 얻을 수 있다.",BASE+VJ+TOUR,,https://map.kakao.com/?q=중문향토오일시장
200,문도지오름,문도지오름,WEST,NATURE,자연관광지,,제주시 한림읍,33.32625,126.2946139,제주특별자치도 제주시 한림읍 금악리 3445잡,https://api.cdn.visitjeju.net/photomng/imgpath/202002/25/0dfb8693-2a32-4fb1-9b3e-41ab57964f01.webp,문도지오름은 저지에서 오설록 녹차밭까지 이어지는 제주올레 14-1코스 중간 부근에 위치해있다.,문도지오름은 저지에서 오설록 녹차밭까지 이어지는 제주올레 14-1코스 중간 부근에 위치해있다. 한경면 방림원 사잇길을 따라 차량으로 10분 정도 들어가면 차도가 끝나는 지점에 명성목장이 나타나고 그곳부터 오름길은 시작된다. 문도지오름은 명성목장의 말 방목지로도 이용되고 있다. 오름 대부분은 사유지이지만 소유주의 배려로 자유롭게 탐방할 수 있다.,AI+BASE+VJ,,https://map.kakao.com/?q=문도지오름
202,서림연대,,WEST,HISTORY,역사·유적·종교 시설,NATURE→HISTORY,서귀포시 대정읍,33.2365211,126.2306855,제주특별자치도 서귀포시 대정읍,,서귀포시 대정읍에 있는 역사·유적·종교 시설입니다.,서귀포시 대정읍에 있는 역사·유적·종교 시설입니다.,BASE,설명 기본 문구; 세부설명 없음 → 한 줄 소개로 대체; 사진 없음,https://map.kakao.com/?q=서림연대
203,산짓물공원,,NORTH,NATURE,자연관광지,,제주시 건입동,33.5158154,126.5287797,제주특별자치도 제주시 건입동 1335-3 대,https://api.cdn.visitjeju.net/photomng/imgpath/201812/20/63e7d14d-3939-47d5-870f-535162cfe5f2.webp,제주시 중심지 한복판에 위치한 공원,제주시 중심지 한복판에 위치한 공원,BASE+VJ+TOUR,비짓제주 이름 다름(신산공원); TourAPI 이름 다름(신산공원),https://map.kakao.com/?q=산짓물공원
204,제주아리랑혼,,EAST,EXPERIENCE,체험 활동 관광지,,서귀포시 표선면,33.4027143,126.7786654,제주특별자치도 서귀포시 표선면 번영로 2564-21,https://api.cdn.visitjeju.net/photomng/imgpath/202004/08/a542d1a6-dddb-4f09-a200-02fce2cd5d8d.webp,"2018 평창동계올림픽 공식 초청 작품으로 신명나는 제주아리랑과 환장적인 태권뮤지컬, 두드림, 한국무용을 감상할 수 있다.","2018 평창동계올림픽 공식 초청 작품으로 신명나는 제주아리랑과 환장적인 태권뮤지컬, 두드림, 한국무용을 감상할 수 있다.",BASE+VJ+TOUR,,https://map.kakao.com/?q=제주아리랑혼
205,국립제주박물관어린이올레,국립제주박물관,NORTH,HISTORY,역사·유적·종교 시설,,제주시 건입동,33.5137212,126.5485887,제주특별자치도 제주시 일주동로 17,https://api.cdn.visitjeju.net/photomng/imgpath/201806/28/a9a2562a-6f36-4223-b185-9d250af3306a.webp,동북아시아 문화교류의 거점인 제주도 역사와 문화의 전당,동북아시아 문화교류의 거점인 제주도 역사와 문화의 전당,AI+BASE+VJ+TOUR,AI 후보 '국립제주박물관'와 연결(이름 다름) → 확인,https://map.kakao.com/?q=국립제주박물관어린이올레
206,약천사,약천사,SOUTH,HISTORY,역사·유적·종교 시설,,서귀포시 대포동,33.2460534,126.4493769,제주특별자치도 서귀포시 이어도로 293-28,https://api.cdn.visitjeju.net/photomng/imgpath/201804/30/11fc5ab2-808e-4197-92e7-fd560309e7f5.webp,해안을 내려다볼 수 있는 동양 최대의 법당을 자랑하는 절,해안을 내려다볼 수 있는 동양 최대의 법당을 자랑하는 절,AI+BASE+VJ+TOUR,,https://map.kakao.com/?q=약천사
208,세계조가비박물관,,SOUTH,CULTURE,문화시설,HISTORY→CULTURE,서귀포시 천지동,33.2474382,126.5516158,제주특별자치도 서귀포시 태평로 284,https://api.cdn.visitjeju.net/photomng/imgpath/202207/07/797d138f-1382-46eb-9b8c-4c5a33a84d28.webp,바다 속 아름다운 조가비 세계를 엿볼 수 있는 곳,"서양화 화가 명연숙 관장이 41여 년간 세계 각국에서 수집한 8,800여 종 개체 수 억 만점 이상의 신비하고 아름다운 오방색 조가비와 산호 그리고 동을 이용하여 세계 최초로 시도하는 새로운 형식의 세계조가비박물관이다. 바닷속 아름다운 조가비 세계를 예술 작가들이 연출하였는데, 부관장(권오균 금속조형작가)의 작품인 동을 소재로 하여 만든 받침대 위에 올려진 조가비와 산호의 아름다운 하모니는 관람객들의 발길을 멈추게 한다.",BASE+VJ+TOUR,,https://map.kakao.com/?q=세계조가비박물관
210,서귀다원,,SOUTH,EXPERIENCE,체험 활동 관광지,,서귀포시 영천동,33.3129068,126.5966305,제주특별자치도 서귀포시 516로 717,https://api.cdn.visitjeju.net/photomng/imgpath/201804/30/cfafbc7a-0461-4a4b-843c-740c944ded2b.webp,제주도 한라산 해발 250m 청정지역에서 재배된 제주 청정 유기농 녹차 공원,"서귀다원은 원래 감귤농원으로 운영되었으나, 2005년 차밭으로 새롭게 바꿔 운영되고 있다. 개인이 운영하고 있는 조용한 다원으로 한라산 해발 250m에서 제주 녹차를 재배하고 있으며, 다른 다원보다 비교적 사람이 적어 여유롭게 둘러볼 수 있다. 나무 가로수길, 잎이 무성한 동백나무, 현무암 조각, 차밭이 어우러져 있으며, 한라산과 녹차밭이 한눈에 보이는 절경을 한적하게 구경할 수 있다. 서귀다원은 매년 5월경 말차 수확을 위해 차광막을 덮어놓아 원활한 관람이 어려운 시기가 있으니, 방문 전 문의하는 것을 추천한다.",BASE+VJ+TOUR,,https://map.kakao.com/?q=서귀다원
211,목장카페드르쿰다,,EAST,EXPERIENCE,체험 활동 관광지,,서귀포시 표선면,33.4094794,126.7703113,제주특별자치도 서귀포시 표선면 번영로 2454,https://api.cdn.visitjeju.net/photomng/imgpath/202607/16/f9c87184-186e-44c9-819a-43f25a241cc6.jpg,"탁 트인 경치를 품은 목장카페 드르쿰다는 카트,승마, 먹이주기 체험,까지 즐길 거리가 많은 곳이다.","탁 트인 경치를 품은 목장카페 드르쿰다는 카트,승마, 먹이주기 체험,까지 즐길 거리가 많은 곳이다. 번영로 대로변에 위치해 찾기 쉽고 편안한 카페와 체험장이 한 공간에 있어 이용하기 편하다. 카페 전망창 너머로는 푸른 들판이 펼쳐진다.",BASE+VJ,,https://map.kakao.com/?q=목장카페드르쿰다
213,토종흑염소목장,,SOUTH,EXPERIENCE,체험 활동 관광지,,서귀포시 남원읍,33.3174809,126.6596889,제주특별자치도 서귀포시 남원읍 자배오름로 74-274,,서귀포시 남원읍에 있는 체험 활동 관광지입니다.,서귀포시 남원읍에 있는 체험 활동 관광지입니다.,BASE,설명 기본 문구; 세부설명 없음 → 한 줄 소개로 대체; 사진 없음,https://map.kakao.com/?q=토종흑염소목장
215,혼인지마을,,EAST,TRAIL,산책로·둘레길,,서귀포시 성산읍,33.4055164,126.9038478,제주특별자치도 서귀포시 성산읍 환해장성로 549,https://api.cdn.visitjeju.net/photomng/imgpath/202111/12/432b52d2-39d5-4c71-83a3-9fd3f56aaaa6.webp,"제주특별자치도 기념물 제 17호, 탐라의 시조인 삼신인(三神人)이 혼례를 올렸다는 장소 · 서귀포시 성산읍 온평리 · 제주특별자치도 기념물 제…","제주특별자치도 기념물 제 17호, 탐라의 시조인 삼신인(三神人)이 혼례를 올렸다는 장소
· 서귀포시 성산읍 온평리
· 제주특별자치도 기념물 제17호
· 올레2코스",BASE+VJ+TOUR,,https://map.kakao.com/?q=혼인지마을
217,한림 작은영화관,,WEST,CULTURE,문화시설,,제주시 한림읍,33.4087576,126.2680786,제주특별자치도 제주시 한림읍 한림중앙로 71-9,,제주시 한림읍에 있는 문화시설입니다.,제주시 한림읍에 있는 문화시설입니다.,BASE,설명 기본 문구; 세부설명 없음 → 한 줄 소개로 대체; 사진 없음,https://map.kakao.com/?q=한림 작은영화관
218,렛츠런파크제주,렛츠런파크제주,WEST,THEME,테마시설,,제주시 애월읍,33.4053618,126.3922604,제주특별자치도 제주시 애월읍 평화로 2144,https://api.cdn.visitjeju.net/photomng/imgpath/202111/19/b5d32881-a414-484d-a0df-265d40315e7c.webp,렛츠런파크 제주는 천연기념물 제347호인 ‘제주마’의 보호 및 육성을 위해 1990년 개장된 테마공원이다.,렛츠런파크 제주는 천연기념물 제347호인 ‘제주마’의 보호 및 육성을 위해 1990년 개장된 테마공원이다.,AI+BASE+VJ,,https://map.kakao.com/?q=렛츠런파크제주
220,한림수협위판장,,WEST,COMMERCIAL,상업지구,,제주시 한림읍,33.4161044,126.2615019,제주특별자치도 제주시 한림읍 한림해안로 141-4,,제주시 한림읍에 있는 상업지구입니다.,제주시 한림읍에 있는 상업지구입니다.,BASE,설명 기본 문구; 세부설명 없음 → 한 줄 소개로 대체; 사진 없음; 관광지인지 확인(도서관·교회·골프 등),https://map.kakao.com/?q=한림수협위판장
221,노형수산시장,,NORTH,COMMERCIAL,상업지구,,제주시 노형동,33.4803945,126.4730749,제주특별자치도 제주시 한라대학로 7,,제주시 노형동에 있는 상업지구입니다.,제주시 노형동에 있는 상업지구입니다.,BASE,설명 기본 문구; 세부설명 없음 → 한 줄 소개로 대체; 사진 없음,https://map.kakao.com/?q=노형수산시장
222,세리월드,세리월드,SOUTH,LEISURE,레저·스포츠 관련 시설,,서귀포시 법환동,33.2464395,126.5121189,제주특별자치도 서귀포시 법환동 928 원,https://api.cdn.visitjeju.net/photomng/imgpath/201804/30/b32d8cc2-d0ea-4271-a210-624d8dde3dd3.webp,다양한 레포츠 체험을 동시에,"세리월드는 카트레이싱, 미로공원이 있어 체험과 관광을 두 가지 만족도를 동시에 제공하는 레저 테마파크이다. 서귀포 월드컵경기장 옆에 위치해 있다. 카트레이싱 체험이 대표 상품이다. 크기는 일반 범퍼카와 비슷하지만, 직접 운전하고 가속 페달을 밟아 빠른 속도로 주행한다는 점에서 범퍼카와 다르다. 안전 수칙에 따라 어린아이도 체험할 수 있다. 동백나무길 곳곳을 아기자기하게 꾸민 미로공원을 운영하고 있다.",AI+BASE+VJ+TOUR,,https://map.kakao.com/?q=세리월드
223,노루생태관찰원,,NORTH,NATURE,자연관광지,,제주시 봉개동,33.4448104,126.6265555,제주특별자치도 제주시 명림로 520,https://api.cdn.visitjeju.net/photomng/imgpath/202111/18/2488302c-e919-42a9-85b2-cfd3ff40d228.webp,제주의 야생 노루를 언제든지 가까이서 만날 수 있는 곳,제주의 야생 노루를 언제든지 가까이서 만날 수 있는 곳,BASE+VJ+TOUR,,https://map.kakao.com/?q=노루생태관찰원
224,금오름,금오름,WEST,NATURE,자연관광지,,제주시 한림읍,33.3545723,126.3058389,제주특별자치도 제주시 한림읍 금악리 산 1-1임,https://api.cdn.visitjeju.net/photomng/imgpath/201804/30/17c48543-c1da-4033-b315-f8f7eae3c005.webp,가볍게 산책하기 좋은 금오름,"서부 중산간 지역의 대표적인 오름 중의 하나이다. 산정부에 대형의 원형 분화구와 산정화구호(山頂火口湖)를 갖는 신기(新期)의 기생화산체이며, 남북으로 2개의 봉우리가 동서의 낮은 안부로 이어지며 원형의 분화구 (깊이 52m)를 이루고 있다. 분화구내의 산정화구호 (일명 今岳潭)는 예전에는 풍부한 수량을 갖고 있었으나 현재는 화구 바닥이 드러나 있다. ‘검, 감, 곰, 금’ 등은 어원상 신(神)이란 뜻인 ‘곰(고어)’과 상통하며, 동일한 뜻을 지닌 ‘곰’係語(계어)로서 고조선시대부터 쓰여 온 말이라고 한다. 즉 ‘금오름’은 神이란 뜻의 어원을 가진 호칭으로 해석되며, 옛날부터 신성시 되어 온 오름임을 알 수 있다. 해송, 삼나무, 찔레, 보리수, 윤노리나무 등 원형 분화구와 산정화구호이다. 
* 표고 427.5m, 비고 178m, 둘레 2,861m, 면적 613,966㎡, 저경 1,008m",AI+BASE+VJ+TOUR,,https://map.kakao.com/?q=금오름
225,김영갑갤러리두모악,김영갑갤러리두모악,EAST,CULTURE,문화시설,,서귀포시 성산읍,33.3723705,126.8542417,제주특별자치도 서귀포시 성산읍 삼달로 137,https://api.cdn.visitjeju.net/photomng/imgpath/202110/29/0252afe0-942c-4598-bdb2-da9efc7e0620.webp,제주도를 사랑하고 열망했던 김영갑의 발자취,"갤러리두모악에는 제주를 매우 사랑하여 두모악에 잠든 김영갑의 20여 년간의 작품들이 전시되어 있다. 제주를 사랑하고 모든 열정과 영혼을 담아 제주를 담고자 했던 김영갑의 생애가 담긴 곳이다. 
내부 전시관은 두모악관, 하날오름관이 있는데 지금은 사라진 제주의 옛 모습과 쉽게 드러나지 않는 속살을 전시된 사진을 통해 볼 수 있다. 용눈이 오름, 눈·비·안개 그리고 바람 환상곡, 구름이 내게 가져다준 행복, 지평선 너머의 꿈, 바람, 숲 속의 사랑, 오름, 마라도라는 작품 등이 있다. 
유품전시실에는 김영갑의 유품들이 전시되어 있는데 평소 그가 보던 책, 카메라 등이 전시되어 있고 영상실에서는 왕성한 활동을 하던 젊은 시절의 그와 루게릭병으로 투병하던 사진과 영상을 만나볼 수 있다. 또한 야외 정원과 무인 찻집은 미술관을 찾는 이들이 휴식과 명상의 공간으로 만들어져 있다. 갤러리 홍보와 지역민들에게 문화를 쉽게 접할 수 있도록 야외 공연장에서 음악회도 개최하고 있다. 두모악은 한라산의 옛 이름이다.",AI+BASE+VJ+TOUR,,https://map.kakao.com/?q=김영갑갤러리두모악
227,용담레포츠공원,,NORTH,LEISURE,레저·스포츠 관련 시설,,제주시 용담2동,33.5188247,126.499429,제주특별자치도 제주시 용담삼동 1089-3잡,https://api.cdn.visitjeju.net/photomng/imgpath/202112/08/02cadb7a-e2d4-4698-9dea-4e9e7fe17154.webp,편의시설과 체육시설이 잘 갖춰진 공원,편의시설과 체육시설이 잘 갖춰진 공원,BASE+VJ+TOUR,,https://map.kakao.com/?q=용담레포츠공원
229,제주항공우주박물관,제주항공우주박물관,WEST,HISTORY,역사·유적·종교 시설,,서귀포시 안덕면,33.3042428,126.2996871,제주특별자치도 서귀포시 안덕면 녹차분재로 218,https://api.cdn.visitjeju.net/photomng/imgpath/202008/28/fc8f02ff-55bd-4ab8-b038-a2b492c17143.webp,제주항공우주박물관은 항공 기술과 우주를 꿈꾸는 사람들에게 무한한 상상력을 심어준다.,제주항공우주박물관은 항공 기술과 우주를 꿈꾸는 사람들에게 무한한 상상력을 심어준다. 하늘을 날고자 했던 라이트 형제의 수많은 도전과 미래 행성을 세우는 일까지 마음껏 상상의 나래를 펼칠 수 있다.,AI+BASE+VJ+TOUR,,https://map.kakao.com/?q=제주항공우주박물관
230,제주돌마을공원수석박물관,,WEST,CULTURE,문화시설,NATURE→CULTURE,제주시 한림읍,33.3538842,126.2536013,제주특별자치도 제주시 한림읍 금능남로 421,https://api.cdn.visitjeju.net/photomng/imgpath/201804/30/39683aa8-90e3-400a-9d08-91b72706fad6.webp,제주의 자연석으로 꾸며진 테마공원,제주의 자연석으로 꾸며진 테마공원,BASE+VJ+TOUR,,https://map.kakao.com/?q=제주돌마을공원수석박물관
231,브릭캠퍼스,,NORTH,THEME,테마시설,,제주시 노형동,33.4582146,126.4860221,제주특별자치도 제주시 노형동 244-16 임,,제주시 노형동에 있는 테마시설입니다.,제주시 노형동에 있는 테마시설입니다.,BASE,설명 기본 문구; 세부설명 없음 → 한 줄 소개로 대체; 사진 없음,https://map.kakao.com/?q=브릭캠퍼스
234,서복공원,,SOUTH,NATURE,자연관광지,,서귀포시 송산동,33.2447484,126.5702674,제주특별자치도 서귀포시 서귀동 93-19 대,,서귀포시 송산동에 있는 자연관광지입니다.,서귀포시 송산동에 있는 자연관광지입니다.,BASE,설명 기본 문구; 세부설명 없음 → 한 줄 소개로 대체; 사진 없음,https://map.kakao.com/?q=서복공원
235,창열사,,EAST,HISTORY,역사·유적·종교 시설,,제주시 조천읍,33.5410372,126.64071,제주특별자치도 제주시 조천읍 신북로 303,,제주시 조천읍에 있는 역사·유적·종교 시설입니다.,제주시 조천읍에 있는 역사·유적·종교 시설입니다.,BASE,설명 기본 문구; 세부설명 없음 → 한 줄 소개로 대체; 사진 없음,https://map.kakao.com/?q=창열사
236,뱅듸승마클럽,,EAST,EXPERIENCE,체험 활동 관광지,LEISURE→EXPERIENCE,제주시 조천읍,33.4666262,126.6535053,제주특별자치도 제주시 조천읍 번영로 1118-33,https://api.cdn.visitjeju.net/photomng/imgpath/202306/18/49d1dcf9-8eb4-4c43-a3b0-d1ae152e19d3.webp,말을 타며 달리는 제주의 푸른 초원,말을 타며 달리는 제주의 푸른 초원,BASE+VJ+TOUR,,https://map.kakao.com/?q=뱅듸승마클럽
237,조천도서관,,EAST,CULTURE,문화시설,,제주시 조천읍,33.5377814,126.667767,제주특별자치도 제주시 조천읍 함덕리 919 대,https://tong.visitkorea.or.kr/cms/resource/91/3553091_image2_1.jpg,조천읍도서관은 다양한 자료를 수집 및 제공함으로써 도민의 독서생활화에 기여하고 있는 공공도서관이다.,"조천읍도서관은 다양한 자료를 수집 및 제공함으로써 도민의 독서생활화에 기여하고 있는 공공도서관이다. 1999년에 개관하였으며, 현재는 제주시 문화관광체육국 산하 우당도서관에서 관리하고 있다. 다양한 계층별 독서문화 프로그램을 통해 도민들의 평생교육 실현에 앞장서고 있는 문화·소통의 복합공간을 위해 힘쓰고 있다. 지하 1층, 지상 2층 규모로 총 250석의 좌석을 갖춘 열람실과 서예실, 정보이용실, 다목적강당, 어린이자료실 등이 있다. 어린이자료실은 아이들이 자유롭게 앉고 기대거나 누워서 볼 수 있는 편안한 공간으로 마련되어 있다. 영유아를 위한 온돌방 형태의 공간도 갖추고 있어 부모와 자녀가 함께 책을 즐길 수 있다.",BASE+TOUR,관광지인지 확인(도서관·교회·골프 등),https://map.kakao.com/?q=조천도서관
238,별방진,별방진,EAST,HISTORY,역사·유적·종교 시설,,제주시 구좌읍,33.5267692,126.8828752,제주특별자치도 제주시 구좌읍 하도리 3354사,https://api.cdn.visitjeju.net/photomng/imgpath/201804/30/9e1691e1-2199-4b38-86f1-9b141a532f68.webp,조선시대 제주도 동부지역 최대 기지였던 성,"별방성은 1973년 4월 13일에 제주도 기념물로 지정되어 보호되고 있다. 별방성에 대해 '신증동국여지승람' 제주목 관방조에는 ‘별방성은 돌로 쌓았는데 둘레가 2,390자이고 높이는 7자이다. 중종 5년(1510)에 장림 목사가 이 땅이 우도(牛島)로 왜선이 가까이 댈 수 있는 곳이라 하여 성을 쌓고 김녕방호소를 이곳으로 옮기어 별방(別防)이라 이름하였다.’라고 하였고, 김상헌의 '남사록'에는 ‘별방성은 동·서·남에 세문이 있고 성 안에는 우물이 있으나 맛이 짜다. 지명은 옛날에 하도의탄리라 하였다.’라고 하였으며 ‘탐라지'에는 ‘북성에 대변청이 있고 중앙에는 객사(客舍), 별창(別倉), 군기고(軍器庫)가 있다.’라고 하였다. 박천형의 서계(書啓) 내용에는 ‘동쪽과 북쪽이 바다에 임하였고 성 안은 화북이나 조천에 비해 조금 넓으며 동·서·남에 세문과 성안에 두 우물이 있으나 포구의 공간이 몹시 좁고 뾰족 나온 돌모서리가 창 같이 날카로워 배를 정박할 수가 없다. 횃불을 비치해 경보하는 것이 좋을 듯하며 성을 설치하여 방어하는 데에는 적합한 곳이 아닌 듯하다.’라고 하였다. 헌종 14년(1848)에 장인식 목사가 이를 중수하였다.

◎ 한류의 매력을 만나는 여행 정보 - 
조선시대의 성곽에 ‘부’씨로 구성된 밴드와 함께 부승관이 올랐다. 제주를 개국했다는 고 씨, 양 씨, 부 씨 세 성씨 중 하나인 부 씨이다. 별방진이 위치한 제주도 구좌읍 하도리는 부 씨의 집성촌이다. 승관의 고향 제주에서도 의미 있는 지역이다. 별방진은 유채꽃 명소로, 이른 봄 노란 유채꽃과 어우러지는 검은 돌의 성곽이 매력적이다.",AI+BASE+VJ+TOUR,,https://map.kakao.com/?q=별방진
239,제주오름승마랜드,,EAST,EXPERIENCE,체험 활동 관광지,LEISURE→EXPERIENCE,제주시 조천읍,33.4487247,126.7131982,제주특별자치도 제주시 조천읍 선흘리 454-3 목,https://api.cdn.visitjeju.net/photomng/imgpath/201804/30/83e804d2-81dd-4c63-80f5-d42ba506d826.webp,"영화 속 한 장면처럼, 말을 타고 숲을 거니는 ‘제주오름승마랜드’","영화 속 한 장면처럼, 말을 타고 숲을 거니는 ‘제주오름승마랜드’",BASE+VJ,,https://map.kakao.com/?q=제주오름승마랜드
240,그리스신화박물관,,WEST,CULTURE,문화시설,HISTORY→CULTURE,제주시 한림읍,33.3486929,126.3566388,제주특별자치도 제주시 한림읍 광산로 942,https://tong.visitkorea.or.kr/cms/resource/71/3053171_image2_1.jpg,그리스신화박물관은 아름다운 섬 제주도에서 그리스 신화와 관련된 명화와 대리석을 눈으로 보고 손으로 만져볼 수 있는 체험형 박물관이다.,"그리스신화박물관은 아름다운 섬 제주도에서 그리스 신화와 관련된 명화와 대리석을 눈으로 보고 손으로 만져볼 수 있는 체험형 박물관이다. 박물관은 루브르와 바티칸 박물관의 명화와 대리석 조각상 재현 작품을 전시한 공간과 관람객 모두 그리스인으로 변신하는 그리스 마을로 구성되어 있다. 창조관, 올림포스관, 신탁관, 영웅관, 휴먼관, 사랑관, 그리스 마을에서 기존 유물 중심의 수동적인 관람 방식에서 벗어나 전시물과 관람객이 교감할 수 있도록 다양한 체험형 전시를 제공한다. 대표 체험으로는 그리스의상 체험, 아테네 시민권 발급 체험, 올림포스 12신 가면 만들기 체험 등이 있다.",BASE+TOUR,,https://map.kakao.com/?q=그리스신화박물관
241,올티스영농조합법인,,EAST,EXPERIENCE,체험 활동 관광지,,제주시 조천읍,33.4629919,126.7174511,제주특별자치도 제주시 조천읍 거문오름길 23-58,,제주시 조천읍에 있는 체험 활동 관광지입니다.,제주시 조천읍에 있는 체험 활동 관광지입니다.,BASE,설명 기본 문구; 세부설명 없음 → 한 줄 소개로 대체; 사진 없음,https://map.kakao.com/?q=올티스영농조합법인
242,아프리카박물관,,SOUTH,CULTURE,문화시설,HISTORY→CULTURE,서귀포시 중문동,33.2395471,126.4294034,제주특별자치도 서귀포시 이어도로 49,https://api.cdn.visitjeju.net/photomng/imgpath/202205/30/f3c1978d-eaf6-4d6e-a5d8-81f7889caaee.webp,아프리카박물관은 아름다운 제주를 찾는 국내외 많은 관광객들에게 아프리카 문화를 보다 폭넓게 알리기 위하여 제주 중문관광단지에 그 터를 잡고 있…,"아프리카 박물관은 1998년 11월 서울 대학로에 아프리카란 우리에겐 다소 생소한 문화를 토대로 한 박물관을 개관하였으며, 2004년 12월 새로운 문화적 도약을 위해 제주도 서귀포시 중문관광단지 국제컨벤션센터 동쪽에 박물관 건물을 신축하고 이전하였다. 서귀포시 중문관광단지에 새롭게 선보인 아프리카 박물관의 건물은 서아프리카 말리의 젠네에 위치하고 있는 이슬람 대사원을 토대로 설계하였다. 젠네 대사원은 흙으로 지어진 건물 중 세계 최대 규모이며, 국제 문화 협력 교류기관인 유네스코는 전 인류가 함께 보존해야 할 세계문화유산으로 지정하고 있다. 신축된 아프리카 박물관은 아프리카 대륙 문화의 정통성을 훼손하지 않고 보다 다양한 시각으로 소개하고자 하는 본 박물관의 의지를 표방하고 있다.",BASE+VJ+TOUR,,https://map.kakao.com/?q=아프리카박물관
243,제주서커스월드,,WEST,THEME,테마시설,CULTURE→THEME,서귀포시 안덕면,33.3143826,126.3448196,제주특별자치도 서귀포시 안덕면 동광로 214,https://api.cdn.visitjeju.net/photomng/imgpath/202112/02/0bf4675c-1d69-41a3-9594-dd6c5fe70a5a.webp,국내 최초로 선보이는 7인 여전사 오토바이쇼,국내 최초로 선보이는 7인 여전사 오토바이쇼,BASE+VJ+TOUR,,https://map.kakao.com/?q=제주서커스월드
244,비양도등대,,EAST,NATURE,자연관광지,,제주시 우도면,33.5144182,126.9723466,제주특별자치도 제주시 우도면 안비양길 51,https://api.cdn.visitjeju.net/photomng/imgpath/202111/02/1b8d9a22-d8bf-44bc-9769-10836f5049af.webp,"우도 섬 속에 또 하나의 섬, 비양도","우도 섬 속에 또 하나의 섬, 비양도",BASE+VJ,비짓제주 이름 다름(우도 비양도),https://map.kakao.com/?q=비양도등대
245,성이시돌센터,,WEST,HISTORY,역사·유적·종교 시설,,제주시 한림읍,33.3466451,126.3226204,제주특별자치도 제주시 한림읍 금악북로 353,https://api.cdn.visitjeju.net/photomng/imgpath/202110/28/f2223296-ce4a-4352-86fe-8e2b85f5edd3.webp,아름다운 풍경이 있는 목장,아름다운 풍경이 있는 목장,BASE+VJ+TOUR,비짓제주 이름 다름(성이시돌목장); TourAPI 이름 다름(성이시돌목장); 관광지인지 확인(도서관·교회·골프 등),https://map.kakao.com/?q=성이시돌센터
246,하멜상선전시관,,WEST,CULTURE,문화시설,,서귀포시 안덕면,33.2333951,126.3136868,제주특별자치도 서귀포시 안덕면 사계남로216번길 24-30,,서귀포시 안덕면에 있는 문화시설입니다.,서귀포시 안덕면에 있는 문화시설입니다.,BASE,설명 기본 문구; 세부설명 없음 → 한 줄 소개로 대체; 사진 없음,https://map.kakao.com/?q=하멜상선전시관
250,선녀와나무꾼테마공원,선녀와나무꾼 테마공원,EAST,THEME,테마시설,,제주시 조천읍,33.4786386,126.7032128,제주특별자치도 제주시 조천읍 선교로 267,https://api.cdn.visitjeju.net/photomng/imgpath/202111/01/3fee6f3b-395a-411e-bdbf-d4a2de8bfdb8.webp,어릴 적 향수를 부르는 선녀와나무꾼 테마공원,어릴 적 향수를 부르는 선녀와나무꾼 테마공원,AI+BASE+VJ+TOUR,,https://map.kakao.com/?q=선녀와나무꾼테마공원
251,제주커피박물관Baum,,EAST,CULTURE,문화시설,HISTORY→CULTURE,서귀포시 성산읍,33.4398657,126.8991545,제주특별자치도 서귀포시 성산읍 서성일로1168번길 89-17,https://api.cdn.visitjeju.net/photomng/imgpath/201804/30/e821998c-9e36-478a-b724-b612aa85c605.webp,"나무, 숲과 함께 다채로운 커피의 향을 즐길 수 있는 커피박물관","나무, 숲과 함께 다채로운 커피의 향을 즐길 수 있는 커피박물관",BASE+VJ+TOUR,,https://map.kakao.com/?q=제주커피박물관Baum
254,(주)제주유리의성,,WEST,THEME,테마시설,,제주시 한경면,33.3146339,126.2736624,제주특별자치도 제주시 한경면 녹차분재로 462,,제주시 한경면에 있는 테마시설입니다.,제주시 한경면에 있는 테마시설입니다.,BASE,설명 기본 문구; 세부설명 없음 → 한 줄 소개로 대체; 사진 없음,https://map.kakao.com/?q=(주)제주유리의성
255,바다그린하우스,,NORTH,THEME,테마시설,,제주시 용담2동,33.5157547,126.5046917,제주특별자치도 제주시 서해안로 630,,제주시 용담2동에 있는 테마시설입니다.,제주시 용담2동에 있는 테마시설입니다.,BASE,설명 기본 문구; 세부설명 없음 → 한 줄 소개로 대체; 사진 없음,https://map.kakao.com/?q=바다그린하우스
257,혼인지,혼인지,EAST,NATURE,자연관광지,,서귀포시 성산읍,33.4151952,126.8937741,제주특별자치도 서귀포시 성산읍 혼인지로 39-46,https://api.cdn.visitjeju.net/photomng/imgpath/202111/12/432b52d2-39d5-4c71-83a3-9fd3f56aaaa6.webp,"제주특별자치도 기념물 제 17호, 탐라의 시조인 삼신인(三神人)이 혼례를 올렸다는 장소 · 서귀포시 성산읍 온평리 · 제주특별자치도 기념물 제…","제주특별자치도 기념물 제 17호, 탐라의 시조인 삼신인(三神人)이 혼례를 올렸다는 장소
· 서귀포시 성산읍 온평리
· 제주특별자치도 기념물 제17호
· 올레2코스",AI+BASE+VJ+TOUR,,https://map.kakao.com/?q=혼인지
258,액트몬제주푸드박스,,SOUTH,EXPERIENCE,체험 활동 관광지,,서귀포시 중문동,33.2438864,126.4216624,제주특별자치도 서귀포시 중문관광로 205,https://api.cdn.visitjeju.net/photomng/imgpath/202609/11/85181d4f-912c-412d-b64e-c6f1dddfbcd0.jpg,"제주 중문에서 비 오는 날에도 즐길 수 있는 실내 액티비티를 찾고 있다면, 액트몬 제주중문점!","제주 중문에서 비 오는 날에도 즐길 수 있는 실내 액티비티를 찾고 있다면, 액트몬 제주중문점!
제주 중문관광단지에 위치한 약 1,000평 규모의 실내 액티비티 공간으로, 아이부터 어른까지 날씨에 상관없이 다양한 게임과 체험을 즐길 수 있습니다.
액트몬 제주중문점에서는 각기 다른 재미를 가진 4개의 콘텐츠를 만나볼 수 있습니다.

1. 아이존팝
다양한 아케이드 게임을 시간제로 자유롭게 즐기는 대형 실내 오락실

2. 레이저 미션
200평 규모의 레이저 서바이벌 경기장에서 친구, 가족들과 함께 즐기는 레이저 서바이벌 배틀 게임

3. 액트몬스터 보물찾기
30개의 보물존을 탐험하며 숨겨진 은화를 찾아가는 방탈출형 해적 보물찾기 입니다. 미션을 수행하며 은화를 모으고, 찾은 은화는 가챠 상품으로 교환할 수 있습니다.

4. 포즐파크
직접 꾸민 나만의 냥냥이와 함께 여권을 들고 스티커 미션존, 셀프 포토존, 런웨이존 등 냥냥별 여행을 떠나는 테마형 체험공간

전 구역이 실내라 비가 오거나 더운 날에도 이용할 수 있으며, 평균 체류시간은 1~2시간입니다. 예약 없이 당일 입장이 가능하며 무료주차도 가능합니다.
제주 중문에서 아이와 갈 곳, 비 오는 날 실내 놀거리, 가족이 함께 즐길 수 있는 제주 오락실을 찾는다면 액트몬 제주중문점에서 만나보세요.",BASE+VJ,비짓제주 이름 다름(액트몬 제주점),https://map.kakao.com/?q=액트몬제주푸드박스
259,갯갓다리,,SOUTH,NATURE,자연관광지,,서귀포시 예래동,33.2411675,126.3967469,제주특별자치도 서귀포시 예래동,,서귀포시 예래동에 있는 자연관광지입니다.,서귀포시 예래동에 있는 자연관광지입니다.,BASE,설명 기본 문구; 세부설명 없음 → 한 줄 소개로 대체; 사진 없음,https://map.kakao.com/?q=갯갓다리
260,소정방폭포,소정방폭포,SOUTH,NATURE,자연관광지,,서귀포시 토평동,33.2452717,126.5775327,제주특별자치도 서귀포시 동홍동 233-2답,https://api.cdn.visitjeju.net/photomng/imgpath/201804/30/fec4430a-317a-4cb4-bd20-9fba73026012.webp,국내 유일의 해안 폭포,"소정방폭포는 제주도 서귀포시 제주올레 6코스에 있는 폭포이다. 소정방이라는 말은 정방폭포 옆의 작은 폭포라는 의미로 정방 폭포의 동쪽 570m 지점에 있다. 대한민국 폭포 중 정방폭포와 같은 해안 폭포로 육지에서 곧바로 바다로 연결되어 낙수가 떨어진다. 폭포의 높이가 낮고 물이 워낙 차가워 주변 주민들의 물맞이 장소로 인기가 있다. 
제주에는 백중날(음력 7월 15일) 차가운 물을 맞으면 일 년 동안 무사 건강하다는 풍속이 있어 백중날 물맞이 장소로도 사랑받는다. 아담한 물줄기가 친근한 느낌을 주며 이곳에서 보는 서귀포 앞 바다의 야경은 가히 일품이다. 소라의성과 소정방굴이 이웃해 있으며, 주변에 있는 정방폭포와 함께 관광하길 추천한다.",AI+BASE+VJ+TOUR,,https://map.kakao.com/?q=소정방폭포
261,액티브파크,,WEST,THEME,테마시설,LEISURE→THEME,제주시 한림읍,33.3811424,126.2360785,제주특별자치도 제주시 한림읍 금능남로 76,https://tong.visitkorea.or.kr/cms/resource/40/4095340_image2_1.jpg,액티브파크 제주는 남녀노소 누구나 신나는 체험을 통해 최고의 성취감을 느낄 수 있는 복합체험공간이다.,"액티브파크 제주는 남녀노소 누구나 신나는 체험을 통해 최고의 성취감을 느낄 수 있는 복합체험공간이다. 이곳은 아이부터 어른까지 모두가 즐길 수 있는 다양한 액티비티가 마련되어 있다. 대표적인 시설 중 하나인 클립 앤 클라임은 독특한 디자인과 안전한 시스템을 갖춘 실내 클라이밍 놀이로 도전과 재미를 동시에 느낄 수 있어 남녀노소 인기가 많은 체험이다. 친환경 카트 트랙 위에서 스피디 하고 바람을 가르는 짜릿한 질주 체험을 느낄 수 있는 엑티브 파크의 카트 체험은 일상의 스트레스를 시원하게 날려버릴 수 있다. 여기에 호기심 많고 에너지가 넘치는 어린이들을 위한 키즈 카페도 마련되어 있는데, 이곳은 마치 마법 같은 공간으로 아이들에게 창의력과 상상력을 자극하고 다양한 놀이를 통해 배움의 즐거움을 느끼게 해준다.",BASE+TOUR,,https://map.kakao.com/?q=액티브파크
262,위미항활어회센터,,SOUTH,COMMERCIAL,상업지구,,서귀포시 남원읍,33.2703764,126.6641044,제주특별자치도 서귀포시 남원읍 위미중앙로196번길 6-37,https://tong.visitkorea.or.kr/cms/resource/57/3390157_image2_1.jpg,위미항은 국가 어항으로 풍부한 수산자원을 보유한 연근해 어업의 근거지다.,"위미항은 국가 어항으로 풍부한 수산자원을 보유한 연근해 어업의 근거지다. 제주에서 가장 포근하고 따뜻한 곳으로 봄에는 제주도에서 가장 먼저 벚꽃이 개화하는 곳이며 석양이 아름답기로도 유명하다. 위미항은 바닥이 훤히 보일 정도로 맑고 깨끗한 것이 특징이다. 바다 멀리 편평하게 다듬어 놓은 듯한 지귀도가 보인다. 제주 올레 5코스에 속해 있는 이곳은 걷기에도 좋고, 주변에 동백나무 군락지가 있어 구석구석 아름다운 풍경을 감상할 수 있다. 체험학습과 낚시를 즐길 수 있는 관광용 어장이 있어 여름철에 가족 단위의 관광객들이 많이 찾는다. 또한 동방파제에 있는 수협 활어 어판장에서 싱싱한 회를 바로 손질해 먹을 수 있어 식도락 여행지로도 손색이 없다.",BASE+TOUR,관광지인지 확인(도서관·교회·골프 등),https://map.kakao.com/?q=위미항활어회센터
269,다랑쉬오름,다랑쉬오름,EAST,TRAIL,산책로·둘레길,,제주시 구좌읍,33.4776861,126.8215361,제주특별자치도 제주시 구좌읍 세화리 산 6임,https://api.cdn.visitjeju.net/photomng/imgpath/201804/30/21ead729-dd07-42e8-be6b-e272828c7317.webp,"제주 동부의 대표적인 오름 가운데 하나로, 정상부의 깊고 뚜렷한 분화구와 주변 오름·들판을 조망할 수 있는 곳이다.","제주 동부의 대표적인 오름 가운데 하나로, 정상부의 깊고 뚜렷한 분화구와 주변 오름·들판을 조망할 수 있는 곳이다.",AI+BASE+VJ+TOUR,,https://map.kakao.com/?q=다랑쉬오름
270,초콜릿랜드,,SOUTH,THEME,테마시설,EXPERIENCE→THEME,서귀포시 예래동,33.2494004,126.4134525,제주특별자치도 서귀포시 중문관광로110번길 15,https://api.cdn.visitjeju.net/photomng/imgpath/202112/15/af22cee2-e14d-42a5-9b55-2fb06507b6e1.webp,"초콜릿을 테마로 만든 전시관, 초콜렛 만들기 체험 가능","중문관광단지에 있는 제주 초콜릿랜드는 초콜릿을 테마로 다양한 재미를 선보인다. 전 세계 다양한 형태의 초콜릿 작품들과 세계 최초 초콜릿 그림, 각국을 구분하여 전시해 놓은 세계 초콜릿 전시장, 어린이를 위한 포토존, 초콜릿 만들기 체험장, 전망대가 있다. 초콜릿 만들기 체험은 재료와 도구가 준비되어 있어 손쉽게 만들며 맛과 재미를 느낄 수 있다. 직접 만든 초콜릿을 포장해 소중한 사람에게 선물하기도 좋다. 이 밖에 마카롱 만들기, 초코크러스트 피자 만들기 체험 등이 있다. 연인과 가족, 아이들과 함께 달콤한 시간을 만들고 싶은 사람들이 즐겨 찾는 곳이다. 중문관광단지 내의 다른 전시관들과 같이 둘러보기 좋다.",BASE+VJ+TOUR,,https://map.kakao.com/?q=초콜릿랜드
271,엠브리지1971,,WEST,CULTURE,문화시설,,서귀포시 대정읍,33.2101121,126.2571274,제주특별자치도 서귀포시 대정읍 최남단해안로 128,,서귀포시 대정읍에 있는 문화시설입니다.,서귀포시 대정읍에 있는 문화시설입니다.,BASE,설명 기본 문구; 세부설명 없음 → 한 줄 소개로 대체; 사진 없음,https://map.kakao.com/?q=엠브리지1971
272,테디베어뮤지엄,테디베어뮤지엄 제주점,SOUTH,CULTURE,문화시설,,서귀포시 색달동,33.2504156,126.412279,제주특별자치도 서귀포시 중문관광로110번길 31,https://api.cdn.visitjeju.net/photomng/imgpath/202409/09/8c18f0f6-56e4-4388-9cb3-c3e0a9e34595.webp,"다양한 테마와 재미있는 볼거리가 가득한 국내 유일의 테디베어 박물관, 중문관광단지 중심에 있음","다양한 테마와 재미있는 볼거리가 가득한 국내 유일의 테디베어 박물관, 중문관광단지 중심에 있음",AI+BASE+VJ+TOUR,AI 후보 '테디베어뮤지엄 제주점'와 연결(이름 다름) → 확인,https://map.kakao.com/?q=테디베어뮤지엄
274,송당승마장,,EAST,EXPERIENCE,체험 활동 관광지,LEISURE→EXPERIENCE,제주시 구좌읍,33.4360325,126.7393536,제주특별자치도 제주시 구좌읍 번영로 2015,https://api.cdn.visitjeju.net/photomng/imgpath/201908/22/ec81b062-d5b0-4ebd-b3cf-ca1663606a47.webp,구좌의 들판을 달려보자,구좌의 들판을 달려보자,BASE+VJ+TOUR,,https://map.kakao.com/?q=송당승마장
278,함덕돌핀레져,,EAST,LEISURE,레저·스포츠 관련 시설,,제주시 조천읍,33.5440111,126.6682792,제주특별자치도 제주시 조천읍 함덕리 1008,,제주시 조천읍에 있는 레저·스포츠 관련 시설입니다.,제주시 조천읍에 있는 레저·스포츠 관련 시설입니다.,BASE,설명 기본 문구; 세부설명 없음 → 한 줄 소개로 대체; 사진 없음,https://map.kakao.com/?q=함덕돌핀레져
279,연동연대(도지정기념물제23-10호),,SOUTH,NATURE,자연관광지,,서귀포시 대륜동,33.2419739,126.5242333,제주특별자치도 서귀포시 서호동 73임,,서귀포시 대륜동에 있는 자연관광지입니다.,서귀포시 대륜동에 있는 자연관광지입니다.,BASE,설명 기본 문구; 세부설명 없음 → 한 줄 소개로 대체; 사진 없음,https://map.kakao.com/?q=연동연대(도지정기념물제23-10호)
281,까사빌2차,,NORTH,COMMERCIAL,상업지구,,제주시 도두동,33.4942358,126.4709074,제주특별자치도 제주시 도두일동 2317 대,,제주시 도두동에 있는 상업지구입니다.,제주시 도두동에 있는 상업지구입니다.,BASE,설명 기본 문구; 세부설명 없음 → 한 줄 소개로 대체; 사진 없음,https://map.kakao.com/?q=까사빌2차
283,물의도시베니스랜드,,EAST,THEME,테마시설,NATURE→THEME,서귀포시 성산읍,33.41539,126.8406939,제주특별자치도 서귀포시 성산읍 서성일로 474,https://api.cdn.visitjeju.net/photomng/imgpath/202111/16/11d585f4-e20b-4e78-8ccb-fb28450ab38c.webp,제주에서 만나는 아름다운 수상도시 베니스 여행~,제주에서 만나는 아름다운 수상도시 베니스 여행~,BASE+VJ,,https://map.kakao.com/?q=물의도시베니스랜드
284,해변산책,해변산책,WEST,TRAIL,산책로·둘레길,,제주시 애월읍,33.4520466,126.3080135,제주특별자치도 제주시 애월읍 곽지9길 7,,제주시 애월읍에 있는 산책로·둘레길입니다.,제주시 애월읍에 있는 산책로·둘레길입니다.,AI+BASE,설명 기본 문구; 세부설명 없음 → 한 줄 소개로 대체; 사진 없음,https://map.kakao.com/?q=해변산책
285,가시리문화센터,,EAST,CULTURE,문화시설,,서귀포시 표선면,33.3535717,126.7707759,제주특별자치도 서귀포시 표선면 가시로565번길 20,,서귀포시 표선면에 있는 문화시설입니다.,서귀포시 표선면에 있는 문화시설입니다.,BASE,설명 기본 문구; 세부설명 없음 → 한 줄 소개로 대체; 사진 없음; 관광지인지 확인(도서관·교회·골프 등),https://map.kakao.com/?q=가시리문화센터
287,단산사,,WEST,HISTORY,역사·유적·종교 시설,,서귀포시 대정읍,33.2397498,126.284945,제주특별자치도 서귀포시 대정읍 향교로 119,https://api.cdn.visitjeju.net/photomng/imgpath/201804/30/7df96177-a4e0-4bfa-96e3-2283ae56fa94.webp,거대한 박쥐가 날개를 펴고 있는 듯한 곳,거대한 박쥐가 날개를 펴고 있는 듯한 곳,BASE+VJ,,https://map.kakao.com/?q=단산사
288,제주남문교회,,NORTH,HISTORY,역사·유적·종교 시설,,제주시 이도2동,33.4986403,126.531466,제주특별자치도 제주시 광양13길 6-3,,제주시 이도2동에 있는 역사·유적·종교 시설입니다.,제주시 이도2동에 있는 역사·유적·종교 시설입니다.,BASE,설명 기본 문구; 세부설명 없음 → 한 줄 소개로 대체; 사진 없음; 관광지인지 확인(도서관·교회·골프 등),https://map.kakao.com/?q=제주남문교회
290,수월봉,수월봉,WEST,NATURE,자연관광지,,제주시 한경면,33.2947695,126.1631083,제주특별자치도 제주시 한경면 고산리 3760임,https://api.cdn.visitjeju.net/photomng/imgpath/201907/30/2436b568-5046-4df2-a4cf-0b28b6ee29ff.webp,차귀도로 떨어지는 낙조와 지질학의 교과서를 만나보자 · 천연기념물 제513호 · 올레12코스,"제주의 가장 서쪽 끝머리에 있는 한경면 고산리에 가면 제주에서 가장 넓은 들이 있다. 이 들판 끝 해안가에 솟아있는 조그마한 봉우리가 수월봉이다. 수월봉은 해안에 돌출해 있는 높이 약 77m의 봉우리로 절벽이 예리하고 운치가 있으며 곳곳에서 솟는 용천수는 약수로 유명하다. 수월봉 정상에는 기우제를 지내던 육각정인 수월정이 있다. 수월봉 아래 해안을 끼고 이어지는 절벽은 화석층이 뚜렷하여 자연의 신기함을 더하는 곳이다. 수월봉에서는 제주에서 가장 아름답다는 섬인 차귀도가 내려다 보이고, 더욱이 수월봉 정상에 있는 수월정에 앉아서 바라보는 낙조는 제주 어느 곳에서 보는 것보다 아름답다.",AI+BASE+VJ+TOUR,,https://map.kakao.com/?q=수월봉
292,무오법정사항일운동발상지(제주도기념물제61-1호),,SOUTH,TRAIL,산책로·둘레길,,서귀포시 대천동,33.3124429,126.4738017,제주특별자치도 서귀포시 도순동 산 1임,https://api.cdn.visitjeju.net/photomng/imgpath/201810/19/eacc0e18-9724-4b8c-a3bb-854828376080.webp,법정사항일운동의 발상지로 알려져있는 역사적 장소,법정사항일운동의 발상지로 알려져있는 역사적 장소,BASE+VJ,,https://map.kakao.com/?q=무오법정사항일운동발상지(제주도기념물제61-1호)
294,송악산,송악산둘레길,WEST,TRAIL,산책로·둘레길,,서귀포시 대정읍,33.1990834,126.2897917,제주특별자치도 서귀포시 대정읍 상모리 산 2 임,https://api.cdn.visitjeju.net/photomng/imgpath/202008/21/a8ee7cef-10ef-42a1-b1f7-d5730021f0dc.webp,서남부의 절경을 선사하는 산방산의 이웃산,서남부의 절경을 선사하는 산방산의 이웃산,AI+BASE+VJ+TOUR,AI 후보 '송악산둘레길'와 연결(이름 다름) → 확인,https://map.kakao.com/?q=송악산
295,서귀포칠십리시공원,서귀포칠십리시공원,SOUTH,NATURE,자연관광지,,서귀포시 서홍동,33.2447129,126.5567628,제주특별자치도 서귀포시 서홍동 659-2대,https://api.cdn.visitjeju.net/photomng/imgpath/201804/30/a5f0edec-ff91-4ee4-8dcf-f2ca24f76dfc.webp,외돌개와 해안올레길을 연결하는 공원,외돌개와 해안올레길을 연결하는 공원,AI+BASE+VJ+TOUR,,https://map.kakao.com/?q=서귀포칠십리시공원
296,김만덕객주,,NORTH,HISTORY,역사·유적·종교 시설,,제주시 건입동,33.516485,126.5322531,제주특별자치도 제주시 임항로 68,https://api.cdn.visitjeju.net/photomng/imgpath/202112/06/8ab726aa-2425-4724-9ca2-9803524ff927.webp,제주 구도심에 있는 미니 민속촌,제주 구도심에 있는 미니 민속촌,BASE+VJ,,https://map.kakao.com/?q=김만덕객주
297,어승생승마장,,NORTH,EXPERIENCE,체험 활동 관광지,,제주시 노형동,33.4256144,126.4900201,제주특별자치도 제주시 1100로 2659,https://tong.visitkorea.or.kr/cms/resource/86/4073686_image2_1.jpg,어승생 승마장은 제주시에 위치해 있고 승마와 목장체험을 동시에 즐길 수 있는 복합레저단지이다.,"어승생 승마장은 제주시에 위치해 있고 승마와 목장체험을 동시에 즐길 수 있는 복합레저단지이다. 미국 서부를 테마로 한 공간이며 10만평 규모의 넓은 초지가 있어, 말을 타고 초원을 달릴 수 있다. 외승을 나가지 않더라도 구보로 400m 이상을 쉬지 않고 전력질주를 할 수 있다. 또한 말에 처음 오르는 초보자도 교관의 도움을 받아 평보부터 속보, 경속보, 구보까지 원스텝으로 경험할 수 있는 프로그램이 있다. 날씨가 좋은 날에는 에메랄드빛 제주바다를 볼 수 있고 웅장한 한라산까지 조망이 가능하다.",BASE+TOUR,,https://map.kakao.com/?q=어승생승마장
298,무민랜드제주,,WEST,THEME,테마시설,,서귀포시 안덕면,33.3067993,126.3815342,제주특별자치도 서귀포시 안덕면 병악로 420,,서귀포시 안덕면에 있는 테마시설입니다.,서귀포시 안덕면에 있는 테마시설입니다.,BASE,설명 기본 문구; 세부설명 없음 → 한 줄 소개로 대체; 사진 없음,https://map.kakao.com/?q=무민랜드제주
299,캐슬렉스제주골프클럽,,WEST,LEISURE,레저·스포츠 관련 시설,,제주시 한림읍,33.3422761,126.3503629,제주특별자치도 제주시 한림읍 금악리 산 41체,https://tong.visitkorea.or.kr/cms/resource/07/3402907_image2_1.jpg,한라산과 한림바다가 한눈에 들어오는 서귀포시 안덕면에 위치한 캐슬렉스제주 골프클럽은 1995년 개장 이래 국내 최초로 미국여자프로 골프협회 공…,한라산과 한림바다가 한눈에 들어오는 서귀포시 안덕면에 위치한 캐슬렉스제주 골프클럽은 1995년 개장 이래 국내 최초로 미국여자프로 골프협회 공식 투어인 삼성월드챔피언쉽 여자 골프대회를 유치하는 등 제주를 대표하는 골프클럽으로 인정받고 있다. 구릉지를 이용해 코스를 조성하는 등 자연 지형의 특성을 살려 개성적인 링크스 스타일 골프 코스로 평가받는 캐슬렉스제주 골프클럽의 골프 코스는 제주도 오름 특유의 언듈레이션을 그대로 살려 자연과 절묘한 조화를 이룸으로써 파워와 테크 그리고 부드러움을 요구하는 개성이 강한 골프 코스로 구성되어 있다.,BASE+TOUR,관광지인지 확인(도서관·교회·골프 등),https://map.kakao.com/?q=캐슬렉스제주골프클럽
302,삼신교,,NORTH,FESTIVAL,지역 축제·행사,,제주시 일도2동,33.5048757,126.5315031,제주특별자치도 제주시 일도이동 1498천,,제주시 일도2동에 있는 지역 축제·행사입니다.,제주시 일도2동에 있는 지역 축제·행사입니다.,BASE,설명 기본 문구; 세부설명 없음 → 한 줄 소개로 대체; 사진 없음,https://map.kakao.com/?q=삼신교
303,연동근린공원,,NORTH,NATURE,자연관광지,,제주시 연동,33.4823701,126.4904591,제주특별자치도 제주시 연동 1373-4공,,제주시 연동에 있는 자연관광지입니다.,제주시 연동에 있는 자연관광지입니다.,BASE,설명 기본 문구; 세부설명 없음 → 한 줄 소개로 대체; 사진 없음,https://map.kakao.com/?q=연동근린공원
304,탑동수산시장,,NORTH,COMMERCIAL,상업지구,,제주시 일도1동,33.515796,126.5245604,제주특별자치도 제주시 중앙로 28,https://api.cdn.visitjeju.net/photomng/imgpath/201804/30/1c70914e-57d4-4469-b7d2-072e321dc580.webp,제주 원도심 바닷가를 따라 산책과 공연을 즐길 수 있는 해안광장,제주 원도심 바닷가를 따라 산책과 공연을 즐길 수 있는 해안광장,BASE+VJ+TOUR,,https://map.kakao.com/?q=탑동수산시장
305,서광서리마을운동장,,WEST,FESTIVAL,지역 축제·행사,,서귀포시 안덕면,33.2947456,126.2971803,제주특별자치도 서귀포시 안덕면 녹차분재로 134,,서귀포시 안덕면에 있는 지역 축제·행사입니다.,서귀포시 안덕면에 있는 지역 축제·행사입니다.,BASE,설명 기본 문구; 세부설명 없음 → 한 줄 소개로 대체; 사진 없음; 관광지인지 확인(도서관·교회·골프 등),https://map.kakao.com/?q=서광서리마을운동장
306,성산일출도서관,,EAST,CULTURE,문화시설,,서귀포시 성산읍,33.4552766,126.9122911,제주특별자치도 서귀포시 성산읍 고성오조로 133,,서귀포시 성산읍에 있는 문화시설입니다.,서귀포시 성산읍에 있는 문화시설입니다.,BASE,설명 기본 문구; 세부설명 없음 → 한 줄 소개로 대체; 사진 없음; 관광지인지 확인(도서관·교회·골프 등),https://map.kakao.com/?q=성산일출도서관
309,천왕사,대한불교조계종천왕사,NORTH,HISTORY,역사·유적·종교 시설,,제주시 노형동,33.4092659,126.4934781,제주특별자치도 제주시 노형동 산 20-18임,https://api.cdn.visitjeju.net/photomng/imgpath/202111/25/269913d5-3512-4270-b0a1-0d8353478e8a.webp,아흔아홉골 자락에 위치한 경관이 좋은 사찰,"아흔아홉 골의 수려한 풍광 속에 들어앉은 천왕사는 한라산 어승생 동쪽에 수많은 봉우리와 골짜기로 이루어진 아흔아홉 골 중 하나인 금봉곡 아래 위치한 사찰이다. 1955년 천왕사 근처 토굴에서 참선수행하던 비룡스님에 의해 수영산 선원이란 명칭으로 처음 창건되었다. 비록 건립된 지 오래되지 않았으나 1994년 전통 사찰로 지정되었다. 대웅전 바로 뒤로는 용바위라 불리는 커다란 바위가 있고, 마당 왼쪽 자락에 기세 좋게 곧게 뻗은 바위가 울창한 숲과 어우러져 절경을 이룬다. 사찰 옆의 냇물을 따라 올라가면 한라산의 유일한 폭포라는 선녀 폭포가 나오고, 사찰 입구에는 약수터가 있다. 특히 가을에 기암절벽 아래 물드는 단풍이 장관으로 알려져 있다.",AI+BASE+VJ+TOUR,AI 후보 '대한불교조계종천왕사'와 연결(이름 다름) → 확인,https://map.kakao.com/?q=천왕사
310,삼일아트리움,,SOUTH,CULTURE,문화시설,EXPERIENCE→CULTURE,서귀포시 정방동,33.2470523,126.5644468,제주특별자치도 서귀포시 이중섭로 11,,서귀포시 정방동에 있는 문화시설입니다.,서귀포시 정방동에 있는 문화시설입니다.,BASE,설명 기본 문구; 세부설명 없음 → 한 줄 소개로 대체; 사진 없음,https://map.kakao.com/?q=삼일아트리움
314,동법사대웅전,,EAST,HISTORY,역사·유적·종교 시설,,제주시 구좌읍,33.536651,126.8275641,제주특별자치도 제주시 구좌읍 한동로1길 14,,제주시 구좌읍에 있는 역사·유적·종교 시설입니다.,제주시 구좌읍에 있는 역사·유적·종교 시설입니다.,BASE,설명 기본 문구; 세부설명 없음 → 한 줄 소개로 대체; 사진 없음,https://map.kakao.com/?q=동법사대웅전
315,서귀포예술의전당대극장,서귀포예술의전당,SOUTH,CULTURE,문화시설,,서귀포시 서홍동,33.2462855,126.5506386,제주특별자치도 서귀포시 태평로 270,https://api.cdn.visitjeju.net/photomng/imgpath/201804/30/b9f02ff9-e369-44a2-8e78-6ad13e256feb.webp,지역 문화예술의 소통을 위해 2014년 개관된 서귀포 예술의전당,지역 문화예술의 소통을 위해 2014년 개관된 서귀포 예술의전당,AI+BASE+VJ+TOUR,AI 후보 '서귀포예술의전당'와 연결(이름 다름) → 확인,https://map.kakao.com/?q=서귀포예술의전당대극장
319,명월리백난아기념관,,WEST,CULTURE,문화시설,EXPERIENCE→CULTURE,제주시 한림읍,33.3884415,126.2647915,제주특별자치도 제주시 한림읍 명월로 48,,제주시 한림읍에 있는 문화시설입니다.,제주시 한림읍에 있는 문화시설입니다.,BASE,설명 기본 문구; 세부설명 없음 → 한 줄 소개로 대체; 사진 없음,https://map.kakao.com/?q=명월리백난아기념관
320,헌마공신 김만일기념관,,SOUTH,CULTURE,문화시설,HISTORY→CULTURE,서귀포시 남원읍,33.3360846,126.6907789,제주특별자치도 서귀포시 남원읍 서성로 919,https://api.cdn.visitjeju.net/photomng/imgpath/202401/17/45669581-0ca1-4fac-9ff7-326aef767c1a.webp,83년의 일생동안 수천여 마리의 말을 나라에 바치다!,83년의 일생동안 수천여 마리의 말을 나라에 바치다!,BASE+VJ+TOUR,,https://map.kakao.com/?q=헌마공신 김만일기념관
322,동복해녀해산물직판장,,EAST,HISTORY,역사·유적·종교 시설,,제주시 구좌읍,33.5560347,126.7187189,제주특별자치도 제주시 구좌읍 구좌해안로 35,,제주시 구좌읍에 있는 역사·유적·종교 시설입니다.,제주시 구좌읍에 있는 역사·유적·종교 시설입니다.,BASE,설명 기본 문구; 세부설명 없음 → 한 줄 소개로 대체; 사진 없음; 관광지인지 확인(도서관·교회·골프 등),https://map.kakao.com/?q=동복해녀해산물직판장
324,삼다수목장,,EAST,EXPERIENCE,체험 활동 관광지,LEISURE→EXPERIENCE,제주시 조천읍,33.4298578,126.6587641,제주특별자치도 제주시 조천읍 비자림로 485-15,https://api.cdn.visitjeju.net/photomng/imgpath/202306/19/8b87ce43-4812-41ee-aec4-3ba59d5360a5.webp,푸른 초원을 거닐며 즐기는 승마체험,푸른 초원을 거닐며 즐기는 승마체험,BASE+VJ+TOUR,,https://map.kakao.com/?q=삼다수목장
325,박물관은살아있다,,SOUTH,CULTURE,문화시설,THEME→CULTURE,서귀포시 예래동,33.2547079,126.4100017,제주특별자치도 서귀포시 중문관광로 42,,서귀포시 예래동에 있는 문화시설입니다.,서귀포시 예래동에 있는 문화시설입니다.,BASE,설명 기본 문구; 세부설명 없음 → 한 줄 소개로 대체; 사진 없음,https://map.kakao.com/?q=박물관은살아있다
326,미래컨벤션센터,,NORTH,COMMERCIAL,상업지구,,제주시 용담1동,33.5066154,126.5144868,제주특별자치도 제주시 남성로 75,,제주시 용담1동에 있는 상업지구입니다.,제주시 용담1동에 있는 상업지구입니다.,BASE,설명 기본 문구; 세부설명 없음 → 한 줄 소개로 대체; 사진 없음; 관광지인지 확인(도서관·교회·골프 등),https://map.kakao.com/?q=미래컨벤션센터
329,물영아리,물영아리,SOUTH,TRAIL,산책로·둘레길,,서귀포시 남원읍,33.3683944,126.6920639,제주특별자치도 서귀포시 남원읍 수망리 산 188임,https://api.cdn.visitjeju.net/photomng/imgpath/201907/24/67082bf5-af9a-4723-b9a1-ee8ce2a296b3.webp,영아리는 신령스런 산이란 뜻이다.,영아리는 신령스런 산이란 뜻이다. 앞에 ‘물’이란 접두어가 붙은 것은 분화구에 물이 고인 습지를 품고 있기 때문이다. 물영아리오름은 수망리 중잣성 생태 탐방로와 연계되어 있다. 잣성은 제주도의 전통적인 목축 문화 유물로 목초지에 쌓아 올린 경계용 돌담을 뜻한다.,AI+BASE+VJ,,https://map.kakao.com/?q=물영아리
331,제주허브동산,제주허브동산,EAST,THEME,테마시설,,서귀포시 표선면,33.3285659,126.8148443,제주특별자치도 서귀포시 표선면 돈오름로 170,https://api.cdn.visitjeju.net/photomng/imgpath/201810/16/f70e8222-2682-45e1-a1dc-aa63380f16f2.webp,"낮에는 꽃구경, 밤에는 빛구경 ‘제주허브동산’","2000년 부지매입을 시작으로 약 5년간 59,504m²(18,000평)의 대지 위에 허브동산을 만들어왔다. 현재 약 180여 종의 허브와 우리 산하의 야생화로 채워진 각양각색의 정원들과 작은 동산들, 그리고 611.6m²(2,000평)의 체험 감귤농장 등 다양한 형태의 테마공원이 조성되어 있다. 또한 허브동산을 휘어감은 산책로, 허브 관련 제품을 구입할 수 있는 허브샵, 허브를 이용한 다양한 퓨전 음식을 맛볼 수 있는 카페, 허브에 대한 지식과 정보를 공유하고, 더욱 다양한 체험을 할 수 있는 허브체험관 등의 시설이 잘 구비되어 있어 연인 및 가족단위 혹은 기업의 단체에서 자연학습 및 데이트 코스, 워크숍 등 여러 가지 목적으로 이용 가능한 편안한 휴식처가 될 것이다.
그리고 허브 동산의 매력을 만끽할 수 있도록 설계된 6개 동의 각 숙소들은 허브정원 사이에 자리를 잡고 쾌적하고 안락한 여행이 될 수 있도록 최적의 환경을 구비하고 있다. 각 동 2층 침실 어디에서나 일출과 바다를 조망할 수 있고, 뒤로는 한라산이 한눈에 들어온다. 허브동산의 주요 테마는 ‘쉴休’, 봄날 오후 같은 편안하고 조용한 휴식. ‘번잡한 일상과 긴장된 도시 생활의 피로를 털어버리고, 몸과 마음에 쉼을 주자, 실컷 게으름을 피워도 하나 바쁠 것 없는, 느리게 사는 여유를 신이 인간에게 준 선물 가운데 마음껏 누리자.’ 이것이 허브동산이 추구하는 방향이다.",AI+BASE+VJ+TOUR,,https://map.kakao.com/?q=제주허브동산
332,고산성당,,WEST,HISTORY,역사·유적·종교 시설,,제주시 한경면,33.3011273,126.1802111,제주특별자치도 제주시 한경면 칠전로 1,,제주시 한경면에 있는 역사·유적·종교 시설입니다.,제주시 한경면에 있는 역사·유적·종교 시설입니다.,BASE,설명 기본 문구; 세부설명 없음 → 한 줄 소개로 대체; 사진 없음,https://map.kakao.com/?q=고산성당
333,핀크스비오토피아,,WEST,HISTORY,역사·유적·종교 시설,,서귀포시 안덕면,33.300149,126.3953908,제주특별자치도 서귀포시 안덕면 산록남로762번길 79,,서귀포시 안덕면에 있는 역사·유적·종교 시설입니다.,서귀포시 안덕면에 있는 역사·유적·종교 시설입니다.,BASE,설명 기본 문구; 세부설명 없음 → 한 줄 소개로 대체; 사진 없음,https://map.kakao.com/?q=핀크스비오토피아
335,석부작박물관,,SOUTH,CULTURE,문화시설,THEME→CULTURE,서귀포시 대륜동,33.2507852,126.5363549,제주특별자치도 서귀포시 일주동로 8941,,서귀포시 대륜동에 있는 문화시설입니다.,서귀포시 대륜동에 있는 문화시설입니다.,BASE,설명 기본 문구; 세부설명 없음 → 한 줄 소개로 대체; 사진 없음,https://map.kakao.com/?q=석부작박물관
336,제주동문재래시장,,SOUTH,COMMERCIAL,상업지구,,서귀포시 남원읍,33.299272,126.6811094,제주특별자치도 서귀포시 남원읍 중산간동로 6596-3,,서귀포시 남원읍에 있는 상업지구입니다.,서귀포시 남원읍에 있는 상업지구입니다.,BASE,확인필요: 같은 이름이 27.7km 떨어진 곳에 또 있음(678번) → 틀린 쪽은 exclude=Y; 설명 기본 문구; 세부설명 없음 → 한 줄 소개로 대체; 사진 없음,https://map.kakao.com/?q=제주동문재래시장
338,핀크스골프클럽,,WEST,LEISURE,레저·스포츠 관련 시설,CULTURE→LEISURE,서귀포시 안덕면,33.316211,126.3951133,제주특별자치도 서귀포시 안덕면 산록남로 863,https://api.cdn.visitjeju.net/photomng/imgpath/201804/30/e64fc6a8-98ff-438a-8d98-16483cddd87c.webp,한국 골프장을 대표하는 세계적인 골프장,한국 골프장을 대표하는 세계적인 골프장,BASE+VJ,관광지인지 확인(도서관·교회·골프 등),https://map.kakao.com/?q=핀크스골프클럽
339,한라생태숲,한라생태숲,NORTH,NATURE,자연관광지,,제주시 용강동,33.4312933,126.5976996,제주특별자치도 제주시 516로 2596,https://api.cdn.visitjeju.net/photomng/imgpath/202111/19/fdcaeff5-bf92-44ae-a0f0-9e43288bd205.webp,난대성 식물에서부터 한라산 고산식물까지 한 장소에서 볼 수 있는 생태숲,"한라생태숲은 1970년대 초부터 1995년까지 개인에게 대부돼 마소의 방목지로 사용했던 곳이었다. 제주 식물의 보고에 걸맞은 산림생물 난대, 온대, 한대 식물 등 다양한 식물상을 조화롭게 설계하여 식재 생태복원 시켰으며, 곶자왈 지대, 천연림 지역을 유전자원 보전지역으로 관리하고 있다. 또한 한라생태숲은 시험연구림으로서의 기능도 갖추고 있어 제주도의 온.난대 수종 및 한라산 고산대 희귀수종에 대한 유전자 보전 연구와 한라산의 훼손지 복구를 위한 식물증식 및 내한성 적응시험림의 역할도 수행하고 있다. 한라생태숲은 훼손되어 방치되었던 야초지를 원래의 숲으로 복원 조성한 곳으로 산림트래킹과 함께 자연생태계의 다양한 모습을 즐길 수 있다. 한라산에 서식하는 동물을 만날 수 있으며, 특히 난대성식물에서부터 한라산 고산식물까지 모두 볼 수 있다. 생태로, 전망대, 양묘하우스, 테마별 산책로, 유전자보존 조직배양실 등 기반시설과 단풍나무숲, 벚나무숲, 구상나무숲, 참꽃나무숲 등 13개의 테마숲, 생태숲 전체의 축소판인 암석원이 중앙에 조성되어 숲다운 숲의 면모를 보여주고 있다.",AI+BASE+VJ+TOUR,,https://map.kakao.com/?q=한라생태숲
340,DYIVEOCEANO,,WEST,LEISURE,레저·스포츠 관련 시설,,제주시 애월읍,33.4725108,126.3504549,제주특별자치도 제주시 애월읍 애월해안로 394,,제주시 애월읍에 있는 레저·스포츠 관련 시설입니다.,제주시 애월읍에 있는 레저·스포츠 관련 시설입니다.,BASE,설명 기본 문구; 세부설명 없음 → 한 줄 소개로 대체; 사진 없음,https://map.kakao.com/?q=DYIVEOCEANO
342,드르쿰다성산스튜디오,,EAST,EXPERIENCE,체험 활동 관광지,,서귀포시 성산읍,33.4445124,126.9190859,제주특별자치도 서귀포시 성산읍 섭지코지로25번길 64,,서귀포시 성산읍에 있는 체험 활동 관광지입니다.,서귀포시 성산읍에 있는 체험 활동 관광지입니다.,BASE,설명 기본 문구; 세부설명 없음 → 한 줄 소개로 대체; 사진 없음; 관광지인지 확인(도서관·교회·골프 등),https://map.kakao.com/?q=드르쿰다성산스튜디오
343,한수풀도서관,,WEST,CULTURE,문화시설,,제주시 한림읍,33.420322,126.268489,제주특별자치도 제주시 한림읍 한림상로 240-11,https://api.cdn.visitjeju.net/photomng/imgpath/201812/20/13b9add0-2a33-4736-bd66-6fa5693ba398.webp,핸드메이드 소품들을 판매하고 있는 아기자기한 소품 숍,핸드메이드 소품들을 판매하고 있는 아기자기한 소품 숍,BASE+VJ+TOUR,관광지인지 확인(도서관·교회·골프 등),https://map.kakao.com/?q=한수풀도서관
345,서문공설시장,서문공설시장,NORTH,COMMERCIAL,상업지구,,제주시 용담1동,33.5113351,126.5179556,제주특별자치도 제주시 서문로4길 13-2,https://api.cdn.visitjeju.net/photomng/imgpath/201804/30/195b9466-c9d3-496d-8b97-0af51b2d91cf.webp,"제주의 마장동이라 불리우는 정육, 축산 전문 상설시장","서문공설시장은 제주시 서부중심에 위치한 60년의 역사를 가진 전통 재래시장이다. 80여 개의 점포를 갖추고 있으며 축산, 정육 등 육류 소비 특화시장으로 선정되어 제주도내에서 가장 활발한 육류소비가 이루어지고 있다. 시장 내에는 3개의 정육 마트가 자리하고 있다. 원하는 부위의 고기를 저렴하게 구매한 후 정육 식당이 들어선 상가건물을 찾아가면 상차림 비용을 지불하고 구매한 고기를 그 자리에서 맛볼 수 있다. 이 외에도 식품과 건어물, 과일 등 다양한 품목들이 판매되고 있다. 다른 상설시장에 비해 한산한 편이며, 주차 시설이 잘 갖추어져 있는 것이 특징이다.",AI+BASE+VJ+TOUR,,https://map.kakao.com/?q=서문공설시장
348,퍼시픽랜드,,SOUTH,THEME,테마시설,LEISURE→THEME,서귀포시 예래동,33.2441856,126.4172212,제주특별자치도 서귀포시 중문관광로 154-17,https://tong.visitkorea.or.kr/cms/resource/60/2587960_image2_1.bmp,"퍼시픽 리솜은 호반그룹의 레저계열사로 중문의 아름다운 해변길에, 드넓은 남태평양의 바다 위에 자리한 해양문화 복합공간이다.","퍼시픽 리솜은 호반그룹의 레저계열사로 중문의 아름다운 해변길에, 드넓은 남태평양의 바다 위에 자리한 해양문화 복합공간이다. 남녀노소 즐길 수 있는 선진국형 해양레포츠 요트 마리나 프로그램과 함께 특급 호텔 출신의 셰프가 준비하는 신선하고 맛있는 씨푸드 다이닝, 이국적인 정경에서 누리는 각종 문화이벤트가 펼쳐지는 공간이다. 요트에서 바라보는 경이로운 바다, 제주의 신선한 해산물로 정성스럽게 만들어 내는 맛있는 요리와 함께 바다를 즐기는 다채로운 방법을 만날 수 있다.",BASE+TOUR,TourAPI 이름 다름(퍼시픽 리솜),https://map.kakao.com/?q=퍼시픽랜드
350,성클라라수도원,,WEST,HISTORY,역사·유적·종교 시설,,제주시 한림읍,33.348022,126.3187446,제주특별자치도 제주시 한림읍 금악북로 320,https://api.cdn.visitjeju.net/photomng/imgpath/201804/30/3e9a88bf-cf9b-4ef9-aa02-c53dd8023064.webp,성클라라수도원에 부속된 성당,성클라라수도원에 부속된 성당,BASE+VJ,,https://map.kakao.com/?q=성클라라수도원
352,아뮤제,,NORTH,CULTURE,문화시설,,제주시 삼도2동,33.5128497,126.521942,제주특별자치도 제주시 관덕로 26,,제주시 삼도2동에 있는 문화시설입니다.,제주시 삼도2동에 있는 문화시설입니다.,BASE,설명 기본 문구; 세부설명 없음 → 한 줄 소개로 대체; 사진 없음,https://map.kakao.com/?q=아뮤제
353,안덕산방도서관,,WEST,CULTURE,문화시설,,서귀포시 안덕면,33.2549332,126.3306741,제주특별자치도 서귀포시 안덕면 화순리 1963 대,,서귀포시 안덕면에 있는 문화시설입니다.,서귀포시 안덕면에 있는 문화시설입니다.,BASE,설명 기본 문구; 세부설명 없음 → 한 줄 소개로 대체; 사진 없음; 관광지인지 확인(도서관·교회·골프 등),https://map.kakao.com/?q=안덕산방도서관
354,새별오름,새별오름,WEST,NATURE,자연관광지,,제주시 애월읍,33.3662778,126.3577306,제주특별자치도 제주시 애월읍 봉성리 산 59-8목,https://api.cdn.visitjeju.net/photomng/imgpath/202410/21/dd229994-9625-44a2-985c-f710bca7f286.webp,제주 서부 애월에 위치한 억새가 아름다운 대표 오름,제주 서부 애월에 위치한 억새가 아름다운 대표 오름,AI+BASE+VJ+TOUR,,https://map.kakao.com/?q=새별오름
356,마미포유,,NORTH,COMMERCIAL,상업지구,,제주시 노형동,33.4508085,126.4529594,제주특별자치도 제주시 해안마을서4길 131,,제주시 노형동에 있는 상업지구입니다.,제주시 노형동에 있는 상업지구입니다.,BASE,설명 기본 문구; 세부설명 없음 → 한 줄 소개로 대체; 사진 없음,https://map.kakao.com/?q=마미포유
359,넓은목장,,EAST,EXPERIENCE,체험 활동 관광지,TRAIL→EXPERIENCE,서귀포시 표선면,33.4238323,126.7682184,제주특별자치도 서귀포시 표선면 성읍이리로57번길 162,,서귀포시 표선면에 있는 체험 활동 관광지입니다.,서귀포시 표선면에 있는 체험 활동 관광지입니다.,BASE,설명 기본 문구; 세부설명 없음 → 한 줄 소개로 대체; 사진 없음,https://map.kakao.com/?q=넓은목장
360,귤한가,,WEST,COMMERCIAL,상업지구,,제주시 한림읍,33.3884546,126.2630733,제주특별자치도 제주시 한림읍 명월성로 234-1,,제주시 한림읍에 있는 상업지구입니다.,제주시 한림읍에 있는 상업지구입니다.,BASE,설명 기본 문구; 세부설명 없음 → 한 줄 소개로 대체; 사진 없음,https://map.kakao.com/?q=귤한가
362,신천목,,EAST,NATURE,자연관광지,,서귀포시 성산읍,33.3560159,126.8637294,제주특별자치도 서귀포시 성산읍 일주동로 5417,,서귀포시 성산읍에 있는 자연관광지입니다.,서귀포시 성산읍에 있는 자연관광지입니다.,BASE,설명 기본 문구; 세부설명 없음 → 한 줄 소개로 대체; 사진 없음,https://map.kakao.com/?q=신천목
363,제주시산림조합가든센터,,NORTH,THEME,테마시설,COMMERCIAL→THEME,제주시 오라동,33.4702909,126.5134041,제주특별자치도 제주시 오남로 288,,제주시 오라동에 있는 테마시설입니다.,제주시 오라동에 있는 테마시설입니다.,BASE,설명 기본 문구; 세부설명 없음 → 한 줄 소개로 대체; 사진 없음; 관광지인지 확인(도서관·교회·골프 등),https://map.kakao.com/?q=제주시산림조합가든센터
366,산방산,산방산,WEST,NATURE,자연관광지,,서귀포시 안덕면,33.2415639,126.3133694,제주특별자치도 서귀포시 안덕면 사계리 산 16임,https://api.cdn.visitjeju.net/photomng/imgpath/202410/16/c2172c06-dda2-4f16-ae3f-a2314b6f9f05.webp,설문대할망이 한라산 꼭대기를 뽑아 던졌다는 전설이 전해지는 산방산 · 명승 제77호 · 산방산 암벽식물지대 천연기념물 제376호 · 제주올레…,설문대할망이 한라산 꼭대기를 뽑아 던졌다는 전설이 전해지는 산방산 · 명승 제77호 · 산방산 암벽식물지대 천연기념물 제376호 · 제주올레 10코스,AI+BASE+VJ+TOUR,,https://map.kakao.com/?q=산방산
367,최남단체험감귤농장,,SOUTH,EXPERIENCE,체험 활동 관광지,,서귀포시 남원읍,33.2910653,126.6938838,제주특별자치도 서귀포시 남원읍 남위남성로 164,https://api.cdn.visitjeju.net/photomng/imgpath/202401/17/613b487d-bb3a-4301-946e-08ae226b7790.webp,살아있는 제주농촌을 체험할 수 있는 농장,살아있는 제주농촌을 체험할 수 있는 농장,BASE+VJ+TOUR,,https://map.kakao.com/?q=최남단체험감귤농장
370,함덕해수욕장,함덕해수욕장,EAST,NATURE,자연관광지,,제주시 조천읍,33.5430616,126.6692389,제주특별자치도 제주시 조천읍 조함해안로 525,https://api.cdn.visitjeju.net/photomng/imgpath/202408/20/513120bd-dc32-4f3a-9cf1-64d7561990c3.webp,에메랄드빛 바다로 ‘한국의 몰디브’라 불리는 제주 동부의 대표 해수욕장,"제주올레 19코스를 걷다 보면 에메랄드빛 보석을 품고 있는 함덕해수욕장을 만날 수 있다. 제주시 조천읍 함덕리에 자리한 함덕해수욕장은 해수욕장 바로 옆에 우뚝 선 오름(서우봉) 덕분에 ‘함덕서 우봉해변’이라고도 불린다. 제주공항에서 불과 20㎞ 떨어졌지만, 이곳에 도착하는 순간 다른 나라에 온 것 같은 기분이 든다. 입구부터 환영해 주는 키 큰 야자수들, 하얀 모래와 대조를 이루는 에메랄드빛 바다, 모래와 미역마저 투명하게 비춰주는 맑은 물과 하얀 파도가 그러하다. 제주도 수많은 해수욕장 중에서도, 바다색이 가장 예쁜 3곳을 꼽는다면 단연 협재, 김녕, 그리고 함덕해수욕장이다. 물이 맑고 수심이 얕아서 가족단위 피서지로도 좋다. 해수욕장 서쪽은 구름다리로 연결되어 있어 바다 위를 걷는 듯한 경험을 할 수 있다. 피크닉 하기 좋은 잔디밭, 밤에도 안심하고 바다를 즐길 수 있는 산책로가 매력이어서 사계절 찾는 이들의 발길이 끊이지 않는다. 특히 여름에는 야간개장도 하고 있어 제주의 푸른 밤을 바다에서 즐길 수 있다. 바로 옆에 자리한 서우봉은 봄이 되면 노란 유채꽃으로 여름엔 초록빛으로 계절마다 그림 같은 풍경을 선사한다. 서우봉에 오르면 함덕해수욕장을 한눈에 담을 수 있는 호사를 누릴 수 있다. 날씨가 좋으면 한라산과 동쪽 오름들도 내려다볼 수 있는 최고의 전망 포인트이다.",AI+BASE+VJ+TOUR,,https://map.kakao.com/?q=함덕해수욕장
371,제주목관아관덕정,제주목 관아,NORTH,HISTORY,역사·유적·종교 시설,,제주시 삼도2동,33.5133517,126.5214691,제주특별자치도 제주시 관덕로 19,https://api.cdn.visitjeju.net/photomng/imgpath/201908/16/3752d151-dad4-4199-8227-0e5d96e56d8e.webp,국가지정 보물 제 322호로 제주에 현존하는 건물 중 가장 오래된 건물 · 제주시 삼도2동 · 보물 제322호 · 올레17코스 · 4·3 유적지,"국가지정 보물 제 322호로 제주에 현존하는 건물 중 가장 오래된 건물
· 제주시 삼도2동
· 보물 제322호
· 올레17코스
· 4·3 유적지",AI+BASE+VJ+TOUR,AI 후보 '제주목 관아'와 연결(이름 다름) → 확인,https://map.kakao.com/?q=제주목관아관덕정
372,탐라승마장,,EAST,EXPERIENCE,체험 활동 관광지,,제주시 조천읍,33.4334168,126.7184275,제주특별자치도 제주시 조천읍 교래리 산 10-8목,https://api.cdn.visitjeju.net/photomng/imgpath/202306/20/89bcbb87-2b33-470b-a4e9-704b97412889.webp,온 가족이 함께 즐기는 승마체험,"1983년에 오픈한 ‘탐라승마장’은 31년 전통을 지닌 승마장이다. 80여두의 잘 훈련된 한라마와 조랑말을 보유하고 있으며, 처음 타는 초보자도 쉽게 승마할 수 있다. 말 탑승 전 승마 모자를 착용 후 승마탑승을 시작한다. 주의사항으로는 승마체험자, 대기자, 일행은 체험이 끝날 때까지 교관의 통제에 반드시 따라야 하며 승마장 말들은 익숙하지 않은 사람이나 사물에 의해 놀랄 경우가 있어 안전을 위해 대기실에서 촬영을 해야 한다.",BASE+VJ+TOUR,,https://map.kakao.com/?q=탐라승마장
373,고호의정원,,EAST,THEME,테마시설,,서귀포시 성산읍,33.3733672,126.8437045,제주특별자치도 서귀포시 성산읍 삼달신풍로 132,https://api.cdn.visitjeju.net/photomng/imgpath/201911/19/f437e678-82e3-444c-a13d-70dfc85e63b3.webp,위대한 작가 반고흐의 지난 삶을 보고 듣고 만질 수 있는 '고흐의 정원',위대한 작가 반고흐의 지난 삶을 보고 듣고 만질 수 있는 '고흐의 정원',BASE+VJ+TOUR,,https://map.kakao.com/?q=고호의정원
374,삼무공원,삼무공원,NORTH,NATURE,자연관광지,,제주시 연동,33.4917804,126.4919526,제주특별자치도 제주시 신대로10길 48-9,https://tong.visitkorea.or.kr/cms/resource/39/4067839_image2_1.jpg,삼무공원은 제주 시내 연동에 있다.,"삼무공원은 제주 시내 연동에 있다. 1978년 도시 근린공원으로 조성하였으며 삼무의 의미는 제주에 도둑, 대문, 거지가 없다는 삼무에서 따 온 이름이다. 삼무공원은 베두리오름에 조성된 공원으로, 베두리오름은 작은 언덕으로 삼무공원이 곧 베두리오름이다. 공원에는 증기기관차가 있는데, 1978년 박정희 대통령이 섬에 사는 아이들에게 기차를 보여주려고 사용이 중단된 기차를 흑산도와 제주도에 보낸 것이다. 현재는 제주도에만 미카형 증기기관차가 남아있다. 연동 주민들이 산책과 운동을 즐기는 공원으로 봄에는 능수 벚꽃이 아름다워 여행자들이 찾아온다.",AI+BASE+TOUR,,https://map.kakao.com/?q=삼무공원
375,생각하는정원,,WEST,THEME,테마시설,NATURE→THEME,제주시 한경면,33.325273,126.25482,제주특별자치도 제주시 한경면 녹차분재로 675,https://api.cdn.visitjeju.net/photomng/imgpath/202607/20/375e061d-2c5c-4dff-9b2d-02765077f4a0.jpg,국가지정 민간정원으로 대한민국 대표정원,국가지정 민간정원으로 대한민국 대표정원,BASE+VJ+TOUR,,https://map.kakao.com/?q=생각하는정원
376,카페글래콘,,EAST,EXPERIENCE,체험 활동 관광지,,제주시 구좌읍,33.4334959,126.7334058,제주특별자치도 제주시 구좌읍 비자림로 1202,,제주시 구좌읍에 있는 체험 활동 관광지입니다.,제주시 구좌읍에 있는 체험 활동 관광지입니다.,BASE,설명 기본 문구; 세부설명 없음 → 한 줄 소개로 대체; 사진 없음,https://map.kakao.com/?q=카페글래콘
378,방귤당,,SOUTH,EXPERIENCE,체험 활동 관광지,,서귀포시 효돈동,33.2565184,126.6217423,제주특별자치도 서귀포시 효돈순환로 217-8,,서귀포시 효돈동에 있는 체험 활동 관광지입니다.,서귀포시 효돈동에 있는 체험 활동 관광지입니다.,BASE,설명 기본 문구; 세부설명 없음 → 한 줄 소개로 대체; 사진 없음,https://map.kakao.com/?q=방귤당
380,성읍녹차마을 영농조합법인,,EAST,NATURE,자연관광지,,서귀포시 표선면,33.3810863,126.7899569,제주특별자치도 서귀포시 표선면 중산간동로 4778,https://api.cdn.visitjeju.net/photomng/imgpath/202112/02/c5d8b2e6-1417-4dbf-8f8e-e8863c6d7973.webp,녹차재배의 최적지 청정제주에서 만나는 녹차다원,녹차재배의 최적지 청정제주에서 만나는 녹차다원,BASE+VJ+TOUR,,https://map.kakao.com/?q=성읍녹차마을 영농조합법인
381,김녕해수욕장,김녕해수욕장,EAST,NATURE,자연관광지,,제주시 구좌읍,33.5579065,126.7596007,제주특별자치도 제주시 구좌읍,https://api.cdn.visitjeju.net/photomng/imgpath/202407/15/92793810-56d3-493c-8566-55c63922229f.webp,하얀 모래와 부서지는 파도가 아름다운 해수욕장,하얀 모래와 부서지는 파도가 아름다운 해수욕장,AI+BASE+VJ+TOUR,,https://map.kakao.com/?q=김녕해수욕장
382,노형수퍼마켙,노형수퍼마켙,NORTH,CULTURE,문화시설,,제주시 해안동,33.4648249,126.4553556,제주특별자치도 제주시 노형로 89,https://api.cdn.visitjeju.net/photomng/imgpath/202410/10/04e34d17-5929-48b7-b3e7-351ecbec40ae.webp,"리가 사는 세상과 또 다른 세상을 연결 시켜주는 잃어버린 문, 1981년 어느날 노형수퍼마켙에 이 불안정한 문이 열려 제주의 색을 모두 빨아들…","노형수퍼마켙은 약 4000㎡(1200여 평)의 면적과 최대 높이 20m(6층 건물 높이)의 웅장하고 압도적인 규모의 미디어아트 테마파크이다.
‘일상과 비일상이 공존하는 공간 속에서 자신만의 아이덴티티를 발견하는 여정’이라는 스토리라인으로, 내부는 ‘노형수퍼마켙 프리쇼’, ‘베롱베롱’, ‘뭉테구름’, ‘와랑와랑’, ‘곱을락’ 등 미디어아트 영상 공간을 중심으로 한 총 5개의 전시 공간으로 구성되어 있다. 내부 카페인 ‘노형다방’에서는 흑백 콘셉트의 다양한 음료 및 디저트를 즐길 수 있으며, 기념품 샵인 ‘노형잡화점’에서는 노형수퍼마켙 고유의 패턴이 들어간 특별한 기념품들을 만나볼 수 있다.",AI+BASE+VJ+TOUR,,https://map.kakao.com/?q=노형수퍼마켙
385,제주스카이관광랜드(주)폴리파크,,WEST,THEME,테마시설,EXPERIENCE→THEME,제주시 애월읍,33.3877229,126.3748101,제주특별자치도 제주시 애월읍 산록서로 18,,제주시 애월읍에 있는 테마시설입니다.,제주시 애월읍에 있는 테마시설입니다.,BASE,설명 기본 문구; 세부설명 없음 → 한 줄 소개로 대체; 사진 없음,https://map.kakao.com/?q=제주스카이관광랜드(주)폴리파크
386,금능석물원,,WEST,EXPERIENCE,체험 활동 관광지,,제주시 한림읍,33.3856177,126.227152,제주특별자치도 제주시 한림읍 금능리 1282-10임,https://api.cdn.visitjeju.net/photomng/imgpath/202205/30/fd593a05-2426-4e3e-bd17-5760419eb329.webp,똑같이 생긴 하르방만 본 여행객들에게 제주 석물의 진수를 감상할 수 있게 하는 곳,"똑같이 생긴 하르방만 본 여행객들에게 제주 석물의 진수를 감상할 수 있게 하는 곳이 바로 금능석물원이다. 금능석물원은 40여 년을 돌하르방 제작에 힘쓴 장공익 명장이 조성한 공원이다. 돌하르방을 비롯해 해녀상, 동자상, 물허벅을 지고 아이를 돌보는 어머니상 등 제주 지역의 전설을 돌로 표현한 작품, 제주의 생활, 민속, 문화를 상징하는 조각품들이 전시되어 있다. 세계 여러 나라의 대통령과 총리, 지도자들이 제주도를 방문했을 때 선물했던 돌하르방 모형도 함께 전시해 놓았다. 금능석물원의 전체적인 분위기를 주도하는 불교적인 색채가 묻어나는 석불들도 볼 수 있다. 금릉석물원 내에는 정녀굴과 조롱굴 2개의 동굴이 있으며 굴 안에는 불공을 드릴 수 있는 암자가 있다.",BASE+VJ+TOUR,,https://map.kakao.com/?q=금능석물원
388,조안베어뮤지엄,,SOUTH,CULTURE,문화시설,,서귀포시 중문동,33.2402746,126.4341148,제주특별자치도 서귀포시 대포로 113,https://api.cdn.visitjeju.net/photomng/imgpath/201804/30/e4d86d9a-fad1-4680-999b-9ced744125b6.webp,테디베어 아티스트 조안오 디자이너가 직접 만든 테디베어를 다양한 테마로 전시,테디베어 아티스트 조안오 디자이너가 직접 만든 테디베어를 다양한 테마로 전시,BASE+VJ+TOUR,,https://map.kakao.com/?q=조안베어뮤지엄
389,헤이서귀포,,SOUTH,EXPERIENCE,체험 활동 관광지,,서귀포시 정방동,33.2461935,126.560088,제주특별자치도 서귀포시 태평로 363,https://api.cdn.visitjeju.net/photomng/imgpath/201804/30/51fa1314-f59a-4f33-916e-855f4113cf13.webp,문섬과 새끼섬을 바라보며 새연교를 따라 걷는 아름다운 산책,문섬과 새끼섬을 바라보며 새연교를 따라 걷는 아름다운 산책,BASE+VJ+TOUR,비짓제주 이름 다름(서귀포항); TourAPI 이름 다름(아이더 서귀포점),https://map.kakao.com/?q=헤이서귀포
400,한림민속5일시장,,WEST,COMMERCIAL,상업지구,,제주시 한림읍,33.4201858,126.2741627,제주특별자치도 제주시 한림읍 한수풀로4길 10,https://api.cdn.visitjeju.net/photomng/imgpath/201804/30/f5f50f9e-8b24-42d8-9845-1aa765fb2d3e.webp,여러분 곁에 가까이 있는 한림조끄뜨레시장,여러분 곁에 가까이 있는 한림조끄뜨레시장,BASE+VJ+TOUR,,https://map.kakao.com/?q=한림민속5일시장
401,제주문화원제주해변공연장,,NORTH,CULTURE,문화시설,NATURE→CULTURE,제주시 삼도2동,33.5179034,126.5241959,제주특별자치도 제주시 중앙로 2,https://api.cdn.visitjeju.net/photomng/imgpath/202112/09/07a05c85-0944-4307-9954-6c00ad5bd7b8.webp,제주시 탑동에 위치한 해변공연장,제주시 탑동에 위치한 해변공연장,BASE+VJ+TOUR,비짓제주 이름 다름(제주 탑동해변공연장),https://map.kakao.com/?q=제주문화원제주해변공연장
402,오현단,,NORTH,HISTORY,역사·유적·종교 시설,,제주시 이도1동,33.51026,126.5257285,제주특별자치도 제주시 오현길 61,https://api.cdn.visitjeju.net/photomng/imgpath/201804/30/762ce4a4-4a10-494f-868c-20f6d5b2d256.webp,"제주도 기념물 제1호, 조선시대 제주 교학 발전에 공헌한 다섯 분을 배향했던 옛 터","제주도 기념물 제1호, 조선시대 제주 교학 발전에 공헌한 다섯 분을 배향했던 옛 터",BASE+VJ+TOUR,,https://map.kakao.com/?q=오현단
403,쇠소깍농수산물직판장,쇠소깍,SOUTH,HISTORY,역사·유적·종교 시설,,서귀포시 하효동,33.2520909,126.6229523,제주특별자치도 서귀포시 쇠소깍로 128,https://api.cdn.visitjeju.net/photomng/imgpath/202410/16/a8784094-08b6-4e9e-acf2-d86ab445dda5.webp,"제주올레 5코스의 끝이자 6코스의 시작으로, 바닷물과 민물이 만나는 비밀스러운 계곡","제주올레 5코스의 끝이자 6코스의 시작으로, 바닷물과 민물이 만나는 비밀스러운 계곡",AI+BASE+VJ+TOUR,AI 후보 '쇠소깍'와 연결(이름 다름) → 확인; 관광지인지 확인(도서관·교회·골프 등),https://map.kakao.com/?q=쇠소깍농수산물직판장
404,존자암,,SOUTH,HISTORY,역사·유적·종교 시설,,서귀포시 중문동,33.3477308,126.4818133,제주특별자치도 서귀포시 영실로 243,https://api.cdn.visitjeju.net/photomng/imgpath/201804/30/524dd81e-1b29-4bb3-8947-5dd421c51d44.webp,제주도 서귀포시 하원동 볼래오름 기슭에 있는 옛 사찰 존자암의 자리,제주도 서귀포시 하원동 볼래오름 기슭에 있는 옛 사찰 존자암의 자리,BASE+VJ,,https://map.kakao.com/?q=존자암
405,J1카트클럽,,NORTH,LEISURE,레저·스포츠 관련 시설,,제주시 이도2동,33.4797943,126.526551,제주특별자치도 제주시 연북로 424,,제주시 이도2동에 있는 레저·스포츠 관련 시설입니다.,제주시 이도2동에 있는 레저·스포츠 관련 시설입니다.,BASE,설명 기본 문구; 세부설명 없음 → 한 줄 소개로 대체; 사진 없음,https://map.kakao.com/?q=J1카트클럽
411,서귀포시국민체육센터서부도서관,,SOUTH,CULTURE,문화시설,LEISURE→CULTURE,서귀포시 중문동,33.2507928,126.432026,제주특별자치도 서귀포시 중문관광로 346,,서귀포시 중문동에 있는 문화시설입니다.,서귀포시 중문동에 있는 문화시설입니다.,BASE,설명 기본 문구; 세부설명 없음 → 한 줄 소개로 대체; 사진 없음; 관광지인지 확인(도서관·교회·골프 등),https://map.kakao.com/?q=서귀포시국민체육센터서부도서관
412,보성시장,,NORTH,COMMERCIAL,상업지구,,제주시 이도1동,33.5033085,126.5277713,제주특별자치도 제주시 동광로1길 32,https://api.cdn.visitjeju.net/photomng/imgpath/201804/30/00123e18-ec0b-4f2e-908c-474e7c9523b1.webp,제주 원도심 속 전통 순대로 유명한 상설시장,"제주 원도심 속에 있는 보성시장은 1972년에 개설되어, 50여 년 동안 자리를 지켜온 전통시장이다. 특유의 정감 가는 분위기로 제주시 상인들의 삶을 엿볼 수 있는 곳이다. 보성시장은 식당가와 정육, 수산물, 건어물, 빵집, 떡집, 수선집 등 다양한 종류의 점포가 들어서 있다. 장터에서 빠질 수 없는 먹거리도 풍성하다. 보성시장 최고의 먹거리는 제주식 전통 순대이다. 식당이 밀집해 있는 상가 내에는 대부분 순대를 전문으로 하는 식당이 주를 이루어 자연스레 순대 골목이 형성되었다. 제주식 전통 순대로, 식당 모두 각자 다른 특색을 보유하였으며 순대국밥, 모둠 순대, 순대 국수 등 다양한 순대 요리를 맛볼 수 있다.",BASE+VJ+TOUR,,https://map.kakao.com/?q=보성시장
420,법환항,,SOUTH,NATURE,자연관광지,,서귀포시 대륜동,33.236558,126.5162757,제주특별자치도 서귀포시 법환동 286-4 제,,서귀포시 대륜동에 있는 자연관광지입니다.,서귀포시 대륜동에 있는 자연관광지입니다.,BASE,설명 기본 문구; 세부설명 없음 → 한 줄 소개로 대체; 사진 없음,https://map.kakao.com/?q=법환항
421,애월온기,,WEST,NATURE,자연관광지,,제주시 애월읍,33.4599777,126.3112312,제주특별자치도 제주시 애월읍 애월로 11,,제주시 애월읍에 있는 자연관광지입니다.,제주시 애월읍에 있는 자연관광지입니다.,BASE,설명 기본 문구; 세부설명 없음 → 한 줄 소개로 대체; 사진 없음,https://map.kakao.com/?q=애월온기
422,맥파이브루영캠퍼니,,NORTH,EXPERIENCE,체험 활동 관광지,,제주시 봉개동,33.5031722,126.6172746,제주특별자치도 제주시 동회천1길 23,https://tong.visitkorea.or.kr/cms/resource/88/3396588_image2_1.jpg,경리단길 골목서 동네 친구 4명이 맥주를 마시다 시작하게 된 사업이 바로 맥파이 브루잉 컴퍼니이다.,"경리단길 골목서 동네 친구 4명이 맥주를 마시다 시작하게 된 사업이 바로 맥파이 브루잉 컴퍼니이다. 피맥집으로도 유명한 맥파이는 물 좋고 공기 좋은 제주도에 양조장을 두고 있다. 맥파이 제주 양조장투어는 예약 없이도 가능하나, 인원이 많다면 사전 예약을 추천한다. 예약은 이메일과 전화로 접수할 수 있다. 또한 시간대별로 총 4번 주말에만 투어가 가능하니 참고하자. 이곳에서는 맥주가 만들어지는 모든 과정을 처음부터 끝까지 직접 확인할 수 있으며, 투어를 위해 따로 마련된 전시장이 아니기 때문에 양조설비 사이를 직접 돌아보며 설명을 듣고 질문을 할 수 있다. 1인당 지급하는 참가비에는 투어를 포함해 맥주 한 잔 가격이 포함되어 있다. 현장결제만 가능하며, 만 8세 미만의 아동은 입장이 불가하다. 이밖에도 수제 맥주에 관한 다양한 교육 프로그램을 진행하고 있다. 맥주뿐만 아니라 맥주에 담긴 문화를 함께 나눌 수 있는 프로그램도 제공하고 있어 맥주를 좋아하는 사람들에게 인기 있는 양조장이다. 탑동에 맥파이 펍이 있으니 서귀포까지 가는 길이 멀다면 가까운 시내에서 간단하게 맥파이 맥주를 한 잔 즐겨보자.

(출처 :제주 문화관광 홈페이지)",BASE+TOUR,TourAPI 이름 다름(맥파이 브루어리),https://map.kakao.com/?q=맥파이브루영캠퍼니
424,대유랜드,,SOUTH,THEME,테마시설,LEISURE→THEME,서귀포시 예래동,33.2756474,126.3932686,제주특별자치도 서귀포시 상예로 381,,서귀포시 예래동에 있는 테마시설입니다.,서귀포시 예래동에 있는 테마시설입니다.,BASE,설명 기본 문구; 세부설명 없음 → 한 줄 소개로 대체; 사진 없음,https://map.kakao.com/?q=대유랜드
427,제주참솣가마,,EAST,THEME,테마시설,,서귀포시 성산읍,33.3689841,126.8633083,제주특별자치도 서귀포시 성산읍 삼달로 47,,서귀포시 성산읍에 있는 테마시설입니다.,서귀포시 성산읍에 있는 테마시설입니다.,BASE,설명 기본 문구; 세부설명 없음 → 한 줄 소개로 대체; 사진 없음,https://map.kakao.com/?q=제주참솣가마
429,보림사,,NORTH,HISTORY,역사·유적·종교 시설,,제주시 건입동,33.5175121,126.5464874,제주특별자치도 제주시 사라봉동길 61,https://tong.visitkorea.or.kr/cms/resource/12/3477912_image2_1.jpg,보림사는 1957년에 창건되었으며 제주 사라봉 입구에 자리 잡고 있다.,"보림사는 1957년에 창건되었으며 제주 사라봉 입구에 자리 잡고 있다. 절에는 대웅전, 법당, 천왕문, 보림사 부도, 보림사 탑 등이 있다. 특히 2002년 5월 15일 제주도 유형문화유산으로 지정된 목조관음보살좌상이 보림사 본존불로 봉안되어 있는데, 전라남도 순천 선암사에서 조선 후기에 제작된 불상으로 보림사 창건 당시 제주로 옮겨 온 것이다. 보림사는 제주 오름인 사라봉 초입에 있어서 불교 신자뿐만 아니라 제주도민과 관광객이 자주 찾는 곳이다. 보림사 사찰 주변에는 칠머리당영등굿 전수관, 모충사, 우당도서관, 국립제주박물관 등이 있어 제주도 여행길에 함께 둘러보는 것도 좋다.",BASE+TOUR,,https://map.kakao.com/?q=보림사
431,제주승마공원,,WEST,EXPERIENCE,체험 활동 관광지,NATURE→EXPERIENCE,제주시 애월읍,33.4047855,126.4060719,제주특별자치도 제주시 애월읍 녹고메길 152-1,https://api.cdn.visitjeju.net/photomng/imgpath/202307/26/202bf177-0edd-4e66-9e43-d1d90e873149.webp,"국내 최대 외승,트래킹/ 국내 최초 야외 야간 승마 및 전문 승마체험 및 회원제 승마장","국내 최대 외승,트래킹/ 국내 최초 야외 야간 승마 및 전문 승마체험 및 회원제 승마장",BASE+VJ+TOUR,,https://map.kakao.com/?q=제주승마공원
433,김창열미술관,제주도립김창열미술관,WEST,CULTURE,문화시설,,제주시 한림읍,33.3390713,126.2686718,제주특별자치도 제주시 한림읍 용금로 883-5,https://api.cdn.visitjeju.net/photomng/imgpath/202508/14/4617b75d-2499-4829-9c7e-509e140ef2a4.webp,물방울 화가로 불리는 김창열화백의 업적과 정신을 기리기 위해 설립한 제주도립 미술관,물방울 화가로 불리는 김창열화백의 업적과 정신을 기리기 위해 설립한 제주도립 미술관,AI+BASE+VJ+TOUR,AI 후보 '제주도립김창열미술관'와 연결(이름 다름) → 확인,https://map.kakao.com/?q=김창열미술관
438,북촌돌하르방공원,,EAST,HISTORY,역사·유적·종교 시설,CULTURE→HISTORY,제주시 조천읍,33.5390196,126.6891716,제주특별자치도 제주시 조천읍 북촌서1길 78,https://api.cdn.visitjeju.net/photomng/imgpath/202111/17/29194b1f-3fa2-4714-88d0-2c6711970a81.webp,"숲, 만남, 그리고 평화.","숲, 만남, 그리고 평화. 제주의 자연과 문화 그리고 예술이 함께 어우러진 감성공간.",BASE+VJ,,https://map.kakao.com/?q=북촌돌하르방공원
441,추자도등대,,NORTH,NATURE,자연관광지,TRAIL→NATURE,제주시 추자면,33.9552624,126.2966728,제주특별자치도 제주시 추자면 영흥리 77-3 잡,https://api.cdn.visitjeju.net/photomng/imgpath/201804/30/d46383be-0c6f-4d4c-b13f-2842c2fde69d.webp,추자 10경의 하나로 상추자도 전경이 조망되는 곳,추자 10경의 하나로 상추자도 전경이 조망되는 곳,BASE+VJ+TOUR,,https://map.kakao.com/?q=추자도등대
444,동암사,,EAST,HISTORY,역사·유적·종교 시설,,서귀포시 성산읍,33.4617167,126.9359293,제주특별자치도 서귀포시 성산읍 일출로 284-10,,서귀포시 성산읍에 있는 역사·유적·종교 시설입니다.,서귀포시 성산읍에 있는 역사·유적·종교 시설입니다.,BASE,설명 기본 문구; 세부설명 없음 → 한 줄 소개로 대체; 사진 없음,https://map.kakao.com/?q=동암사
445,동홍교회,,SOUTH,HISTORY,역사·유적·종교 시설,,서귀포시 동홍동,33.2595945,126.5640992,제주특별자치도 서귀포시 동홍로109번길 48,,서귀포시 동홍동에 있는 역사·유적·종교 시설입니다.,서귀포시 동홍동에 있는 역사·유적·종교 시설입니다.,BASE,설명 기본 문구; 세부설명 없음 → 한 줄 소개로 대체; 사진 없음; 관광지인지 확인(도서관·교회·골프 등),https://map.kakao.com/?q=동홍교회
446,다이나믹메이즈,,EAST,THEME,테마시설,,서귀포시 표선면,33.3991343,126.7852649,제주특별자치도 서귀포시 표선면 성읍리 2381 대,https://api.cdn.visitjeju.net/photomng/imgpath/202410/17/aafd977f-9e35-4dec-8de6-83b23a34e3ef.webp,다이나믹메이즈는 날씨에 구애받지 않고 즐기는 실내 액티비티다.,"다이나믹메이즈는 날씨에 구애받지 않고 즐기는 실내 액티비티다. 요즘 인기인 ‘방탈출’과 비슷한 콘셉트로 미로를 빠져나오기 위해 여러 가지 미션을 수행해야 한다. 가족이나 친구, 연인과 한 팀이 되어 서로 머리를 맞대 문제를 풀고 장애물을 뛰어넘으며 탈출구를 향해 달리는 색다른 재미를 느낄 수 있다.",BASE+VJ,,https://map.kakao.com/?q=다이나믹메이즈
447,탐라신화공원,,EAST,NATURE,자연관광지,,제주시 조천읍,33.4637422,126.709486,제주특별자치도 제주시 조천읍 선흘리 1818-7 잡,,제주시 조천읍에 있는 자연관광지입니다.,제주시 조천읍에 있는 자연관광지입니다.,BASE,설명 기본 문구; 세부설명 없음 → 한 줄 소개로 대체; 사진 없음,https://map.kakao.com/?q=탐라신화공원
448,대비공원,,EAST,NATURE,자연관광지,,제주시 구좌읍,33.4319298,126.7481621,제주특별자치도 제주시 구좌읍 송당리 산 274임,,제주시 구좌읍에 있는 자연관광지입니다.,제주시 구좌읍에 있는 자연관광지입니다.,BASE,설명 기본 문구; 세부설명 없음 → 한 줄 소개로 대체; 사진 없음,https://map.kakao.com/?q=대비공원
450,신사수포구,,NORTH,NATURE,자연관광지,,제주시 도두동,33.5097929,126.4789798,제주특별자치도 제주시 도두이동 836-7잡,,제주시 도두동에 있는 자연관광지입니다.,제주시 도두동에 있는 자연관광지입니다.,BASE,설명 기본 문구; 세부설명 없음 → 한 줄 소개로 대체; 사진 없음,https://map.kakao.com/?q=신사수포구
451,부림온천,,NORTH,THEME,테마시설,,제주시 연동,33.4758622,126.4911235,제주특별자치도 제주시 과원로 70,,제주시 연동에 있는 테마시설입니다.,제주시 연동에 있는 테마시설입니다.,BASE,설명 기본 문구; 세부설명 없음 → 한 줄 소개로 대체; 사진 없음,https://map.kakao.com/?q=부림온천
452,제주맥주,,WEST,EXPERIENCE,체험 활동 관광지,,제주시 한림읍,33.3584744,126.2412156,제주특별자치도 제주시 한림읍 금능농공길 62-11,,제주맥주는 30년 양조 노하우를 보유한 뉴욕 No.1 크래프트 맥주사 브루클린 브루어리와 15년 이상 경력의 세계 반열 브루어가 참여하여 탄생…,"제주맥주는 30년 양조 노하우를 보유한 뉴욕 No.1 크래프트 맥주사 브루클린 브루어리와 15년 이상 경력의 세계 반열 브루어가 참여하여 탄생한 양조장이다. 좋은 맥주로 맥주 미식 문화를 창조하는 것을 목표로 하고 있다. 국내 최고 양조 시설을 갖추고 있으며, 도슨트의 안내에 따라 체험 및 내부 시설 관람을 할 수 있는 투어 프로그램을 운영하고 있다.",BASE+TOUR,사진 없음,https://map.kakao.com/?q=제주맥주
454,한림바다체험마을,,WEST,EXPERIENCE,체험 활동 관광지,,제주시 한림읍,33.4197436,126.2627828,제주특별자치도 제주시 한림읍 한림해안로 200,https://api.cdn.visitjeju.net/photomng/imgpath/201808/20/23b8b3bd-b129-49a9-915a-25c04bc3cc31.webp,대나무 낚시를 이용한 제주 전통 테우낚시체험과 조간대체험을 할 수 있는 아이들을 위한 최적의 바다체험 교육.,대나무 낚시를 이용한 제주 전통 테우낚시체험과 조간대체험을 할 수 있는 아이들을 위한 최적의 바다체험 교육.,BASE+VJ+TOUR,TourAPI 이름 다름(올레바당체험마을),https://map.kakao.com/?q=한림바다체험마을
457,천백고지휴게소,,SOUTH,THEME,테마시설,,서귀포시 예래동,33.3577838,126.4624306,제주특별자치도 서귀포시 1100로 1555,,서귀포시 예래동에 있는 테마시설입니다.,서귀포시 예래동에 있는 테마시설입니다.,BASE,설명 기본 문구; 세부설명 없음 → 한 줄 소개로 대체; 사진 없음; 관광지인지 확인(도서관·교회·골프 등),https://map.kakao.com/?q=천백고지휴게소
458,기후변화홍보관,,WEST,NATURE,자연관광지,,서귀포시 안덕면,33.2333299,126.3130961,제주특별자치도 서귀포시 안덕면 사계남로216번길 24-34,,서귀포시 안덕면에 있는 자연관광지입니다.,서귀포시 안덕면에 있는 자연관광지입니다.,BASE,설명 기본 문구; 세부설명 없음 → 한 줄 소개로 대체; 사진 없음,https://map.kakao.com/?q=기후변화홍보관
459,무병장수테마파크제주힐링명상센터,,WEST,THEME,테마시설,,제주시 애월읍,33.3955055,126.36124,제주특별자치도 제주시 애월읍 어음13길 196,,제주시 애월읍에 있는 테마시설입니다.,제주시 애월읍에 있는 테마시설입니다.,BASE,설명 기본 문구; 세부설명 없음 → 한 줄 소개로 대체; 사진 없음; 관광지인지 확인(도서관·교회·골프 등),https://map.kakao.com/?q=무병장수테마파크제주힐링명상센터
460,메리아일랜드,,WEST,THEME,테마시설,COMMERCIAL→THEME,제주시 한림읍,33.3888545,126.2314909,제주특별자치도 제주시 한림읍 금능길 80,https://api.cdn.visitjeju.net/photomng/imgpath/202306/13/06a98384-4e3f-40b6-870c-96879340958b.webp,제주향기를 머금은 아담한 소품 가게,제주향기를 머금은 아담한 소품 가게,BASE+VJ,,https://map.kakao.com/?q=메리아일랜드
462,대정향교,,WEST,HISTORY,역사·유적·종교 시설,,서귀포시 안덕면,33.2394202,126.2884768,제주특별자치도 서귀포시 안덕면 향교로 165-17,https://api.cdn.visitjeju.net/photomng/imgpath/202112/20/255bbc57-b713-4b54-9143-4ed92e9d7961.webp,서귀포시 안덕면 사계리에 있는 조선시대의 향교,서귀포시 안덕면 사계리에 있는 조선시대의 향교,BASE+VJ+TOUR,,https://map.kakao.com/?q=대정향교
463,수산봉,수산봉,WEST,NATURE,자연관광지,,제주시 애월읍,33.4730139,126.3845556,제주특별자치도 제주시 애월읍 수산리 산 1-1임,https://tong.visitkorea.or.kr/cms/resource/26/3527226_image2_1.jpg,애월읍 수산리에 있는 수산봉은 소화산체이다.,애월읍 수산리에 있는 수산봉은 소화산체이다. 동그란 형태의 분화구를 지니고 정상에 물이 고인 작은 연못이 있어 물메오름 혹은 정상에 봉수가 있어 수산봉이라고 불린다. 제주 올레 16코스에 포함되어 올레길을 따라가다 보면 수산봉 근처에 있는 수산저수지와 곰솔을 지나 수산봉 정상에 오르게 된다. 수산봉은 계단과 길이 잘 다듬어져 있어 어린 자녀와 함께 오르는 가족단위 여행객도 많다. 수산봉의 산행시간은 약 20분 정도 소요되며 주변을 둘러보며 올라갈 계획이라면 40분 정도 계획을 하고 가면 된다.,AI+BASE+TOUR,,https://map.kakao.com/?q=수산봉
465,동광해바른작은도서관,,WEST,CULTURE,문화시설,,서귀포시 안덕면,33.3049839,126.3382545,제주특별자치도 서귀포시 안덕면 동광리 1590잡,,서귀포시 안덕면에 있는 문화시설입니다.,서귀포시 안덕면에 있는 문화시설입니다.,BASE,설명 기본 문구; 세부설명 없음 → 한 줄 소개로 대체; 사진 없음; 관광지인지 확인(도서관·교회·골프 등),https://map.kakao.com/?q=동광해바른작은도서관
469,조은승마장,,WEST,EXPERIENCE,체험 활동 관광지,,서귀포시 안덕면,33.3182965,126.345127,제주특별자치도 서귀포시 안덕면 동광로 265-14,https://api.cdn.visitjeju.net/photomng/imgpath/201804/30/960ce628-6127-4983-aa84-bac4d97fbd89.webp,전통이 깊은 승마장,전통이 깊은 승마장,BASE+VJ,비짓제주 이름 다름(한라승마장),https://map.kakao.com/?q=조은승마장
470,팜스테이낙천의자공원,,WEST,NATURE,자연관광지,,제주시 한경면,33.3280221,126.2268878,제주특별자치도 제주시 한경면 낙수로 97,https://api.cdn.visitjeju.net/photomng/imgpath/202110/19/8ee50143-f00c-4991-bfee-0c10a0d0f37e.webp,천 개의 의자가 있는 낙천아홉굿 의자공원은 올레 13코스를 지나는 곳에 위치하고있어 사람들의 발길이 머무는 곳이다.,천 개의 의자가 있는 낙천아홉굿 의자공원은 올레 13코스를 지나는 곳에 위치하고있어 사람들의 발길이 머무는 곳이다. 엘리베이터가 있는 전망대까지 오픈을 하여 시원한 풍경을 감상할 수 있게 되었다. 9개의 샘이 있어 아홉굿마을이라 불리는 낙천리의 의자공원을 소개한다.,BASE+VJ,,https://map.kakao.com/?q=팜스테이낙천의자공원
475,연동리슈빌디에스,,NORTH,LEISURE,레저·스포츠 관련 시설,,제주시 연동,33.4862375,126.4914878,제주특별자치도 제주시 노연로 103,,제주시 연동에 있는 레저·스포츠 관련 시설입니다.,제주시 연동에 있는 레저·스포츠 관련 시설입니다.,BASE,설명 기본 문구; 세부설명 없음 → 한 줄 소개로 대체; 사진 없음,https://map.kakao.com/?q=연동리슈빌디에스
476,어영소공원,어영공원,NORTH,NATURE,자연관광지,,제주시 용담삼동,33.5182975,126.4874973,제주특별자치도 제주시 서해안로 451,https://api.cdn.visitjeju.net/photomng/imgpath/201812/19/9dc37ee4-cfd0-4f06-b344-664d79670147.webp,용담이호해안도로에 조성된 공원이자 쉼터,용담이호해안도로에 조성된 공원이자 쉼터,AI+BASE+VJ+TOUR,AI 후보 '어영공원'와 연결(이름 다름) → 확인,https://map.kakao.com/?q=어영소공원
477,제주불빛정원,제주불빛정원,WEST,THEME,테마시설,,제주시 애월읍,33.4219248,126.4096169,제주특별자치도 제주시 애월읍 평화로 2346,https://api.cdn.visitjeju.net/photomng/imgpath/202002/24/6eea78e0-ce91-410b-8bda-1945e5254fe4.webp,"아름다운 불빛 조형물과 따뜻한 모닥불, 자연과 휴식이 있는 매력적인 야경의 별이 빛나는 밤 아름다운 추억 테마파크",제주불빛정원은 2017년 개장한 이래 제주관광공사에서 선정한 제주야간관광 10선에 선정되는 등 아름다운 제주도의 밤을 가족과 친구들과 보낼 수 있는 야간 축제 관광지로써 발전해 왔다. LED조명과 아름다운 조형물을 기획하고 설치하는 기술을 토대로 아름다운 추억과 감성을 느낄 수 있도록 끊임없이 연구하고 있다. 제주도의 야간관광을 활성화하여 제주도를 방문하는 관광객들에게 더욱 알찬 관광의 기회를 제공하고 지역사회에 기여하고 있다.,AI+BASE+VJ+TOUR,,https://map.kakao.com/?q=제주불빛정원
478,서귀포치유의숲,서귀포치유의숲,SOUTH,NATURE,자연관광지,,서귀포시 호근동,33.2919394,126.5279042,제주특별자치도 서귀포시 산록남로 2271,https://api.cdn.visitjeju.net/photomng/imgpath/202508/20/d6c59631-c71a-4a66-8394-dea0147ea7b2.webp,편백나무와 삼나무숲길을 걸으며 치유의 순간을 만나다.,"편백나무와 삼나무숲길을 걸으며 치유의 순간을 만나다. 
2019, 2020 정부 문화체육관광부가 지정한 '열린관광지'에도 지정되어 있다!",AI+BASE+VJ+TOUR,,https://map.kakao.com/?q=서귀포치유의숲
482,에코힐글램핑장,,WEST,NATURE,자연관광지,,제주시 애월읍,33.4496707,126.4408316,제주특별자치도 제주시 애월읍 광령평화8길 22,https://tong.visitkorea.or.kr/cms/resource/66/4095966_image2_1.jpg,"에코힐글램핑은 제주특별자치도 제주시 애월읍에 위치한 글램핑장으로, 한라산과 제주시 전경을 바라보며 자연 속에서 여유로운 휴식을 즐길 수 있는…","에코힐글램핑은 제주특별자치도 제주시 애월읍에 위치한 글램핑장으로, 한라산과 제주시 전경을 바라보며 자연 속에서 여유로운 휴식을 즐길 수 있는 곳이다. 도심과 가까우면서도 한적한 분위기를 갖추고 있어 가족, 연인, 친구와 함께 머물기 좋다. 글램핑장은 쾌적한 시설과 넓은 주차장을 갖추고 있어 편리하게 이용할 수 있으며, 계절에 따라 다양한 즐길 거리도 마련되어 있다. 오월부터 구월까지는 수영장을 운영해 시원한 물놀이를 즐길 수 있으며, 저녁에는 캠프파이어를 통해 제주 자연 속에서 낭만적인 시간을 보낼 수 있다. 한라산과 주변 풍경이 어우러진 자연 속에서 편안한 휴식을 즐길 수 있는 곳으로, 제주 여행의 특별한 추억을 만들기에 좋은 글램핑장이다.",BASE+TOUR,,https://map.kakao.com/?q=에코힐글램핑장
483,제주컨트리클럽,,NORTH,LEISURE,레저·스포츠 관련 시설,,제주시 아라동,33.4275854,126.576201,제주특별자치도 제주시 영평동 2258-29 체,,제주시 아라동에 있는 레저·스포츠 관련 시설입니다.,제주시 아라동에 있는 레저·스포츠 관련 시설입니다.,BASE,설명 기본 문구; 세부설명 없음 → 한 줄 소개로 대체; 사진 없음,https://map.kakao.com/?q=제주컨트리클럽
485,한라산 성판악탐방안내소,,EAST,NATURE,자연관광지,,제주시 조천읍,33.3849696,126.6191542,제주특별자치도 제주시 조천읍 516로 1865,https://tong.visitkorea.or.kr/cms/resource/04/3077604_image2_1.jpg,성판악은 한라산 국립공원의 성판악 등산로 주변에 위치하는 오름으로 한라산 동쪽 산록에서 가장 규모가 큰 단성화산이다.,"성판악은 한라산 국립공원의 성판악 등산로 주변에 위치하는 오름으로 한라산 동쪽 산록에서 가장 규모가 큰 단성화산이다. 단성화산은 일회의 분화 활동을 통해 형성되는 소형 화산체로서 제주에서는 오름으로 불린다. 성판악이라는 명칭은 산 중턱에 암벽이 널 모양으로 둘려 있는 것이 성벽처럼 보여 성널오름 또는 한자어로 성판악이라고 하게 됐다. 성판악은 전체가 삼림으로 덮여있으며 주변으로 성널계곡 등 크고 깊은 계곡이 발달해 있다. 제주시와 서귀포시를 잇는 5·16 도로의 중간 지점 가장 높은 곳에 성판악 휴게소가 있는데, 이곳은 한라산으로 오르는 등산로 중이 하나로 성판악이 시작되는 곳이다. 한라산 동쪽 코스인 성판악탐방로는 관음사탐방로와 더불어 한라산 정상인 백록담을 오를 수 있는 탐방로이며 한라산탐방로 중 가장 긴 코스이다. 정상까지 대체로 완만한 경사를 이루지만 왕복 9시간 정도 소요되기 때문에 체력 안배에 신경을 써야 한다. 성판악탐방로는 한라산탐방로 예약시스템에서 사전예약을 해야 탐방이 가능하다.",BASE+TOUR,관광지인지 확인(도서관·교회·골프 등),https://map.kakao.com/?q=한라산 성판악탐방안내소
490,젬쇼,,EAST,LEISURE,레저·스포츠 관련 시설,,제주시 조천읍,33.4867677,126.7068936,제주특별자치도 제주시 조천읍 선교로 115-1,,제주시 조천읍에 있는 레저·스포츠 관련 시설입니다.,제주시 조천읍에 있는 레저·스포츠 관련 시설입니다.,BASE,설명 기본 문구; 세부설명 없음 → 한 줄 소개로 대체; 사진 없음,https://map.kakao.com/?q=젬쇼
491,부영컨트리클럽,,SOUTH,LEISURE,레저·스포츠 관련 시설,,서귀포시 남원읍,33.3659208,126.7059874,제주특별자치도 서귀포시 남원읍 수망리 1117-2 목,,서귀포시 남원읍에 있는 레저·스포츠 관련 시설입니다.,서귀포시 남원읍에 있는 레저·스포츠 관련 시설입니다.,BASE,설명 기본 문구; 세부설명 없음 → 한 줄 소개로 대체; 사진 없음,https://map.kakao.com/?q=부영컨트리클럽
493,중문오프로드체험장,,SOUTH,EXPERIENCE,체험 활동 관광지,,서귀포시 예래동,33.2758463,126.3968639,제주특별자치도 서귀포시 상예로 349,https://api.cdn.visitjeju.net/photomng/imgpath/202306/20/6a03454d-84a8-4503-810c-bcf9ee04968c.webp,중문 숲속을 거닐며 즐기는 승마체험,중문 숲속을 거닐며 즐기는 승마체험,BASE+VJ+TOUR,비짓제주 이름 다름(중문승마체험장),https://map.kakao.com/?q=중문오프로드체험장
494,연화차,,EAST,EXPERIENCE,체험 활동 관광지,,제주시 조천읍,33.4875769,126.7147714,제주특별자치도 제주시 조천읍 선교로 46,,제주시 조천읍에 있는 체험 활동 관광지입니다.,제주시 조천읍에 있는 체험 활동 관광지입니다.,BASE,설명 기본 문구; 세부설명 없음 → 한 줄 소개로 대체; 사진 없음,https://map.kakao.com/?q=연화차
497,중문대포주상절리대,중문대포주상절리대,SOUTH,NATURE,자연관광지,,서귀포시 중문동,33.237994,126.4260174,제주특별자치도 서귀포시 이어도로 36-30,https://api.cdn.visitjeju.net/photomng/imgpath/202410/21/3d9d8a40-9986-4870-9818-dd98456c44e1.webp,자연의 신비가 주는 웅장함에 압도되다,자연의 신비가 주는 웅장함에 압도되다,AI+BASE+VJ+TOUR,,https://map.kakao.com/?q=중문대포주상절리대
498,김녕항수산문화센터,,EAST,CULTURE,문화시설,,제주시 구좌읍,33.5582014,126.7404223,제주특별자치도 제주시 구좌읍 김녕항1길 50-11,https://api.cdn.visitjeju.net/photomng/imgpath/201804/30/0c0ca26a-95bd-49c8-96de-7ac8c2ddb2d2.webp,요트를 타고 푸른 제주 바다의 물살을 가르며 달리다,요트를 타고 푸른 제주 바다의 물살을 가르며 달리다,BASE+VJ+TOUR,관광지인지 확인(도서관·교회·골프 등),https://map.kakao.com/?q=김녕항수산문화센터
499,아름다운집연우네,,NORTH,EXPERIENCE,체험 활동 관광지,,제주시 노형동,33.4667272,126.4875346,제주특별자치도 제주시 은수길 110,,제주시 노형동에 있는 체험 활동 관광지입니다.,제주시 노형동에 있는 체험 활동 관광지입니다.,BASE,설명 기본 문구; 세부설명 없음 → 한 줄 소개로 대체; 사진 없음,https://map.kakao.com/?q=아름다운집연우네
503,따라비오름,따라비오름,EAST,NATURE,자연관광지,,서귀포시 표선면,33.389156,126.75325,제주특별자치도 서귀포시 표선면 가시리 산 62,https://api.cdn.visitjeju.net/photomng/imgpath/202111/01/2807b2be-5aa2-4e3e-bd91-23a92d2985a6.webp,완만한 능선과 여러 굼부리가 이어지는 표선면 오름,완만한 능선과 여러 굼부리가 이어지는 표선면 오름,AI+BASE+VJ+TOUR,,https://map.kakao.com/?q=따라비오름
506,제우농장,,EAST,EXPERIENCE,체험 활동 관광지,TRAIL→EXPERIENCE,제주시 구좌읍,33.4336731,126.7332423,제주특별자치도 제주시 구좌읍 비자림로 1202,,제주시 구좌읍에 있는 체험 활동 관광지입니다.,제주시 구좌읍에 있는 체험 활동 관광지입니다.,BASE,설명 기본 문구; 세부설명 없음 → 한 줄 소개로 대체; 사진 없음,https://map.kakao.com/?q=제우농장
507,누하스 세컨드하우스,,NORTH,CULTURE,문화시설,,제주시 삼도2동,33.5170637,126.5228661,제주특별자치도 제주시 탑동로 17,,제주시 삼도2동에 있는 문화시설입니다.,제주시 삼도2동에 있는 문화시설입니다.,BASE,설명 기본 문구; 세부설명 없음 → 한 줄 소개로 대체; 사진 없음,https://map.kakao.com/?q=누하스 세컨드하우스
508,한라산컨트리클럽,,NORTH,LEISURE,레저·스포츠 관련 시설,,제주시 아라동,33.4441298,126.5458375,제주특별자치도 제주시 선돌목동길 56-46,https://tong.visitkorea.or.kr/cms/resource/50/1950650_image2_1.jpg,한라산 C.C에는 은하수에 닿을 만큼 높은 한라산의 푸른 기상과 600년 넘게 한결같이 제주를 지켜온 산천단 곰솔의 굳은 의지가 담겨 있다.,"한라산 C.C에는 은하수에 닿을 만큼 높은 한라산의 푸른 기상과 600년 넘게 한결같이 제주를 지켜온 산천단 곰솔의 굳은 의지가 담겨 있다. 600년 넘게 지켜온 곰솔의 푸르름과 곧은 기상이 살아있는 한라산 중턱 해발 400m 고지, 제주를 가장 잘 아는 제주 토박이의 한 사람으로서 아껴두고 싶고 또한 자랑하고 싶은 곳에 한라산 컨트리클럽을 지었다. 뒤로는 한라산의 절경이 든든하고 앞으로는 푸른 남해의 수평선이 시원하게 펼쳐진 이곳에 한겨울에도 기온과 바람 걱정이 없는 골프장을 만들기 위해 10여 년 연구와 노력을 아끼지 않았다. 하늘을 받치듯 곧게 뻗은 곰솔과 다정스레 모여 앉은 돌무지 하나까지 제주의 참모습을 그대로 살린 자연주의 골프클럽 한라산 컨트리클럽은 살아 숨 쉬는 대자연의 한가운데에 생동감 넘치는 그린을 더한 최고의 골프클럽임을 자부한다. 세계 100대 골프장으로 선정된 나인브릿지C.C의 설계 디자이너 데이비드 데일과 역시 세계 100대 골프장으로 선정된 핀크스 골프클럽의 건설사 부건 종합건설(주)가 만나 최고의 기술과 노하우로 탄생하였다.",BASE+TOUR,,https://map.kakao.com/?q=한라산컨트리클럽
509,비체올린,,WEST,LEISURE,레저·스포츠 관련 시설,,제주시 한경면,33.3494639,126.2184496,제주특별자치도 제주시 한경면 판조로 253-6,https://api.cdn.visitjeju.net/photomng/imgpath/202410/11/d7bb30d2-cd31-4a37-bca5-fe5755b75b5a.webp,"카약과 트라익, 그리고 이색정원이 함께하는 상상 그 이상의 즐거움이 가득한 복합테마공원","자연 위에 조성했다는 의미의 ‘햇빛에 올려 놓은’ 이란 뜻인 비체올린은 제주시 서쪽 중산간에 위치한 가족 놀이공원이다. 카약 뿐만 아니라 전국 최초의 드리프트 전용 카트를 체험할 수 있는 ‘트라익 파크’ 뿐만 아니라 5월에서 7월 사이에는 능소화, 수국, 버베나로 대표되는 여름꽃&능소화 축제가 열리고 겨울에는 애기동백과 홍매화가 시선을 강탈한다. 소소한 재미가 있는 미로 공원 및 곶자왈 숲속 산책 등 여유로움과 액티비티를 동시에 즐길 수 있는 복합적인 테마공원이다.
비체올린의 또 다른 자랑인 공원은 1㎞에 이르는 넉넉한 능소화 정원을 자랑하며 초여름에는 능소화 축제와 함께 수국, 버베나 등 다양한 꽃들이 아름다운 풍경을 연출한다. 여름 꽃들이 제공하는 아름다움은 말로 표현하기 어려울 정도이다. 바다나 계곡이 아닌 제주의 자연에서 느낄 수 있는 힐링 체험은 동행자와 함께 정글을 걷다 강을 건넌 듯한 기분을 느낄 수 있으며 공원 산책은 더욱 특별한 경험을 선사한다. 항상 새로움을 추구하는 비체올린은 자주 변화를 주기 때문에 방문객들은 매년 이곳을 찾아 기대와 궁금증을 가지며 새로운 경험을 누릴 수 있다.

(출처 : 비짓제주)",BASE+VJ+TOUR,,https://map.kakao.com/?q=비체올린
511,신라면세점제주점,,NORTH,COMMERCIAL,상업지구,,제주시 연동,33.4862606,126.4875449,제주특별자치도 제주시 노연로 69,https://api.cdn.visitjeju.net/photomng/imgpath/202304/20/bf2c4ebd-73d2-4742-914a-fe54e6df0705.webp,"럭셔리 브랜드와 제주 문화가 어우러진 면세쇼핑 1번지, 신라면세점 제주점","럭셔리 브랜드와 제주 문화가 어우러진 면세쇼핑 1번지, 신라면세점 제주점",BASE+VJ,,https://map.kakao.com/?q=신라면세점제주점
512,신흥해수욕장,,EAST,NATURE,자연관광지,,제주시 조천읍,33.5517018,126.6487986,제주특별자치도 제주시 조천읍,https://tong.visitkorea.or.kr/cms/resource/79/4001879_image2_1.jpg,나만 알고 싶은 프라이빗 해수욕장을 찾는다면 제주 동쪽 조천읍에 있는 신흥해수욕장을 추천한다.,나만 알고 싶은 프라이빗 해수욕장을 찾는다면 제주 동쪽 조천읍에 있는 신흥해수욕장을 추천한다. 제주 올레길 19코스에 있으며 ‘민만 아는 작은 해변이지만 있을 건 다 있다. 돌벽으로 지어진 탈의실과 샤워 시설은 신축하여 시설이 모두 깨끗하다. 널리 알려지지 않은 곳이라 주로 숙소 사장님에게 추천받아 오는 관광객들만 찾아 성수기에도 북적이지 않는 해변이다. 주변에 주차하기도 편리하고 여름철에는 안전요원도 배치되어 안심하고 이용할 수 있다. 멀리 서우봉이 보이며 바로 옆에 카페가 있어 더욱 편리하다. 조용한 곳에서 물놀이 휴가를 즐기고 싶다면 방문해 보길 권한다.,BASE+TOUR,,https://map.kakao.com/?q=신흥해수욕장
513,삼양감수탕,,NORTH,NATURE,자연관광지,,제주시 삼양동,33.5256675,126.5839207,제주특별자치도 제주시 감수북길 41,,제주시 삼양동에 있는 자연관광지입니다.,제주시 삼양동에 있는 자연관광지입니다.,BASE,설명 기본 문구; 세부설명 없음 → 한 줄 소개로 대체; 사진 없음,https://map.kakao.com/?q=삼양감수탕
515,행원환해장성,,EAST,HISTORY,역사·유적·종교 시설,,제주시 구좌읍,33.5581134,126.8261478,제주특별자치도 제주시 구좌읍 행원리 80-5,https://api.cdn.visitjeju.net/photomng/imgpath/201804/30/d7c81e3b-977d-4c95-bcf6-9f5c0bd19575.webp,아름다운 동쪽 해안길을 걸으며 역사를 되짚어보다,아름다운 동쪽 해안길을 걸으며 역사를 되짚어보다,BASE+VJ,비짓제주 이름 다름(한동환해장성),https://map.kakao.com/?q=행원환해장성
516,서귀포매일올레시장,서귀포매일올레시장,SOUTH,COMMERCIAL,상업지구,,서귀포시 서귀동,33.2501501,126.5632316,제주특별자치도 서귀포시 중앙로62번길 18,https://api.cdn.visitjeju.net/photomng/imgpath/202410/18/50513f94-f837-4521-a924-e8f77ea333ab.webp,365일 문전성시를 이루는 서귀포시 대표 상설시장,"서귀포 올레시장은 서귀포시에서 가장 큰 시장이며 1960년대 초반 자연발생적으로 생긴 재래시장으로 60여 년 전통으로 서귀포 경제에 큰 밑받침이 되고 있는 시장이다. 2001년 120m를 시작으로 현재 총 620m에 달하는 아케이드상가를 설치하여 서귀포서민경제에 중추적인 역할을 담당하고 있다. 이곳 주차장은 1시간 무료주차시스템을 도입하여 고객에 최대한 편의를 제공하고 있으며, 시장에서 물건을 구입한 고객의 편의를 위해서 무료로 원하는 장소로 배달하는 택배시스템을 갖추고 있다. 또한 미래의 잠재고객인 청소년들을 위한 야외 공연장 및 분수대가 있는 공원을 갖추고 있다.",AI+BASE+VJ+TOUR,,https://map.kakao.com/?q=서귀포매일올레시장
517,번개과학체험관GAME,,SOUTH,EXPERIENCE,체험 활동 관광지,LEISURE→EXPERIENCE,서귀포시 영천동,33.2895183,126.5888282,제주특별자치도 서귀포시 토평공단로 78-27,,서귀포시 영천동에 있는 체험 활동 관광지입니다.,서귀포시 영천동에 있는 체험 활동 관광지입니다.,BASE,설명 기본 문구; 세부설명 없음 → 한 줄 소개로 대체; 사진 없음,https://map.kakao.com/?q=번개과학체험관GAME
520,북수구광장,,NORTH,FESTIVAL,지역 축제·행사,,제주시 일도1동,33.5144994,126.5278897,제주특별자치도 제주시 일도일동 1231-1 공,,제주시 일도1동에 있는 지역 축제·행사입니다.,제주시 일도1동에 있는 지역 축제·행사입니다.,BASE,설명 기본 문구; 세부설명 없음 → 한 줄 소개로 대체; 사진 없음,https://map.kakao.com/?q=북수구광장
522,남제주강병대교회,,WEST,HISTORY,역사·유적·종교 시설,TRAIL→HISTORY,서귀포시 대정읍,33.2267086,126.2576949,제주특별자치도 서귀포시 대정읍 상모리 3846종,https://api.cdn.visitjeju.net/photomng/imgpath/201804/30/ee642f9e-b7a6-4a80-97c5-6b7c9e6d8014.webp,우리나라에서 가장 오래된 군인 교회,우리나라에서 가장 오래된 군인 교회,BASE+VJ,관광지인지 확인(도서관·교회·골프 등),https://map.kakao.com/?q=남제주강병대교회
523,월정에비뉴,,EAST,TRAIL,산책로·둘레길,,제주시 구좌읍,33.5545543,126.7986908,제주특별자치도 제주시 구좌읍 해맞이해안로 486,,제주시 구좌읍에 있는 산책로·둘레길입니다.,제주시 구좌읍에 있는 산책로·둘레길입니다.,BASE,설명 기본 문구; 세부설명 없음 → 한 줄 소개로 대체; 사진 없음,https://map.kakao.com/?q=월정에비뉴
524,제주통일관,,NORTH,CULTURE,문화시설,,제주시 일도2동,33.506713,126.5307708,제주특별자치도 제주시 삼성로 46,https://api.cdn.visitjeju.net/photomng/imgpath/201812/20/df6da46c-00be-4d57-a4d6-ba0a0fc56e0b.webp,통일에 대한 다양한 정보와 유물 등이 있는 전시관.,"제주시 탐라자유회관 내에 소재해 있는 제주 통일관은 1993년에 개관되어 지상 2층, 지하 1층 건물로 건립되었다. 남북 교류 협력 시대에 대비하여 오늘의 북한 실상을 올바로 이해시키고, 민족 동질성 회복을 위한 실증적인 ‘통일교육장’으로 활용하기 위하여 설치하였다. 남북 관계 개선뿐만 아니라 한반도의 역사를 다시 한번 볼 수 있는 곳이다.",BASE+VJ+TOUR,,https://map.kakao.com/?q=제주통일관
525,더아페,,WEST,COMMERCIAL,상업지구,,서귀포시 대정읍,33.2794051,126.2761633,제주특별자치도 서귀포시 대정읍 글로벌에듀로 396,,서귀포시 대정읍에 있는 상업지구입니다.,서귀포시 대정읍에 있는 상업지구입니다.,BASE,설명 기본 문구; 세부설명 없음 → 한 줄 소개로 대체; 사진 없음,https://map.kakao.com/?q=더아페
527,재주901,,NORTH,EXPERIENCE,체험 활동 관광지,,제주시 노형동,33.4529269,126.4863521,제주특별자치도 제주시 1100로 2977-10,https://api.cdn.visitjeju.net/photomng/imgpath/202307/26/6db27e8c-d961-4237-911b-491d6d1282ac.webp,제주 901 운동힐링센터는 명상을 통해 몸과 마음에 휴식을 선물할 수 있는 공간이다.,제주 901 운동힐링센터는 명상을 통해 몸과 마음에 휴식을 선물할 수 있는 공간이다.,BASE+VJ,,https://map.kakao.com/?q=재주901
534,자파리하우스,,WEST,COMMERCIAL,상업지구,,제주시 애월읍,33.4190698,126.4015808,제주특별자치도 제주시 애월읍 하소로 769-58,,제주시 애월읍에 있는 상업지구입니다.,제주시 애월읍에 있는 상업지구입니다.,BASE,설명 기본 문구; 세부설명 없음 → 한 줄 소개로 대체; 사진 없음,https://map.kakao.com/?q=자파리하우스
535,법화사,,SOUTH,HISTORY,역사·유적·종교 시설,,서귀포시 중문동,33.2650038,126.4576715,제주특별자치도 서귀포시 하원북로35번길 15-28,https://api.cdn.visitjeju.net/photomng/imgpath/201804/30/2ef3e208-ddb0-4042-b60c-de40d9790e4a.webp,제주 천년고찰의 법화사이다.,"법화사는 수정사와 함께 제주의 비보사찰(裨補寺刹)로써, 대한불교조계종 제23교구 본사 관음사의 말사이다. 건립 시기에 대해서는 고려 시대, 길게는 통일신라 시대까지도 올라간다는 주장이 있다. 고려 후기 몽골의 제주 지배기에 법화사는 더 중시되었다. 
제주대학교 박물관 주도로 1992년부터 이루어진 발굴 조사에서 발굴된 기와에는 법화사가 원의지원 6년(1269년)에 처음 중창을 시작해 16년(1279년)에 중창을 마쳤다는 것을 확인할 수 있었다. 충혜왕 때 제주로 유배된 승려 혜일이 법화사를 들러 시를 지었으며 조선 초기까지 법화사에 배속된 노비가 280명이었을 정도로 큰 절이었으나 조선 후기 이후 법화사는 폐사되었다. 
법화사는 천년 사찰의 역사적 가치와 더불어 사찰 경내가 아름다워 제주 도민들에게서 입소문이 나면서 타지에서 온 관광객들도 사찰 내의 구품연지에 우아한 연꽃과 더불어 배롱나무의 아름다운 자태와 더불어 부석사 무량수전 양식의 구화루가 이루어 내는 풍경은 불자가 아니라도 절집의 아름다움에 동의한다니 제주에서 이색 체험지로 추천한다. 법화사는 제주특별자치도 기념물로 지정 보호되고 있다.",BASE+VJ+TOUR,,https://map.kakao.com/?q=법화사
536,조랑말체험공원(따라비승마장),,EAST,EXPERIENCE,체험 활동 관광지,HISTORY→EXPERIENCE,서귀포시 표선면,33.3835244,126.7368318,제주특별자치도 서귀포시 표선면 가시리 산 41-3 임,https://api.cdn.visitjeju.net/photomng/imgpath/202407/11/4e9bba51-e6d3-465c-8071-27c33bf778dc.webp,"조랑말 박물관, 따라비 승마장, 마음카페, 아트숍, 야외광장 및 각종 체험프로그램 운영","제주의 말 문화를 쉽고 재밌게 이해하고 체험할 수 있는 조랑말체험공원은 조선시대 최고의 말을 사육했던 갑마장이 있었던 가시리 마을 그 자리에 600년 목축문화의 역사를 고스란히 간직하고 있다. 농림부가 지원하는 ‘신문화공간 조성사업’의 일환으로 조성된 조랑말 박물관에 마을회의 노력으로 따라비 승마장, 마음 카페, 아트숍, 체험장, 축제공간 등이 어우러진 복합 문화공간으로 확대 조성되었다. 마을에서 설립한 국내 최초의 리립 박물관이자, 마을의 역사와 문화를 주제로 한 문화공간으로 새로운 형식의 커뮤니티 비즈니스 모델로서도 큰 의미가 있다.",BASE+VJ+TOUR,,https://map.kakao.com/?q=조랑말체험공원(따라비승마장)
538,최영장군사당(제주특별자치도기념물제11호),,NORTH,HISTORY,역사·유적·종교 시설,,제주시 추자면,33.9651393,126.2954312,제주특별자치도 제주시 추자면 대서리 368도,https://api.cdn.visitjeju.net/photomng/imgpath/201804/30/ea6ce092-63a8-417e-943e-43ed542d01b9.webp,추자도 사람들이 최영 장군의 은덕을 기리면서 한 해의 풍어를 기원하는 장소,추자도 사람들이 최영 장군의 은덕을 기리면서 한 해의 풍어를 기원하는 장소,BASE+VJ,,https://map.kakao.com/?q=최영장군사당(제주특별자치도기념물제11호)
539,스타빌글램핑장,,WEST,EXPERIENCE,체험 활동 관광지,,서귀포시 안덕면,33.338806,126.395708,제주특별자치도 서귀포시 안덕면 광평로 34-154,https://api.cdn.visitjeju.net/photomng/imgpath/202211/14/e31beef5-eb48-4318-8551-2117aa642eda.webp,중산간에서 경험하는 다채로운 액티비티,중산간에서 경험하는 다채로운 액티비티,BASE+VJ+TOUR,,https://map.kakao.com/?q=스타빌글램핑장
544,바굼지오름,,WEST,NATURE,자연관광지,TRAIL→NATURE,제주시 애월읍,33.4785722,126.4128417,제주특별자치도 제주시 애월읍 상귀리 332임,https://api.cdn.visitjeju.net/photomng/imgpath/201804/30/4f0001e0-8313-46db-a64e-4371694f703e.webp,하귀리 마을의 유일한 오름,하귀리 마을의 유일한 오름,BASE+VJ,,https://map.kakao.com/?q=바굼지오름
550,한라도서관,,NORTH,CULTURE,문화시설,,제주시 오라동,33.4762014,126.5162735,제주특별자치도 제주시 오남로 221,,제주시 오라동에 있는 문화시설입니다.,제주시 오라동에 있는 문화시설입니다.,BASE,설명 기본 문구; 세부설명 없음 → 한 줄 소개로 대체; 사진 없음; 관광지인지 확인(도서관·교회·골프 등),https://map.kakao.com/?q=한라도서관
554,THESIGNATURE,,EAST,COMMERCIAL,상업지구,,제주시 조천읍,33.5425095,126.6689593,제주특별자치도 제주시 조천읍 조함해안로 526,,제주시 조천읍에 있는 상업지구입니다.,제주시 조천읍에 있는 상업지구입니다.,BASE,설명 기본 문구; 세부설명 없음 → 한 줄 소개로 대체; 사진 없음,https://map.kakao.com/?q=THESIGNATURE
555,바이킹호,,WEST,LEISURE,레저·스포츠 관련 시설,,제주시 한경면,33.3089242,126.1648981,제주특별자치도 제주시 한경면 노을해안로 1160,,제주시 한경면에 있는 레저·스포츠 관련 시설입니다.,제주시 한경면에 있는 레저·스포츠 관련 시설입니다.,BASE,설명 기본 문구; 세부설명 없음 → 한 줄 소개로 대체; 사진 없음,https://map.kakao.com/?q=바이킹호
556,메카플러스,,NORTH,CULTURE,문화시설,,제주시 이도2동,33.5000817,126.5272542,제주특별자치도 제주시 서광로 288,,제주시 이도2동에 있는 문화시설입니다.,제주시 이도2동에 있는 문화시설입니다.,BASE,설명 기본 문구; 세부설명 없음 → 한 줄 소개로 대체; 사진 없음,https://map.kakao.com/?q=메카플러스
561,블루제주솝,,NORTH,EXPERIENCE,체험 활동 관광지,,제주시 외도동,33.4889641,126.4328548,제주특별자치도 제주시 우정로15길 48,,제주시 외도동에 있는 체험 활동 관광지입니다.,제주시 외도동에 있는 체험 활동 관광지입니다.,BASE,설명 기본 문구; 세부설명 없음 → 한 줄 소개로 대체; 사진 없음,https://map.kakao.com/?q=블루제주솝
562,서귀포시모구리야영장,,EAST,EXPERIENCE,체험 활동 관광지,,서귀포시 성산읍,33.4064441,126.8221569,제주특별자치도 서귀포시 성산읍 서성일로 260,https://tong.visitkorea.or.kr/cms/resource/50/3031150_image2_1.jpg,"성산읍에 위치하고 있는 모구리야영장은 서귀포시에서 관리·운영하고 있는 캠핑장으로 산방산영지, 일출봉영지, 가족영지, 한라산영지로 나누어져 있다.","성산읍에 위치하고 있는 모구리야영장은 서귀포시에서 관리·운영하고 있는 캠핑장으로 산방산영지, 일출봉영지, 가족영지, 한라산영지로 나누어져 있다. 야영장에 도착하여 제일 먼저 보이는 것은 손수레인데 캠핑 장비와 물건을 자리로 이동할 때 손수레를 이용할 수 있고, 관리실 입구에 재활용품 분리수거와 일반 쓰레기장이 있으며 음식물 쓰레기는 T-money 교통카드를 이용해 버리면 된다. 주차장, 운동장, 놀이터, 체력단련장, 화장실, 취사장, 샤워장, 산책로 등이 있다. 모구리야영장의 장점은 사이트 옆마다 배전함이 있어 전기를 편리하게 사용할 수 있다. 또한 무료 와이파이가 가능하며 이곳의 물은 지하수여서 그냥 먹어도 좋다고 하고 화장실도 깨끗하고 온수가 나오는 샤워장이 갖춰져 있는 아주 저렴한 야영장이어서 이용객들의 만족도가 아주 높다.
봄에는 벚꽃이 피고, 겨울에는 동백꽃이 피어 더욱 아름다운 캠핑장이 되며, 아이들과 함께 온 가족들은 부모가 텐트를 치는 동안 아이들이 놀이터에서 신나게 뛰어노는 시간을 보낼 수도 있다. 또 하나의 재미는 야영장에서 조금만 올라가면 모구리오름을 볼 수 있다는 것이다. 모구리오름은 바로 옆에 알과 비슷한 형태의 작은 오름이 있어서 마치 어미 오름이 품고 있는 모습과 같다고 한다. 그래서 한자 어미 모자를 따서 모구리오름이라 불리고 있다. 왕복 30분 정도의 아이들도 걸을 수 있는 쉬운 산책로이다. 날씨가 좋으면 오름 정상에서는 다랑쉬오름, 용눈이오름까지 보인다. 모구리오름 탐방로를 따라가다 보면 편백나무숲에서 싱그런 향기를 맡으며 힐링하는 시간을 즐겨 볼 수 있다. 관광지 성읍민속마을 바로 위쪽에 있고 백양이오름, 다랑쉬 오름이 있어 이곳에서 야영하면서 동쪽으로 여행하면 좋다.",BASE+TOUR,,https://map.kakao.com/?q=서귀포시모구리야영장
564,펀테마파크,,EAST,THEME,테마시설,,제주시 조천읍,33.4791965,126.7009773,제주특별자치도 제주시 조천읍 선흘리 2019-3 원,,제주시 조천읍에 있는 테마시설입니다.,제주시 조천읍에 있는 테마시설입니다.,BASE,설명 기본 문구; 세부설명 없음 → 한 줄 소개로 대체; 사진 없음,https://map.kakao.com/?q=펀테마파크
565,제주시생활체육공원,,NORTH,NATURE,자연관광지,LEISURE→NATURE,제주시 봉개동,33.4722728,126.6365949,제주특별자치도 제주시 와흘전1길 32,,제주시 봉개동에 있는 자연관광지입니다.,제주시 봉개동에 있는 자연관광지입니다.,BASE,설명 기본 문구; 세부설명 없음 → 한 줄 소개로 대체; 사진 없음; 관광지인지 확인(도서관·교회·골프 등),https://map.kakao.com/?q=제주시생활체육공원
572,서우봉,서우봉,EAST,NATURE,자연관광지,,제주시 조천읍,33.5458417,126.6775861,제주특별자치도 제주시 조천읍 함덕리 169-3임,https://api.cdn.visitjeju.net/photomng/imgpath/201807/09/bccbe406-82e1-4858-b5d5-05743df44d9c.webp,푸른 바다와 예쁜 유채꽃밭이 어우러진 멋진 풍경이 있는 곳,푸른 바다와 예쁜 유채꽃밭이 어우러진 멋진 풍경이 있는 곳,AI+BASE+VJ+TOUR,,https://map.kakao.com/?q=서우봉
573,어나더 우드 스토어,,EAST,EXPERIENCE,체험 활동 관광지,,제주시 조천읍,33.5420716,126.6719419,제주특별자치도 제주시 조천읍 함덕로 32,https://api.cdn.visitjeju.net/photomng/imgpath/202306/13/6d8d4c46-185e-4c99-ab67-98ab5ca76d7a.webp,우드카빙 클래스도 즐기고 소품도 구매할 수 있는 곳,우드카빙 클래스도 즐기고 소품도 구매할 수 있는 곳,BASE+VJ,,https://map.kakao.com/?q=어나더 우드 스토어
574,선덕사범종각,,SOUTH,HISTORY,역사·유적·종교 시설,,서귀포시 영천동,33.3201683,126.5940379,제주특별자치도 서귀포시 516로771번길 64,,서귀포시 영천동에 있는 역사·유적·종교 시설입니다.,서귀포시 영천동에 있는 역사·유적·종교 시설입니다.,BASE,설명 기본 문구; 세부설명 없음 → 한 줄 소개로 대체; 사진 없음,https://map.kakao.com/?q=선덕사범종각
577,제주별빛누리공원,,NORTH,NATURE,자연관광지,,제주시 아라동,33.4444634,126.5484824,제주특별자치도 제주시 오등동 10-34 대,https://api.cdn.visitjeju.net/photomng/imgpath/202606/22/4afa9b49-0577-4188-9072-4afeb94fb2f5.jpeg,"가족,친구,연인과 함께 제주의 맑은 밤하늘을 만끽할 수 있는 낭만적인 야간관광명소.","제주별빛누리공원은 천체탐구와 천문학습의 장으로 활용되고 있는 최첨단천문우주 과학시설이다. 21세기의 주역인 청소년들에게 무한한 꿈과 희망을 심어줄 과학문화 공간이다. 내부에는 삼차원 입체영상을 모션시뮬레이터에 탑승하여 현실감 있게 관람할 수 있는 4D영상관, 반구모양의 돔 스크린으로 우주에 대한 영상물과 사계절 별자리를 감상할 수 있는 천체투영실, 태양계 전시물, 행성 체중계, 디지털 망원경, 우주쓰레기 제거 게임, 포토존 등 다양한 볼거리와 체험이 있는 전시실 등이 있다. 또한, 구름 없이 맑은 날, 야간에만 운영하는 관측실은 주관측실과 보조관측실로 나뉘어 있다. 주관측실에서는 600㎜ 리치크리티앙 반사망원경을 통하여 희미한 천체를 더 밝게 접할 수 있으며, 보조관측실에서는 천체 망원경을 이용하여 다양한 천체를 관측할 수 있다. 이 외에 야외광장에는 태양계 광장과 해시계가 조성되어 있어 관람객들이 다양한 체험을 할 수 있는 공간으로 만들어졌다.",BASE+VJ+TOUR,,https://map.kakao.com/?q=제주별빛누리공원
579,제동목장,,EAST,EXPERIENCE,체험 활동 관광지,TRAIL→EXPERIENCE,제주시 조천읍,33.4198975,126.6964214,제주특별자치도 제주시 조천읍 교래7길 218,https://tong.visitkorea.or.kr/cms/resource/70/3056070_image2_1.jpg,제동목장은 한진그룹에서 운영하는 제주도 목장으로 한국마사회에서 운영하는 렛츠런팜 목장 인근에 자리 잡고 있다.,"제동목장은 한진그룹에서 운영하는 제주도 목장으로 한국마사회에서 운영하는 렛츠런팜 목장 인근에 자리 잡고 있다. 제동목장은 사유지이기 때문에 목장 출입은 불가능 하나, 최근 제동목장 진입도로가 제주도 결혼사진 촬영 명소로 널리 알려지면서 관광객들이 많이 찾는 인생사진 명당이 됐다. 제동목장 입구에는 거대한 삼나무가 도로 양쪽으로 빽빽하게 있어 드라이브 코스로 제격이고, 이국적인 풍경을 연출한다. 특히, 비 오는 날에도 이곳만의 특별한 분위기에서 기억에 남는 사진을 찍을 수 있다. 제동목장 입구는 주차 공간이 없기 때문에 삼다수숲길 공영주차장에 주차하고 걸어서 이동하는 것을 권장한다.",BASE+TOUR,,https://map.kakao.com/?q=제동목장
580,서프로와,,NORTH,LEISURE,레저·스포츠 관련 시설,,제주시 이호동,33.4977582,126.4479768,제주특별자치도 제주시 테우해안로 132,,제주시 이호동에 있는 레저·스포츠 관련 시설입니다.,제주시 이호동에 있는 레저·스포츠 관련 시설입니다.,BASE,설명 기본 문구; 세부설명 없음 → 한 줄 소개로 대체; 사진 없음,https://map.kakao.com/?q=서프로와
585,제주도서관,,NORTH,CULTURE,문화시설,EXPERIENCE→CULTURE,제주시 이도2동,33.5006253,126.5412805,제주특별자치도 제주시 연삼로 489,https://api.cdn.visitjeju.net/photomng/imgpath/201812/20/df6da46c-00be-4d57-a4d6-ba0a0fc56e0b.webp,통일에 대한 다양한 정보와 유물 등이 있는 전시관.,통일에 대한 다양한 정보와 유물 등이 있는 전시관.,BASE+VJ+TOUR,비짓제주 이름 다름(제주통일관); TourAPI 이름 다름(제주통일관); 관광지인지 확인(도서관·교회·골프 등),https://map.kakao.com/?q=제주도서관
586,모슬포교회,,WEST,HISTORY,역사·유적·종교 시설,,서귀포시 대정읍,33.2243229,126.2484749,제주특별자치도 서귀포시 대정읍 하모이삼로15번길 25,https://api.cdn.visitjeju.net/photomng/imgpath/201908/06/866edac6-7704-4b8e-a131-62b0c125d78a.webp,서귀포시 대정읍 하모리에 위치한 항,서귀포시 대정읍 하모리에 위치한 항,BASE+VJ,비짓제주 이름 다름(모슬포항); 관광지인지 확인(도서관·교회·골프 등),https://map.kakao.com/?q=모슬포교회
587,스누피가든,스누피가든,EAST,CULTURE,문화시설,,제주시 구좌읍,33.4441034,126.7783321,제주특별자치도 제주시 구좌읍 금백조로 930,https://api.cdn.visitjeju.net/photomng/imgpath/202012/16/79a19069-d0c9-40f1-860b-b2fd53a84d36.webp,스누피가든은 개성적인 모습을 자랑하는 피넛츠 캐릭터들을 만나 그들과 상호관계를 통해 공감과 힐링의 메시지를 얻을 수 있는 특별한 장소이다.,스누피가든은 개성적인 모습을 자랑하는 피넛츠 캐릭터들을 만나 그들과 상호관계를 통해 공감과 힐링의 메시지를 얻을 수 있는 특별한 장소이다.,AI+BASE+VJ+TOUR,,https://map.kakao.com/?q=스누피가든
588,쇠소깍다리,,SOUTH,TRAIL,산책로·둘레길,,서귀포시 효돈동,33.2583992,126.6238831,제주특별자치도 서귀포시 하효동 1459천,https://api.cdn.visitjeju.net/photomng/imgpath/202410/16/a8784094-08b6-4e9e-acf2-d86ab445dda5.webp,"제주올레 5코스의 끝이자 6코스의 시작으로, 바닷물과 민물이 만나는 비밀스러운 계곡","제주올레 5코스의 끝이자 6코스의 시작으로, 바닷물과 민물이 만나는 비밀스러운 계곡",BASE+VJ+TOUR,,https://map.kakao.com/?q=쇠소깍다리
590,드림타워,,EAST,TRAIL,산책로·둘레길,,제주시 구좌읍,33.5232911,126.855666,제주특별자치도 제주시 구좌읍 구좌로 40,,제주시 구좌읍에 있는 산책로·둘레길입니다.,제주시 구좌읍에 있는 산책로·둘레길입니다.,BASE,설명 기본 문구; 세부설명 없음 → 한 줄 소개로 대체; 사진 없음,https://map.kakao.com/?q=드림타워
594,캔디원,,EAST,EXPERIENCE,체험 활동 관광지,,제주시 조천읍,33.4712945,126.7077518,제주특별자치도 제주시 조천읍 선교로 384,https://api.cdn.visitjeju.net/photomng/imgpath/202002/24/4c9c7117-f23f-45ca-baad-eb25af7578f4.webp,"국내 최대 수제 캔디 브랜드로 꼽히는 캔디원은 사탕이 생겨난 유래와 종류, 제작 과정 등을 알아보고 직접 만들어 보는 색다른 체험을 하는 곳이…","국내 최대 수제 캔디 브랜드로 꼽히는 캔디원은 사탕이 생겨난 유래와 종류, 제작 과정 등을 알아보고 직접 만들어 보는 색다른 체험을 하는 곳이다. 물론 제품 구입도 가능하다. 사탕을 좋아하는 사람에게 캔디원은 참새 방앗간이나 다름없다.",BASE+VJ+TOUR,,https://map.kakao.com/?q=캔디원
597,선운정사,,WEST,HISTORY,역사·유적·종교 시설,,제주시 애월읍,33.4293394,126.3072863,제주특별자치도 제주시 애월읍 구몰동길 65,https://api.cdn.visitjeju.net/photomng/imgpath/202111/04/8f4809b8-bd20-41b8-850a-2711c9e8aa68.webp,불교문화와 제주문화의 만남,"제주의 정겨운 마을과 운치 있는 농촌 길을 걷다 보면 아름다운 모습을 한 선운정사를 마주할 수 있다. 이 사찰은 제주올레 15코스에 포함된 사찰이다. 불교문화의 전승뿐만 아니라 제주의 문화를 함께 보존하기 위해 노력하는 공간으로, 설문대할망과 오백장군 전각, 소원을 이루어주는 소원석 등 다양한 조형물을 볼 수 있다. 무엇보다 유명한 것은 바로 야경이다. 절터를 은은하게 수놓는 연꽃등과 멋진 야경을 무료로 즐길 수 있어 인기다. 해가 떨어지는 7시쯤부터 경내에 불이 하나 둘 들어오기 시작한다. 수백 개의 LED 연꽃등과 탑, 전각 등을 밝히는 조명이 경내를 채우는 차분한 경전 소리와 어우러진다. 또한 사찰 내에 제주특별자치도 문화유산자료로 지정된 ‘선운정사 석조약사여래좌상’이 있다. 선운정사 석조여래좌상은 조선시대 이래 유행한 약기인의 약사불상의 도상을 정확하게 보여주고 있으며, 통일신라시대부터 조선시대까지 시대의 복합상을 갖춘 불상이다.",BASE+VJ+TOUR,,https://map.kakao.com/?q=선운정사
599,앵무새체험농장,,NORTH,EXPERIENCE,체험 활동 관광지,,제주시 노형동,33.4575937,126.4792535,제주특별자치도 제주시 미리내길 92,,제주시 노형동에 있는 체험 활동 관광지입니다.,제주시 노형동에 있는 체험 활동 관광지입니다.,BASE,설명 기본 문구; 세부설명 없음 → 한 줄 소개로 대체; 사진 없음,https://map.kakao.com/?q=앵무새체험농장
600,양지공원,,NORTH,NATURE,자연관광지,,제주시 아라동,33.4401931,126.5793437,제주특별자치도 제주시 516로 2810-31,,제주시 아라동에 있는 자연관광지입니다.,제주시 아라동에 있는 자연관광지입니다.,BASE,설명 기본 문구; 세부설명 없음 → 한 줄 소개로 대체; 사진 없음,https://map.kakao.com/?q=양지공원
601,고근산,,SOUTH,NATURE,자연관광지,TRAIL→NATURE,서귀포시 대륜동,33.2667917,126.5128722,제주특별자치도 서귀포시 서호동 1286-1임,https://api.cdn.visitjeju.net/photomng/imgpath/201804/30/4f77f379-2304-44d1-b319-8cd86241cd93.webp,눈앞에 펼쳐지는 범섬 앞바다의 장관,"고근산은 서귀포 신시가지를 감싸고 있는 기생화산으로 정상에 깊지 않은 원형 분화구를 가지고 있다. 그리 높은 곳에 자리 잡고 있지는 않지만 탁 트인 곳에 있기 때문에 산봉우리에 서면 멀리는 마라도에서부터 지귀도까지 제주 바다와 서귀포시의 풍광을 한눈에 조망할 수 있다. 특히 밤바다와 함께 어우러진 서귀포 칠십리 야경을 감상하기 좋은 장소로 알려져 있으며 남동사면 중턱의 머흔저리라고 하는 곳은 예전에 국상을 당했을 때 곡을 하던 곡배단이 있고, 남서사면 숲 비탈에는 꿩사냥 하던 강생이(강아지)가 떨어져 죽었다고 전해지는 강생이궤(수직동굴)가 있다. 오름 중턱에 삼나무, 편백나무, 해송, 상수리나무, 밤나무 등이 조림되어 있고, 정상 부근에는 자연석과 어우러져 사스레피나무, 예덕나무, 산철쭉이 군락을 이루고 있으나 예전에는 드물게 해송이 있는 풀밭 오름이었다고 한다. 전설상의 거신 설문대 할망이 심심할 때면 한라산 정상부를 베개 삼고 고근산 굼부리에는 궁둥이를 얹고 앞바다 범섬에 다리를 걸치고 누워서 물장구를 쳤다는 재미있는 전설이 전해오고 있다. 최근 산책과 운동을 위하여 방문객이 늘면서 새로운 운동 휴양명소로 떠오르고 있다.",BASE+VJ+TOUR,,https://map.kakao.com/?q=고근산
602,제주항일기념관,,EAST,CULTURE,문화시설,HISTORY→CULTURE,제주시 조천읍,33.5416203,126.6426749,제주특별자치도 제주시 조천읍 신북로 303,https://api.cdn.visitjeju.net/photomng/imgpath/201804/30/8b7dc4da-409b-4205-9d11-38fc371da2fc.webp,제주인의 독립의지를 고스란히 담고 있는 성지,"기미년 3·1독립만세운동은 제주지역까지 이어져 1919년 3월 21일부터 3월 24일까지 제주 제주시 조천읍 소재 미밋동산(현 만세동산)에서 거행되었다. 이러한 선열들의 뜻을 기리기 위하여 조천만세동산 성역화 사업이 추진되었으며, 1997년 8월 15일 제주항일기념관을 개관하였다. 제주항일기념관은 조천만세운동을 비롯하여 제주에서 일어난 항일독립운동의 역사를 한눈에 볼 수 있는 곳이다. 전체 58,582㎡인 부지의 기념관 및 애국선열추모탑, 창열사(위패봉안실), 3·1독립운동기념탑 등 시설을 갖추고 만세공원을 조성하고 있으며, 선열들의 숭고한 희생정신과 자주독립정신을 계승·발전시키고 자라나는 후세들에게 올바른 역사의식과 애국정신을 함양하게 하기 위한 교육의 장 역할을 하고 있다.",BASE+VJ+TOUR,,https://map.kakao.com/?q=제주항일기념관
603,서귀포축구공원,,SOUTH,NATURE,자연관광지,,서귀포시 효돈동,33.2583497,126.6105095,제주특별자치도 서귀포시 효돈순환로 311-29,,서귀포시 효돈동에 있는 자연관광지입니다.,서귀포시 효돈동에 있는 자연관광지입니다.,BASE,설명 기본 문구; 세부설명 없음 → 한 줄 소개로 대체; 사진 없음,https://map.kakao.com/?q=서귀포축구공원
605,효명사,,SOUTH,HISTORY,역사·유적·종교 시설,,서귀포시 남원읍,33.3232974,126.5941584,제주특별자치도 서귀포시 남원읍 516로 815-41,https://api.cdn.visitjeju.net/photomng/imgpath/201808/17/b81d8629-9d1a-4191-9d4d-1dfb48a914c3.webp,한라산 중턱에 위치한 소박한 사찰,"효명사는 서귀포시 남원읍에 위치한 울창한 숲 속에 아담한 집처럼 보이는 소박한 법당이다. 산신각을 통과하면 보이는 효명사는 여느 절과 달리 조그마한 건물 서너 채만 있어서 생경한 느낌을 준다. 법당 입구에서 극락, 천국, 이끼문이라고 적힌 이정표를 발견할 수 있는데 모두 한 곳이다. 조금 내려가다 보면 돌계단이 보이고 이끼로 뒤덮인 자그마한 아치형의 돌문이 하나 보이는데 이것이 바로 사람들에게 효명사를 알리게 해 준 천국의 문이다. 이 문을 지나면 아직은 때묻지 않은 제주 자연 그대로의 계곡을 만날 수 있고 바로 근처에 별이폭포와 이끼폭포가 있으며 곳곳에 각자의 소원들을 빌며 쌓은 작은 돌탑들도 볼 수 있다. 근처의 산책로는 이끼들로 뒤덮혀있어 바닥과 돌들로 인해 미끄럽기 때문에 조심해서 걸어야 한다. 주변에 있는 선덕사, 선돌, 원앙폭포도 함께 서귀포 여행 일정에 포함시켜 방문하는 것을 추천한다.",BASE+VJ+TOUR,,https://map.kakao.com/?q=효명사
607,(주)한라산,,WEST,NATURE,자연관광지,EXPERIENCE→NATURE,제주시 한림읍,33.4075104,126.2566905,제주특별자치도 제주시 한림읍 한림로 555,https://api.cdn.visitjeju.net/photomng/imgpath/201812/21/e16ce3df-f722-4531-a24e-894878fbe277.webp,"제주의 대표 주류인 한라산 소주에 대한 역사와 제조 공정, 시음 등을 즐길 수 있다.","제주의 대표 주류인 한라산 소주에 대한 역사와 제조 공정, 시음 등을 즐길 수 있다.",BASE+VJ,,https://map.kakao.com/?q=(주)한라산
608,이노에듀파크,,WEST,THEME,테마시설,COMMERCIAL→THEME,서귀포시 대정읍,33.2807691,126.2778171,제주특별자치도 서귀포시 대정읍 글로벌에듀로 370,,서귀포시 대정읍에 있는 테마시설입니다.,서귀포시 대정읍에 있는 테마시설입니다.,BASE,설명 기본 문구; 세부설명 없음 → 한 줄 소개로 대체; 사진 없음,https://map.kakao.com/?q=이노에듀파크
612,제주아리온승마장,,WEST,EXPERIENCE,체험 활동 관광지,LEISURE→EXPERIENCE,서귀포시 안덕면,33.3109934,126.3339971,제주특별자치도 서귀포시 안덕면 동광리 1391 체,https://api.cdn.visitjeju.net/photomng/imgpath/202306/19/f8363c40-625f-45a3-b192-70e0c10a1269.webp,어린이도 쉽게 탈 수 있는 승마체험,어린이도 쉽게 탈 수 있는 승마체험,BASE+VJ+TOUR,,https://map.kakao.com/?q=제주아리온승마장
613,동광녹색농촌체험마을방문자센터,,WEST,EXPERIENCE,체험 활동 관광지,HISTORY→EXPERIENCE,서귀포시 안덕면,33.30649,126.3375981,제주특별자치도 서귀포시 안덕면 동광로 107,https://tong.visitkorea.or.kr/cms/resource/15/3024315_image2_1.jpg,동광리농촌체험마을은 안덕면 동광리에서 운영하는 녹색 농촌 체험 마을이다.,"동광리농촌체험마을은 안덕면 동광리에서 운영하는 녹색 농촌 체험 마을이다. 동광마을은 해발 200m~400m에 위치하며 한라산 남서 사면의 완만한 용암 평원에 입지한 중산간 내륙의 산촌으로 크고 작은 오름과 숲으로 둘러싸여 있다. 제주 4·3 사건의 아픔을 겪었던 마을로 잃어버린 마을과 표석비, 주민들의 피난처였던 큰넓궤, 한 묘, 돌다리 등 4·3 유적지가 남아있다. 체험마을은 폐교된 동광 분교를 리모델링했으며 관광객 및 제주도민들을 위한 농촌 체험 프로그램이 항상 준비되어 있다. 프로그램으로는 눈썰매 타기 및 연날리기 체험, 한우 사육 및 조랑말 체험 활동, 고사리 꺾기와 야생화 관찰, 돌담 쌓기와 젖소 체험 활동, 오름 탐사 및 동식물 탐사 체험, 4·3유적지 탐사, 민속놀이 체험, 감자범벅 만들기와 맷돌 갈기, 대나무 활쏘기 및 대나무 물총 만들기, 핸드폰과 열쇠고리 만들기 등이 있다. 이 밖에 방문자 센터, 숙박 시설, 천연잔디구장을 비롯한 체육시설 등을 마련해 다양한 프로그램의 장으로 활용하고 있다. 또한 북오름 생태공원 산책로를 방문자 센터와 연결해 방문객들이 오름을 등반하며 아름다운 자연 생태를 직접 느끼도록 조성했다. 북오름과 거린오름, 곶자왈이 가까이 있고 마라도를 볼 수 있는 아름다운 풍광도 갖고 있다. 2016년에 농림축산식품부와 한국농어촌공사가 추천하는 농촌관광코스 10선에 선정되기도 했다.",BASE+TOUR,TourAPI 이름 다름(동광리농촌체험마을); 관광지인지 확인(도서관·교회·골프 등),https://map.kakao.com/?q=동광녹색농촌체험마을방문자센터
616,돌하루방박물관,,EAST,CULTURE,문화시설,,제주시 조천읍,33.5389838,126.6886802,제주특별자치도 제주시 조천읍 북촌서1길 70,,제주시 조천읍에 있는 문화시설입니다.,제주시 조천읍에 있는 문화시설입니다.,BASE,설명 기본 문구; 세부설명 없음 → 한 줄 소개로 대체; 사진 없음,https://map.kakao.com/?q=돌하루방박물관
618,메이즈랜드,메이즈랜드,EAST,THEME,테마시설,,제주시 구좌읍,33.4890306,126.8011034,제주특별자치도 제주시 구좌읍 비자림로 2134-47,https://api.cdn.visitjeju.net/photomng/imgpath/202407/08/01090aef-03ad-472b-a054-75636fc88679.webp,"현무암으로 조성된 세계 최장 석축 미로공원, 메이즈랜드","현무암으로 조성된 세계 최장 석축 미로공원, 메이즈랜드",AI+BASE+VJ+TOUR,,https://map.kakao.com/?q=메이즈랜드
619,장안사,,NORTH,HISTORY,역사·유적·종교 시설,,제주시 도두동,33.5062184,126.4684575,제주특별자치도 제주시 서해안로 195,,제주시 도두동에 있는 역사·유적·종교 시설입니다.,제주시 도두동에 있는 역사·유적·종교 시설입니다.,BASE,설명 기본 문구; 세부설명 없음 → 한 줄 소개로 대체; 사진 없음,https://map.kakao.com/?q=장안사
620,MUSEUMARARIO,,NORTH,CULTURE,문화시설,,제주시 일도1동,33.5135631,126.5284367,제주특별자치도 제주시 산지로 37-5,,제주시 일도1동에 있는 문화시설입니다.,제주시 일도1동에 있는 문화시설입니다.,BASE,설명 기본 문구; 세부설명 없음 → 한 줄 소개로 대체; 사진 없음,https://map.kakao.com/?q=MUSEUMARARIO
623,새미오름,,EAST,NATURE,자연관광지,,제주시 구좌읍,33.4502222,126.7601306,제주특별자치도 제주시 구좌읍 송당리 산 145임,https://api.cdn.visitjeju.net/photomng/imgpath/201804/30/7748715d-18cb-4e32-bee9-f8ff0b4dcbd9.webp,솟아난 물이 바다쪽으로 흐르지 않고 한라산쪽으로 거슬러 흐른다는 뜻의 오름,솟아난 물이 바다쪽으로 흐르지 않고 한라산쪽으로 거슬러 흐른다는 뜻의 오름,BASE+VJ+TOUR,,https://map.kakao.com/?q=새미오름
625,제주현대미술관,제주현대미술관,WEST,CULTURE,문화시설,,제주시 한경면,33.3396445,126.2655849,제주특별자치도 제주시 한경면 저지14길 35,https://api.cdn.visitjeju.net/photomng/imgpath/202111/11/0122a955-3f3e-4f56-b3b9-907c11ba5a46.webp,저지문화에술이마을에 자리한 현대미술관,저지문화에술이마을에 자리한 현대미술관,AI+BASE+VJ+TOUR,,https://map.kakao.com/?q=제주현대미술관
627,제주조각공원,,WEST,NATURE,자연관광지,THEME→NATURE,서귀포시 안덕면,33.2516367,126.3216697,제주특별자치도 서귀포시 안덕면 일주서로 1836,,서귀포시 안덕면에 있는 자연관광지입니다.,서귀포시 안덕면에 있는 자연관광지입니다.,BASE,설명 기본 문구; 세부설명 없음 → 한 줄 소개로 대체; 사진 없음,https://map.kakao.com/?q=제주조각공원
629,성읍랜드,,EAST,THEME,테마시설,EXPERIENCE→THEME,서귀포시 표선면,33.3978144,126.7864945,제주특별자치도 서귀포시 표선면 성읍리 2055임,,서귀포시 표선면에 있는 테마시설입니다.,서귀포시 표선면에 있는 테마시설입니다.,BASE,설명 기본 문구; 세부설명 없음 → 한 줄 소개로 대체; 사진 없음,https://map.kakao.com/?q=성읍랜드
636,용마마을,,NORTH,TRAIL,산책로·둘레길,,제주시 용담2동,33.5147124,126.5076553,제주특별자치도 제주시 용담삼동,,제주시 용담2동에 있는 산책로·둘레길입니다.,제주시 용담2동에 있는 산책로·둘레길입니다.,BASE,설명 기본 문구; 세부설명 없음 → 한 줄 소개로 대체; 사진 없음,https://map.kakao.com/?q=용마마을
637,평화통일불사리탑사,,EAST,HISTORY,역사·유적·종교 시설,,제주시 조천읍,33.5320314,126.636391,제주특별자치도 제주시 조천읍 일주동로 884,https://api.cdn.visitjeju.net/photomng/imgpath/201804/30/dcdab854-f2d2-4e81-b5c4-81a8b3ee5045.webp,남과 북의 평화통일의 기원성지,남과 북의 평화통일의 기원성지,BASE+VJ+TOUR,,https://map.kakao.com/?q=평화통일불사리탑사
639,관음사등산로입구,,NORTH,NATURE,자연관광지,,제주시 아라동,33.4224243,126.5504506,제주특별자치도 제주시 산록북로 588,https://api.cdn.visitjeju.net/photomng/imgpath/201908/29/3da5f721-c928-466d-ad52-00e4e844cfa5.webp,"휴식, 명상을 통해 자기자신을 들여다보는 시간","휴식, 명상을 통해 자기자신을 들여다보는 시간",BASE+VJ+TOUR,,https://map.kakao.com/?q=관음사등산로입구
640,제주센트럴파크미니미니랜드,,EAST,THEME,테마시설,,제주시 조천읍,33.4342546,126.6749129,제주특별자치도 제주시 조천읍 비자림로 606,https://api.cdn.visitjeju.net/photomng/imgpath/202409/26/aeaf8073-5337-4e0e-ada2-7c1f6857206c.webp,오감만족 체험과 세계여행을 한 번에 하는 복합테마파크,오감만족 체험과 세계여행을 한 번에 하는 복합테마파크,BASE+VJ+TOUR,,https://map.kakao.com/?q=제주센트럴파크미니미니랜드
642,도깨비휴게소,,NORTH,EXPERIENCE,체험 활동 관광지,,제주시 연동,33.4512048,126.4872295,제주특별자치도 제주시 1100로 2894-63,,제주시 연동에 있는 체험 활동 관광지입니다.,제주시 연동에 있는 체험 활동 관광지입니다.,BASE,설명 기본 문구; 세부설명 없음 → 한 줄 소개로 대체; 사진 없음; 관광지인지 확인(도서관·교회·골프 등),https://map.kakao.com/?q=도깨비휴게소
643,김정문알로에 알로에숲,,EAST,NATURE,자연관광지,TRAIL→NATURE,서귀포시 성산읍,33.3845781,126.8058718,제주특별자치도 서귀포시 성산읍 성읍정의현로32번길 43,https://api.cdn.visitjeju.net/photomng/imgpath/202507/30/3a9952b7-4e90-4a96-bd24-08478f19fb0b.webp,세계최대 알로에 전문식물원,세계최대 알로에 전문식물원,BASE+VJ,,https://map.kakao.com/?q=김정문알로에 알로에숲
644,연동천주교회,,NORTH,HISTORY,역사·유적·종교 시설,,제주시 노형동,33.4682409,126.4838077,제주특별자치도 제주시 1100로 3157,,제주시 노형동에 있는 역사·유적·종교 시설입니다.,제주시 노형동에 있는 역사·유적·종교 시설입니다.,BASE,설명 기본 문구; 세부설명 없음 → 한 줄 소개로 대체; 사진 없음; 관광지인지 확인(도서관·교회·골프 등),https://map.kakao.com/?q=연동천주교회
646,서귀포시평생학습관,,SOUTH,CULTURE,문화시설,,서귀포시 동홍동,33.2585993,126.5617402,제주특별자치도 서귀포시 중앙로150번길 4-1,,서귀포시 동홍동에 있는 문화시설입니다.,서귀포시 동홍동에 있는 문화시설입니다.,BASE,설명 기본 문구; 세부설명 없음 → 한 줄 소개로 대체; 사진 없음,https://map.kakao.com/?q=서귀포시평생학습관
652,우도창작스튜디오,,EAST,CULTURE,문화시설,,제주시 우도면,33.507522,126.9557772,제주특별자치도 제주시 우도면 영일진사길 15-5,https://api.cdn.visitjeju.net/photomng/imgpath/202408/21/edc894d2-02ca-4bc6-9d89-0681a696f58c.webp,소가 누운 형상을 닮은 제주의 가장 큰 부속섬,소가 누운 형상을 닮은 제주의 가장 큰 부속섬,BASE+VJ+TOUR,관광지인지 확인(도서관·교회·골프 등),https://map.kakao.com/?q=우도창작스튜디오
656,표선민속오일장,,EAST,COMMERCIAL,상업지구,,서귀포시 표선면,33.3227542,126.830276,제주특별자치도 서귀포시 표선면 표선동서로 203-1,https://api.cdn.visitjeju.net/photomng/imgpath/201804/30/30673c18-3a74-4e96-8ca2-90fd8f8e6a18.webp,남쪽 사람들의 정겨움을 느낄 수 있는 오일시장,남쪽 사람들의 정겨움을 느낄 수 있는 오일시장,BASE+VJ+TOUR,,https://map.kakao.com/?q=표선민속오일장
657,아이스크림연구소,,SOUTH,COMMERCIAL,상업지구,,서귀포시 중앙동,33.2494615,126.5622622,제주특별자치도 서귀포시 중앙로54번길 14,,서귀포시 중앙동에 있는 상업지구입니다.,서귀포시 중앙동에 있는 상업지구입니다.,BASE,설명 기본 문구; 세부설명 없음 → 한 줄 소개로 대체; 사진 없음,https://map.kakao.com/?q=아이스크림연구소
659,팝스DVD영화관,,NORTH,CULTURE,문화시설,,제주시 연동,33.4875104,126.4908649,제주특별자치도 제주시 연동7길 25,,제주시 연동에 있는 문화시설입니다.,제주시 연동에 있는 문화시설입니다.,BASE,설명 기본 문구; 세부설명 없음 → 한 줄 소개로 대체; 사진 없음,https://map.kakao.com/?q=팝스DVD영화관
662,신창천주교회,,WEST,HISTORY,역사·유적·종교 시설,,제주시 한경면,33.3450646,126.1836908,제주특별자치도 제주시 한경면 일주서로 4247,,제주시 한경면에 있는 역사·유적·종교 시설입니다.,제주시 한경면에 있는 역사·유적·종교 시설입니다.,BASE,설명 기본 문구; 세부설명 없음 → 한 줄 소개로 대체; 사진 없음; 관광지인지 확인(도서관·교회·골프 등),https://map.kakao.com/?q=신창천주교회
663,쇠소깍산물관망농원,,SOUTH,CULTURE,문화시설,,서귀포시 남원읍,33.2578722,126.6247054,제주특별자치도 서귀포시 남원읍 하례로 90,https://api.cdn.visitjeju.net/photomng/imgpath/202410/16/a8784094-08b6-4e9e-acf2-d86ab445dda5.webp,"제주올레 5코스의 끝이자 6코스의 시작으로, 바닷물과 민물이 만나는 비밀스러운 계곡","제주올레 5코스의 끝이자 6코스의 시작으로, 바닷물과 민물이 만나는 비밀스러운 계곡",BASE+VJ+TOUR,,https://map.kakao.com/?q=쇠소깍산물관망농원
664,쇠와꽃승마장,,EAST,EXPERIENCE,체험 활동 관광지,,서귀포시 성산읍,33.4472524,126.9199359,제주특별자치도 서귀포시 성산읍 섭지코지로25번길 88-17,https://api.cdn.visitjeju.net/photomng/imgpath/202112/13/306623b5-3df5-49dd-866d-a42773e1e215.webp,성산일출봉을 바라보며 승마를 즐기다,성산일출봉을 바라보며 승마를 즐기다,BASE+VJ+TOUR,,https://map.kakao.com/?q=쇠와꽃승마장
665,진비치하우스,,NORTH,NATURE,자연관광지,,제주시 용담2동,33.5182233,126.4886424,제주특별자치도 제주시 서해안로 456-4,,제주시 용담2동에 있는 자연관광지입니다.,제주시 용담2동에 있는 자연관광지입니다.,BASE,설명 기본 문구; 세부설명 없음 → 한 줄 소개로 대체; 사진 없음,https://map.kakao.com/?q=진비치하우스
667,나인브릿지골프클럽,,WEST,LEISURE,레저·스포츠 관련 시설,,서귀포시 안덕면,33.3357723,126.4007936,제주특별자치도 서귀포시 안덕면 광평로 34-156,https://api.cdn.visitjeju.net/photomng/imgpath/201907/25/1978f51c-6ccf-472c-889d-f0485a408ec0.webp,명성에 품격을 더한 회원제 골프장,명성에 품격을 더한 회원제 골프장,BASE+VJ,비짓제주 이름 다름(클럽나인브릿지); 관광지인지 확인(도서관·교회·골프 등),https://map.kakao.com/?q=나인브릿지골프클럽
669,연북정,,EAST,HISTORY,역사·유적·종교 시설,,제주시 조천읍,33.5402034,126.6359836,제주특별자치도 제주시 조천읍 조천리 2690대,https://api.cdn.visitjeju.net/photomng/imgpath/201804/30/37c8a1a0-8774-4b53-8575-a52529702a76.webp,임금에 대한 사모의 충정을 보내던 조선시대의 정자 · 제주시 조천읍 조천리 · 제주도 유형문화재 제3호 · 올레18코스,"조천읍 조천리 바닷가에서 위치한 조선시대의 정자이다. 제주도 유형문화재로 지정되어 있다. 연북정은 객사(客舍)로, 원래 조천성(朝天城) 밖에 있었다고 하나 창건 연대는 미상이며, 1590년(선조 23)에 이옥절제사(李沃節制使)가 성을 동 북쪽으로 물려 쌓고 그 위에 옮겨 세워 쌍벽정(雙壁亭)이라 하였다고 한다. 교수(敎授) 곽기수(郭期壽)의 중창기에 의하면, 조천관은 바다 어귀에 있는데, 육지로 나가는 사람들이 바람을 관측하는 곳이다. 조천(朝天)이라 이름을 지은 것도 이 때문이다. 절제사 이옥이 부임한 다음 해 경인년 (庚寅年)에 막부(幕府)의 제공(諸公)과 협의하고 아전과 주민에게, ‘조천에 관을 두게 된 것은 실로 도적들이 다니는 길목의 요충이며, 왕명을 받은 사신들이 왕래하는 곳이기 때문인데, 이같이 성이 좁고 건물이 노후해서야 되겠는가, 어찌 농사를 짓는 틈틈이 개축하여 웅장하고 화려하게 하여야 하지 않겠는가.’ 하니, 모두가 옳다고 하였다. 
마침내 여러 재주 있는 역군들을 동원하여 10월에 착공하고 12월에 마쳤다. 성은 동북쪽으로 물려서 쌓고 그 위에 망루를 안치하여 쌍벽(雙璧)이라 하였다. 쌍벽(雙璧)은 청산녹수(靑山綠水)에 접하여 있다는 뜻에서 붙인 이름이라고도 한다. 그 후 선조 32년(1599)에는 성윤문(成允文) 목사가 그 건물을 중수하고 ‘임금을 사모한다’는 뜻으로 연북정(戀北亭)이라 개칭하였다. 지금의 건물은 1973년에 보수한 것인데, 보수 당시 ‘용(龍) ·가경이십오년경진이월십오일진시입주상량(嘉慶二十五年庚辰二月十五日辰時入柱上樑) · 호(虎)’라 한 명문(銘文)이 발견된 것으로 보아, 연북정은 가경(嘉慶) 25년, 즉 순조 20년(1820) 마지막으로 보수된 듯하다. 이 정자가 세워져 있는 조천포구는 화북포와 함께 관원이나 도민들이 본토를 왕래하는 관문(關門)이었을 뿐만 아니라 순풍을 기다리며 머무는 휴식처이기도 하였다. 일제강점기에는 이 정자가 경찰관 주재소로 사용되기도 하였다.",BASE+VJ+TOUR,,https://map.kakao.com/?q=연북정
670,삼매봉공원,,SOUTH,NATURE,자연관광지,,서귀포시 천지동,33.2438922,126.5463482,제주특별자치도 서귀포시 남성로115번길 83,https://api.cdn.visitjeju.net/photomng/imgpath/202112/23/e0ca782d-df62-4b58-bda3-e16920b10611.webp,외돌개 앞에 위치한 작은 오름,외돌개 앞에 위치한 작은 오름,BASE+VJ+TOUR,,https://map.kakao.com/?q=삼매봉공원
672,한라하이킹,,NORTH,LEISURE,레저·스포츠 관련 시설,,제주시 용담2동,33.5131381,126.514022,제주특별자치도 제주시 용두암길 50-1,,제주시 용담2동에 있는 레저·스포츠 관련 시설입니다.,제주시 용담2동에 있는 레저·스포츠 관련 시설입니다.,BASE,설명 기본 문구; 세부설명 없음 → 한 줄 소개로 대체; 사진 없음,https://map.kakao.com/?q=한라하이킹
675,엘리시안제주컨트리클럽,,WEST,LEISURE,레저·스포츠 관련 시설,,제주시 애월읍,33.3667143,126.3730991,제주특별자치도 제주시 애월읍 평화로 1738-116,https://tong.visitkorea.or.kr/cms/resource/41/4073641_image2_1.jpg,제주시 애월읍에 위치한 엘리시안 제주 컨트리클럽은 한라산 경관과 한림 앞바다를 조망하는 라운딩을 즐길 수 있는 골프장이다.,"제주시 애월읍에 위치한 엘리시안 제주 컨트리클럽은 한라산 경관과 한림 앞바다를 조망하는 라운딩을 즐길 수 있는 골프장이다. 자연이 주는 장엄한 아름다움을 4개 코스에 고스란히 담아 라운딩의 재미를 극대화 시켜준다. 엘리시안 컨트리클럽은 라운딩만을 즐기는 공간이 아닌, 기업의 세미나, 각종 행사와 호텔급 숙박까지 가능한 종합 골프 리조트이다.",BASE+TOUR,,https://map.kakao.com/?q=엘리시안제주컨트리클럽
676,일월선셋비치,,WEST,COMMERCIAL,상업지구,,제주시 애월읍,33.4629252,126.3092448,제주특별자치도 제주시 애월읍 애월북서길 56-1,,제주시 애월읍에 있는 상업지구입니다.,제주시 애월읍에 있는 상업지구입니다.,BASE,설명 기본 문구; 세부설명 없음 → 한 줄 소개로 대체; 사진 없음,https://map.kakao.com/?q=일월선셋비치
677,제주다원 녹차테마파크,,SOUTH,THEME,테마시설,,서귀포시 예래동,33.2937157,126.4224685,제주특별자치도 서귀포시 산록남로 1258,https://api.cdn.visitjeju.net/photomng/imgpath/202111/18/8ff45c52-eaed-4b08-9ab8-2c25c05fd6d0.webp,하늘과 바다가 맞닿은 지상최고의 전망과 신이 연출한 대자연 속 녹차미로공원에서 차한잔의 여유를 즐겨보자.,하늘과 바다가 맞닿은 지상최고의 전망과 신이 연출한 대자연 속 녹차미로공원에서 차한잔의 여유를 즐겨보자.,BASE+VJ,,https://map.kakao.com/?q=제주다원 녹차테마파크
678,제주동문재래시장,제주동문재래시장,NORTH,COMMERCIAL,상업지구,,제주시 이도일동,33.5115851,126.5260174,제주특별자치도 제주시 관덕로14길 20,https://api.cdn.visitjeju.net/photomng/imgpath/202410/16/cb66093f-ad09-4347-8e91-3476ea9637bb.webp,"다양한 먹거리와 상업의 중심, 제주 동문 재래시장","다양한 먹거리와 상업의 중심, 제주 동문 재래시장",AI+BASE+VJ+TOUR,확인필요: 같은 이름이 27.7km 떨어진 곳에 또 있음(336번) → 틀린 쪽은 exclude=Y,https://map.kakao.com/?q=제주동문재래시장
681,수목원길,수목원길야시장,NORTH,COMMERCIAL,상업지구,,제주시 연동,33.4713198,126.488029,제주특별자치도 제주시 은수길 65,https://api.cdn.visitjeju.net/photomng/imgpath/201804/30/9bf34a74-0bd5-4394-95be-c088b44805c6.webp,"제주아이스뮤지엄, 3D 착시아트, 5D 영상관 등의 독특한 테마를 볼 수 있는 실내 관광지","제주아이스뮤지엄, 3D 착시아트, 5D 영상관 등의 독특한 테마를 볼 수 있는 실내 관광지",AI+BASE+VJ+TOUR,AI 후보 '수목원길야시장'와 연결(이름 다름) → 확인,https://map.kakao.com/?q=수목원길
682,토이마켓,,NORTH,COMMERCIAL,상업지구,,제주시 건입동,33.5118159,126.5463064,제주특별자치도 제주시 동문로 192,https://tong.visitkorea.or.kr/cms/resource/88/4042388_image2_1.png,토이마켓은 아이들의 꿈과 상상력이 자라나는 거대한 장난감 세상입니다.,"토이마켓은 아이들의 꿈과 상상력이 자라나는 거대한 장난감 세상입니다. 전 세계의 인기 교구와 완구들을 전문가의 안목으로 엄선하여 제공하며, 안전하고 유익한 놀이 문화를 선도하는 든든한 육아 파트너가 되고자 합니다.",BASE+TOUR,확인필요: 같은 이름이 29.4km 떨어진 곳에 또 있음(722번) → 틀린 쪽은 exclude=Y,https://map.kakao.com/?q=토이마켓
683,롯데시네마제주아라4관,,NORTH,CULTURE,문화시설,,제주시 아라동,33.483826,126.5359077,제주특별자치도 제주시 구산로 4,,제주시 아라동에 있는 문화시설입니다.,제주시 아라동에 있는 문화시설입니다.,BASE,설명 기본 문구; 세부설명 없음 → 한 줄 소개로 대체; 사진 없음,https://map.kakao.com/?q=롯데시네마제주아라4관
688,에코랜드컨트리클럽,,EAST,THEME,테마시설,EXPERIENCE→THEME,제주시 조천읍,33.4689586,126.6692538,제주특별자치도 제주시 조천읍 대흘리 1221-1 체,,제주시 조천읍에 있는 테마시설입니다.,제주시 조천읍에 있는 테마시설입니다.,BASE,설명 기본 문구; 세부설명 없음 → 한 줄 소개로 대체; 사진 없음,https://map.kakao.com/?q=에코랜드컨트리클럽
689,종달스토리,,EAST,COMMERCIAL,상업지구,,제주시 구좌읍,33.4917451,126.9001849,제주특별자치도 제주시 구좌읍 종달논길 61-7,https://tong.visitkorea.or.kr/cms/resource/36/3553836_image2_1.jpg,‘종처럼 생긴 산(지미봉) 밑에 위치한다’라는 뜻을 가진 종달리해변은 넓은 모래 해변이 깔려있다.,‘종처럼 생긴 산(지미봉) 밑에 위치한다’라는 뜻을 가진 종달리해변은 넓은 모래 해변이 깔려있다. 비교적 잘 알려지지 않은 종달리해변은 조용하게 여행하고 싶은 사람들에게 추천하는 곳이다. 종달리해변에서는 성산일출봉과 우도가 아름답게 보인다. 특히 종달리해변 옆에 있는 해안도로는 수국이 아름답기로 유명한 길이 형성되어 있다.,BASE+TOUR,TourAPI 이름 다름(종달리해변),https://map.kakao.com/?q=종달스토리
691,글라스하우스,,EAST,CULTURE,문화시설,,서귀포시 성산읍,33.4291015,126.9338905,제주특별자치도 서귀포시 성산읍 고성리 46 대,https://tong.visitkorea.or.kr/cms/resource/77/3096277_image2_1.jpg,제주 섭지코지에 자리한 글라스하우스는 현대건축의 거장으로 꼽히는 안도 다다오의 작품이다.,"제주 섭지코지에 자리한 글라스하우스는 현대건축의 거장으로 꼽히는 안도 다다오의 작품이다. 일본 출신의 건축가인 그는 노출 콘크리트를 시적으로 승화시킨 독창적인 아이디어와 자연, 빛과 조화롭게 어우러진 건축물로 국내에서도 뜨거운 인기를 누리고 있다. 글라스하우스는 곧게 뻗은 선과 네모반듯한 면이 작가의 상징처럼 느껴진다. 건축물의 모양새는 바다를 향해 기지개를 켜듯 꺾쇠 형태로 뻗어 나간다. 간결해 보이지만 안도 다다오만의 섬세한 매력이 곳곳에 숨어 있다. 글라스하우스는 플로이스트 베이커리 카페, 소품샵 페이보릿 아일랜드로 이루어져 있다. 특히 플로이스트 베이커리 카페는 탁 트인 통유리 너머 제주 바다의 아름다움까지 즐길 수 있어 낭만적인 분위기를 즐기기에 좋다. 해가 질 무렵이면 카페 전체가 붉은 노을에 물든다. 

 ◎ 한류의 매력을 만나는 여행 정보 - 영화 
마녀 프로젝트를 만든 백총괄의 신비로운 저택은 휘닉스 제주의 글라스 하우스이다. 글라스 하우스의 민트레스토랑은 어느 자리에서든 넓게 펼쳐진 바다를 볼 수 있다. 건물이 위치한 섭지코지와 함께 둘러보기를 추천한다.",BASE+TOUR,,https://map.kakao.com/?q=글라스하우스
692,천주교중문교회,,SOUTH,HISTORY,역사·유적·종교 시설,,서귀포시 중문동,33.2538174,126.4213957,제주특별자치도 서귀포시 천제연로 149,,서귀포시 중문동에 있는 역사·유적·종교 시설입니다.,서귀포시 중문동에 있는 역사·유적·종교 시설입니다.,BASE,설명 기본 문구; 세부설명 없음 → 한 줄 소개로 대체; 사진 없음; 관광지인지 확인(도서관·교회·골프 등),https://map.kakao.com/?q=천주교중문교회
693,자연사랑미술관,,EAST,CULTURE,문화시설,,서귀포시 표선면,33.3554723,126.7714517,제주특별자치도 서귀포시 표선면 가시로613번길 46,https://api.cdn.visitjeju.net/photomng/imgpath/201901/18/4fdc91b9-7dd5-4305-bc4c-9fdcd381fb37.webp,가시초등학교를 활용한 사진갤러리,"서귀포시에 위치한 사진갤러리이다. 폐교된 가시초등학교를 활용해 90평 규모의 넓은 전시 공간을 가진 것이 특징이다. 제주는 천혜의 자연경관으로 이루어진 화산섬으로, 섬 곳곳에 독특한 경관과 문화가 서려 있다. 이런 제주의 자연과 민속을 담은 사진가 서재철의 작품을 한눈에 볼 수 있도록 전시했다. 자연사랑미술관은 가시초등학교의 옛 모습을 담은 사진 전시실, 사진과 책을 판매하는 공간과 쉼터로 구성되어 있다. 땅 할아버지라는 의미의 따라비전시장에서는 제주오름(기생화산)의 다양한 모습을 만날 수 있고, 바람이 머무는 곳이라는 뜻의 바람자리전시장에서는 한라산과 바다를 통해 제주의 비경과 사계절을 느낄 수 있다. 그 외에 화산탄을 전시한 야외 화산탄 갤러리가 있다.",BASE+VJ+TOUR,,https://map.kakao.com/?q=자연사랑미술관
695,탐라도서관,,NORTH,CULTURE,문화시설,,제주시 노형동,33.4791986,126.4771987,제주특별자치도 제주시 정원로 50,,제주시 노형동에 있는 문화시설입니다.,제주시 노형동에 있는 문화시설입니다.,BASE,설명 기본 문구; 세부설명 없음 → 한 줄 소개로 대체; 사진 없음; 관광지인지 확인(도서관·교회·골프 등),https://map.kakao.com/?q=탐라도서관
696,중문카트체험장,,SOUTH,EXPERIENCE,체험 활동 관광지,,서귀포시 예래동,33.2642276,126.3942402,제주특별자치도 서귀포시 상예동 1759-1 대,https://api.cdn.visitjeju.net/photomng/imgpath/202306/20/6a03454d-84a8-4503-810c-bcf9ee04968c.webp,중문 숲속을 거닐며 즐기는 승마체험,중문 숲속을 거닐며 즐기는 승마체험,BASE+VJ+TOUR,비짓제주 이름 다름(중문승마체험장),https://map.kakao.com/?q=중문카트체험장
697,마방목지,마방목지,NORTH,NATURE,자연관광지,,제주시 용강동,33.4276374,126.603596,제주특별자치도 제주시 516로 2480,https://api.cdn.visitjeju.net/photomng/imgpath/201804/30/9701ce03-cb6e-4035-9f31-5d7b619de3bf.webp,제주혈통 조랑말이 뛰어노는 초원지대,제주혈통 조랑말이 뛰어노는 초원지대,AI+BASE+VJ+TOUR,,https://map.kakao.com/?q=마방목지
701,월정비취,,EAST,COMMERCIAL,상업지구,,제주시 구좌읍,33.5547903,126.797959,제주특별자치도 제주시 구좌읍 해맞이해안로 480,,제주시 구좌읍에 있는 상업지구입니다.,제주시 구좌읍에 있는 상업지구입니다.,BASE,설명 기본 문구; 세부설명 없음 → 한 줄 소개로 대체; 사진 없음,https://map.kakao.com/?q=월정비취
702,제이바이시클,,NORTH,LEISURE,레저·스포츠 관련 시설,,제주시 용담1동,33.5091988,126.5160211,제주특별자치도 제주시 용담로19길 6,https://api.cdn.visitjeju.net/photomng/imgpath/202601/11/e5814266-e740-4b41-bb20-731fecee079f.jpg,제주도 자전거 렌탈/싸이클링 투어 전문,제주도 자전거 렌탈/싸이클링 투어 전문,BASE+VJ,,https://map.kakao.com/?q=제이바이시클
703,조수리박물관,,WEST,CULTURE,문화시설,,제주시 한경면,33.3361006,126.2272224,제주특별자치도 제주시 한경면 용금로 449,,제주시 한경면에 있는 문화시설입니다.,제주시 한경면에 있는 문화시설입니다.,BASE,설명 기본 문구; 세부설명 없음 → 한 줄 소개로 대체; 사진 없음,https://map.kakao.com/?q=조수리박물관
705,미래골프클럽,,WEST,LEISURE,레저·스포츠 관련 시설,,제주시 애월읍,33.4296803,126.4218036,제주특별자치도 제주시 애월읍 고성남서길 52-3,,제주시 애월읍에 있는 레저·스포츠 관련 시설입니다.,제주시 애월읍에 있는 레저·스포츠 관련 시설입니다.,BASE,설명 기본 문구; 세부설명 없음 → 한 줄 소개로 대체; 사진 없음; 관광지인지 확인(도서관·교회·골프 등),https://map.kakao.com/?q=미래골프클럽
707,하례정원,,SOUTH,THEME,테마시설,NATURE→THEME,서귀포시 남원읍,33.2616217,126.63827,제주특별자치도 서귀포시 남원읍 하례망장포로 39,,서귀포시 남원읍에 있는 테마시설입니다.,서귀포시 남원읍에 있는 테마시설입니다.,BASE,설명 기본 문구; 세부설명 없음 → 한 줄 소개로 대체; 사진 없음,https://map.kakao.com/?q=하례정원
710,제주올레안내소,,SOUTH,TRAIL,산책로·둘레길,THEME→TRAIL,서귀포시 남원읍,33.2777868,126.71959,제주특별자치도 서귀포시 남원읍 남태해안로 140,,서귀포시 남원읍에 있는 산책로·둘레길입니다.,서귀포시 남원읍에 있는 산책로·둘레길입니다.,BASE,설명 기본 문구; 세부설명 없음 → 한 줄 소개로 대체; 사진 없음; 관광지인지 확인(도서관·교회·골프 등),https://map.kakao.com/?q=제주올레안내소
712,프라이탁,,NORTH,COMMERCIAL,상업지구,,제주시 삼도2동,33.5174635,126.5231616,제주특별자치도 제주시 탑동로 16,,제주시 삼도2동에 있는 상업지구입니다.,제주시 삼도2동에 있는 상업지구입니다.,BASE,설명 기본 문구; 세부설명 없음 → 한 줄 소개로 대체; 사진 없음,https://map.kakao.com/?q=프라이탁
716,에코파인,,NORTH,CULTURE,문화시설,,제주시 연동,33.4815633,126.4881933,제주특별자치도 제주시 연북로 66,,제주시 연동에 있는 문화시설입니다.,제주시 연동에 있는 문화시설입니다.,BASE,설명 기본 문구; 세부설명 없음 → 한 줄 소개로 대체; 사진 없음,https://map.kakao.com/?q=에코파인
717,삼다체육공원,,SOUTH,NATURE,자연관광지,LEISURE→NATURE,서귀포시 대륜동,33.2516251,126.516541,제주특별자치도 서귀포시 서호동 1602 공,,서귀포시 대륜동에 있는 자연관광지입니다.,서귀포시 대륜동에 있는 자연관광지입니다.,BASE,설명 기본 문구; 세부설명 없음 → 한 줄 소개로 대체; 사진 없음; 관광지인지 확인(도서관·교회·골프 등),https://map.kakao.com/?q=삼다체육공원
719,제주탑승마공원,,NORTH,EXPERIENCE,체험 활동 관광지,LEISURE→EXPERIENCE,제주시 봉개동,33.462095,126.6110845,제주특별자치도 제주시 명림로 278,,제주시 봉개동에 있는 체험 활동 관광지입니다.,제주시 봉개동에 있는 체험 활동 관광지입니다.,BASE,설명 기본 문구; 세부설명 없음 → 한 줄 소개로 대체; 사진 없음,https://map.kakao.com/?q=제주탑승마공원
722,토이마켓,,SOUTH,COMMERCIAL,상업지구,,서귀포시 천지동,33.2478342,126.5506444,제주특별자치도 서귀포시 하논로 84,,서귀포시 천지동에 있는 상업지구입니다.,서귀포시 천지동에 있는 상업지구입니다.,BASE,확인필요: 같은 이름이 29.4km 떨어진 곳에 또 있음(682번) → 틀린 쪽은 exclude=Y; 설명 기본 문구; 세부설명 없음 → 한 줄 소개로 대체; 사진 없음,https://map.kakao.com/?q=토이마켓
723,갤러리노리,,WEST,CULTURE,문화시설,,제주시 한림읍,33.3395868,126.2697781,제주특별자치도 제주시 한림읍 월림리 115-185 대,,제주시 한림읍에 있는 문화시설입니다.,제주시 한림읍에 있는 문화시설입니다.,BASE,설명 기본 문구; 세부설명 없음 → 한 줄 소개로 대체; 사진 없음,https://map.kakao.com/?q=갤러리노리
724,쇠머리오름,쇠머리오름,EAST,NATURE,자연관광지,,제주시 우도면,33.4920968,126.9635913,제주특별자치도 제주시 우도면 연평리 산 23,https://tong.visitkorea.or.kr/cms/resource/92/3527092_image2_1.jpg,제주시 구좌읍 종달리에서 조금 떨어진 우도(소섬)는 유인도로 소가 머리를 들고 누워있는 형태를 띠고 있다.,"제주시 구좌읍 종달리에서 조금 떨어진 우도(소섬)는 유인도로 소가 머리를 들고 누워있는 형태를 띠고 있다. 머리에 해당하는 부분을 소머리오름이라 하며, 우도 주민들은 섬머리로 통한다. 성산항에서 우도 동천진항까지 도항선이 운행되고 있으며 시간은 약 15분 소요된다. 오름의 남동 사면은 곧바로 해안단애를 이루며 바다로 내리지르고, 북사면은 용암유출에 의해 파괴된 형태로 완만한 용암대지의 우도마을로 이어져 있어 오름이 곧, 섬 그 자체인 셈이다. 소머리오름은 응회환의 수중 분화구이며 화구 안사면에는 저수지와 함께 병풍처럼 둘러쳐진 화구륜을 확인할 수 있고, 화구 중앙에 소위 알오름이라고 하는 화구구(火口丘)인 망동산이 솟아있다.",AI+BASE+TOUR,,https://map.kakao.com/?q=쇠머리오름
725,산세미오름,,WEST,NATURE,자연관광지,TRAIL→NATURE,제주시 애월읍,33.4086972,126.4341056,제주특별자치도 제주시 애월읍 고성리 산 127임,,제주시 애월읍에 있는 자연관광지입니다.,제주시 애월읍에 있는 자연관광지입니다.,BASE,설명 기본 문구; 세부설명 없음 → 한 줄 소개로 대체; 사진 없음,https://map.kakao.com/?q=산세미오름
727,제주영락교회,,NORTH,HISTORY,역사·유적·종교 시설,,제주시 일도2동,33.5109987,126.5430931,제주특별자치도 제주시 동광로23길 15,,제주시 일도2동에 있는 역사·유적·종교 시설입니다.,제주시 일도2동에 있는 역사·유적·종교 시설입니다.,BASE,설명 기본 문구; 세부설명 없음 → 한 줄 소개로 대체; 사진 없음; 관광지인지 확인(도서관·교회·골프 등),https://map.kakao.com/?q=제주영락교회
728,한라산아래첫마을,한라산아래첫마을,WEST,TRAIL,산책로·둘레길,,서귀포시 안덕면,33.3282092,126.3795496,제주특별자치도 서귀포시 안덕면 산록남로 675,,서귀포시 안덕면에 있는 산책로·둘레길입니다.,서귀포시 안덕면에 있는 산책로·둘레길입니다.,AI+BASE,설명 기본 문구; 세부설명 없음 → 한 줄 소개로 대체; 사진 없음,https://map.kakao.com/?q=한라산아래첫마을
729,제주영상문화산업진흥원,,NORTH,CULTURE,문화시설,FESTIVAL→CULTURE,제주시 일도2동,33.5061504,126.5338389,제주특별자치도 제주시 신산로 82,,제주시 일도2동에 있는 문화시설입니다.,제주시 일도2동에 있는 문화시설입니다.,BASE,설명 기본 문구; 세부설명 없음 → 한 줄 소개로 대체; 사진 없음,https://map.kakao.com/?q=제주영상문화산업진흥원
730,중문승마공원,,SOUTH,EXPERIENCE,체험 활동 관광지,NATURE→EXPERIENCE,서귀포시 중문동,33.2425655,126.4455583,제주특별자치도 서귀포시 이어도로 244,https://api.cdn.visitjeju.net/photomng/imgpath/201804/30/90b8a33e-038b-4100-ad0d-41c0030e5573.webp,중문에서 즐기는 승마 체험,중문에서 즐기는 승마 체험,BASE+VJ+TOUR,,https://map.kakao.com/?q=중문승마공원
731,동부골프연습장,,EAST,LEISURE,레저·스포츠 관련 시설,,서귀포시 성산읍,33.4623796,126.9040102,제주특별자치도 서귀포시 성산읍 일주동로4098번길 62,,서귀포시 성산읍에 있는 레저·스포츠 관련 시설입니다.,서귀포시 성산읍에 있는 레저·스포츠 관련 시설입니다.,BASE,설명 기본 문구; 세부설명 없음 → 한 줄 소개로 대체; 사진 없음; 관광지인지 확인(도서관·교회·골프 등),https://map.kakao.com/?q=동부골프연습장
732,봉개교회,,NORTH,HISTORY,역사·유적·종교 시설,,제주시 봉개동,33.4879409,126.6014621,제주특별자치도 제주시 번영로 561-8,,제주시 봉개동에 있는 역사·유적·종교 시설입니다.,제주시 봉개동에 있는 역사·유적·종교 시설입니다.,BASE,설명 기본 문구; 세부설명 없음 → 한 줄 소개로 대체; 사진 없음; 관광지인지 확인(도서관·교회·골프 등),https://map.kakao.com/?q=봉개교회
733,제주로컬 썸제주,,NORTH,COMMERCIAL,상업지구,,제주시 연동,33.493927,126.4815555,제주특별자치도 제주시 일주서로 7815,,제주시 연동에 있는 상업지구입니다.,제주시 연동에 있는 상업지구입니다.,BASE,설명 기본 문구; 세부설명 없음 → 한 줄 소개로 대체; 사진 없음,https://map.kakao.com/?q=제주로컬 썸제주
735,귤향기감귤체험농장,,NORTH,EXPERIENCE,체험 활동 관광지,,제주시 노형동,33.4648967,126.485751,제주특별자치도 제주시 1100로 3118,,"귤향기 감귤체험농장은 제주 노형동에 자리하고 있는 감귤 체험농장으로, 제주 시내와 국제공항과도 가까워 접근성이 좋은 곳이다.","귤향기 감귤체험농장은 제주 노형동에 자리하고 있는 감귤 체험농장으로, 제주 시내와 국제공항과도 가까워 접근성이 좋은 곳이다. 소정의 체험료를 내면 귤을 담을 바구니와 가위 등 체험 장비를 대여해 주고 1㎏을 가져갈 수 있다. 귤밭에는 예쁘게 꾸며져 있는 사진 명소가 많아 감귤 수확뿐만 아니라 기념사진도 남길 수 있다. 체험하면서 시식도 가능하며, 규모가 큰 편이라 여유롭게 체험할 수 있다. 체험 시기는 계절적 영향으로 변경될 수 있으며, 귤 따기 외에 하귤 청, 풋귤 청 만들기 등의 체험은 반드시 사전 예약을 해야 한다.",BASE+TOUR,사진 없음,https://map.kakao.com/?q=귤향기감귤체험농장
737,플레이롤러,,SOUTH,THEME,테마시설,,서귀포시 대륜동,33.2618926,126.5252755,제주특별자치도 서귀포시 중산간동로 8348,,서귀포시 대륜동에 있는 테마시설입니다.,서귀포시 대륜동에 있는 테마시설입니다.,BASE,설명 기본 문구; 세부설명 없음 → 한 줄 소개로 대체; 사진 없음,https://map.kakao.com/?q=플레이롤러
740,어울공원,,WEST,NATURE,자연관광지,THEME→NATURE,제주시 한림읍,33.4038819,126.2595245,제주특별자치도 제주시 한림읍 옹포리 20답,https://tong.visitkorea.or.kr/cms/resource/10/2864410_image2_1.jpg,"옹포천어울공원수영장은 제주도 서쪽 지역에 위치한 여름철 한정 무료 수영장으로, 매년 7월에서 8월 사이에 개장한다.","옹포천어울공원수영장은 제주도 서쪽 지역에 위치한 여름철 한정 무료 수영장으로, 매년 7월에서 8월 사이에 개장한다. 수영장은 제주 서부 지역의 주요 상수원 중 하나인 옹포천의 깨끗한 물을 사용하며, 용천수이기 때문에 물이 차갑고 시원한 것이 특징이다. 어린아이도 안전하게 물놀이를 즐길 수 있도록 조성되어 있다. 수영장 내에는 족욕장과 간단히 몸을 씻을 수 있는 샤워실, 탈의실 등의 편의시설도 무료로 이용할 수 있어 이용객들의 만족도가 높다. 단, 평상과 튜브 등 일부 편의용품은 유료로 대여할 수 있으며, 반려동물과 음식물 반입은 안전과 위생상의 이유로 금지되어 있다. 인근에는 협재해수욕장, 금능해수욕장 같은 아름다운 해변과 함께, 비양도로 향하는 배를 탈 수 있는 한림항도 가까이에 있어 물놀이 후 관광 코스를 연계하기에도 좋다.",BASE+TOUR,,https://map.kakao.com/?q=어울공원
741,함덕하타요가,,EAST,LEISURE,레저·스포츠 관련 시설,,제주시 조천읍,33.5424067,126.664448,제주특별자치도 제주시 조천읍 신북로 509,,제주시 조천읍에 있는 레저·스포츠 관련 시설입니다.,제주시 조천읍에 있는 레저·스포츠 관련 시설입니다.,BASE,설명 기본 문구; 세부설명 없음 → 한 줄 소개로 대체; 사진 없음,https://map.kakao.com/?q=함덕하타요가
742,우도박물관,,EAST,CULTURE,문화시설,HISTORY→CULTURE,제주시 우도면,33.5077535,126.9532409,제주특별자치도 제주시 우도면 우도로 163,https://api.cdn.visitjeju.net/photomng/imgpath/202408/21/edc894d2-02ca-4bc6-9d89-0681a696f58c.webp,소가 누운 형상을 닮은 제주의 가장 큰 부속섬,소가 누운 형상을 닮은 제주의 가장 큰 부속섬,BASE+VJ+TOUR,,https://map.kakao.com/?q=우도박물관
743,서귀포수협수산물직판장,,SOUTH,COMMERCIAL,상업지구,,서귀포시 송산동,33.23959,126.5642377,제주특별자치도 서귀포시 칠십리로72번길 1,,서귀포시 송산동에 있는 상업지구입니다.,서귀포시 송산동에 있는 상업지구입니다.,BASE,설명 기본 문구; 세부설명 없음 → 한 줄 소개로 대체; 사진 없음; 관광지인지 확인(도서관·교회·골프 등),https://map.kakao.com/?q=서귀포수협수산물직판장
1001,원앙폭포,원앙폭포,SOUTH,NATURE,자연관광지,,서귀포시 상효동,33.3001769,126.5813297,제주특별자치도 서귀포시 돈내코로 137,https://api.cdn.visitjeju.net/photomng/imgpath/201804/30/89d25fcd-996a-4efe-b2db-f1ea49f874fd.webp,금슬 좋은 원앙 한 쌍이 살았다고 전해져오는 곳,금슬 좋은 원앙 한 쌍이 살았다고 전해져오는 곳,AI+VJ+TOUR,,https://map.kakao.com/?q=원앙폭포
1002,소천지,소천지,SOUTH,NATURE,자연관광지,,서귀포시 보목동,33.2395691,126.5920887,제주특별자치도 서귀포시 보목동 1400,https://api.cdn.visitjeju.net/photomng/imgpath/202111/15/915f63fd-cfcf-4593-9a59-4a29d505b244.webp,바닷물과 암반이 어우러진 서귀포 해안 자연경관,바닷물과 암반이 어우러진 서귀포 해안 자연경관,AI+VJ+TOUR,,https://map.kakao.com/?q=소천지
1003,청굴물,청굴물,EAST,HISTORY,역사·유적·종교 시설,,제주시 구좌읍,33.5582919,126.7511575,제주특별자치도 제주시 구좌읍 김녕리 1296,https://api.cdn.visitjeju.net/photomng/imgpath/202410/17/ac19d9fe-3e84-4499-9a02-340415c3e843.webp,용천수가 솟아나오는 김녕의 지오트레일 코스,용천수가 솟아나오는 김녕의 지오트레일 코스,AI+VJ+TOUR,,https://map.kakao.com/?q=청굴물
1004,제주시민속오일시장,제주시민속오일시장,NORTH,COMMERCIAL,상업지구,,제주시 도두일동,33.497241,126.4754837,제주특별자치도 제주시 오일장서길 26,https://api.cdn.visitjeju.net/photomng/imgpath/201804/30/80b158d5-eb73-40aa-af17-efb399d6bde5.webp,제주 현지인의 삶을 가장 잘 말해주는 오일시장,제주 현지인의 삶을 가장 잘 말해주는 오일시장,AI+VJ+TOUR,,https://map.kakao.com/?q=제주시민속오일시장
1005,용두암,용두암,NORTH,NATURE,자연관광지,,제주시 용담2동,33.5161152,126.5119732,제주특별자치도 제주시 용담이동,https://api.cdn.visitjeju.net/photomng/imgpath/201804/30/1ba2e146-ef7a-4281-b27a-2a474b5705d4.webp,용이 승천하려다 뜻을 이루지 못하고 바위가 되었다는 전설이 전해지는 제주올레 17코스의 대표 해안 명소,용이 승천하려다 뜻을 이루지 못하고 바위가 되었다는 전설이 전해지는 제주올레 17코스의 대표 해안 명소,AI+VJ+TOUR,,https://map.kakao.com/?q=용두암
1006,도두동무지개해안도로,도두동무지개해안도로,NORTH,TRAIL,산책로·둘레길,,제주시 도두일동,33.509118,126.4713384,제주특별자치도 제주시 도두일동 1734,https://api.cdn.visitjeju.net/photomng/imgpath/201810/18/7cf0423f-14c9-4fe3-b525-d5553969cacb.webp,용담이호해안도로에서 도두동 가는 방향에 위치한 곳으로 방호벽이 무지개 색으로 페인팅되어 있다.,용담이호해안도로에서 도두동 가는 방향에 위치한 곳으로 방호벽이 무지개 색으로 페인팅되어 있다.,AI+VJ+TOUR,,https://map.kakao.com/?q=도두동무지개해안도로
1007,백약이오름,백약이오름,EAST,NATURE,자연관광지,,서귀포시 표선면,33.4368094,126.7897582,제주특별자치도 서귀포시 표선면 성읍리 산 1,https://api.cdn.visitjeju.net/photomng/imgpath/202410/16/451c6ced-dd69-41e5-af5b-94002ce18c19.webp,"하늘로 향하는 길, 백약이오름","하늘로 향하는 길, 백약이오름",AI+VJ+TOUR,,https://map.kakao.com/?q=백약이오름
1008,한라산국립공원 영실탐방로,한라산국립공원 영실탐방로,SOUTH,NATURE,자연관광지,,서귀포시 영남동,33.3594846,126.5128719,제주특별자치도 서귀포시 영남동,https://api.cdn.visitjeju.net/photomng/imgpath/202110/26/616ce943-7b6c-45c9-afdd-3958fda0530d.webp,"가장 짧지만 가장 아름다운, 한라산 등산코스","가장 짧지만 가장 아름다운, 한라산 등산코스",AI+VJ,,https://map.kakao.com/?q=한라산국립공원 영실탐방로
1009,제주동문재래야시장,제주동문재래야시장,NORTH,COMMERCIAL,상업지구,,제주시 이도일동,33.5115887,126.5260174,제주특별자치도 제주시 관덕로14길 20,https://api.cdn.visitjeju.net/photomng/imgpath/202410/16/cb66093f-ad09-4347-8e91-3476ea9637bb.webp,"다양한 먹거리와 상업의 중심, 제주 동문 재래시장","다양한 먹거리와 상업의 중심, 제주 동문 재래시장",AI+VJ+TOUR,,https://map.kakao.com/?q=제주동문재래야시장
1010,돌염전,돌염전,WEST,NATURE,자연관광지,,제주시 애월읍,33.483437,126.3764741,제주특별자치도 제주시 애월읍 구엄리,https://api.cdn.visitjeju.net/photomng/imgpath/201804/30/602b1bc2-4138-4d39-a893-3fcb94f14160.webp,해안 바위를 이용한 제주 전통 소금 생산 흔적이 남은 곳,해안 바위를 이용한 제주 전통 소금 생산 흔적이 남은 곳,AI+VJ+TOUR,,https://map.kakao.com/?q=돌염전
1011,올레길 7코스(서귀포-월평 올레),올레길 7코스(서귀포-월평 올레),SOUTH,TRAIL,산책로·둘레길,,서귀포시 서귀동,33.2429625,126.5325411,제주특별자치도 서귀포시 호근동 1597-4,https://api.cdn.visitjeju.net/photomng/imgpath/202111/08/3d0b2b10-1b17-460e-9d34-f8c350229f7e.webp,"새연교와 문섬, 범섬이 보인는 서귀포 해안을 따라 걷기","새연교와 문섬, 범섬이 보인는 서귀포 해안을 따라 걷기",AI+VJ,,https://map.kakao.com/?q=올레길 7코스(서귀포-월평 올레)
1012,제주민속촌,제주민속촌,EAST,HISTORY,역사·유적·종교 시설,,서귀포시 표선면,33.322396,126.8422973,제주특별자치도 서귀포시 표선면 민속해안로 631-34,https://api.cdn.visitjeju.net/photomng/imgpath/202407/08/279e016a-35d4-4a6e-a432-799743d168df.webp,"제주에서 가장 제주다움을 볼 수 있는 곳, ‘제주민속촌’","제주에서 가장 제주다움을 볼 수 있는 곳, ‘제주민속촌’",AI+VJ+TOUR,,https://map.kakao.com/?q=제주민속촌
1013,검멀레해변,검멀레해변,EAST,NATURE,자연관광지,,제주시 우도면,33.497171,126.9669025,제주특별자치도 제주시 우도면 연평리,https://api.cdn.visitjeju.net/photomng/imgpath/201907/25/a30bb3ff-c287-4de2-80d0-428e3281e8c0.webp,검은모래가 매력적인 우도에서 빠질 수 없는 명소,검은모래가 매력적인 우도에서 빠질 수 없는 명소,AI+VJ+TOUR,비짓제주 이름 다름(검멀레해수욕장),https://map.kakao.com/?q=검멀레해변
1014,월정리해수욕장,월정리해수욕장,EAST,NATURE,자연관광지,,제주시 구좌읍,33.5564694,126.7958051,제주특별자치도 제주시 구좌읍 월정리 33-3,https://api.cdn.visitjeju.net/photomng/imgpath/202407/10/0efd8c73-00f9-4b7c-9a4e-8534e3dcd35e.webp,"'달이 머물다 가는’ 제주도의 아름다운 해변, 월정리해수욕장","'달이 머물다 가는’ 제주도의 아름다운 해변, 월정리해수욕장",AI+VJ+TOUR,TourAPI 이름 다름(월정리해변(월정리해수욕장)),https://map.kakao.com/?q=월정리해수욕장
1015,산양큰엉곶,산양큰엉곶,WEST,NATURE,자연관광지,,제주시 한경면,33.2909231,126.2506311,제주특별자치도 제주시 한경면 청수리 956-6,https://api.cdn.visitjeju.net/photomng/imgpath/202112/23/6b991e44-bf95-4bdb-bc06-64fd0caa6a4b.webp,제주의 옛 생활터전이 있는 곳,제주의 옛 생활터전이 있는 곳,AI+VJ+TOUR,,https://map.kakao.com/?q=산양큰엉곶
1016,광치기해변,광치기해변,EAST,NATURE,자연관광지,,서귀포시 성산읍,33.4525209,126.9241933,제주특별자치도 서귀포시 성산읍 고성리 224-1,https://api.cdn.visitjeju.net/photomng/imgpath/201804/30/315ce1af-1c6c-4977-8668-4710321df6a1.webp,성산일출봉과 독특한 용암 해안 지형이 어우러져 이색적인 풍광을 간직한 해변.,성산일출봉과 독특한 용암 해안 지형이 어우러져 이색적인 풍광을 간직한 해변.,AI+VJ+TOUR,,https://map.kakao.com/?q=광치기해변
1017,비자림,비자림,EAST,NATURE,자연관광지,,제주시 구좌읍,33.4904084,126.8099875,제주특별자치도 제주시 구좌읍 비자숲길 55,https://api.cdn.visitjeju.net/photomng/imgpath/202410/16/908a37e8-918e-46a8-bc2e-e7569eba8a8d.webp,천년의 세월이 녹아들어 신비로움이 가득한 자연 명소,천년의 세월이 녹아들어 신비로움이 가득한 자연 명소,AI+VJ+TOUR,,https://map.kakao.com/?q=비자림
1018,신양섭지해수욕장,신양섭지해수욕장,EAST,NATURE,자연관광지,,서귀포시 성산읍,33.4351031,126.9234728,제주특별자치도 서귀포시 성산읍 섭지코지로 88,https://api.cdn.visitjeju.net/photomng/imgpath/201908/08/9d19a7d3-97a8-4999-b849-123e46fc88bc.webp,"섭지코지 가는 길, 멋진 풍경과 아늑한 바다에 빠지다","섭지코지 가는 길, 멋진 풍경과 아늑한 바다에 빠지다",AI+VJ+TOUR,,https://map.kakao.com/?q=신양섭지해수욕장
1019,월령선인장군락지,월령선인장군락지,WEST,NATURE,자연관광지,,제주시 한림읍,33.377953,126.2154009,제주특별자치도 제주시 한림읍 월령리 359-3,https://api.cdn.visitjeju.net/photomng/imgpath/202111/02/e2f30ced-4f21-4d3e-afc9-0be5b523f6e3.webp,이국적인 분위기를 풍기는 선인장 군락지,이국적인 분위기를 풍기는 선인장 군락지,AI+VJ+TOUR,,https://map.kakao.com/?q=월령선인장군락지
1020,이중섭거리,이중섭거리,SOUTH,COMMERCIAL,상업지구,,서귀포시 서귀동,33.2476138,126.5640039,제주특별자치도 서귀포시 이중섭로 4-1,https://api.cdn.visitjeju.net/photomng/imgpath/202409/24/30a241b1-c397-454a-b12e-d31e848ddd9e.webp,이중섭 미술관과 이중섭 거주지를 중심으로 조성된 문화거리,이중섭 미술관과 이중섭 거주지를 중심으로 조성된 문화거리,AI+VJ+TOUR,,https://map.kakao.com/?q=이중섭거리
1021,천제연폭포,천제연폭포,SOUTH,NATURE,자연관광지,,서귀포시 중문동,33.2526766,126.4183754,제주특별자치도 서귀포시 천제연로 132,https://api.cdn.visitjeju.net/photomng/imgpath/201804/30/c27874ac-8c64-4528-a7d0-e2044ade5d40.webp,천제연폭포 & 제주4.3중문면희생자위령비,천제연폭포 & 제주4.3중문면희생자위령비,AI+VJ+TOUR,,https://map.kakao.com/?q=천제연폭포
1022,자구리문화예술공원,자구리문화예술공원,SOUTH,NATURE,자연관광지,,서귀포시 서귀동,33.2417469,126.5673829,제주특별자치도 서귀포시 칠십리로 120-12,https://api.cdn.visitjeju.net/photomng/imgpath/202111/23/1ea49ca7-bdc1-47ab-bbe6-501d8007cd21.webp,"생활근린공원으로 해안가에 위치한, 아름다운 풍경과 낭만이 있는 산책공원","생활근린공원으로 해안가에 위치한, 아름다운 풍경과 낭만이 있는 산책공원",AI+VJ+TOUR,비짓제주 이름 다름(자구리공원),https://map.kakao.com/?q=자구리문화예술공원
1023,제주성읍마을,제주성읍마을,EAST,TRAIL,산책로·둘레길,,서귀포시 표선면,33.3849597,126.8014989,제주특별자치도 서귀포시 표선면 성읍정의현로 30,https://tong.visitkorea.or.kr/cms/resource/37/3551937_image2_1.jpg,서귀포시 표선면 성읍리에 있는 조선시대의 고택으로 성읍민속마을 안에 있다.,"서귀포시 표선면 성읍리에 있는 조선시대의 고택으로 성읍민속마을 안에 있다. 고평오의 증조부가 1829년(순조 29)에 지었다고 전해진다.
고택에는 안거리(안채), 밖거리(바깥채), 모커리가 배치되어 있다. 모커리는 안채, 바깥채 사이에 배치된 대문간 옆의 건물로, 수레간과 절구 등을 보관하던 헛간으로, 현재 있는 모커리 맞은편에 모커리 한 채가 더 있었는데 1970년대 중반에 헐었다고 한다. 지금 있는 건물들은 1979년에 수리한 것으로 바람에 지붕이 날리지 않도록 새끼줄로 그물처럼 덮어 놓았다.
배치 도면에서 남쪽에 위치하는 바깥채는 예전 면사무소 관원들이 숙식하던 곳이었다고 전해지며, 안채 대청의 쌍여닫이창은 제주 남부 일부 지방에서만 볼 수 있는 중요한 연구자료로 평가된다.",AI+TOUR,,https://map.kakao.com/?q=제주성읍마을
1024,산방산탄산온천,산방산탄산온천,WEST,THEME,테마시설,,서귀포시 안덕면,33.2489093,126.2987402,제주특별자치도 서귀포시 안덕면 사계북로41번길 192,https://api.cdn.visitjeju.net/photomng/imgpath/202111/19/07c8d978-3c3c-49e1-9ae5-9b4b7a92ab61.webp,"제주 최초의 대중온천으로 알려진 국내에서도 보기 드문 탄산온천, 산방산 탄산온천","제주 최초의 대중온천으로 알려진 국내에서도 보기 드문 탄산온천, 산방산 탄산온천",AI+VJ+TOUR,,https://map.kakao.com/?q=산방산탄산온천
1025,금능해수욕장,금능해수욕장,WEST,NATURE,자연관광지,,제주시 한림읍,33.3904488,126.2358899,제주특별자치도 제주시 한림읍 금능길 119-10,https://api.cdn.visitjeju.net/photomng/imgpath/202110/25/37a29724-f256-403b-ac0e-3f6207fae2e1.webp,제주시 한림읍에 위치한 금능해수욕장은 서쪽의 인기 명소인 협재해수욕장과 바로 이어져 있다.,"제주시 한림읍에 위치한 금능해수욕장은 서쪽의 인기 명소인 협재해수욕장과 바로 이어져 있다. 파란 물감을 풀어놓은 것 같은 바다부터 생김새가 귀여운 비양도, 촉감이 보슬거리는 모래사장까지 이웃한 해변과 비슷한 풍경을 품고 있지만 그보다 사람이 붐비지 않아 여유로운 것이 매력이다.",AI+VJ+TOUR,,https://map.kakao.com/?q=금능해수욕장
1026,곽지해수욕장,곽지해수욕장,WEST,NATURE,자연관광지,,제주시 애월읍,33.4506404,126.3046776,제주특별자치도 제주시 애월읍 곽지리 1565,https://api.cdn.visitjeju.net/photomng/imgpath/202110/25/4e19a935-3794-4891-94a2-7e89759e14b3.webp,시원한 용천수를 뿜어내는 노천탕이 있는 곳,시원한 용천수를 뿜어내는 노천탕이 있는 곳,AI+VJ+TOUR,,https://map.kakao.com/?q=곽지해수욕장
1027,상효원수목원,상효원수목원,SOUTH,NATURE,자연관광지,,서귀포시 상효동,33.3059584,126.584635,제주특별자치도 서귀포시 산록남로 2847-37,https://api.cdn.visitjeju.net/photomng/imgpath/201908/19/18c96cef-e38e-4403-8e8c-892c0dde6b91.webp,제주의 자생식물을 볼 수 있는 수목원,제주의 자생식물을 볼 수 있는 수목원,AI+VJ+TOUR,,https://map.kakao.com/?q=상효원수목원
1028,황우지선녀탕,황우지선녀탕,SOUTH,NATURE,자연관광지,,서귀포시 서홍동,33.2394632,126.54889,제주특별자치도 서귀포시 서홍동,https://tong.visitkorea.or.kr/cms/resource/36/3585236_image2_1.jpg,"황우지 해안은 서귀포의 자연명소로 올레길 7코스에 속해 있으며 여름 물놀이, 스노클링 명소 및 포토스폿으로 알려져 있다.","황우지 해안은 서귀포의 자연명소로 올레길 7코스에 속해 있으며 여름 물놀이, 스노클링 명소 및 포토스폿으로 알려져 있다. 차량을 주차하고 외돌개 해변 방향으로 내려가다 삼거리를 만나면 올레길 7코스를 따라 이어지는 길을 찾아가면 된다. 황우지는 무지개라는 뜻의 제주어 황고지에서 나온 말로, 무지개 모양의 둥근 해안 절경 때문에 황우지 선녀탕이라는 이름이 붙었다고 전해진다. 황우지해안은 완만한 만의 형태를 이루고 있고, 돌기둥처럼 선 바위들이 파도를 막아주는 형상을 하고 있다. 이곳은 스노클링과 물놀이하기 좋은 명소로 잘 알려져 있던 곳이지만, 현재는 서귀포시에서 황우지해안 낙석위험으로 출입제한 안내문이 있어 입구 옆 문섬이 보이는 전망대에서 황우지선녀탕 경치를 감상하거나, 외돌개와 함께 올레길 7코스를 걷는 것으로 서귀포 여행 계획을 짜는 것을 추천한다.",AI+TOUR,,https://map.kakao.com/?q=황우지선녀탕
1029,올레길 16코스(고내-광령 올레),올레길 16코스(고내-광령 올레),WEST,TRAIL,산책로·둘레길,,제주시 애월읍,33.4686743,126.3872964,제주특별자치도 제주시 애월읍 수산리 1831-2,,제주시 애월읍에 있는 산책로·둘레길입니다.,제주시 애월읍에 있는 산책로·둘레길입니다.,AI,설명 기본 문구; 세부설명 없음 → 한 줄 소개로 대체; 사진 없음,https://map.kakao.com/?q=올레길 16코스(고내-광령 올레)
1030,루나폴,루나폴,WEST,THEME,테마시설,,서귀포시 안덕면,33.2541478,126.3223476,제주특별자치도 서귀포시 안덕면 일주서로 1836,https://api.cdn.visitjeju.net/photomng/imgpath/202409/12/a5a10304-c41a-409d-b261-8ebbfb397e11.webp,밤이 되어야 열리는 세계 최대 규모 나이트 디지털 테마파크,밤이 되어야 열리는 세계 최대 규모 나이트 디지털 테마파크,AI+VJ+TOUR,,https://map.kakao.com/?q=루나폴
1031,바이제주,바이제주,NORTH,COMMERCIAL,상업지구,,제주시 용담삼동,33.5165429,126.5041113,제주특별자치도 제주시 서해안로 626,https://api.cdn.visitjeju.net/photomng/imgpath/201807/10/720fb0f4-c9b0-44a9-9ce5-e38db34537ad.webp,공항근처 기념품 가게이다.,공항근처 기념품 가게이다.,AI+VJ+TOUR,,https://map.kakao.com/?q=바이제주
1032,롯데마트 제주점,롯데마트 제주점,NORTH,COMMERCIAL,상업지구,,제주시 노형동,33.4824348,126.4818478,제주특별자치도 제주시 연북로 1,https://tong.visitkorea.or.kr/cms/resource/77/4020377_image2_1.jpg,탑텐은 의류를 합리적인 가격에 제공하는 대한민국 SPA 브랜드입니다.,"탑텐은 의류를 합리적인 가격에 제공하는 대한민국 SPA 브랜드입니다. 다양한 연령대와 스타일을 아우르며, 실용적이면서도 트렌디한 일상복으로 인기가 높습니다.",AI+TOUR,,https://map.kakao.com/?q=롯데마트 제주점
1033,제주관광공사 지정면세점,제주관광공사 지정면세점,SOUTH,COMMERCIAL,상업지구,,서귀포시 중문동,33.2413481,126.4244633,제주특별자치도 서귀포시 중문관광로 224,https://api.cdn.visitjeju.net/photomng/imgpath/202507/03/ccb30f16-3e79-493d-b554-426514c41c44.webp,제주특별자치도 출자 지방공기업인 제주관광공사에서 운영하는 내국인 전용 면세점,제주특별자치도 출자 지방공기업인 제주관광공사에서 운영하는 내국인 전용 면세점,AI+VJ+TOUR,,https://map.kakao.com/?q=제주관광공사 지정면세점
1034,애월카페거리,애월카페거리,WEST,COMMERCIAL,상업지구,,제주시 애월읍,33.4625872,126.3091689,제주특별자치도 제주시 애월읍 애월리,,제주시 애월읍에 있는 상업지구입니다.,제주시 애월읍에 있는 상업지구입니다.,AI,설명 기본 문구; 세부설명 없음 → 한 줄 소개로 대체; 사진 없음,https://map.kakao.com/?q=애월카페거리
1035,용연계곡,용연계곡,NORTH,NATURE,자연관광지,,제주시 용담일동,33.5127646,126.514431,제주특별자치도 제주시 용담일동 2581-4,https://api.cdn.visitjeju.net/photomng/imgpath/201908/28/92dcce7e-103b-4fb9-acc5-f9d8b128a102.webp,"용연을 잇는 다리, 용연구름다리 · 제주시 용담2동 · 제주도기념물 제57호 · 올레17코스","용연을 잇는 다리, 용연구름다리
· 제주시 용담2동
· 제주도기념물 제57호
· 올레17코스",AI+VJ+TOUR,,https://map.kakao.com/?q=용연계곡
1036,사려니숲길,사려니숲길,EAST,NATURE,자연관광지,,제주시 조천읍,33.4220328,126.6264973,제주특별자치도 제주시 조천읍 교래리 산 137-1,https://api.cdn.visitjeju.net/photomng/imgpath/201908/19/4a7384f3-3ea5-4b56-a519-20cd569686b1.webp,"제주 숨은 비경 31곳 중 하나로, 삼나무 향을 느끼며 걷는 아름답고 청정한 숲길","제주 숨은 비경 31곳 중 하나로, 삼나무 향을 느끼며 걷는 아름답고 청정한 숲길",AI+VJ+TOUR,,https://map.kakao.com/?q=사려니숲길
1037,아쿠아플라넷 제주,아쿠아플라넷 제주,EAST,THEME,테마시설,,서귀포시 성산읍,33.433068,126.9278459,제주특별자치도 서귀포시 성산읍 섭지코지로 95,https://api.cdn.visitjeju.net/photomng/imgpath/202408/21/ced5dfc8-9f5b-4310-9949-fea669022c20.webp,500여 종의 바다 생명체가 있는 프리미엄 해양 테마파크,500여 종의 바다 생명체가 있는 프리미엄 해양 테마파크,AI+VJ+TOUR,,https://map.kakao.com/?q=아쿠아플라넷 제주
1038,표선해수욕장,표선해수욕장,EAST,NATURE,자연관광지,,서귀포시 표선면,33.3275109,126.8374248,제주특별자치도 서귀포시 표선면 표선리,https://api.cdn.visitjeju.net/photomng/imgpath/202110/29/f839045d-a0e5-4f28-a980-c29b57406d4a.webp,너른 백사장이 매력적인 서귀포 동남부 해수욕장,너른 백사장이 매력적인 서귀포 동남부 해수욕장,AI+VJ+TOUR,,https://map.kakao.com/?q=표선해수욕장
1039,넥슨컴퓨터박물관,넥슨컴퓨터박물관,NORTH,HISTORY,역사·유적·종교 시설,,제주시 노형동,33.4716961,126.4855834,제주특별자치도 제주시 노형동 86,https://tong.visitkorea.or.kr/cms/resource/73/2721573_image2_1.png,넥슨컴퓨터박물관은 인류의 삶을 가장 빠르게 변화시킨 현재 진행형 매체인 컴퓨터와 그 발전에 기여해 온 게임의 역사를 함께 조망함으로써 우리의…,"넥슨컴퓨터박물관은 인류의 삶을 가장 빠르게 변화시킨 현재 진행형 매체인 컴퓨터와 그 발전에 기여해 온 게임의 역사를 함께 조망함으로써 우리의 미래를 상상해 볼 수 있는 체험형 박물관이다. 유리 케이스 너머로 바라보는 전시에서 벗어나, 대부분의 소장품들을 관람객의 직접적인 체험이 가능하도록 전시되어 있으며, 쾌적한 관람 환경을 위해 예약 관람제로 운영하고 있다. 컴퓨터의 역사에 대해 알아보며 아이들에게 흥미를 심어주고 게임도 할 수 있는 곳이다.",AI+TOUR,,https://map.kakao.com/?q=넥슨컴퓨터박물관
1040,이마트 서귀포점,이마트 서귀포점,SOUTH,COMMERCIAL,상업지구,,서귀포시 법환동,33.2483581,126.5092067,제주특별자치도 서귀포시 일주동로 9209,https://tong.visitkorea.or.kr/cms/resource/34/4044634_image2_1.jpg,"이마트는 신선식품, 생활용품, 패션용품을 두루 갖춘 대형마트입니다.","이마트는 신선식품, 생활용품, 패션용품을 두루 갖춘 대형마트입니다. 넓고 쾌적한 매장에서 합리적인 가격으로 원스톱 쇼핑을 즐길 수 있어 외국인 관광객에게 편리한 쇼핑 경험을 제공합니다.",AI+TOUR,,https://map.kakao.com/?q=이마트 서귀포점
1041,한라산국립공원 관음사탐방로,한라산국립공원 관음사탐방로,NORTH,NATURE,자연관광지,,제주시 오라이동,33.3908377,126.5380065,제주특별자치도 제주시 오라이동 산 107-20,,제주시 오라이동에 있는 자연관광지입니다.,제주시 오라이동에 있는 자연관광지입니다.,AI,설명 기본 문구; 세부설명 없음 → 한 줄 소개로 대체; 사진 없음,https://map.kakao.com/?q=한라산국립공원 관음사탐방로
1042,올레길 17코스(광령-제주원도심 올레),올레길 17코스(광령-제주원도심 올레),NORTH,TRAIL,산책로·둘레길,,제주시 도두일동,33.5025511,126.4564034,제주특별자치도 제주시 이호일동 375-41,https://api.cdn.visitjeju.net/photomng/imgpath/201804/30/3ad4b50a-112c-47d5-8fcf-867aa3db6de5.webp,시내에서 즐기는 올레길,시내에서 즐기는 올레길,AI+VJ,,https://map.kakao.com/?q=올레길 17코스(광령-제주원도심 올레)
1043,신화테마파크,신화테마파크,WEST,THEME,테마시설,,서귀포시 안덕면,33.3049918,126.3151783,제주특별자치도 서귀포시 안덕면 신화역사로304번길 98,https://api.cdn.visitjeju.net/photomng/imgpath/202301/02/e9f4ba08-53a6-4768-89bb-ee21835224ac.webp,한국 토종 애니메이션으로 세계적인 인기를 끈 라바의 세계관이 곳곳에 심어진 정통 테마파크..,한국 토종 애니메이션으로 세계적인 인기를 끈 라바의 세계관이 곳곳에 심어진 정통 테마파크..,AI+VJ+TOUR,,https://map.kakao.com/?q=신화테마파크
1044,비양도,비양도,WEST,NATURE,자연관광지,,제주시 한림읍,33.4102777,126.2273484,제주특별자치도 제주시 한림읍 협재리,https://api.cdn.visitjeju.net/photomng/imgpath/202408/22/a18ce446-b6a3-4819-8ebd-6881f79410ab.webp,천 년의 시간을 간직한 섬 · 천연기념물 제439호 · 제주도기념물 제48호 · 올레15코스,천 년의 시간을 간직한 섬 · 천연기념물 제439호 · 제주도기념물 제48호 · 올레15코스,AI+VJ+TOUR,,https://map.kakao.com/?q=비양도
1045,이호테우등대,이호테우등대,NORTH,THEME,테마시설,,제주시 이호일동,33.5019712,126.453073,제주특별자치도 제주시 이호일동 374-4,https://api.cdn.visitjeju.net/photomng/imgpath/202110/27/82e2c2ee-3c94-48ca-9890-56a075107602.webp,이호테우해변의 랜드마크로 자리 잡은 빨간 말 모양 등대.,이호테우해변의 랜드마크로 자리 잡은 빨간 말 모양 등대.,AI+VJ+TOUR,,https://map.kakao.com/?q=이호테우등대
1046,세화해변,세화해변,EAST,NATURE,자연관광지,,제주시 구좌읍,33.5251437,126.8602562,제주특별자치도 제주시 구좌읍 해녀박물관길 27,https://api.cdn.visitjeju.net/photomng/imgpath/202407/24/1618588d-74d2-49e3-a527-d2637b6ca018.webp,인생 사진을 남길 수 있는 인생 바다,인생 사진을 남길 수 있는 인생 바다,AI+VJ+TOUR,비짓제주 이름 다름(세화해수욕장); TourAPI 이름 다름(세화해수욕장),https://map.kakao.com/?q=세화해변
1047,한라산1100고지,한라산1100고지,SOUTH,NATURE,자연관광지,,서귀포시 색달동,33.3580782,126.4622197,제주특별자치도 서귀포시 색달동 산 1-2,https://tong.visitkorea.or.kr/cms/resource/07/3314907_image2_1.jpg,"1100고지 습지는 한라산 고원지대에 형성된 대표적인 산지습지로서 16개 이상의 습지가 불연속적으로 분포하고 있으며, 이 습지들을 따라 200…","1100고지 습지는 한라산 고원지대에 형성된 대표적인 산지습지로서 16개 이상의 습지가 불연속적으로 분포하고 있으며, 이 습지들을 따라 2009년 습지보호지역이 설정되었으며 같은 해에 람사르 습지에 등록되었다. 1100고지 습지의 동물과 식생환경에 대한 안내문이 탐방로 곳곳에 설치되어 있어 습지의 정보를 알 수 있다. 이곳에는 한라산에서만 서식하는 멸종위기 1급의 야생동물인 매와 야생생물 등이 존재하고 있으며, 습지의 낮은 곳에 고여있는 물은 야생동물의 식수원 역할을 하고 있다. 습지 안에는 나무로 이루어진 자연 생태 탐방로가 있어 걸으면서 습지를 관람할 수 있다.

(출처 : 비짓제주 홈페이지)",AI+TOUR,,https://map.kakao.com/?q=한라산1100고지
1048,절물자연휴양림,절물자연휴양림,NORTH,NATURE,자연관광지,,제주시 봉개동,33.4391526,126.6280113,제주특별자치도 제주시 명림로 584,https://api.cdn.visitjeju.net/photomng/imgpath/202408/26/805247f8-451f-4ff7-88ec-d4512ee1fb3e.webp,삼나무 숲에서 즐기는 산림욕,삼나무 숲에서 즐기는 산림욕,AI+VJ+TOUR,,https://map.kakao.com/?q=절물자연휴양림
1049,닭머르,닭머르,EAST,NATURE,자연관광지,,제주시 조천읍,33.5364749,126.6118969,제주특별자치도 제주시 조천읍 신촌리 3403,https://tong.visitkorea.or.kr/cms/resource/94/4001794_image2_1.jpg,"닭머루 입구에서 신촌포구까지의 구간으로 나무데크로 이어진 전망대와 산책로가 있으며, 가을에서 초겨울까지가 닭머르 해안길을 방문하기에 좋다.","닭머루 입구에서 신촌포구까지의 구간으로 나무데크로 이어진 전망대와 산책로가 있으며, 가을에서 초겨울까지가 닭머르 해안길을 방문하기에 좋다. 닭머르 바위는 마치 닭이 흙을 파헤치고 그 안에 들어앉은 모습을 닮았다하여 이름이 붙여졌다. 아름다운 바다 전망을 자랑하는 이곳은 도민들은 이미 잘 알고 있는 곳이지만, 아직 여행객들에게는 잘 알려지지 않았다. 그렇기에 한적하게 산책을 즐기며 사진을 찍기에 제격인 장소이다. 닭머르 바위가 있는 곳은 나무갑판으로 길이 만들어져 있고, 그 길의 끝엔 해안정자가 자리 잡고 있다. 해안정자까지 이르는 길은 가을을 맞아 풍성해진 억새가 사진 찍기에 더없이 좋은 배경을 만들어준다. 특히 이곳은 일몰 장소로도 손꼽히는 곳이기에 해가 지기 바로 직전에 사진을 담는 것을 추천한다. 억새와 저물어가는 가을 해가 아름다운 배경과 조명을 만들어 줄 것이다.

(출처 : 제주 문화관광 홈페이지)",AI+TOUR,,https://map.kakao.com/?q=닭머르
1050,서귀포유람선,서귀포유람선,SOUTH,LEISURE,레저·스포츠 관련 시설,,서귀포시 서홍동,33.2393343,126.5586449,제주특별자치도 서귀포시 남성중로 40,https://api.cdn.visitjeju.net/photomng/imgpath/201804/30/1a33d497-fb6f-4507-b5fa-87b44822ecbc.webp,서귀포유람선은 서귀포항을 출발해 서귀포 남쪽 해안과 문섬·새섬·범섬 등 주변 섬의 경관을 바다에서 둘러보는 해상 관광 프로그램,서귀포유람선은 서귀포항을 출발해 서귀포 남쪽 해안과 문섬·새섬·범섬 등 주변 섬의 경관을 바다에서 둘러보는 해상 관광 프로그램,AI+VJ+TOUR,,https://map.kakao.com/?q=서귀포유람선
1051,귤귤스토어,귤귤스토어,WEST,COMMERCIAL,상업지구,,제주시 애월읍,33.4632793,126.3099196,제주특별자치도 제주시 애월읍 애월로1길 24-13,https://tong.visitkorea.or.kr/cms/resource/99/4022599_image2_1.jpeg,귤귤스토어는 제주의 상징인 감귤을 테마로 한 아기자기하고 창의적인 굿즈와 특산물을 제안하는 기념품 브랜드입니다.,귤귤스토어는 제주의 상징인 감귤을 테마로 한 아기자기하고 창의적인 굿즈와 특산물을 제안하는 기념품 브랜드입니다. 제주의 따뜻한 감성이 담긴 디자인 소품들을 통해 여행의 추억을 더욱 달콤하고 생생하게 간직하도록 돕습니다.,AI+TOUR,,https://map.kakao.com/?q=귤귤스토어
1052,올레야시장,올레야시장,SOUTH,COMMERCIAL,상업지구,,서귀포시 서귀동,33.2496132,126.5628694,제주특별자치도 서귀포시 중정로61번길 20,https://api.cdn.visitjeju.net/photomng/imgpath/202311/30/ade838dc-28ee-4bab-9196-25bf5f9ce04f.webp,매일 밤 먹거리와 볼거리가 가득한 야시장,매일 밤 먹거리와 볼거리가 가득한 야시장,AI+VJ,,https://map.kakao.com/?q=올레야시장
1053,새연교,새연교,SOUTH,TRAIL,산책로·둘레길,,서귀포시 서홍동,33.2385325,126.558886,제주특별자치도 서귀포시 서홍동 707-4,https://api.cdn.visitjeju.net/photomng/imgpath/201804/30/9f1410ca-8feb-4857-a55c-78eaa995a11b.webp,"새섬으로 가는 통로, '새'로운 인'연'을 만들어가는 다리","새섬으로 가는 통로, '새'로운 인'연'을 만들어가는 다리",AI+VJ+TOUR,,https://map.kakao.com/?q=새연교
1054,훈데르트바서파크,훈데르트바서파크,EAST,THEME,테마시설,,제주시 우도면,33.4927626,126.9565072,제주특별자치도 제주시 우도면 우도해안길 32-12,https://api.cdn.visitjeju.net/photomng/imgpath/202203/16/924d8257-b6cb-488f-970c-050c069de221.webp,"오스트리아 3대 화가이자 환경 운동가, 건축 치료사 ‘훈데르트바서' 의 예술과 건축 철학이 담긴 내추럴 아티스틱 테마파크이다.","오스트리아 3대 화가이자 환경 운동가, 건축 치료사 ‘훈데르트바서' 의 예술과 건축 철학이 담긴 내추럴 아티스틱 테마파크이다.",AI+VJ+TOUR,,https://map.kakao.com/?q=훈데르트바서파크
1055,도두봉,도두봉,NORTH,NATURE,자연관광지,,제주시 도두일동,33.5079071,126.4683721,제주특별자치도 제주시 도두일동 산 2,https://api.cdn.visitjeju.net/photomng/imgpath/202410/16/529a0d77-8348-488e-a6d7-84fe8a66af32.webp,제주공항과 바다를 조망할 수 있는 제주시의 낮은 오름,제주공항과 바다를 조망할 수 있는 제주시의 낮은 오름,AI+VJ+TOUR,,https://map.kakao.com/?q=도두봉
1056,제주곶자왈도립공원,제주곶자왈도립공원,WEST,NATURE,자연관광지,,서귀포시 대정읍,33.2889459,126.2717203,제주특별자치도 서귀포시 대정읍 에듀시티로 178,https://api.cdn.visitjeju.net/photomng/imgpath/202111/17/72986c58-935f-4839-9127-3052e6eb8a54.webp,"곶자왈의 생태와 휴양, 체험, 학습을 제공하는 생태관광지","곶자왈의 생태와 휴양, 체험, 학습을 제공하는 생태관광지",AI+VJ+TOUR,,https://map.kakao.com/?q=제주곶자왈도립공원
1057,거문오름,거문오름,EAST,NATURE,자연관광지,,제주시 조천읍,33.4548386,126.718256,제주특별자치도 제주시 조천읍 선흘리 산 102-1,https://api.cdn.visitjeju.net/photomng/imgpath/202410/16/57127b8a-f9c3-4874-8541-3261e6da44d5.webp,유네스코 세계자연유산 ‘제주 화산섬과 용암동굴’의 거문오름 용암동굴계를 품은 오름,유네스코 세계자연유산 ‘제주 화산섬과 용암동굴’의 거문오름 용암동굴계를 품은 오름,AI+VJ+TOUR,,https://map.kakao.com/?q=거문오름
1058,정방폭포,정방폭포,SOUTH,NATURE,자연관광지,,서귀포시 동홍동,33.2449089,126.5715263,제주특별자치도 서귀포시 서귀동,https://api.cdn.visitjeju.net/photomng/imgpath/202409/25/2d76eeb2-7ffc-49d1-b087-4859ac38bdf3.webp,높은 해안 절벽에서 바다로 떨어지는 시원한 물줄기와 주상절리 절경을 만날 수 있는 명승 제43호이자 제주올레 6코스의 대표 명소,높은 해안 절벽에서 바다로 떨어지는 시원한 물줄기와 주상절리 절경을 만날 수 있는 명승 제43호이자 제주올레 6코스의 대표 명소,AI+VJ+TOUR,,https://map.kakao.com/?q=정방폭포
1059,마라도,마라도,WEST,NATURE,자연관광지,,서귀포시 대정읍,33.1184872,126.2671678,제주특별자치도 서귀포시 대정읍 마라로101번길 46-1,https://api.cdn.visitjeju.net/photomng/imgpath/201804/30/c88bc373-ce5d-418f-9635-b6afb4dbb394.webp,"난대성 해양 동식물이 풍부하고 경관이 아름다운 유인도 중에 국토 최남단인 섬, 천연기념물 제423호","난대성 해양 동식물이 풍부하고 경관이 아름다운 유인도 중에 국토 최남단인 섬, 천연기념물 제423호",AI+VJ+TOUR,,https://map.kakao.com/?q=마라도
1060,한담해안산책로,한담해안산책로,WEST,TRAIL,산책로·둘레길,,제주시 애월읍,33.4619801,126.3105688,제주특별자치도 제주시 애월읍 애월리 2489-3,https://api.cdn.visitjeju.net/photomng/imgpath/201804/30/0de42691-8c5a-43e8-9f0e-ca0115322bca.webp,해안선을 따라 이어지는 구불구불한 산책로,해안선을 따라 이어지는 구불구불한 산책로,AI+VJ+TOUR,,https://map.kakao.com/?q=한담해안산책로
1061,비밀의숲,비밀의숲,EAST,NATURE,자연관광지,,제주시 구좌읍,33.4536182,126.7549267,제주특별자치도 제주시 구좌읍 송당리 2173,https://api.cdn.visitjeju.net/photomng/imgpath/202409/26/dca684ce-56f6-484a-9596-4c6881e14cca.webp,"맑은 공기를 마시며 힐링할 수 있는 숲속 산책로, ‘비밀의숲’","맑은 공기를 마시며 힐링할 수 있는 숲속 산책로, ‘비밀의숲’",AI+VJ+TOUR,,https://map.kakao.com/?q=비밀의숲
1062,삼다수숲길,삼다수숲길,EAST,NATURE,자연관광지,,제주시 조천읍,33.4215852,126.6665392,제주특별자치도 제주시 조천읍 교래리 산 70-1,https://api.cdn.visitjeju.net/photomng/imgpath/202002/25/bdc65b79-da50-4f55-b614-34f8efaec7c4.webp,교래 삼다수마을은 2018년 제주도의 13번째 지질공원 대표명소로 지정되었다.,"교래 삼다수마을은 2018년 제주도의 13번째 지질공원 대표명소로 지정되었다. 교래 삼다수마을에는 지질학적 가치가 높은 교래곶자왈, 교래리퇴적층, 맨틀 포획암, 돌문화공원, 산굼부리(천염기념물 제 263호) 등이 위치해있다. 이곳은 생태적 측면에서 삼나무 싶길을 중심으로 희귀식물(붓순나무, 황칠나무) 군락지가 잇으며, 다양한 생물들이 공존하고 있다",AI+VJ+TOUR,,https://map.kakao.com/?q=삼다수숲길
1063,올레길 21코스,올레길 21코스,EAST,TRAIL,산책로·둘레길,,제주시 구좌읍,33.5199436,126.9008926,제주특별자치도 제주시 구좌읍 하도리 22-6,,제주시 구좌읍에 있는 산책로·둘레길입니다.,제주시 구좌읍에 있는 산책로·둘레길입니다.,AI,설명 기본 문구; 세부설명 없음 → 한 줄 소개로 대체; 사진 없음,https://map.kakao.com/?q=올레길 21코스
1064,평대리해수욕장,평대리해수욕장,EAST,NATURE,자연관광지,,제주시 구좌읍,33.5335268,126.84086,제주특별자치도 제주시 구좌읍 평대리,,제주시 구좌읍에 있는 자연관광지입니다.,제주시 구좌읍에 있는 자연관광지입니다.,AI,설명 기본 문구; 세부설명 없음 → 한 줄 소개로 대체; 사진 없음,https://map.kakao.com/?q=평대리해수욕장
1065,신창풍차해안도로,신창풍차해안도로,WEST,NATURE,자연관광지,,제주시 한경면,33.343081,126.174206,제주특별자치도 제주시 한경면 신창리 1322-1,https://api.cdn.visitjeju.net/photomng/imgpath/202111/22/42fa696f-6a84-4e1e-b6a7-7a1ca439097f.webp,해상풍력단지가 조성되어 있어 해안도로를 따라 줄지어 서 있는 풍차를 만날 수 있는 신창풍차해안도로,해상풍력단지가 조성되어 있어 해안도로를 따라 줄지어 서 있는 풍차를 만날 수 있는 신창풍차해안도로,AI+VJ+TOUR,,https://map.kakao.com/?q=신창풍차해안도로
1066,용머리해안,용머리해안,WEST,NATURE,자연관광지,,서귀포시 안덕면,33.2316603,126.3147237,제주특별자치도 서귀포시 안덕면 사계리 112-3,https://api.cdn.visitjeju.net/photomng/imgpath/202409/25/4297007f-2918-4bb5-bc75-066410fa520e.webp,천연기념물 제526호로 지정된 ‘제주 사계리 용머리 화산쇄설층’이자 제주올레 10코스가 지나는 해안 절경,천연기념물 제526호로 지정된 ‘제주 사계리 용머리 화산쇄설층’이자 제주올레 10코스가 지나는 해안 절경,AI+VJ+TOUR,,https://map.kakao.com/?q=용머리해안
1067,방주교회,방주교회,WEST,HISTORY,역사·유적·종교 시설,,서귀포시 안덕면,33.305049,126.3874393,제주특별자치도 서귀포시 안덕면 산록남로762번길 113,https://api.cdn.visitjeju.net/photomng/imgpath/202110/27/402eb059-b3f4-4858-ad8b-037531858461.webp,건축가 이타미 준이 설계한 노아의 방주를 본 따 만든 성전 건축물,건축가 이타미 준이 설계한 노아의 방주를 본 따 만든 성전 건축물,AI+VJ+TOUR,관광지인지 확인(도서관·교회·골프 등),https://map.kakao.com/?q=방주교회
1068,하고수동해변,하고수동해변,EAST,NATURE,자연관광지,,제주시 우도면,33.5141508,126.9576482,제주특별자치도 제주시 우도면 연평리,https://api.cdn.visitjeju.net/photomng/imgpath/202111/01/0b54058b-c3c7-4c62-b8ee-109a7a2bffb8.webp,"우도 동북쪽, 바다빛이 아름다운 해수욕장","우도 동북쪽, 바다빛이 아름다운 해수욕장",AI+VJ+TOUR,,https://map.kakao.com/?q=하고수동해변
1069,서귀포향토오일시장,서귀포향토오일시장,SOUTH,COMMERCIAL,상업지구,,서귀포시 동홍동,33.267789,126.5737415,제주특별자치도 서귀포시 토평서로11번길 142,https://api.cdn.visitjeju.net/photomng/imgpath/201804/30/03e65a68-bb29-40ba-8b0f-16a39766da01.webp,많은 방문객으로 북적이는 도심 속 장터,많은 방문객으로 북적이는 도심 속 장터,AI+VJ+TOUR,,https://map.kakao.com/?q=서귀포향토오일시장
1070,신창풍차해안,신창풍차해안,WEST,NATURE,자연관광지,,제주시 한경면,33.3453433,126.1776275,제주특별자치도 제주시 한경면 신창리 1290-2,https://api.cdn.visitjeju.net/photomng/imgpath/202111/22/42fa696f-6a84-4e1e-b6a7-7a1ca439097f.webp,해상풍력단지가 조성되어 있어 해안도로를 따라 줄지어 서 있는 풍차를 만날 수 있는 신창풍차해안도로,해상풍력단지가 조성되어 있어 해안도로를 따라 줄지어 서 있는 풍차를 만날 수 있는 신창풍차해안도로,AI+VJ+TOUR,,https://map.kakao.com/?q=신창풍차해안
1071,한라산국립공원,한라산국립공원,NORTH,NATURE,자연관광지,,제주시 오등동,33.3766853,126.5421822,제주특별자치도 제주시 오등동 산 182,https://api.cdn.visitjeju.net/photomng/imgpath/201804/30/661b71dc-cdec-4eee-8ad4-240285460226.webp,"한반도 3대 영산 중 하나, 유네스코가 지정한 · 세계생물권보존지역 · 세계자연유산 · 세계지질공원","한반도 3대 영산 중 하나, 유네스코가 지정한 
· 세계생물권보존지역
· 세계자연유산
· 세계지질공원",AI+VJ,,https://map.kakao.com/?q=한라산국립공원
1072,문화예술 공공수장고,문화예술 공공수장고,WEST,CULTURE,문화시설,,제주시 한경면,33.3371683,126.2645587,제주특별자치도 제주시 한경면 저지12길 84-2,,제주시 한경면에 있는 문화시설입니다.,제주시 한경면에 있는 문화시설입니다.,AI,설명 기본 문구; 세부설명 없음 → 한 줄 소개로 대체; 사진 없음,https://map.kakao.com/?q=문화예술 공공수장고
1073,제주코코몽에코파크,제주코코몽에코파크,SOUTH,THEME,테마시설,,서귀포시 남원읍,33.2541,126.5601,제주특별자치도 서귀포시 남원읍,,서귀포시 남원읍에 있는 테마시설입니다.,서귀포시 남원읍에 있는 테마시설입니다.,AI,AI 후보 위치 못 찾음; 위치 못 찾음 → 시청 좌표(수정 필요); 설명 기본 문구; 세부설명 없음 → 한 줄 소개로 대체; 사진 없음,https://map.kakao.com/?q=제주코코몽에코파크
1074,걸어가는늑대들 전이수갤러리,걸어가는늑대들 전이수갤러리,EAST,CULTURE,문화시설,,제주시 조천읍,33.4996,126.5312,제주특별자치도 제주시 조천읍,,제주시 조천읍에 있는 문화시설입니다.,제주시 조천읍에 있는 문화시설입니다.,AI,AI 후보 위치 못 찾음; 위치 못 찾음 → 시청 좌표(수정 필요); 설명 기본 문구; 세부설명 없음 → 한 줄 소개로 대체; 사진 없음; 관광지인지 확인(도서관·교회·골프 등),https://map.kakao.com/?q=걸어가는늑대들 전이수갤러리
1075,산물관광농원,산물관광농원,SOUTH,HISTORY,역사·유적·종교 시설,,서귀포시 남원읍,33.2578722,126.6247055,제주특별자치도 서귀포시 남원읍 하례로 90,https://tong.visitkorea.or.kr/cms/resource/26/3015626_image2_1.jpg,쇠소깍산물관광농원은 제주도 동쪽의 대표적인 관광지 쇠소깍 바로 옆에 있다.,"쇠소깍산물관광농원은 제주도 동쪽의 대표적인 관광지 쇠소깍 바로 옆에 있다. 산물이란 글자 그대로 산과 물을 의미한다. 한의사 원장님이 운영하는 한라봉 하우스 안의 이색 박물관과 빈티지 카페로 쇠소깍 근처를 지나간다면 한 번쯤 들러볼 만한 곳이다. 입구 주변으로 넓은 길가에 주차를 하고 내부 관람이 가능하다. 입구에 들어서면 앞마당에 다양한 제주 볼거리와 예쁜 꽃과 조형물을 배경으로 제주관광기념사진을 찍기 좋다. 농원에는 모루박물관, 농기구 박물관, 제주 전통 고재, 온실 카페, 감귤 체험, 아치터널 등 볼거리, 즐길 거리뿐만 아니라 공간 구석구석 레트로 감성 포토존이 가득해 기억에 남는 콘셉트 사진 찍기는 물론 과거 어린 시절의 향수를 듬뿍 느낄 수 있다. 한라봉, 천혜향 생과일주스와 제주 토종 유자로 만든 제주 댕유자차 등 제주도 다운 음료를 제공한다.",AI+TOUR,,https://map.kakao.com/?q=산물관광농원
1076,기당미술관,기당미술관,SOUTH,CULTURE,문화시설,,서귀포시 서홍동,33.2448886,126.5511971,제주특별자치도 서귀포시 남성중로153번길 15,https://api.cdn.visitjeju.net/photomng/imgpath/201804/30/7567f662-716a-4814-b31e-57be3099d0f5.webp,한국 최초의 시립 미술관,한국 최초의 시립 미술관,AI+VJ+TOUR,,https://map.kakao.com/?q=기당미술관
1077,올레길 19코스(조천-김녕 올레),올레길 19코스(조천-김녕 올레),EAST,TRAIL,산책로·둘레길,,제주시 조천읍,33.5495695,126.6898957,제주특별자치도 제주시 조천읍 북촌리 1329,,제주시 조천읍에 있는 산책로·둘레길입니다.,제주시 조천읍에 있는 산책로·둘레길입니다.,AI,설명 기본 문구; 세부설명 없음 → 한 줄 소개로 대체; 사진 없음,https://map.kakao.com/?q=올레길 19코스(조천-김녕 올레)
1078,올레길 5코스(남원-쇠소깍 올레),올레길 5코스(남원-쇠소깍 올레),SOUTH,TRAIL,산책로·둘레길,,서귀포시 남원읍,33.2707808,126.6674399,제주특별자치도 서귀포시 남원읍 위미리 1727-1,,서귀포시 남원읍에 있는 산책로·둘레길입니다.,서귀포시 남원읍에 있는 산책로·둘레길입니다.,AI,설명 기본 문구; 세부설명 없음 → 한 줄 소개로 대체; 사진 없음,https://map.kakao.com/?q=올레길 5코스(남원-쇠소깍 올레)
1079,휘닉스제주 유민미술관,휘닉스제주 유민미술관,EAST,CULTURE,문화시설,,서귀포시 성산읍,33.2541,126.5601,제주특별자치도 서귀포시 성산읍,,서귀포시 성산읍에 있는 문화시설입니다.,서귀포시 성산읍에 있는 문화시설입니다.,AI,AI 후보 위치 못 찾음; 위치 못 찾음 → 시청 좌표(수정 필요); 설명 기본 문구; 세부설명 없음 → 한 줄 소개로 대체; 사진 없음,https://map.kakao.com/?q=휘닉스제주 유민미술관
1080,신화관 제주신화월드 스카이풀,신화관 제주신화월드 스카이풀,WEST,THEME,테마시설,,서귀포시 안덕면,33.3061716,126.3160764,제주특별자치도 서귀포시 안덕면 신화역사로304번길 38,,서귀포시 안덕면에 있는 테마시설입니다.,서귀포시 안덕면에 있는 테마시설입니다.,AI,설명 기본 문구; 세부설명 없음 → 한 줄 소개로 대체; 사진 없음,https://map.kakao.com/?q=신화관 제주신화월드 스카이풀
1081,우도봉 입구,우도봉 입구,EAST,NATURE,자연관광지,,제주시 우도면,33.4983969,126.9657011,제주특별자치도 제주시 우도면 연평리 1,https://api.cdn.visitjeju.net/photomng/imgpath/201804/30/ab689af2-5482-4aed-8741-2f17349c8296.webp,섬속의 섬 우도에 있는 우도봉의 풍경,섬속의 섬 우도에 있는 우도봉의 풍경,AI+VJ,,https://map.kakao.com/?q=우도봉 입구
1082,서우봉 산책로,서우봉 산책로,EAST,TRAIL,산책로·둘레길,,제주시 조천읍,33.5460789,126.6759387,제주특별자치도 제주시 조천읍 함덕리 163,,제주시 조천읍에 있는 산책로·둘레길입니다.,제주시 조천읍에 있는 산책로·둘레길입니다.,AI,설명 기본 문구; 세부설명 없음 → 한 줄 소개로 대체; 사진 없음,https://map.kakao.com/?q=서우봉 산책로
1083,윈드1947카트테마파크,윈드1947카트테마파크,SOUTH,LEISURE,레저·스포츠 관련 시설,,서귀포시 토평동,33.2895195,126.5888268,제주특별자치도 서귀포시 토평공단로 78-27,https://api.cdn.visitjeju.net/photomng/imgpath/201908/06/bc2eb8ae-1c48-4af3-8f16-7e407f9c55cc.webp,제주도의 아름다운 남쪽 풍경을 품은 제주 최고의 체험형 테마파크,제주도의 아름다운 남쪽 풍경을 품은 제주 최고의 체험형 테마파크,AI+VJ+TOUR,,https://map.kakao.com/?q=윈드1947카트테마파크
1084,점보빌리지,점보빌리지,WEST,CULTURE,문화시설,,서귀포시 안덕면,33.2762765,126.3051056,제주특별자치도 서귀포시 안덕면 평화로319번길 31-11,https://api.cdn.visitjeju.net/photomng/imgpath/202111/16/6d04e8eb-b47b-4e76-9d9d-56c290e678b2.webp,제주속 작은 동남아 점보빌리지 코끼리테마쇼,제주속 작은 동남아 점보빌리지 코끼리테마쇼,AI+VJ+TOUR,,https://map.kakao.com/?q=점보빌리지
1085,천아계곡,천아계곡,WEST,TRAIL,산책로·둘레길,,제주시 애월읍,33.3966973,126.4592561,제주특별자치도 제주시 애월읍 광령리 산 183-2,https://api.cdn.visitjeju.net/photomng/imgpath/202111/25/193fb537-52ac-4cf7-9daa-de6677143fda.webp,한라산 둘레길에 자리한 단풍명소,한라산 둘레길에 자리한 단풍명소,AI+VJ,,https://map.kakao.com/?q=천아계곡
1086,올레길 4코스(표선-남원 올레),올레길 4코스(표선-남원 올레),EAST,TRAIL,산책로·둘레길,,서귀포시 표선면,33.2837579,126.748852,제주특별자치도 서귀포시 남원읍 태흥리 413-8,,서귀포시 표선면에 있는 산책로·둘레길입니다.,서귀포시 표선면에 있는 산책로·둘레길입니다.,AI,설명 기본 문구; 세부설명 없음 → 한 줄 소개로 대체; 사진 없음,https://map.kakao.com/?q=올레길 4코스(표선-남원 올레)
1087,사계해변,사계해변,WEST,NATURE,자연관광지,,서귀포시 안덕면,33.2286583,126.3085979,제주특별자치도 서귀포시 안덕면 사계리,https://api.cdn.visitjeju.net/photomng/imgpath/202408/21/6e10d06a-73eb-4240-92f9-c5d837e5390d.webp,"산방산과 용머리, 에메랄드 빛 바다가 그림처럼 아름다운 곳","산방산과 용머리, 에메랄드 빛 바다가 그림처럼 아름다운 곳",AI+VJ+TOUR,,https://map.kakao.com/?q=사계해변
1088,디앤디파트먼트 제주,디앤디파트먼트 제주,NORTH,COMMERCIAL,상업지구,,제주시 삼도이동,33.5177231,126.5231886,제주특별자치도 제주시 탑동로2길 3,https://api.cdn.visitjeju.net/photomng/imgpath/202311/21/259850e8-2288-48cc-a253-19e20f0c96c8.webp,회색벽면의 d로고가 유명한 원도심 문화공간,회색벽면의 d로고가 유명한 원도심 문화공간,AI+VJ+TOUR,,https://map.kakao.com/?q=디앤디파트먼트 제주
1089,작가의산책길,작가의산책길,SOUTH,TRAIL,산책로·둘레길,,서귀포시 서홍동,33.2450227,126.5625103,제주특별자치도 서귀포시 서귀동 466-4,,서귀포시 서홍동에 있는 산책로·둘레길입니다.,서귀포시 서홍동에 있는 산책로·둘레길입니다.,AI,설명 기본 문구; 세부설명 없음 → 한 줄 소개로 대체; 사진 없음,https://map.kakao.com/?q=작가의산책길
1090,목장카페 밭디,목장카페 밭디,EAST,COMMERCIAL,상업지구,,서귀포시 표선면,33.4078998,126.7722168,제주특별자치도 서귀포시 표선면 번영로 2486,https://api.cdn.visitjeju.net/photomng/imgpath/202306/18/a3b0be2b-3c3c-4e25-9bc8-416df96c5b78.webp,말 먹이주기 체험이 가능한 목장카페,말 먹이주기 체험이 가능한 목장카페,AI+VJ,,https://map.kakao.com/?q=목장카페 밭디
1091,안돌오름,안돌오름,EAST,NATURE,자연관광지,,제주시 구좌읍,33.4578305,126.7558689,제주특별자치도 제주시 구좌읍 송당리 산 66-2,https://api.cdn.visitjeju.net/photomng/imgpath/201804/30/3652cfb3-a5aa-4fe4-bbbd-7d45d75b00b3.webp,말굽형 화구와 완만한 풀밭 능선이 어우러진 송당리의 오름,말굽형 화구와 완만한 풀밭 능선이 어우러진 송당리의 오름,AI+VJ+TOUR,,https://map.kakao.com/?q=안돌오름
1092,송악산,송악산,WEST,NATURE,자연관광지,,서귀포시 대정읍,33.1990829,126.2897914,제주특별자치도 서귀포시 대정읍 상모리 산 2,https://api.cdn.visitjeju.net/photomng/imgpath/202008/21/a8ee7cef-10ef-42a1-b1f7-d5730021f0dc.webp,서남부의 절경을 선사하는 산방산의 이웃산,서남부의 절경을 선사하는 산방산의 이웃산,AI+VJ+TOUR,,https://map.kakao.com/?q=송악산
1093,제주제트 중문점,제주제트 중문점,SOUTH,LEISURE,레저·스포츠 관련 시설,,서귀포시 대포동,33.238416,126.4394628,제주특별자치도 서귀포시 대포로 172-5,https://tong.visitkorea.or.kr/cms/resource/41/3373941_image2_1.jpg,제주 서귀포시 대포로에 위치한 제주제트는 스릴 넘치는 해상 레포츠를 즐길 수 있는 명소이다.,"제주 서귀포시 대포로에 위치한 제주제트는 스릴 넘치는 해상 레포츠를 즐길 수 있는 명소이다. 제주도 최초로 뉴질랜드에서 직수입한 제트보트를 도입하여 안전하고 짜릿한 체험을 제공한다. 제주 주상절리의 절경을 바라보며 숨 돌릴 틈 없는 재미를 선사하는 다양한 해양 스포츠를 즐길 수 있다. 또한, 제주 바다와 하늘의 아름다움을 동시에 즐길 수 있는 파라세일링 체험이 가능하다. 제트보트와 주상절리 배낚시는 사계절 내내 즐길 수 있어, 바다 위 짜릿한 스릴과 더불어 제주 자연의 아름답고 신비로운 광경을 만끽할 수 있다. 제주제트는 연중무휴로 운영되며, 가족, 친구, 연인과 함께 제주에서의 특별한 추억을 만들 수 있는 장소이다.",AI+TOUR,,https://map.kakao.com/?q=제주제트 중문점
1094,남원큰엉해변,남원큰엉해변,SOUTH,NATURE,자연관광지,,서귀포시 남원읍,33.2733502,126.70371,제주특별자치도 서귀포시 남원읍 태위로 522-17,https://api.cdn.visitjeju.net/photomng/imgpath/201804/30/9c0c97e8-e68c-4506-8927-fdf468a7c3c0.webp,때묻지 않은 기암절벽이 아름다운 해양경승지,때묻지 않은 기암절벽이 아름다운 해양경승지,AI+VJ+TOUR,,https://map.kakao.com/?q=남원큰엉해변
1095,한담몰,한담몰,WEST,COMMERCIAL,상업지구,,제주시 애월읍,33.462339,126.3118815,제주특별자치도 제주시 애월읍 애월로1길 7,https://api.cdn.visitjeju.net/photomng/imgpath/202306/15/5b991b1c-7c87-4e45-8dbb-fce45b134d31.webp,없는 것 빼고 다 있는 기념품 가게,없는 것 빼고 다 있는 기념품 가게,AI+VJ,,https://map.kakao.com/?q=한담몰
1096,외돌개 전망대,외돌개 전망대,SOUTH,NATURE,자연관광지,,서귀포시 서홍동,33.2398405,126.5455233,제주특별자치도 서귀포시 서홍동 794-11,https://api.cdn.visitjeju.net/photomng/imgpath/202110/26/a434d9b2-a595-485f-89d6-1423bd989912.webp,"바다 위에 홀로 우뚝, 우직한 외돌개","바다 위에 홀로 우뚝, 우직한 외돌개",AI+VJ+TOUR,,https://map.kakao.com/?q=외돌개 전망대
1097,싱계물공원,싱계물공원,WEST,NATURE,자연관광지,,제주시 한경면,33.343376,126.173996,제주 제주시 한경면 신창리 1322-1,https://api.cdn.visitjeju.net/photomng/imgpath/202112/02/e93957b0-ef19-409c-a9ab-6e459d04a238.webp,싱계물 공원,싱계물 공원,AI+VJ+TOUR,AI 후보 위치 못 찾음; 비짓제주 좌표 사용,https://map.kakao.com/?q=싱계물공원
1098,삼양해수욕장,삼양해수욕장,NORTH,NATURE,자연관광지,,제주시 삼양이동,33.525867,126.5855373,제주특별자치도 제주시 삼양이동 1960-4,https://api.cdn.visitjeju.net/photomng/imgpath/201804/30/5ddda0d0-4174-4fd6-aa65-c9594d7ae77d.webp,반짝이는 검은 모래가 특색인 해수욕장,반짝이는 검은 모래가 특색인 해수욕장,AI+VJ+TOUR,,https://map.kakao.com/?q=삼양해수욕장
1099,코난해변,코난해변,EAST,NATURE,자연관광지,,제주시 구좌읍,33.5569034,126.7943567,제주특별자치도 제주시 구좌읍 월정1길 70-6,https://api.cdn.visitjeju.net/photomng/imgpath/202407/23/76eb94f6-8369-4309-8b39-1f1fa39d8876.webp,에메랄드빛 가득 머금은 행원해변(코난해변)...,에메랄드빛 가득 머금은 행원해변(코난해변)... “스노쿨링도 즐겨요”,AI+VJ+TOUR,,https://map.kakao.com/?q=코난해변
1100,탑동광장,탑동광장,NORTH,TRAIL,산책로·둘레길,,제주시 건입동,33.5180791,126.5266709,제주특별자치도 제주시 건입동 1444,https://api.cdn.visitjeju.net/photomng/imgpath/201804/30/1c70914e-57d4-4469-b7d2-072e321dc580.webp,제주 원도심 바닷가를 따라 산책과 공연을 즐길 수 있는 해안광장,제주 원도심 바닷가를 따라 산책과 공연을 즐길 수 있는 해안광장,AI+VJ+TOUR,,https://map.kakao.com/?q=탑동광장
1101,신화워터파크,신화워터파크,WEST,THEME,테마시설,,서귀포시 안덕면,33.3060741,126.3153985,제주특별자치도 서귀포시 안덕면 신화역사로304번길 38,https://api.cdn.visitjeju.net/photomng/imgpath/202205/30/2a160505-d290-4219-a2e2-73abf059cf4a.webp,"제주 바다보다 더 짜릿한 물놀이 천국, 신화워터파크","제주 바다보다 더 짜릿한 물놀이 천국, 신화워터파크",AI+VJ+TOUR,,https://map.kakao.com/?q=신화워터파크
1102,이마트 신제주점,이마트 신제주점,NORTH,COMMERCIAL,상업지구,,제주시 노형동,33.4849857,126.4804231,제주특별자치도 제주시 1100로 3348,https://tong.visitkorea.or.kr/cms/resource/68/4020368_image2_1.jpg,탑텐은 의류를 합리적인 가격에 제공하는 대한민국 SPA 브랜드입니다.,"탑텐은 의류를 합리적인 가격에 제공하는 대한민국 SPA 브랜드입니다. 다양한 연령대와 스타일을 아우르며, 실용적이면서도 트렌디한 일상복으로 인기가 높습니다.",AI+TOUR,,https://map.kakao.com/?q=이마트 신제주점
1103,이승이오름,이승이오름,SOUTH,NATURE,자연관광지,,서귀포시 남원읍,33.3401498,126.622239,제주특별자치도 서귀포시 남원읍 신례리 산 2-4,https://tong.visitkorea.or.kr/cms/resource_photo/12/4070012_image2_1.jpg,이승이오름은 살쾡이를 닮아서 이승이란 이름을 갖게 되었지만 정확한 생김새를 확인하기는 수월치 않다.,"이승이오름은 살쾡이를 닮아서 이승이란 이름을 갖게 되었지만 정확한 생김새를 확인하기는 수월치 않다. 능선에 울창하게 자라난 나무들 때문이다. 이승이오름은 동쪽으로 움푹 파인 말발굽 형태를 가지고 있다. 제주 오름에서 흔히 볼 수 있는 모습이다. 주차장에 차를 세우고 이승이오름 갈림길에 들어서면 이승이오름 순환코스, 수악길, 신례공동목장으로 갈라지는 길의 이정표가 선명하게 보인다.
봄, 여름, 가을, 겨울 언제 가도 좋은데 봄에는 벚꽃으로, 가을에는 단풍으로 아름다운 풍경을 자아내며, 여름에는 시원해서 좋고 겨울에는 눈 덮인 삼나무 숲길을 구경할 수 있는 곳이다. 이승이오름의 시작 지점에서 오른쪽 길로 들어서 20분 정도 걸어가면 만나는 삼나무 길에서 많은 이들이 인생샷을 남겼다. 이곳을 기점으로 한라산 둘레길을 걸어도 좋고, 이승이오름 정상으로 가로질러 가도 좋다.

(출처 : 비짓제주 홈페이지)",AI+TOUR,,https://map.kakao.com/?q=이승이오름
1104,빛의 벙커,빛의 벙커,EAST,CULTURE,문화시설,,서귀포시 성산읍,33.4398751,126.8992114,제주특별자치도 서귀포시 성산읍 서성일로1168번길 89-17,https://api.cdn.visitjeju.net/photomng/imgpath/202211/11/77ddeff8-4c6c-4bd4-ac5f-40535b4df74e.webp,성산에 숨겨져 있던 통신 벙커에서 열리는 미디어아트 전시,성산에 숨겨져 있던 통신 벙커에서 열리는 미디어아트 전시,AI+VJ+TOUR,,https://map.kakao.com/?q=빛의 벙커
1105,우도산호해변,우도산호해변,EAST,NATURE,자연관광지,,제주시 우도면,33.5024061,126.9430478,제주특별자치도 제주시 우도면 연평리,https://api.cdn.visitjeju.net/photomng/imgpath/202408/21/edc894d2-02ca-4bc6-9d89-0681a696f58c.webp,소가 누운 형상을 닮은 제주의 가장 큰 부속섬,소가 누운 형상을 닮은 제주의 가장 큰 부속섬,AI+VJ+TOUR,,https://map.kakao.com/?q=우도산호해변
1106,애월해안도로,애월해안도로,WEST,TRAIL,산책로·둘레길,,제주시 애월읍,33.4781233,126.3686787,제주특별자치도 제주시 애월읍 신엄리 2719-3,https://api.cdn.visitjeju.net/photomng/imgpath/202110/25/acaf6312-55e6-4443-9a50-cdf8c68bf458.webp,"도보와 자전거, 자동차로 즐기기 좋은 제주 서부의 해안도로","도보와 자전거, 자동차로 즐기기 좋은 제주 서부의 해안도로",AI+VJ+TOUR,,https://map.kakao.com/?q=애월해안도로
1107,올레길 1코스(시흥-광치기 올레),올레길 1코스(시흥-광치기 올레),EAST,TRAIL,산책로·둘레길,,서귀포시 성산읍,33.478583,126.9061535,제주특별자치도 서귀포시 성산읍 시흥리,https://api.cdn.visitjeju.net/photomng/imgpath/201910/02/4248c762-e2aa-47b4-b8e6-a90ffbfea01c.webp,제주의 가장 첫 번째 제주올레 길의 탄생,제주의 가장 첫 번째 제주올레 길의 탄생,AI+VJ,,https://map.kakao.com/?q=올레길 1코스(시흥-광치기 올레)
1108,쇠소깍관광지,쇠소깍관광지,SOUTH,NATURE,자연관광지,,서귀포시 하효동,33.2529556,126.6226425,제주특별자치도 서귀포시 하효동,https://api.cdn.visitjeju.net/photomng/imgpath/202410/16/a8784094-08b6-4e9e-acf2-d86ab445dda5.webp,"제주올레 5코스의 끝이자 6코스의 시작으로, 바닷물과 민물이 만나는 비밀스러운 계곡","제주올레 5코스의 끝이자 6코스의 시작으로, 바닷물과 민물이 만나는 비밀스러운 계곡",AI+VJ+TOUR,,https://map.kakao.com/?q=쇠소깍관광지
1109,드르쿰다in성산,드르쿰다in성산,EAST,THEME,테마시설,,서귀포시 성산읍,33.4445131,126.9190852,제주특별자치도 서귀포시 성산읍 섭지코지로25번길 64,,서귀포시 성산읍에 있는 테마시설입니다.,서귀포시 성산읍에 있는 테마시설입니다.,AI,설명 기본 문구; 세부설명 없음 → 한 줄 소개로 대체; 사진 없음,https://map.kakao.com/?q=드르쿰다in성산
1110,세기알해변,세기알해변,EAST,NATURE,자연관광지,,제주시 구좌읍,33.5578993,126.7555038,제주특별자치도 제주시 구좌읍 김녕리 1200-5,https://api.cdn.visitjeju.net/photomng/imgpath/202407/24/19ded5c5-4eea-4072-8e32-6b4c179ee8fe.webp,"스노쿨링, 물멍, 걷기...","스노쿨링, 물멍, 걷기... 뭘 해도 좋은 ‘세기알해변’",AI+VJ+TOUR,,https://map.kakao.com/?q=세기알해변
1111,한담해변,한담해변,WEST,NATURE,자연관광지,,제주시 애월읍,33.462225,126.3101829,제주특별자치도 제주시 애월읍 애월리,https://api.cdn.visitjeju.net/photomng/imgpath/202111/04/2f515b1c-54e6-40de-bc74-e8591468fab0.webp,해안길을 따라 산책할 수 있는 제주의 숨은 비경,해안길을 따라 산책할 수 있는 제주의 숨은 비경,AI+VJ+TOUR,,https://map.kakao.com/?q=한담해변
1112,홈플러스 서귀포점,홈플러스 서귀포점,SOUTH,COMMERCIAL,상업지구,,서귀포시 동홍동,33.2605268,126.5598691,제주특별자치도 서귀포시 중앙로 180,https://tong.visitkorea.or.kr/cms/resource/32/4019932_image2_1.jpg,홈플러스는 합리적인 가격과 다양한 상품 구성을 갖춘 대한민국 유통 브랜드입니다.,"홈플러스는 합리적인 가격과 다양한 상품 구성을 갖춘 대한민국 유통 브랜드입니다. 신선식품, 생활용품, 가전제품까지 한곳에서 구매할 수 있으며, 온라인 배송 서비스를 통해 편리하고 실속 있는 쇼핑 경험을 제공합니다.",AI+TOUR,,https://map.kakao.com/?q=홈플러스 서귀포점
1113,어음리억새군락지,어음리억새군락지,WEST,NATURE,자연관광지,,제주시 애월읍,33.3776436,126.368172,제주특별자치도 제주시 애월읍 어음리 산 68-5,,제주시 애월읍에 있는 자연관광지입니다.,제주시 애월읍에 있는 자연관광지입니다.,AI,설명 기본 문구; 세부설명 없음 → 한 줄 소개로 대체; 사진 없음,https://map.kakao.com/?q=어음리억새군락지
1114,한라산국립공원 성판악탐방로,한라산국립공원 성판악탐방로,SOUTH,NATURE,자연관광지,,서귀포시 남원읍,33.378131,126.5750287,제주특별자치도 제주시 조천읍 교래리 산 137-2,,서귀포시 남원읍에 있는 자연관광지입니다.,서귀포시 남원읍에 있는 자연관광지입니다.,AI,설명 기본 문구; 세부설명 없음 → 한 줄 소개로 대체; 사진 없음,https://map.kakao.com/?q=한라산국립공원 성판악탐방로
1115,범섬,범섬,SOUTH,NATURE,자연관광지,,서귀포시 법환동,33.2184698,126.5163065,제주특별자치도 서귀포시 법환동,https://api.cdn.visitjeju.net/photomng/imgpath/202111/12/7c4ce45c-884f-4a99-ad0c-3195b71a9c7b.webp,면면이 기괴한 자태의 신비함을 간직한 섬,면면이 기괴한 자태의 신비함을 간직한 섬,AI+VJ,,https://map.kakao.com/?q=범섬
1116,가파도,가파도,WEST,NATURE,자연관광지,,서귀포시 대정읍,33.1700121,126.2714103,제주특별자치도 서귀포시 대정읍 가파리 276,https://api.cdn.visitjeju.net/photomng/imgpath/202110/27/ea7a59c0-ea4d-4a11-bd54-55e231b78ba3.webp,돌담과 바다가 어우러지면서 아름다운 풍경을 자아내는 가파도 청보리,돌담과 바다가 어우러지면서 아름다운 풍경을 자아내는 가파도 청보리,AI+VJ+TOUR,,https://map.kakao.com/?q=가파도
1117,서빈백사,서빈백사,EAST,NATURE,자연관광지,,제주시 우도면,33.5017071,126.9444344,제주특별자치도 제주시 우도면 연평리,https://tong.visitkorea.or.kr/cms/resource/74/3011874_image2_1.jpg,"우도 산호해변은 에메랄드빛으로 부서지는 햇살 아래 하얗다 못해 푸른빛이 감돌며, 우도 서쪽의 하얀 모래해변이라 하여 서빈백사로 불린다.","우도 산호해변은 에메랄드빛으로 부서지는 햇살 아래 하얗다 못해 푸른빛이 감돌며, 우도 서쪽의 하얀 모래해변이라 하여 서빈백사로 불린다. 수심에 따라 바다 빛깔이 달라 남태평양이나 지중해의 어느 바다와 비교해도 손색이 없다. 여름에는 해수욕장으로, 봄, 가을에는 사진 찍기 좋은 곳으로 인기가 많으며, 인근에는 우도 땅콩을 넣은 아이스크림, 수제버거 등 식당과 아기자기한 카페들이 많이 들어서 있다. 이곳의 모래는 해양 조류 중 하나인 홍조가 해안으로 쓸려와 퇴적된 것으로, 이러한 해변을 홍조단괴 산호해변으로도 불린다. 홍조단괴란 홍조류가 생리과정에서 탄산칼슘을 축적하여 돌처럼 단단하게 굳어져 버린 상태를 말한다. 홍조단괴로 이루어진 해변은 세계에서도 몇 곳 없어 학술적으로도 희소가치를 지닌다.",AI+TOUR,,https://map.kakao.com/?q=서빈백사
1118,사려니숲길 붉은오름 입구,사려니숲길 붉은오름 입구,EAST,NATURE,자연관광지,,서귀포시 표선면,33.3951713,126.6850676,제주특별자치도 서귀포시 표선면 가시리 산 158-4,https://tong.visitkorea.or.kr/cms/resource/18/4072718_image2_1.jpg,"사려니숲길은 제주의 숨은 비경 31곳 중 하나로, 비자림로를 시작으로 물찻오름과 사려니 오름을 거쳐가는 삼나무가 우거진 숲길이다.","사려니숲길은 제주의 숨은 비경 31곳 중 하나로, 비자림로를 시작으로 물찻오름과 사려니 오름을 거쳐가는 삼나무가 우거진 숲길이다. 사려니오름까지 이어지는 숲길이기 때문에 사려니숲길이라고 불린다. ‘사려니’는 신성한 숲 혹은 ‘실 따위를 흩어지지 않게 동그랗게 포개어 감다’라는 뜻으로 숲길을 거닐면 상쾌한 삼나무 향에 포개진 듯한 느낌을 받을 수 있다. 빽빽한 삼나무뿐만 아니라 졸참나무, 서어나무, 때죽나무, 편백나무 등 다양한 수종이 서식하고 있다. 다양한 수종이 서식하기 때문에 오소리와 제주족제비를 비롯한 포유류, 팔색조와 참매를 비롯한 조류, 쇠살모사를 비롯한 파충류 등의 보금자리가 되기도 한다. 사려니숲길은 본래 숲의 모습이 많이 훼손되지 않아 트래킹을 좋아하는 여행자들이 즐겨 찾는다. 지난 2002년 유네스코가 지정한 제주 생물권 보전지역이기도 하다. 숲보호를 위해 자연휴식년제로 물찻오름은 탐방을 제한했었으나 한시적으로 이곳을 개방하는 ‘사려니숲 에코힐링(Eco-Healing)’ 행사가 열리기도 했다.",AI+TOUR,,https://map.kakao.com/?q=사려니숲길 붉은오름 입구
1119,상가리야자숲,상가리야자숲,WEST,NATURE,자연관광지,,제주시 애월읍,33.4392078,126.35828,제주특별자치도 제주시 애월읍 상가리 536,https://api.cdn.visitjeju.net/photomng/imgpath/202407/18/8405e950-67ce-4e12-8faa-ac3421220bfc.webp,"숲캉스, 힐링, 여유, 쉼...","숲캉스, 힐링, 여유, 쉼... “상가리야자숲이 제격”",AI+VJ+TOUR,,https://map.kakao.com/?q=상가리야자숲
1120,제주아트서커스,제주아트서커스,WEST,CULTURE,문화시설,,서귀포시 안덕면,33.3143922,126.3448107,제주특별자치도 서귀포시 안덕면 동광로 214,https://api.cdn.visitjeju.net/photomng/imgpath/202112/02/0bf4675c-1d69-41a3-9594-dd6c5fe70a5a.webp,국내 최초로 선보이는 7인 여전사 오토바이쇼,국내 최초로 선보이는 7인 여전사 오토바이쇼,AI+VJ+TOUR,,https://map.kakao.com/?q=제주아트서커스
1121,닭머르해안길 1코스,닭머르해안길 1코스,EAST,TRAIL,산책로·둘레길,,제주시 조천읍,33.537167,126.6161239,제주특별자치도 제주시 조천읍 신촌리 4005,https://tong.visitkorea.or.kr/cms/resource/94/4001794_image2_1.jpg,"닭머루 입구에서 신촌포구까지의 구간으로 나무데크로 이어진 전망대와 산책로가 있으며, 가을에서 초겨울까지가 닭머르 해안길을 방문하기에 좋다.","닭머루 입구에서 신촌포구까지의 구간으로 나무데크로 이어진 전망대와 산책로가 있으며, 가을에서 초겨울까지가 닭머르 해안길을 방문하기에 좋다. 닭머르 바위는 마치 닭이 흙을 파헤치고 그 안에 들어앉은 모습을 닮았다하여 이름이 붙여졌다. 아름다운 바다 전망을 자랑하는 이곳은 도민들은 이미 잘 알고 있는 곳이지만, 아직 여행객들에게는 잘 알려지지 않았다. 그렇기에 한적하게 산책을 즐기며 사진을 찍기에 제격인 장소이다. 닭머르 바위가 있는 곳은 나무갑판으로 길이 만들어져 있고, 그 길의 끝엔 해안정자가 자리 잡고 있다. 해안정자까지 이르는 길은 가을을 맞아 풍성해진 억새가 사진 찍기에 더없이 좋은 배경을 만들어준다. 특히 이곳은 일몰 장소로도 손꼽히는 곳이기에 해가 지기 바로 직전에 사진을 담는 것을 추천한다. 억새와 저물어가는 가을 해가 아름다운 배경과 조명을 만들어 줄 것이다.

(출처 : 제주 문화관광 홈페이지)",AI+TOUR,,https://map.kakao.com/?q=닭머르해안길 1코스
1122,김서프제주,김서프제주,SOUTH,LEISURE,레저·스포츠 관련 시설,,서귀포시 색달동,33.250752,126.414994,제주특별자치도 서귀포시 중문관광로 97,https://api.cdn.visitjeju.net/photomng/imgpath/202005/26/2be55847-c683-4894-ad33-f60807a4a415.webp,제주도에서 가장 아름다운 중문색달해변에서 진행되는 서핑강습!,제주도에서 가장 아름다운 중문색달해변에서 진행되는 서핑강습!,AI+VJ,,https://map.kakao.com/?q=김서프제주
1123,이마트 제주점,이마트 제주점,NORTH,COMMERCIAL,상업지구,,제주시 삼도2동,33.517975,126.5211776,제주특별자치도 제주시 탑동로 38,https://tong.visitkorea.or.kr/cms/resource/62/4042262_image2_1.png,"이마트는 신선식품, 생활용품, 패션용품을 두루 갖춘 대형마트입니다.","이마트는 신선식품, 생활용품, 패션용품을 두루 갖춘 대형마트입니다. 넓고 쾌적한 매장에서 합리적인 가격으로 원스톱 쇼핑을 즐길 수 있어 외국인 관광객에게 편리한 쇼핑 경험을 제공합니다.",AI+TOUR,,https://map.kakao.com/?q=이마트 제주점
1124,레몬뮤지엄,레몬뮤지엄,SOUTH,CULTURE,문화시설,,서귀포시 남원읍,33.2988583,126.6178518,제주특별자치도 서귀포시 남원읍 하례로620번길 41,,서귀포시 남원읍에 있는 문화시설입니다.,서귀포시 남원읍에 있는 문화시설입니다.,AI,설명 기본 문구; 세부설명 없음 → 한 줄 소개로 대체; 사진 없음,https://map.kakao.com/?q=레몬뮤지엄
1125,수월봉전망대,수월봉전망대,WEST,NATURE,자연관광지,,제주시 한경면,33.2949579,126.1634654,제주특별자치도 제주시 한경면 고산리 3760,https://api.cdn.visitjeju.net/photomng/imgpath/201907/30/2436b568-5046-4df2-a4cf-0b28b6ee29ff.webp,차귀도로 떨어지는 낙조와 지질학의 교과서를 만나보자 · 천연기념물 제513호 · 올레12코스,차귀도로 떨어지는 낙조와 지질학의 교과서를 만나보자 · 천연기념물 제513호 · 올레12코스,AI+VJ+TOUR,,https://map.kakao.com/?q=수월봉전망대
1126,창꼼,창꼼,EAST,NATURE,자연관광지,,제주시 조천읍,33.552942,126.7000025,제주특별자치도 제주시 조천읍 북촌리 403-9,https://tong.visitkorea.or.kr/cms/resource/15/3095515_image2_1.jpg,"창꼼은 북촌환해장성, 북촌 용물 동쪽에 있다.","창꼼은 북촌환해장성, 북촌 용물 동쪽에 있다. ‘창꼼’은 창 고망(구멍) 난 돌이라 하고, 뙤창문의 제주어이기도 하다. 뙤창문은 방문에 낸 작은 창문을 뜻한다. 말처럼 창을 뚫어 놓은 듯한 기암으로, 서 있는 바위에 구멍이 나 있어 여행자들은 이 구멍을 통해 사진을 찍는다. 창꼼바위에서는 바다 쪽으로 다려도가 보이고, 방파제가 보인다. 창꼼 가까이 있는 용물은 용천수를 뜻하며 지하를 흐르다 바다 가까이에서 분출하는 지하수를 말한다. 이곳 역시 사진 포인트이다.

◎ 한류의 매력을 만나는 여행 정보 - 드라마 
‘창꼼’은 우영우의 멘토 정명석 변호사가 아내와의 일을 회상하던 장소이다. 이 바위는 보통 바위와는 조금 다르게 한가운데 동그랗게 구멍이 뚫려있다. 그 구멍으로는 그림 같은 제주 바다가 보인다. 제주 특유의 푸르고 아름다운 풍경이 유독 돋보이는 명소라 기념사진을 찍으러 온 많은 여행객을 찾아볼 수 있다. 창꼼바위 앞에서 바다를 배경 삼아 사진 한 장 남겨보는 것을 추천한다.",AI+TOUR,,https://map.kakao.com/?q=창꼼
1127,용담해안도로,용담해안도로,NORTH,NATURE,자연관광지,,제주시 용담2동,33.5158271,126.5095606,제주특별자치도 제주시 용담삼동 496,https://api.cdn.visitjeju.net/photomng/imgpath/201804/30/954bc671-c295-478a-a408-26a8817083b4.webp,"용두암 인근 해변에 위치, 호텔, 횟집거리등 밀집되어있음","용두암 인근 해변에 위치, 호텔, 횟집거리등 밀집되어있음",AI+VJ+TOUR,,https://map.kakao.com/?q=용담해안도로
1128,우도올레보트,우도올레보트,EAST,LEISURE,레저·스포츠 관련 시설,,제주시 우도면,33.516665,126.9495182,제주특별자치도 제주시 우도면 주흥1길 21,https://api.cdn.visitjeju.net/photomng/imgpath/201804/30/e4cdd644-f658-4196-84fa-24c3418e8cc6.webp,우도 스피드보트 이용 가능,우도 스피드보트 이용 가능,AI+VJ+TOUR,,https://map.kakao.com/?q=우도올레보트
1129,큰엉,큰엉,SOUTH,NATURE,자연관광지,,서귀포시 남원읍,33.2732012,126.7047753,제주특별자치도 서귀포시 남원읍 남원리,https://api.cdn.visitjeju.net/photomng/imgpath/202212/14/efe7db6a-208e-4b55-bfa5-78b65e699913.webp,"큰엉해안경승지는 ‘큰엉’이라는 제주도 사투리로 ‘큰 언덕’이라는 뜻인데, 커다란 바윗덩어리들이 바다를 집어삼킬 듯이 입을 벌리고 있는 언덕이라…","큰엉해안경승지는 ‘큰엉’이라는 제주도 사투리로 ‘큰 언덕’이라는 뜻인데, 커다란 바윗덩어리들이 바다를 집어삼킬 듯이 입을 벌리고 있는 언덕이라 하여 붙여진 이름이다.",AI+VJ+TOUR,,https://map.kakao.com/?q=큰엉
1130,유채꽃프라자,유채꽃프라자,EAST,NATURE,자연관광지,,서귀포시 표선면,33.3937048,126.731674,제주특별자치도 서귀포시 표선면 녹산로 464-65,https://tong.visitkorea.or.kr/cms/resource/31/4064231_image2_1.jpg,큰사슴이 오름 앞에 위치한 유채꽃플라자는 2013년 가시리권역 농촌마을 종합개발사업의 일환으로 건축된 농촌체험연수원이다.,"큰사슴이 오름 앞에 위치한 유채꽃플라자는 2013년 가시리권역 농촌마을 종합개발사업의 일환으로 건축된 농촌체험연수원이다. 7개의 숙박 객실과 독립된 2채의 통나무 숙박시설이 있고 1층에는 카페, 세미나실, 셀프 카페테리아가 있다. 잔디 광장과 야외무대 및 족구장 등이 부대시설로 갖추어져 소규모 워크숍이나 수련회 활동을 위해 많이 찾는 곳이다. 봄에는 벚꽃과 유채꽃이 어우러진 녹산길을 볼 수 있으며, 여름밤 별빛과 바다에 떠있는 배의 불빛이 야경의 운치까지 더한다. 가을에는 억새의 향연과 풍력발전기가 함께 하는 풍경은 이국적인 아름다움을 선사한다.",AI+TOUR,,https://map.kakao.com/?q=유채꽃프라자
1131,신세계사이먼 제주프리미엄전문점,신세계사이먼 제주프리미엄전문점,WEST,COMMERCIAL,상업지구,,서귀포시 안덕면,33.3066351,126.317576,제주특별자치도 서귀포시 안덕면 신화역사로304번길 38,https://api.cdn.visitjeju.net/photomng/imgpath/202110/13/ec7bfabe-c24a-44ce-af49-13c2d8acb43d.webp,제주 여행과 라이프에 '프리미엄 쇼핑'을 더하는 제주 프리미엄 전문점,제주 여행과 라이프에 '프리미엄 쇼핑'을 더하는 제주 프리미엄 전문점,AI+VJ+TOUR,TourAPI 이름 다름(구호 신세계사이먼프리미엄아울렛 제주점),https://map.kakao.com/?q=신세계사이먼 제주프리미엄전문점
1132,신산공원,신산공원,NORTH,FESTIVAL,지역 축제·행사,,제주시 일도이동,33.5070196,126.5331605,제주특별자치도 제주시 일도이동 830,https://api.cdn.visitjeju.net/photomng/imgpath/201812/20/63e7d14d-3939-47d5-870f-535162cfe5f2.webp,제주시 중심지 한복판에 위치한 공원,제주시 중심지 한복판에 위치한 공원,AI+VJ+TOUR,,https://map.kakao.com/?q=신산공원
1133,논짓물해변,논짓물해변,SOUTH,NATURE,자연관광지,,서귀포시 하예동,33.2372078,126.3892936,제주특별자치도 서귀포시 하예동 532-3,https://api.cdn.visitjeju.net/photomng/imgpath/202407/23/38469f3b-8a1a-49f1-8f11-97ffdaa8cc68.webp,차가운 용천수와 바닷물이 만나는 예래동의 여름 물놀이 명소,차가운 용천수와 바닷물이 만나는 예래동의 여름 물놀이 명소,AI+VJ+TOUR,,https://map.kakao.com/?q=논짓물해변
1134,아부오름,아부오름,EAST,NATURE,자연관광지,,제주시 구좌읍,33.4485842,126.777215,제주특별자치도 제주시 구좌읍 송당리 2263,https://api.cdn.visitjeju.net/photomng/imgpath/201908/16/b7b0e09e-0724-4c47-a904-2d92428714a1.webp,제주의 오름을 좀 더 가깝게 느낄 수 있는 아부오름,제주의 오름을 좀 더 가깝게 느낄 수 있는 아부오름,AI+VJ+TOUR,,https://map.kakao.com/?q=아부오름
1135,소길별하,소길별하,WEST,HISTORY,역사·유적·종교 시설,,제주시 애월읍,33.4298394,126.3757759,제주특별자치도 제주시 애월읍 소길남길 34-37,https://api.cdn.visitjeju.net/photomng/imgpath/202606/11/ca6bde05-8a78-47e6-b100-e3672834a9a6.webp,제주 로컬 브랜드 편집숍 in 애월🌳,제주 로컬 브랜드 편집숍 in 애월🌳,AI+VJ+TOUR,,https://map.kakao.com/?q=소길별하
1136,마노르블랑,마노르블랑,WEST,TRAIL,산책로·둘레길,,서귀포시 안덕면,33.2548189,126.2949908,제주특별자치도 서귀포시 안덕면 일주서로2100번길 46,,서귀포시 안덕면에 있는 산책로·둘레길입니다.,서귀포시 안덕면에 있는 산책로·둘레길입니다.,AI,설명 기본 문구; 세부설명 없음 → 한 줄 소개로 대체; 사진 없음,https://map.kakao.com/?q=마노르블랑
1137,안덕계곡,안덕계곡,WEST,HISTORY,역사·유적·종교 시설,,서귀포시 안덕면,33.2572022,126.3525826,제주특별자치도 서귀포시 안덕면 감산리 1946,https://api.cdn.visitjeju.net/photomng/imgpath/202410/17/bc9d8107-4910-42c8-8786-cd6f575836c2.webp,"'구가의 서' 촬영지, 제주의 아름다운 계곡 중 하나로 꼽히는 신비한 안덕계곡","'구가의 서' 촬영지, 제주의 아름다운 계곡 중 하나로 꼽히는 신비한 안덕계곡",AI+VJ+TOUR,,https://map.kakao.com/?q=안덕계곡
1138,한라산영실,한라산영실,SOUTH,NATURE,자연관광지,,서귀포시 도순동,33.3386324,126.4791724,제주특별자치도 서귀포시 영실로 226,https://tong.visitkorea.or.kr/cms/resource/15/3552115_image2_1.jpg,"영실 등산로는 길이 5.8㎞, 2시간 30분이 소요되는 코스로, 한라산 코스 중 가장 짧으면서도 가장 아름다운 구간으로 꼽힌다.","영실 등산로는 길이 5.8㎞, 2시간 30분이 소요되는 코스로, 한라산 코스 중 가장 짧으면서도 가장 아름다운 구간으로 꼽힌다. 차로 등산로 앞, 1280m 고지까지 올라갈 수 있다. 백록담 밑에 남벽 분기점까지 가는 영실탐방로는 그나마 수월하게 오를 수 있어 초보자들에게도 추천하는 코스다. 백록담까지의 구간은 안전상의 문제로 통제되어 갈 수 없지만, 영실기암과 울창한 숲, 오백나한, ‘돌이 있는 자갈평지’라는 의미의 선작지왓, ‘위에 있는 세 개의 오름’이란 뜻을 가진 윗세오름까지 볼거리는 무궁무진하다. 버스나 택시를 타고 왔다면, 내려갈 때는 어리목, 돈내코로 내려가며 다양한 풍경을 감상할 수 있다.

(출처 : 제주 문화관광 홈페이지)",AI+TOUR,,https://map.kakao.com/?q=한라산영실
1139,서귀포자연휴양림,서귀포자연휴양림,SOUTH,NATURE,자연관광지,,서귀포시 하원동,33.3115057,126.4587539,제주특별자치도 서귀포시 1100로 882,https://api.cdn.visitjeju.net/photomng/imgpath/202410/16/bdc8ed55-c4f5-4258-994f-eab4449f2016.webp,다양한 생태계를 보여주고 뚜렷한 계절적 감각을 느낄 수 있는 제주권 최고의 휴양림,다양한 생태계를 보여주고 뚜렷한 계절적 감각을 느낄 수 있는 제주권 최고의 휴양림,AI+VJ+TOUR,,https://map.kakao.com/?q=서귀포자연휴양림
1140,사라봉공원,사라봉공원,NORTH,NATURE,자연관광지,,제주시 건입동,33.5172842,126.545546,제주특별자치도 제주시 사라봉동길 74,https://api.cdn.visitjeju.net/photomng/imgpath/202111/24/495664c1-2a08-453c-b914-ed3322c29f9f.webp,"제주의 아침이 열리는 사라봉공원, 영주 10경 중의 하나인 사봉낙조의 장관을 볼 수 있는 곳","제주의 아침이 열리는 사라봉공원, 영주 10경 중의 하나인 사봉낙조의 장관을 볼 수 있는 곳",AI+VJ+TOUR,,https://map.kakao.com/?q=사라봉공원
1141,올레길 10코스(화순-모슬포 올레),올레길 10코스(화순-모슬포 올레),WEST,TRAIL,산책로·둘레길,,서귀포시 대정읍,33.2031213,126.2909064,제주특별자치도 서귀포시 대정읍 상모리 194,https://api.cdn.visitjeju.net/photomng/imgpath/202111/18/2857db7c-2b2b-4b8e-8ab0-cd2c956cb37c.webp,화순에서 산방산·사계해안·송악산·알뜨르비행장을 지나 모슬포까지 이어지는 제주 남서부의 역사·해안 도보여행길.,화순에서 산방산·사계해안·송악산·알뜨르비행장을 지나 모슬포까지 이어지는 제주 남서부의 역사·해안 도보여행길.,AI+VJ,,https://map.kakao.com/?q=올레길 10코스(화순-모슬포 올레)
1142,서부농업기술센터,서부농업기술센터,WEST,CULTURE,문화시설,,제주시 한림읍,33.3536879,126.248682,제주특별자치도 제주시 한림읍 월림7길 90,https://api.cdn.visitjeju.net/photomng/imgpath/202407/09/9bcee6de-d8a1-4bda-9069-888eb59c6727.webp,사시사철 다채로운 꽃내음 가득...,사시사철 다채로운 꽃내음 가득... ‘서부농업기술센터’,AI+VJ,관광지인지 확인(도서관·교회·골프 등),https://map.kakao.com/?q=서부농업기술센터
1143,제주국제공항 JDC면세점,제주국제공항 JDC면세점,NORTH,COMMERCIAL,상업지구,,제주시 용담2동,33.506985,126.4936058,제주특별자치도 제주시 공항로 2,https://api.cdn.visitjeju.net/photomng/imgpath/201804/30/35f82a5c-cd6a-4deb-be70-c5b009ab8195.webp,4·3 당시 수 많은 주민들이 처형된 최대의 학살터인 정뜨르 비행장,4·3 당시 수 많은 주민들이 처형된 최대의 학살터인 정뜨르 비행장,AI+VJ+TOUR,TourAPI 이름 다름(올리브영 제주국제공항점),https://map.kakao.com/?q=제주국제공항 JDC면세점
1144,비양도망대,비양도망대,EAST,NATURE,자연관광지,,제주시 우도면,33.5154092,126.969199,제주특별자치도 제주시 우도면 연평리,https://api.cdn.visitjeju.net/photomng/imgpath/202111/02/1b8d9a22-d8bf-44bc-9769-10836f5049af.webp,"우도 섬 속에 또 하나의 섬, 비양도","우도 섬 속에 또 하나의 섬, 비양도",AI+VJ,비짓제주 이름 다름(우도 비양도),https://map.kakao.com/?q=비양도망대
1145,황우지해안,황우지해안,SOUTH,NATURE,자연관광지,,서귀포시 천지동,33.2414672,126.5505278,제주특별자치도 서귀포시 서홍동,https://api.cdn.visitjeju.net/photomng/imgpath/201804/30/0071520b-9cd5-4f07-8a83-4612ac077975.webp,선녀가 물놀이했다는 전설이 전해지는 천연 해수풀 형태의 해안,선녀가 물놀이했다는 전설이 전해지는 천연 해수풀 형태의 해안,AI+VJ+TOUR,,https://map.kakao.com/?q=황우지해안
1146,백록담,백록담,SOUTH,NATURE,자연관광지,,서귀포시 토평동,33.3623239,126.5333297,제주특별자치도 서귀포시 토평동 산 15-1,https://api.cdn.visitjeju.net/photomng/imgpath/202111/01/505c302c-fca0-4ca2-bf71-b4875fa289d6.webp,순상화산의 원지형이 잘 보존된 국내 가장 높은 산정화구호 · 세계생물권보존지역 · 세계자연유산 · 세계지질공원,"순상화산의 원지형이 잘 보존된 국내 가장 높은 산정화구호
· 세계생물권보존지역
· 세계자연유산
· 세계지질공원",AI+VJ,,https://map.kakao.com/?q=백록담
1147,우도정원,우도정원,EAST,THEME,테마시설,,제주시 우도면,33.5014991,126.9471809,제주특별자치도 제주시 우도면 천진길 105,https://api.cdn.visitjeju.net/photomng/imgpath/202408/21/edc894d2-02ca-4bc6-9d89-0681a696f58c.webp,소가 누운 형상을 닮은 제주의 가장 큰 부속섬,소가 누운 형상을 닮은 제주의 가장 큰 부속섬,AI+VJ,,https://map.kakao.com/?q=우도정원
1148,송당무끈모루,송당무끈모루,EAST,NATURE,자연관광지,,제주시 구좌읍,33.4566324,126.7715119,제주특별자치도 제주시 구좌읍 송당리 2793,https://tong.visitkorea.or.kr/cms/resource/08/4074508_image2_1.jpg,송당무끈모루는 송당리 비자림로에 있다.,"송당무끈모루는 송당리 비자림로에 있다. 모루는 산마루 할 때 마루 즉 작은 언덕을 뜻하지만, 지금은 특별히 경사나 구릉을 느낄 수 없다. 이 장소에 안도르 카페가 생기며 사진 스폿으로 알려지기 시작했다. 나무 사이로 넓은 초록 들판이 보이고, 멀리 삼나무숲과 오름을 배경으로 사진을 찍으면 분위기 있는 장면을 연출할 수 있다. 시외버스를 타면 바로 앞까지 갈 수 있어 뚜벅이 여행자들도 접근이 쉬우며 사진 스폿에는 주말에 줄 서는 사람이 많다. 근처 비밀의 숲으로 유명해진 안돌오름과 묶어 사진을 찍으러 오는 여행자가 많다. 근처 함께 방문하기 좋은 여행지로 아부오름, 비자림, 안돌오름 등이 있다.",AI+TOUR,,https://map.kakao.com/?q=송당무끈모루
1149,영주산,영주산,EAST,NATURE,자연관광지,,서귀포시 표선면,33.4045668,126.7962385,제주특별자치도 서귀포시 표선면 성읍리 산 18-1,https://api.cdn.visitjeju.net/photomng/imgpath/202407/24/2c879c63-47d7-4a21-a228-464628dc3365.webp,신선이 살았다는 영주산,신선이 살았다는 영주산,AI+VJ,,https://map.kakao.com/?q=영주산
1150,사진놀이터,사진놀이터,WEST,CULTURE,문화시설,,제주시 애월읍,33.4996,126.5312,제주특별자치도 제주시 애월읍,,제주시 애월읍에 있는 문화시설입니다.,제주시 애월읍에 있는 문화시설입니다.,AI,AI 후보 위치 못 찾음; 위치 못 찾음 → 시청 좌표(수정 필요); 설명 기본 문구; 세부설명 없음 → 한 줄 소개로 대체; 사진 없음,https://map.kakao.com/?q=사진놀이터
1151,제주월드컵경기장,제주월드컵경기장,SOUTH,LEISURE,레저·스포츠 관련 시설,,서귀포시 법환동,33.2461516,126.5093811,제주특별자치도 서귀포시 월드컵로 33,https://tong.visitkorea.or.kr/cms/resource/24/1010424_image2_1.jpg,제주월드컵경기장은 서귀포시외버스터미널 바로 옆에 자리하고 있다.,"제주월드컵경기장은 서귀포시외버스터미널 바로 옆에 자리하고 있다. 42,256명 수용 규모로 2002년 FIFA 월드컵을 위해 만들어진 축구 전용 경기장이다. 발아래로 스탠드가 놓여있고 4계절 푸른 잔디가 지하 14m 아래에 자리한 특이한 형태를 지녔고 경기장 스탠드 위와 데크 등 곳곳에서 푸른 바다와 그 위에 점점이 떠있는 섬과 한국 제일의 한라산을 한눈에 볼 수 있는 주변의 자연과 조화를 이루는 경기장이다.",AI+TOUR,,https://map.kakao.com/?q=제주월드컵경기장
1152,올레길 8코스(월평-대평 올레),올레길 8코스(월평-대평 올레),SOUTH,TRAIL,산책로·둘레길,,서귀포시 하예동,33.2437923,126.41652,제주특별자치도 서귀포시 색달동 2822-9,,서귀포시 하예동에 있는 산책로·둘레길입니다.,서귀포시 하예동에 있는 산책로·둘레길입니다.,AI,설명 기본 문구; 세부설명 없음 → 한 줄 소개로 대체; 사진 없음,https://map.kakao.com/?q=올레길 8코스(월평-대평 올레)
1153,관덕정,관덕정,NORTH,HISTORY,역사·유적·종교 시설,,제주시 삼도2동,33.5133492,126.5214571,제주특별자치도 제주시 관덕로 19,https://api.cdn.visitjeju.net/photomng/imgpath/201908/16/3752d151-dad4-4199-8227-0e5d96e56d8e.webp,국가지정 보물 제 322호로 제주에 현존하는 건물 중 가장 오래된 건물 · 제주시 삼도2동 · 보물 제322호 · 올레17코스 · 4·3 유적지,"국가지정 보물 제 322호로 제주에 현존하는 건물 중 가장 오래된 건물
· 제주시 삼도2동
· 보물 제322호
· 올레17코스
· 4·3 유적지",AI+VJ+TOUR,,https://map.kakao.com/?q=관덕정
1154,하효쇠소깍해변,하효쇠소깍해변,SOUTH,TRAIL,산책로·둘레길,,서귀포시 하효동,33.2513338,126.6229886,제주특별자치도 서귀포시 하효동 997-3,https://api.cdn.visitjeju.net/photomng/imgpath/201804/30/8785871d-7aa0-48c6-bf3f-8b65a6105495.webp,효돈천 하구와 검은 모래 해변이 만나는 곳,효돈천 하구와 검은 모래 해변이 만나는 곳,AI+VJ+TOUR,,https://map.kakao.com/?q=하효쇠소깍해변
1155,거린사슴 전망대,거린사슴 전망대,SOUTH,NATURE,자연관광지,,서귀포시 대포동,33.3074571,126.4545632,제주특별자치도 서귀포시 1100로 823,https://tong.visitkorea.or.kr/cms/resource/60/3015760_image2_1.jpg,거린사슴은 기생화산으로 분화구는 서쪽으로 벌어진 말굽형의 형태이다.,"거린사슴은 기생화산으로 분화구는 서쪽으로 벌어진 말굽형의 형태이다. 한라산 중턱에 있는 오름 중에 사슴과 관련된 이름으로 지어진 오름 중의 하나이다. 실제로 사슴이 살았다고 해서 거린사슴이라 불리고 있으며, 거리다는 갈라지다의 옛말로 오름이 두 개의 봉우리로 갈리어져 있음을 말한다. 
오름의 전사면 둘레에는 많은 나무가 자라 무성한 숲을 이루며, 동쪽에 갯거리오름이 있고 서귀포 자연휴양림이 위치한다. 거린사슴은 오름 등반, 서귀포 시내 조망, 피톤치드 가득한 숲길 산책까지 일석삼조를 얻을 수 있는 관광지이다.
도로가 오름을 관통하여 지나며 오름의 기슭에는 휴게소 겸 전망대가 만들어져 있다. 전망대에서는 탁 트인 풍경과 서귀포 시내를 한눈에 내려다볼 수 있다. 서귀포 시가지와 앞바다가 한눈에 들어오는 경치 좋은 곳으로 서귀포 앞바다에 위치한 숲섬, 범섬, 문섬 들의 전경이 아름답게 펼쳐진다. 서귀포의 명승지들이 파노라마 형태로 표시해 둔 사진에 잘 설명되어 있어 이해를 돕고 있다.",AI+TOUR,,https://map.kakao.com/?q=거린사슴 전망대
1156,제주4.3평화공원,제주4.3평화공원,NORTH,HISTORY,역사·유적·종교 시설,,제주시 봉개동,33.4512683,126.6179268,제주특별자치도 제주시 명림로 430,https://api.cdn.visitjeju.net/photomng/imgpath/202108/10/cd2d8fb9-4397-4838-9782-d4bdcf831b73.webp,반드시 기억해야 할 우리 제주의 역사가 담긴 제주 4.3 평화공원,반드시 기억해야 할 우리 제주의 역사가 담긴 제주 4.3 평화공원,AI+VJ+TOUR,,https://map.kakao.com/?q=제주4.3평화공원
1157,아끈다랑쉬오름,아끈다랑쉬오름,EAST,NATURE,자연관광지,,제주시 구좌읍,33.4741391,126.830647,제주특별자치도 제주시 구좌읍 세화리 2593-2,https://api.cdn.visitjeju.net/photomng/imgpath/202410/17/047feb01-61eb-4a93-88a2-c534ffb36bd3.webp,낮고 평탄해.,낮고 평탄해. 산책하기 좋은 가을억새오름,AI+VJ+TOUR,,https://map.kakao.com/?q=아끈다랑쉬오름
1158,삼성혈,삼성혈,NORTH,HISTORY,역사·유적·종교 시설,,제주시 이도일동,33.504428,126.5287631,제주특별자치도 제주시 삼성로 22,https://api.cdn.visitjeju.net/photomng/imgpath/201804/30/71db4312-7faa-412e-a815-417405350a69.webp,제주도에서 가장 유명한 신화 중 하나가 삼신인(三神人) 신화이다.,"제주도에서 가장 유명한 신화 중 하나가 삼신인(三神人) 신화이다. 신화에 따르면 탐라(제주도의 옛 지명)에 아직 사람이 살고 있지 않던 시기, 신성한 한라산의 기운이 내린 곳에 삼신인이 땅에서 솟아났다고 한다. 전설적인 신화의 흔적이 삼성혈(三姓穴)에 남아 있다.",AI+VJ+TOUR,,https://map.kakao.com/?q=삼성혈
1159,칠성로쇼핑거리,칠성로쇼핑거리,NORTH,COMMERCIAL,상업지구,,제주시 일도1동,33.5143671,126.5254425,제주특별자치도 제주시 일도일동 1296-5,,제주시 일도1동에 있는 상업지구입니다.,제주시 일도1동에 있는 상업지구입니다.,AI,설명 기본 문구; 세부설명 없음 → 한 줄 소개로 대체; 사진 없음,https://map.kakao.com/?q=칠성로쇼핑거리
1160,쉬리의언덕,쉬리의언덕,SOUTH,TRAIL,산책로·둘레길,,서귀포시 색달동,33.2456635,126.4072325,제주특별자치도 서귀포시 색달동 3039-41,https://api.cdn.visitjeju.net/photomng/imgpath/202410/21/f375a8c1-61d3-4cdd-810b-5c14e0e6fe18.webp,쉬리의 마지막 장면 속으로,쉬리의 마지막 장면 속으로,AI+VJ+TOUR,,https://map.kakao.com/?q=쉬리의언덕
1161,태웃개,태웃개,SOUTH,NATURE,자연관광지,,서귀포시 남원읍,33.2703849,126.6911068,제주특별자치도 서귀포시 남원읍 위미리 69,https://api.cdn.visitjeju.net/photomng/imgpath/201807/12/ee8d8a4a-abc5-44fc-93ac-83b6ada45b88.webp,요즘 핫한 스노쿨링 ‘태웃개’..,요즘 핫한 스노쿨링 ‘태웃개’.. 바닷물과 용천수도 공존,AI+VJ+TOUR,,https://map.kakao.com/?q=태웃개
1162,제주중문관광단지,제주중문관광단지,SOUTH,COMMERCIAL,상업지구,,서귀포시 중문동,33.2458353,126.4207342,제주특별자치도 서귀포시 중문동 2624-1,https://api.cdn.visitjeju.net/photomng/imgpath/202111/01/ef886b5e-e5dd-48a2-a053-a2bba836ff73.webp,볼거리와 체험이 가득한 중문관광단지,볼거리와 체험이 가득한 중문관광단지,AI+VJ+TOUR,,https://map.kakao.com/?q=제주중문관광단지
1163,올레길 15-B코스(한림-고내 올레),올레길 15-B코스(한림-고내 올레),WEST,TRAIL,산책로·둘레길,,제주시 한림읍,33.4469888,126.2993595,제주특별자치도 제주시 애월읍 금성리 569-4,,제주시 한림읍에 있는 산책로·둘레길입니다.,제주시 한림읍에 있는 산책로·둘레길입니다.,AI,설명 기본 문구; 세부설명 없음 → 한 줄 소개로 대체; 사진 없음,https://map.kakao.com/?q=올레길 15-B코스(한림-고내 올레)
1164,제주조천스위스마을,제주조천스위스마을,EAST,TRAIL,산책로·둘레길,,제주시 조천읍,33.4939083,126.6767734,제주특별자치도 제주시 조천읍 함와로 566-27,https://tong.visitkorea.or.kr/cms/resource/64/3396964_image2_1.jpg,"제주스위스마을은 다채로운 색감의 상가와 숙박시설로 꾸며져 있으며 마을 곳곳에 여행자들을 위한 포토존들이 마련되어 있는 곳으로, 여러 공방과 아…","제주스위스마을은 다채로운 색감의 상가와 숙박시설로 꾸며져 있으며 마을 곳곳에 여행자들을 위한 포토존들이 마련되어 있는 곳으로, 여러 공방과 아기자기한 소품 숍들이 있어 함께 구경하기 좋은 곳이다. 다채로운 색들의 건물들로 이어져 이색적인 매력을 더한다. 언덕배기에 지어진 마을이라 올라갈수록 아름다운 제주도의 바다가 펼쳐져 마치 동화 속에 들어온 듯한 느낌을 받을 수 있다.",AI+TOUR,,https://map.kakao.com/?q=제주조천스위스마을
1165,노을해안1014,노을해안1014,WEST,LEISURE,레저·스포츠 관련 시설,,제주시 한경면,33.297686,126.1685584,제주특별자치도 제주시 한경면 노을해안로 1014,https://api.cdn.visitjeju.net/photomng/imgpath/202107/22/5fa43348-bede-4c99-aff6-801b068cb24a.webp,제주 전기바이크와 함께하는 수월봉 지질트레일 체험,제주 전기바이크와 함께하는 수월봉 지질트레일 체험,AI+VJ,,https://map.kakao.com/?q=노을해안1014
1166,수산한못,수산한못,EAST,NATURE,자연관광지,,서귀포시 성산읍,33.428865,126.8432007,제주특별자치도 서귀포시 성산읍 수산리 3990,https://tong.visitkorea.or.kr/cms/resource/20/3009620_image2_1.jpg,"수산한못은 과거 수산정(벌판, 초원)의 마장의 말과 소에게 물을 먹이고 주민들의 식수로도 사용해 왔던 유래 깊은 곳이다.","수산한못은 과거 수산정(벌판, 초원)의 마장의 말과 소에게 물을 먹이고 주민들의 식수로도 사용해 왔던 유래 깊은 곳이다. 이곳은 고려시대 몽고 지배하에 제주를 마 사육장으로 집중 육성할 때부터 조성되어 사용해 오던 곳으로 추정되며, 수산한못 이름의 ‘한’은 크다라는 뜻으로 수산평에 있는 큰 못이라는 뜻을 가지고 있다.",AI+TOUR,,https://map.kakao.com/?q=수산한못
1167,도구리알,도구리알,WEST,HISTORY,역사·유적·종교 시설,,서귀포시 대정읍,33.2729697,126.172075,제주특별자치도 서귀포시 대정읍,,서귀포시 대정읍에 있는 역사·유적·종교 시설입니다.,서귀포시 대정읍에 있는 역사·유적·종교 시설입니다.,AI,설명 기본 문구; 세부설명 없음 → 한 줄 소개로 대체; 사진 없음,https://map.kakao.com/?q=도구리알
1168,오저여,오저여,EAST,NATURE,자연관광지,,제주시 구좌읍,33.5615102,126.8140826,제주특별자치도 제주시 구좌읍 행원리 1-91,https://tong.visitkorea.or.kr/cms/resource/00/3071800_image2_1.jpg,해안경관이 아름다운 오저여는 제주시 구좌읍 행원리에 위치한 일몰 명소로 월정리 해수욕장에서 행원 해수욕장을 조금 지난 곳에 있다.,"해안경관이 아름다운 오저여는 제주시 구좌읍 행원리에 위치한 일몰 명소로 월정리 해수욕장에서 행원 해수욕장을 조금 지난 곳에 있다. 오저여는 제주어로 물새가 날아와서 새끼를 치는 바위 또는 작은 섬을 뜻한다. 오저여는 제주 동쪽 해안가에 위치하고 있으며, 푸른 바다와 풍력발전단지의 풍경을 감상할 수 있는 곳이다. 해 질 무렵 오묘한 붉은빛의 일몰이 아름다워 여행객과 사진작가들 사이에 알음알음 입소문이 나면서 많은 사람들이 찾아오고 있는 곳이다. 오저여는 일몰 명소로 유명하지만, 일출 명소로도 유명한 곳이다. 바닷가 주변으로 해녀상과 돌하르방 등 다양한 석상을 둘러보는 재미도 쏠쏠하고 바닷가 정자에서 잠시 휴식을 취해도 좋으며 해맞이 해안도로를 달리다가 잠시 차를 세워 둘러보는 것도 좋다. 오저여에서는 운이 좋다면 가끔 제주 남방 돌고래를 볼 수 있는 곳으로도 알려져 있다.",AI+TOUR,,https://map.kakao.com/?q=오저여
1169,알뜨르비행장,알뜨르비행장,WEST,HISTORY,역사·유적·종교 시설,,서귀포시 대정읍,33.2047162,126.2715273,제주특별자치도 서귀포시 대정읍 상모리 1670,https://api.cdn.visitjeju.net/photomng/imgpath/202409/25/41829f12-b41b-4a52-8a36-358e56962b5a.webp,알뜨르비행장은 서귀포시 대정읍 상모리의 넓은 들판에 남아 있는 일제강점기 군사유적,알뜨르비행장은 서귀포시 대정읍 상모리의 넓은 들판에 남아 있는 일제강점기 군사유적,AI+VJ+TOUR,,https://map.kakao.com/?q=알뜨르비행장
2001,""" 부영CC""",,SOUTH,EXPERIENCE,체험 활동 관광지,,서귀포시 남원읍,33.358353,126.71365,제주특별자치도 서귀포시 남원읍 남조로 960 부영CC,https://api.cdn.visitjeju.net/photomng/imgpath/201804/30/a52a6983-38a0-4238-ba4f-8bdfc6b4a77c.webp,제주 푸른바다와 한라산이 조화로운 골프클럽,제주 푸른바다와 한라산이 조화로운 골프클럽,VJ,,"https://map.kakao.com/?q="" 부영CC"""
2002,(재)한국의학연구소 제주검진센터,,SOUTH,NATURE,자연관광지,,서귀포시 동홍동,33.2851229,126.5582866,제주특별자치도 서귀포시 솔오름로 61,https://api.cdn.visitjeju.net/photomng/imgpath/202404/24/992c7026-075e-483f-8db7-211bd45d5b6e.webp,"1985년 설립된 KMI한국의학연구소는 안전, 청정, 정확한 건강검진을 추구하는 종합건강검진기관으로 우수한 전문 인력과 첨단의료장비를 갖추고…","1985년 설립된 KMI한국의학연구소는 안전, 청정, 정확한 건강검진을 추구하는 종합건강검진기관으로 우수한 전문 인력과 첨단의료장비를 갖추고 품겪과 가치의 차원이 다른 건강검진 서비스를 제공하고 있습니다.",VJ,관광지인지 확인(도서관·교회·골프 등),https://map.kakao.com/?q=(재)한국의학연구소 제주검진센터
2003,(주)메이드인제주,,EAST,COMMERCIAL,상업지구,,제주시 조천읍,33.4918364,126.6680718,제주특별자치도 제주시 조천읍 중산간동로 804-16,https://api.cdn.visitjeju.net/photomng/imgpath/201804/30/58b5eb45-37ec-445d-ad5c-d637fb6ab4f6.webp,국민건강을 생각하는 기업 (주)메이드인제주,국민건강을 생각하는 기업 (주)메이드인제주,VJ,,https://map.kakao.com/?q=(주)메이드인제주
2004,(주)시트러스,,SOUTH,NATURE,자연관광지,,서귀포시 남원읍,33.3330338,126.6180657,제주특별자치도 서귀포시 남원읍 신례천로 46,https://api.cdn.visitjeju.net/photomng/imgpath/202508/12/1f7bf8d5-a033-4efa-b9ef-f3a5e5b2cf83.webp,제주 감귤로 만드는 제주 술!,제주 감귤로 만드는 제주 술! 감귤와인부터 오크숙성 감귤 증류주까지 다양한 주류를 만나보자.,VJ,,https://map.kakao.com/?q=(주)시트러스
2005,(주)지엘지엔비,,EAST,COMMERCIAL,상업지구,,제주시 구좌읍,33.4564636,126.7691579,제주특별자치도 제주시 구좌읍 비자림로 1191,https://api.cdn.visitjeju.net/photomng/imgpath/202511/18/f8e75b9e-7c9c-41d6-ba62-825c6a904a91.webp,두꺼비기름과 제주마유의 만남,두꺼비기름과 제주마유의 만남,VJ,,https://map.kakao.com/?q=(주)지엘지엔비
2006,1100고지습지,,SOUTH,NATURE,자연관광지,,서귀포시 예래동,33.3456898,126.4426587,제주특별자치도 서귀포시 1100로 1555,https://api.cdn.visitjeju.net/photomng/imgpath/202111/15/ff33ab04-9b68-48c3-ad3d-0cbf95a03520.webp,쉽게 만나볼 수 없는 야생동물을 만나볼 수 있는 곳,쉽게 만나볼 수 없는 야생동물을 만나볼 수 있는 곳,VJ,,https://map.kakao.com/?q=1100고지습지
2007,4.3사건위령비,,WEST,CULTURE,문화시설,,서귀포시 안덕면,33.311443,126.330444,제주특별자치도 서귀포시 안덕면 동광리 1425 일대,https://api.cdn.visitjeju.net/photomng/imgpath/201804/30/7cf03fab-f939-4c49-ac2d-3df6bf5e5589.webp,4·3사건 당시 죽은 삼밧구석 주민들의 원혼을 달래기 위해 마을 출신 주민들이 직접 세운 비석,4·3사건 당시 죽은 삼밧구석 주민들의 원혼을 달래기 위해 마을 출신 주민들이 직접 세운 비석,VJ,,https://map.kakao.com/?q=4.3사건위령비
2008,4·3해원방사탑,,NORTH,CULTURE,문화시설,,제주시 일도2동,33.50547,126.53451,제주특별자치도 제주시 신산로 82,https://api.cdn.visitjeju.net/photomng/imgpath/201804/30/068e026d-6963-49d9-91de-7f11236e9966.webp,다시는 이 땅에 4․3과 같은 비극이 재발되지 않도록 돌을 쌓아 만든 방사탑,다시는 이 땅에 4․3과 같은 비극이 재발되지 않도록 돌을 쌓아 만든 방사탑,VJ,,https://map.kakao.com/?q=4·3해원방사탑
2009,5.16 도로숲터널,,SOUTH,NATURE,자연관광지,,서귀포시 남원읍,33.3140387,126.6304292,제주특별자치도 서귀포시 남원읍 신례천로 267-110,https://tong.visitkorea.or.kr/cms/resource/99/3400599_image2_1.jpg,5.16 도로숲터널은 제주에서 최초로 개통된 국도로 제주시와 서귀포를 이어주는 길이다.,"5.16 도로숲터널은 제주에서 최초로 개통된 국도로 제주시와 서귀포를 이어주는 길이다. 한라산 성판악 휴게소를 기점으로 서귀포 방향으로 구불구불한 길을 따라가다 보면 2.6㎞ 지점에서부터 약 1.2㎞가량에 이르는 도로 주변에 상록수와 낙엽수가 아치형으로 도로를 감싸고 있는 듯한 숲 터널을 이루고 있다. 숲 터널이 시작되는 북쪽 입구에는 ‘천천히 달리면 더 아름다운 길’이라는 문구가 적힌 표지판이 설치되어 있다. 이곳은 도로의 폭이 좁고 커브가 많아 사고의 위험이 있으니 주의해야 하며, 아름다운 숲 터널의 풍경을 감상하기 위해서도 천천히 서행해야 한다. 제주의 한라산 산기슭에 자리하여 사계절 내내 다양한 자연의 모습을 만날 수 있다. 길 양쪽에서 뻗어 나와 하늘을 감싸 안듯 구부러진 나무들이 여름엔 시원한 그늘을, 가을엔 붉은 단풍을, 겨울엔 눈부신 설경을 선사한다. 아름다운 산속 터널을 천천히 달리며 제주의 사계절을 느껴볼 수 있는 숲 터널이다.",TOUR,,https://map.kakao.com/?q=5.16 도로숲터널
2010,5.16도로숲터널,,SOUTH,NATURE,자연관광지,,서귀포시 남원읍,33.3330338,126.6180657,제주특별자치도 서귀포시 남원읍 신례천로 267-110,https://api.cdn.visitjeju.net/photomng/imgpath/201804/30/5b6f6d8d-b84f-43dc-925a-558933a7c9c0.webp,제주시와 서귀포를 잇는 낭만적인 숲터널,제주시와 서귀포를 잇는 낭만적인 숲터널,VJ,,https://map.kakao.com/?q=5.16도로숲터널
2011,943스튜디오,,EAST,COMMERCIAL,상업지구,,제주시 조천읍,33.5419995,126.6640605,제주특별자치도 제주시 조천읍 함덕16길 52-1,https://api.cdn.visitjeju.net/photomng/imgpath/202306/12/a602f77b-22b0-4dbe-b33b-5b38556905a4.webp,제주에서 직접 촬영한 사진을 이용한 사진 전문 소품샵,제주에서 직접 촬영한 사진을 이용한 사진 전문 소품샵,VJ,관광지인지 확인(도서관·교회·골프 등),https://map.kakao.com/?q=943스튜디오
2012,AK골프 제주점,,NORTH,COMMERCIAL,상업지구,,제주시 오라동,33.4814861,126.5097183,제주특별자치도 제주시 연북로 265 (오라이동),https://tong.visitkorea.or.kr/cms/resource/70/4042270_image2_1.png,AK골프는 전 세계 유명 골프 브랜드의 클럽과 용품을 한눈에 비교하고 구매할 수 있는 골프 전문 멀티숍입니다.,AK골프는 전 세계 유명 골프 브랜드의 클럽과 용품을 한눈에 비교하고 구매할 수 있는 골프 전문 멀티숍입니다. 전문가의 상담과 합리적인 가격을 통해 골퍼들이 최상의 라운딩을 즐길 수 있도록 돕습니다.,TOUR,관광지인지 확인(도서관·교회·골프 등),https://map.kakao.com/?q=AK골프 제주점
2013,CEPSI,,WEST,CULTURE,문화시설,,서귀포시 대정읍,33.27183,126.19944,제주특별자치도 서귀포시 대정읍 서삼중로 117,https://api.cdn.visitjeju.net/photomng/imgpath/201804/30/f6357053-8f5e-474e-9d7c-f1156d22109a.webp,제주의 문화와 예술이 담긴 곳,제주의 문화와 예술이 담긴 곳,VJ,,https://map.kakao.com/?q=CEPSI
2014,CU 서귀포항점,,SOUTH,COMMERCIAL,상업지구,,서귀포시 송산동,33.2410377,126.5642749,제주특별자치도 서귀포시 칠십리로91번길 12 (서귀동) 1층,https://tong.visitkorea.or.kr/cms/resource/76/4042376_image2_1.png,CU는 '나이스 투 유'라는 슬로건 아래 고객과 가장 가까운 곳에서 최고의 편의를 제공하는 편의점 브랜드입니다.,"CU는 '나이스 투 유'라는 슬로건 아래 고객과 가장 가까운 곳에서 최고의 편의를 제공하는 편의점 브랜드입니다. 트렌디한 신상품과 차별화된 도시락, 디저트 등 고품질의 상품과 서비스를 통해 고객의 생활 가치를 높이는 데 앞장섭니다.",TOUR,,https://map.kakao.com/?q=CU 서귀포항점
2015,CU 제주애월한담점,,WEST,COMMERCIAL,상업지구,,제주시 애월읍,33.4621762,126.3122702,제주특별자치도 제주시 애월읍 애월로 37,https://tong.visitkorea.or.kr/cms/resource/65/4024265_image2_1.jpeg,CU는 '나이스 투 유'라는 슬로건 아래 고객과 가장 가까운 곳에서 최고의 편의를 제공하는 편의점 브랜드입니다.,"CU는 '나이스 투 유'라는 슬로건 아래 고객과 가장 가까운 곳에서 최고의 편의를 제공하는 편의점 브랜드입니다. 트렌디한 신상품과 차별화된 도시락, 디저트 등 고품질의 상품과 서비스를 통해 고객의 생활 가치를 높이는 데 앞장섭니다.",TOUR,,https://map.kakao.com/?q=CU 제주애월한담점
2016,CU 제주연오로점,,NORTH,COMMERCIAL,상업지구,,제주시 연동,33.483346,126.5013217,제주특별자치도 제주시 연오로 108 (연동),https://tong.visitkorea.or.kr/cms/resource/69/4042269_image2_1.png,CU는 '나이스 투 유'라는 슬로건 아래 고객과 가장 가까운 곳에서 최고의 편의를 제공하는 편의점 브랜드입니다.,"CU는 '나이스 투 유'라는 슬로건 아래 고객과 가장 가까운 곳에서 최고의 편의를 제공하는 편의점 브랜드입니다. 트렌디한 신상품과 차별화된 도시락, 디저트 등 고품질의 상품과 서비스를 통해 고객의 생활 가치를 높이는 데 앞장섭니다.",TOUR,,https://map.kakao.com/?q=CU 제주연오로점
2017,CU 제주열린점,,NORTH,COMMERCIAL,상업지구,,제주시 연동,33.4902111,126.4879823,제주특별자치도 제주시 삼무로 11 (연동),https://tong.visitkorea.or.kr/cms/resource/34/4020334_image2_1.jpg,CU는 '나이스 투 유'라는 슬로건 아래 고객과 가장 가까운 곳에서 최고의 편의를 제공하는 편의점 브랜드입니다.,"CU는 '나이스 투 유'라는 슬로건 아래 고객과 가장 가까운 곳에서 최고의 편의를 제공하는 편의점 브랜드입니다. 트렌디한 신상품과 차별화된 도시락, 디저트 등 고품질의 상품과 서비스를 통해 고객의 생활 가치를 높이는 데 앞장섭니다.",TOUR,,https://map.kakao.com/?q=CU 제주열린점
2018,EE플레이스 제주시청점,,NORTH,COMMERCIAL,상업지구,,제주시 이도2동,33.4992496,126.5290425,제주특별자치도 제주시 광양10길 10 (이도이동) 1층,https://tong.visitkorea.or.kr/cms/resource/79/4042379_image2_1.png,EE플레이스는 역동적인 에너지와 즐거운 경험을 선사하는 복합 라이프스타일 체험 공간 브랜드입니다.,EE플레이스는 역동적인 에너지와 즐거운 경험을 선사하는 복합 라이프스타일 체험 공간 브랜드입니다. 트렌디한 감각의 패션 아이템부터 문화 콘텐츠까지 한데 모아 고객들이 자신만의 즐거움을 발견하고 소통할 수 있도록 돕습니다.,TOUR,,https://map.kakao.com/?q=EE플레이스 제주시청점
2019,GS25 서귀오션점,,SOUTH,COMMERCIAL,상업지구,,서귀포시 정방동,33.2462413,126.5617743,제주특별자치도 서귀포시 중앙로 19-1 (서귀동),https://tong.visitkorea.or.kr/cms/resource/46/4043146_image2_1.jpg,GS25는 'Lifestyle Platform'을 지향하며 고객의 일상에 편리함과 즐거움을 더하는 대한민국 대표 편의점 브랜드입니다.,"GS25는 'Lifestyle Platform'을 지향하며 고객의 일상에 편리함과 즐거움을 더하는 대한민국 대표 편의점 브랜드입니다. 차별화된 PB 상품인 '유어스'와 신선한 먹거리, 혁신적인 생활 금융 서비스를 통해 고객에게 언제나 최상의 만족을 선사합니다.",TOUR,,https://map.kakao.com/?q=GS25 서귀오션점
2020,GS25 연동서강점,,NORTH,COMMERCIAL,상업지구,,제주시 연동,33.4867223,126.4917873,제주특별자치도 제주시 신대로16길 43 (연동) 광성빌딩,https://tong.visitkorea.or.kr/cms/resource/70/4042370_image2_1.png,GS25는 'Lifestyle Platform'을 지향하며 고객의 일상에 편리함과 즐거움을 더하는 대한민국 대표 편의점 브랜드입니다.,"GS25는 'Lifestyle Platform'을 지향하며 고객의 일상에 편리함과 즐거움을 더하는 대한민국 대표 편의점 브랜드입니다. 차별화된 PB 상품인 '유어스'와 신선한 먹거리, 혁신적인 생활 금융 서비스를 통해 고객에게 언제나 최상의 만족을 선사합니다.",TOUR,,https://map.kakao.com/?q=GS25 연동서강점
2021,GS25 제주노형점,,NORTH,COMMERCIAL,상업지구,,제주시 노형동,33.4878757,126.4821502,제주특별자치도 제주시 도령로 31 (노형동),https://tong.visitkorea.or.kr/cms/resource/82/4042382_image2_1.png,GS25는 'Lifestyle Platform'을 지향하며 고객의 일상에 편리함과 즐거움을 더하는 대한민국 대표 편의점 브랜드입니다.,"GS25는 'Lifestyle Platform'을 지향하며 고객의 일상에 편리함과 즐거움을 더하는 대한민국 대표 편의점 브랜드입니다. 차별화된 PB 상품인 '유어스'와 신선한 먹거리, 혁신적인 생활 금융 서비스를 통해 고객에게 언제나 최상의 만족을 선사합니다.",TOUR,,https://map.kakao.com/?q=GS25 제주노형점
2022,HAN 컬렉션,,NORTH,COMMERCIAL,상업지구,,제주시 노형동,33.4852786,126.4814609,제주특별자치도 제주시 노연로 12,https://api.cdn.visitjeju.net/photomng/imgpath/202104/23/f605b01a-ba2b-422e-965a-be29c668f959.webp,국내외에서 가장 주목받고 있는 한국 패션 디자이너 200명의 작품을 만날 수 있는 제주 최대 쇼핑공간이다.,국내외에서 가장 주목받고 있는 한국 패션 디자이너 200명의 작품을 만날 수 있는 제주 최대 쇼핑공간이다.,VJ,,https://map.kakao.com/?q=HAN 컬렉션
2023,K-아일랜드제주,,SOUTH,THEME,테마시설,,서귀포시 예래동,33.255043,126.409065,제주특별자치도 서귀포시 중문관광로 42,https://api.cdn.visitjeju.net/photomng/imgpath/202608/31/cefd6466-45b4-439f-9d29-5064bfce8e42.webp,"감귤·돌·곶자왈·바다·바람, 다섯 가지 제주 테마로 구성된 참여형 실내 전시 공간","감귤·돌·곶자왈·바다·바람, 다섯 가지 제주 테마로 구성된 참여형 실내 전시 공간",VJ,,https://map.kakao.com/?q=K-아일랜드제주
2024,K2 서귀포점,,SOUTH,COMMERCIAL,상업지구,,서귀포시 중앙동,33.2488394,126.567148,제주특별자치도 서귀포시 중정로 101 (서귀동),https://tong.visitkorea.or.kr/cms/resource/02/4045702_image2_1.jpg,"K2는 등산화, 의류, 용품 등을 선보이는 한국의 아웃도어 브랜드입니다.","K2는 등산화, 의류, 용품 등을 선보이는 한국의 아웃도어 브랜드입니다. 방수·보온 기능과 내구성을 갖춘 제품으로 아웃도어 활동과 일상까지 폭넓게 활용할 수 있습니다.",TOUR,,https://map.kakao.com/?q=K2 서귀포점
2025,K2 제주MS,,NORTH,COMMERCIAL,상업지구,,제주시 일도1동,33.5151568,126.5249158,제주특별자치도 제주시 중앙로 35 (일도일동),https://tong.visitkorea.or.kr/cms/resource/18/4024418_image2_1.jpeg,"K2는 등산화, 의류, 용품 등을 선보이는 한국의 아웃도어 브랜드입니다.","K2는 등산화, 의류, 용품 등을 선보이는 한국의 아웃도어 브랜드입니다. 방수·보온 기능과 내구성을 갖춘 제품으로 아웃도어 활동과 일상까지 폭넓게 활용할 수 있습니다.",TOUR,,https://map.kakao.com/?q=K2 제주MS
2026,LG전자 베스트샵 이도본점,,NORTH,COMMERCIAL,상업지구,,제주시 이도2동,33.4917802,126.5369188,제주특별자치도 제주시 중앙로 335 (이도이동),https://tong.visitkorea.or.kr/cms/resource/46/4045746_image2_1.jpg,LG베스트샵은 LG전자 제품만 전문적으로 판매하는 매장입니다.,"LG베스트샵은 LG전자 제품만 전문적으로 판매하는 매장입니다. 최신 가전제품과 IT기기를 한 자리에서 살펴보고, 전문 상담 서비스를 통해 제품별 특징과 사용 정보를 얻을 수 있습니다.",TOUR,,https://map.kakao.com/?q=LG전자 베스트샵 이도본점
2027,LG전자 베스트샵 제주본점,,NORTH,COMMERCIAL,상업지구,,제주시 노형동,33.487704,126.4829064,제주특별자치도 제주시 도령로 36 (노형동),https://tong.visitkorea.or.kr/cms/resource/64/4017364_image2_1.jpg,LG베스트샵은 LG전자 제품만 전문적으로 판매하는 매장입니다.,"LG베스트샵은 LG전자 제품만 전문적으로 판매하는 매장입니다. 최신 가전제품과 IT기기를 한 자리에서 살펴보고, 전문 상담 서비스를 통해 제품별 특징과 사용 정보를 얻을 수 있습니다.",TOUR,,https://map.kakao.com/?q=LG전자 베스트샵 제주본점
2028,M1971 요트투어,,WEST,EXPERIENCE,체험 활동 관광지,,서귀포시 대정읍,33.2100551,126.2585746,제주특별자치도 서귀포시 대정읍 최남단해안로 128,https://api.cdn.visitjeju.net/photomng/imgpath/202108/17/a060603b-b3f0-4fc2-bd02-a128fdb0790c.webp,제주 돌고래와 함께하는 요트투어,제주 돌고래와 함께하는 요트투어,VJ,,https://map.kakao.com/?q=M1971 요트투어
2029,MLB 제주점,,NORTH,COMMERCIAL,상업지구,,제주시 일도1동,33.5150208,126.5257022,제주특별자치도 제주시 중앙로7길 9 (일도일동),https://tong.visitkorea.or.kr/cms/resource/16/4020416_image2_1.jpg,"MLB는 메이저리그 베이스볼 라이선스를 기반으로 한 스포츠 캐주얼 브랜드로, 스트리트 감성과 트렌디한 디자인이 특징입니다.","MLB는 메이저리그 베이스볼 라이선스를 기반으로 한 스포츠 캐주얼 브랜드로, 스트리트 감성과 트렌디한 디자인이 특징입니다. 모자, 의류, 액세서리 등 다양한 아이템으로 글로벌 스포츠 패션을 경험할 수 있습니다.",TOUR,,https://map.kakao.com/?q=MLB 제주점
2030,Nod Vocal Studio,,NORTH,NATURE,자연관광지,,제주시 이도2동,33.4987647,126.5301679,제주특별자치도 제주시 중앙로 234-1,https://api.cdn.visitjeju.net/photomng/imgpath/202307/26/268394ba-f86f-4a9a-b247-ada206647815.webp,직접 부르는 노래로 제주 휴가를 특별하게 보낼 수 있는 나드 보컬 스튜디오,직접 부르는 노래로 제주 휴가를 특별하게 보낼 수 있는 나드 보컬 스튜디오,VJ,,https://map.kakao.com/?q=Nod Vocal Studio
2031,OK승마장,,EAST,EXPERIENCE,체험 활동 관광지,,서귀포시 표선면,33.4027948,126.7831674,제주특별자치도 서귀포시 표선면 번영로 2595,https://api.cdn.visitjeju.net/photomng/imgpath/202306/20/f7f17d8e-46c4-4279-b6fd-1c8c4fce011d.webp,푸른 초원을 누비며 즐기는 승마체험,푸른 초원을 누비며 즐기는 승마체험,VJ,,https://map.kakao.com/?q=OK승마장
2032,PXG 제주점,,NORTH,COMMERCIAL,상업지구,,제주시 연동,33.4815415,126.4896273,제주특별자치도 제주시 연북로 78 (연동) 성남빌딩 1층,https://tong.visitkorea.or.kr/cms/resource/45/4020345_image2_1.jpg,PXG는 타협하지 않는 최고의 성능을 지향하는 럭셔리 골프 브랜드입니다.,PXG는 타협하지 않는 최고의 성능을 지향하는 럭셔리 골프 브랜드입니다. 최첨단 공학 설계가 집약된 클럽과 시크한 블랙 앤 화이트 무드의 프리미엄 의류를 통해 필드 위 압도적인 카리스마와 퍼포먼스를 선사합니다.,TOUR,,https://map.kakao.com/?q=PXG 제주점
2033,SARI 상예상점 & 사리슈즈,,SOUTH,COMMERCIAL,상업지구,,서귀포시 예래동,33.2479846,126.3902607,제주특별자치도 서귀포시 상예로 15,https://api.cdn.visitjeju.net/photomng/imgpath/202306/12/6c165f1f-6f1c-4936-b831-91a73bb19bd3.webp,사장님이 디자인해 더 특별한 소품숍,사장님이 디자인해 더 특별한 소품숍,VJ,,https://map.kakao.com/?q=SARI 상예상점 & 사리슈즈
2034,SI빌리지 신세계사이먼프리미엄아울렛 제주점,,WEST,COMMERCIAL,상업지구,,서귀포시 안덕면,33.3049727,126.316352,제주특별자치도 서귀포시 안덕면 신화역사로304번길 38,https://tong.visitkorea.or.kr/cms/resource/05/4024205_image2_1.jpg,SI빌리지는 신세계인터내셔날이 엄선한 글로벌 하이엔드 브랜드들을 만날 수 있는 럭셔리 라이프스타일 플랫폼입니다.,"SI빌리지는 신세계인터내셔날이 엄선한 글로벌 하이엔드 브랜드들을 만날 수 있는 럭셔리 라이프스타일 플랫폼입니다. 앞선 감각의 패션, 뷰티, 리빙 아이템들을 통해 고객의 취향을 한 차원 높여주는 세련된 큐레이션을 제공합니다.",TOUR,,https://map.kakao.com/?q=SI빌리지 신세계사이먼프리미엄아울렛 제주점
2035,Sing Sing Sing,,NORTH,EXPERIENCE,체험 활동 관광지,,제주시 아라동,33.4730206,126.530068,제주특별자치도 제주시 오등14길 22 1층,https://api.cdn.visitjeju.net/photomng/imgpath/202507/04/f2a7ecc4-e122-4c63-911b-f5ae59ff4397.webp,넓고 쾌적한 시설을 갖춘 제주 최대 규모의 실내 롤러스케이트장,넓고 쾌적한 시설을 갖춘 제주 최대 규모의 실내 롤러스케이트장,VJ,,https://map.kakao.com/?q=Sing Sing Sing
2036,[제주올레 10코스] 화순-모슬포 올레,,WEST,LEISURE,레저·스포츠 관련 시설,,서귀포시 안덕면,33.2396847,126.3346006,제주특별자치도 서귀포시 안덕면 화순해안로 85 제주올레공식안내소~하모체육공원,https://tong.visitkorea.or.kr/cms/resource/37/3549637_image2_1.jpg,"제주올레 10코스는 화순금모래해수욕장에서 출발해 썩은 다리와 황우치 해안, 산방연대, 송악산을 거쳐 대정읍 하모까지 이어지는 해안 올레이다.","제주올레 10코스는 화순금모래해수욕장에서 출발해 썩은 다리와 황우치 해안, 산방연대, 송악산을 거쳐 대정읍 하모까지 이어지는 해안 올레이다. 산방산의 웅장한 모습을 바라보며 걷기 시작하는 길로, 초반부터 오직 걸어서만 만날 수 있는 아름다운 해안 경관이 펼쳐진다. 길을 따라 마라도와 가파도를 가까이에서 바라볼 수 있으며, 산방산과 오름 군락, 비단처럼 펼쳐지는 한라산의 아름다운 풍경까지 감상할 수 있다.

(출처 : 제주올레트레일 홈페이지)",TOUR,,https://map.kakao.com/?q=[제주올레 10코스] 화순-모슬포 올레
2037,[제주올레 11코스] 모슬포-무릉 올레,,WEST,LEISURE,레저·스포츠 관련 시설,,서귀포시 대정읍,33.2185711,126.2527283,제주특별자치도 서귀포시 대정읍 최남단해안로29번길 14 하모체육공원~무릉외갓집,https://tong.visitkorea.or.kr/cms/resource/72/3549972_image2_1.jpg,하모체육공원에서 시작하는 제주올레 11코스는 삶과 죽음이 공존하고 근대사와 현대사가 함께 녹아 있는 올레이다.,"하모체육공원에서 시작하는 제주올레 11코스는 삶과 죽음이 공존하고 근대사와 현대사가 함께 녹아 있는 올레이다. 제주올레는 11코스의 절정인 모슬봉 정상부로 이어지는 ‘잊혀진 옛길’을 산불감시원의 조언을 바탕으로 복원했다. 모슬봉에 오르면 바람에 흔들리는 억새 너머로 제주 남서부에 펼쳐진 오름과 바다를 한눈에 바라볼 수 있다. 신평-무릉간 곶자왈 올레는 제주올레가 처음 공개한 ‘비밀의 숲’으로, 또 다른 감동을 선사한다.

(출처 : 제주올레트레일 홈페이지)",TOUR,,https://map.kakao.com/?q=[제주올레 11코스] 모슬포-무릉 올레
2038,[제주올레 12코스] 무릉-용수 올레,,WEST,LEISURE,레저·스포츠 관련 시설,,서귀포시 대정읍,33.2746736,126.2368117,제주특별자치도 서귀포시 중산간서로 2852 무릉외갓집~용수포구,https://tong.visitkorea.or.kr/cms/resource/96/3550396_image2_1.jpg,제주올레 12코스는 해안을 따라 서귀포시 전역을 잇고 제주시까지 올라가는 올레이다.,"제주올레 12코스는 해안을 따라 서귀포시 전역을 잇고 제주시까지 올라가는 올레이다. 무릉 2리에서 출발해 용수포구 절부암까지 들과 바다, 오름을 따라 길이 이어진다. 드넓은 들판에서는 아스라이 펼쳐진 지평선을 바라볼 수 있고, 깊은 바다는 옥빛으로 물들어 있다. 신비로운 분위기를 자아내는 도원연못과 녹남봉도 12코스의 풍경을 더욱 풍성하게 한다. 차귀도를 바라보며 수월봉과 엉알길을 지나 당산봉을 넘으면 ‘생이기정 바당길’로 이어진다.

(출처 : 제주올레트레일 홈페이지)",TOUR,,https://map.kakao.com/?q=[제주올레 12코스] 무릉-용수 올레
2039,[제주올레 13코스] 용수-저지 올레,,WEST,LEISURE,레저·스포츠 관련 시설,,제주시 한경면,33.3238223,126.1660505,제주특별자치도 제주시 한경면 용수리 4241-7 용수포구~저지예술정보화마을,https://tong.visitkorea.or.kr/cms/resource/23/3554423_image2_1.jpg,제주올레 13코스는 해안 길 중심으로 이어지던 올레길이 중산간으로 들어서는 시작점과 같은 코스이다.,"제주올레 13코스는 해안 길 중심으로 이어지던 올레길이 중산간으로 들어서는 시작점과 같은 코스이다. 용수포구에서 잠시 바다를 마주한 뒤 길은 내륙으로 방향을 틀어 중산간을 향한다. 용수저수지와 숲길을 지나 작은 마을 낙천리를 만나고, 다시 숲과 오름으로 이어지는 길을 걷는다. 50여 명의 특전사 대원들의 도움으로 복원된 숲길과 밭길, 울창한 숲을 품은 저지 오름이 이 코스의 매력적인 풍경을 더한다.

(출처 : 제주올레트레일 홈페이지)",TOUR,,https://map.kakao.com/?q=[제주올레 13코스] 용수-저지 올레
2040,[제주올레 14-1코스] 저지-서광 올레,,WEST,LEISURE,레저·스포츠 관련 시설,,제주시 한경면,33.3336912,126.2559674,제주특별자치도 제주시 한경면 중산간서로 3687 저지예술정보화마을~오설록 녹차밭,https://tong.visitkorea.or.kr/cms/resource/52/3554152_image2_1.jpg,"제주올레 14-1 코스인 저지-서광 올레는 무성한 숲의 생명력, 초록의 힘을 온몸으로 느낄 수 있다.","제주올레 14-1 코스인 저지-서광 올레는 무성한 숲의 생명력, 초록의 힘을 온몸으로 느낄 수 있다. 저지마을을 떠난 길은 밭 사이로 이어지다 이내 숲으로 들어선다. 문도지오름 정상에 오르면 한라산과 봉긋 솟은 사방의 오름들이 한눈에 들어온다. 위에서 내려다보던 그 만만한 풍경은 곶자왈 안에 들어선 순간 싹 잊힌다. 곶자왈이 품고 있는 무성한 숲의 생명력이 온몸을 휘감는다. 곶자왈을 빠져나온 길은 초록물결이 넘실대는 드넓은 녹차밭으로 발걸음을 이끌며 끝이 난다.

(출처 : 제주올레트레일 홈페이지)",TOUR,,https://map.kakao.com/?q=[제주올레 14-1코스] 저지-서광 올레
2041,[제주올레 14코스] 저지-한림 올레,,WEST,LEISURE,레저·스포츠 관련 시설,,제주시 한경면,33.3336912,126.2559674,제주특별자치도 제주시 한경면 중산간서로 3687 저지예술정보화마을~한림항,https://tong.visitkorea.or.kr/cms/resource/05/3554305_image2_1.jpg,제주올레 14코스는 아늑한 초록빛 숲길과 시원한 푸른 바다를 함께 만날 수 있는 길이다.,"제주올레 14코스는 아늑한 초록빛 숲길과 시원한 푸른 바다를 함께 만날 수 있는 길이다. 제주 농촌의 정취가 느껴지는 밭길을 지나면 곶자왈을 떠올리게 하는 울창한 숲이 이어지고, 숲을 빠져나와 물이 마른 하천을 따라 걷다 보면 어느새 바다와 마주하게 된다. 돌담길과 밭길, 숲길, 하천길을 차례로 지나 나무 산책로가 놓인 해안 길과 자잘한 돌이 깔린 바닷길, 고운 모래사장과 마을 길까지 다양한 길이 이어져 걷는 재미를 더한다. 바닷길에서는 아름다운 섬 비양도를 가까이 바라보며 제주의 다채로운 자연 풍경을 만끽할 수 있다.

(출처 : 제주올레트레일 홈페이지)",TOUR,,https://map.kakao.com/?q=[제주올레 14코스] 저지-한림 올레
2042,[제주올레 15-A코스] 한림-고내 올레,,WEST,LEISURE,레저·스포츠 관련 시설,,제주시 한림읍,33.4190719,126.2625564,제주특별자치도 제주시 한림읍 한림해안로 192 한림항~고내포구,https://tong.visitkorea.or.kr/cms/resource/96/3554196_image2_1.jpg,제주올레 15-A코스는 난대림이 우거진 숲과 한적한 중산간 풍경을 따라 걷는 올레길이다.,"제주올레 15-A코스는 난대림이 우거진 숲과 한적한 중산간 풍경을 따라 걷는 올레길이다. 중산간에 펼쳐진 드넓은 밭길을 비롯해 숲길과 흙길이 이어져 제주 특유의 자연을 느낄 수 있다. 특히 평범한 마을공원처럼 보이는 금산공원은 안으로 들어서면 깊고 울창한 숲길이 펼쳐져 색다른 분위기를 자아내는 이 코스의 숨은 명소다. 이후 곽지팔경 중 하나인 과오름의 세 봉우리와 도새기 숲길, 고내봉을 차례로 지나 고내포구에 닿는다.

(출처 : 제주올레트레일 홈페이지)",TOUR,,https://map.kakao.com/?q=[제주올레 15-A코스] 한림-고내 올레
2043,[제주올레 16코스] 고내-광령 올레,,WEST,LEISURE,레저·스포츠 관련 시설,,제주시 애월읍,33.4669,126.3378979,제주특별자치도 제주시 애월읍 고내리 1111-2 고내포구~호끌락키즈북카페,https://tong.visitkorea.or.kr/cms/resource/23/3554323_image2_1.jpg,제주올레 16코스는 애월 바다의 소박한 풍경에서 시작해 중산간으로 이어지는 길이다.,"제주올레 16코스는 애월 바다의 소박한 풍경에서 시작해 중산간으로 이어지는 길이다. 고내에서 구엄까지 이어지는 쪽빛 바다를 비롯해 햇빛을 받아 하얗게 빛나는 소금빌레, 낚시꾼들이 여유롭게 시간을 보내는 잔잔한 저수지를 만날 수 있다. 키 큰 나무들이 시원한 그늘을 드리운 호젓한 숲길과 삼별초가 항전을 벌였던 옛 토성도 지나간다. 평화롭고 소박한 마을과 돌담을 두른 밭길까지, 제주의 바다와 자연, 역사와 일상을 한 길에서 두루 만날 수 있는 코스이다.

(출처 : 제주올레트레일 홈페이지)",TOUR,,https://map.kakao.com/?q=[제주올레 16코스] 고내-광령 올레
2044,[제주올레 17코스] 광령-김만덕기념관 올레,,WEST,LEISURE,레저·스포츠 관련 시설,,제주시 애월읍,33.4595543,126.4334141,제주특별자치도 제주시 애월읍 광성로 242-1 호끌락키즈북카페~김만덕 기념관,https://tong.visitkorea.or.kr/cms/resource/06/3554106_image2_1.jpg,제주올레 17코스는 무수천을 따라 이어지는 숲길과 무수천이 바다와 만나는 물길을 지나 제주시 도심으로 들어서는 길이다.,"제주올레 17코스는 무수천을 따라 이어지는 숲길과 무수천이 바다와 만나는 물길을 지나 제주시 도심으로 들어서는 길이다. 제주 시내와 가까운 곳임에도 한적한 분위기를 간직한 외도의 월대와 내도의 알작지 해안을 만날 수 있다. 청보리가 펼쳐진 길과 이호테우해변, 여유로운 마을 길을 지나면 제주의 머리라 불리는 도두봉에 오른다. 해안 도로를 따라 걷다가 만나는 용두암과 용연다리 역시 빼놓을 수 없는 볼거리다. 이어 무근성과 목관아지를 지나 제주 시내를 걸으며 제주 사람들이 과거에 살아온 모습부터 오늘날의 일상까지 자연스럽게 마주할 수 있다.

(출처 : 제주올레트레일 홈페이지)",TOUR,,https://map.kakao.com/?q=[제주올레 17코스] 광령-김만덕기념관 올레
2045,[제주올레 18-1코스] 상추자 올레,,NORTH,LEISURE,레저·스포츠 관련 시설,,제주시 추자면,33.9635313,126.2960784,제주특별자치도 제주시 추자면 추자로 26 추자면사무소~신양항,https://tong.visitkorea.or.kr/cms/resource/15/3554515_image2_1.jpg,제주올레 18-1코스에 있는 추자도는 제주와 육지 사이에 자리해 있고 크고 작은 섬들이 어우러져 독특한 섬 풍경을 만들어낸다.,"제주올레 18-1코스에 있는 추자도는 제주와 육지 사이에 자리해 있고 크고 작은 섬들이 어우러져 독특한 섬 풍경을 만들어낸다. 섬을 걷다 보면 바다 위로 솟은 봉우리들이 연이어 펼쳐져 마치 깊은 산속을 걷는 듯한 색다른 풍경을 만날 수 있다. 능선을 따라 오르내리는 길에서는 푸른 바다와 주변 섬들이 시야를 가득 채우고, 걸음을 옮길 때마다 새로운 풍광이 모습을 드러낸다. 상추자와 하추자를 잇는 올레길은 굽이진 산길과 해안 풍경을 두루 지나며 추자도만의 거칠고도 아름다운 자연을 온전히 느낄 수 있는 길이다.",TOUR,,https://map.kakao.com/?q=[제주올레 18-1코스] 상추자 올레
2046,[제주올레 18-2코스] 하추자 올레,,NORTH,LEISURE,레저·스포츠 관련 시설,,제주시 추자면,33.9446007,126.3290371,제주특별자치도 제주시 추자면 신양2길 28-8 (신양항~추자면사무소),https://tong.visitkorea.or.kr/cms/resource/05/3545605_image2_1.jpg,"제주올레 18-2코스인 하추자 올레길은 하추자의 신양항부터 추자면사무소까지 아늑한 해안길과 산, 마을까지 볼거리가 충만하다.","제주올레 18-2코스인 하추자 올레길은 하추자의 신양항부터 추자면사무소까지 아늑한 해안길과 산, 마을까지 볼거리가 충만하다. 몽돌해안과 맞닿은 마을길을 지나 졸복산과 대왕산을 오르내린다. 산꼭대기에서 바라본 하추자 앞바다와 하늘은 서로 다른 푸른 빛깔로 접해있다. 묵리슈퍼를 지나 금파골로 들어서면 무성하게 자란 숲 사이로 고요한 생명력이 느껴진다. 하추자 올레길은 신양항에서 시작하여 졸복산, 대왕산 황금길, 묵리슈퍼, 추자교를 지나 종점인 추자면사무소에 이른다. 거리는 총 9.7㎞로 3~4시간 정도 소요된다.",TOUR,,https://map.kakao.com/?q=[제주올레 18-2코스] 하추자 올레
2047,[제주올레 19코스] 조천-김녕 올레,,EAST,LEISURE,레저·스포츠 관련 시설,,제주시 조천읍,33.5402952,126.6399827,제주특별자치도 제주시 조천읍 조천북6길 44 조천만세동산 맞은편~김녕서포구,https://tong.visitkorea.or.kr/cms/resource/19/3554119_image2_1.jpg,제주 올레는 제주도를 걸어서 여행하는 장거리도보 여행길이다.,"제주 올레는 제주도를 걸어서 여행하는 장거리도보 여행길이다. 19코스는 바다와 오름, 곶자왈, 마을, 밭 등 제주의 가장 아름다운 모습들을 지루할 틈 없이 펼쳐 보여준다. 밭에서 물빛 고운 바다로, 바다에서 솔향 가득한 숲으로, 숲에서 정겨운 마을로 이어지는 길에는 제주의 진면목이 담겨 있다. 또한 제주 항일운동의 현장인 조천만세동산과 4·3 당시 큰 피해를 입은 북촌리의 너븐숭이 4·3 기념관에서 제주 근현대사의 아픈 역사를 눈으로 확인할 수 있다.

(출처 : 제주올레트레일 홈페이지)",TOUR,,https://map.kakao.com/?q=[제주올레 19코스] 조천-김녕 올레
2048,[제주올레 1코스] 시흥-광치기 올레,,EAST,LEISURE,레저·스포츠 관련 시설,,서귀포시 성산읍,33.4795908,126.8954875,제주특별자치도 서귀포시 성산읍 시흥상동로 113 시흥리 버스정류장~광치기해변,https://tong.visitkorea.or.kr/cms/resource/82/3550482_image2_1.jpg,제주올레 1코스는 제주올레에서 가장 먼저 열린 길로 오름과 바다가 이어지는 곳이다.,"제주올레 1코스는 제주올레에서 가장 먼저 열린 길로 오름과 바다가 이어지는 곳이다. 푸른 들을 지나 말미 오름과 알오름에 오르면 성산 일출봉과 우도, 조각보를 펼쳐놓은 듯한 들판과 바다가 한눈에 보인다. 검은 돌담을 두른 밭들이 옹기종기 붙어 있는 들판의 모습은 색색의 천을 곱게 기워 붙인 한 장의 조각보처럼 아름답다. 종달리 소금밭을 거쳐 시흥리 해안 도로를 지나 수마포 해변에서 다시금 성산 일출봉이 눈앞에 펼쳐진다. 길이 끝나는 광치기 해변의 물빛과 이끼 낀 높낮이가 다른 너럭바위가 신비로움을 자아낸다.

(출처 : 제주올레트레일 홈페이지)",TOUR,,https://map.kakao.com/?q=[제주올레 1코스] 시흥-광치기 올레
2049,[제주올레 20코스] 김녕-하도 올레,,EAST,LEISURE,레저·스포츠 관련 시설,,제주시 구좌읍,33.5571388,126.7452021,제주특별자치도 제주시 구좌읍 김녕항1길 22 김녕서포구~제주해녀박물관,https://tong.visitkorea.or.kr/cms/resource/54/3554454_image2_1.jpg,제주 북동쪽 해안에 자리한 김녕서포구에서 시작하는 제주올레 20코스는 김녕을 지나 월정과 세화로 이어지는 바닷길을 따라 걷는 코스이다.,"제주 북동쪽 해안에 자리한 김녕서포구에서 시작하는 제주올레 20코스는 김녕을 지나 월정과 세화로 이어지는 바닷길을 따라 걷는 코스이다. 길을 걷는 동안 잔잔하게 일렁이는 쪽빛 바다가 곁을 따라 펼쳐지며, 물빛이 아름답고 수심이 비교적 고른 해변에서는 물놀이도 즐길 수 있다. 운이 좋다면 바다로 나서는 해녀들의 물질하는 모습을 마주하고, 물질을 마친 해녀들이 내뿜는 숨비소리도 들을 수 있다. 아름다운 해안 풍경과 함께 제주 고유의 해녀 문화를 가까이에서 느낄 수 있는 길이다.

(출처 : 제주올레트레일 홈페이지)

◎ 한류의 매력을 만나는 여행 정보 - 드라마 
드라마 〈웰컴투 삼달리〉에서 삼달이가 용필의 아버지로부터 용필과의 이별을 권유받는 장면이 김녕해변에서 촬영되었다.",TOUR,,https://map.kakao.com/?q=[제주올레 20코스] 김녕-하도 올레
2050,[제주올레 21코스] 하도-종달 올레,,EAST,LEISURE,레저·스포츠 관련 시설,,제주시 구좌읍,33.5235963,126.8633978,제주특별자치도 제주시 구좌읍 해녀박물관길 26 제주해녀박물관~종달바당,https://tong.visitkorea.or.kr/cms/resource/64/3554264_image2_1.jpg,"제주올레 21코스는 구좌읍의 푸른 바다를 바라보며 출발하는 이 길은 마을과 밭, 해안, 오름을 차례로 지나며 제주 동부의 다양한 풍경을 만날…","제주올레 21코스는 구좌읍의 푸른 바다를 바라보며 출발하는 이 길은 마을과 밭, 해안, 오름을 차례로 지나며 제주 동부의 다양한 풍경을 만날 수 있는 코스이다. 마을 길과 밭길, 바닷길, 오름길이 각각 코스의 3분의 1씩을 이루어 어느 한쪽에 치우치지 않고 제주의 자연을 두루 경험할 수 있다. 특히 제주 동쪽 땅끝을 뜻하는 지미봉 정상에 오르면 사방으로 시야가 탁 트이며 동부 지역의 풍경이 한눈에 들어온다. 시흥초등학교와 말미 오름을 비롯해 당근밭과 감자밭이 펼쳐지고, 푸른 바다 너머로 성산 일출봉이 모습을 드러낸다. 반대편으로는 용눈이 오름과 다랑쉬 오름을 비롯한 동부 오름 군락이 이어져 제주 동쪽의 다채로운 자연 풍경을 한자리에서 감상할 수 있다.

(출처 : 제주올레트레일 홈페이지)",TOUR,,https://map.kakao.com/?q=[제주올레 21코스] 하도-종달 올레
2051,[제주올레 2코스] 광치기-온평 올레,,EAST,LEISURE,레저·스포츠 관련 시설,,서귀포시 성산읍,33.4515223,126.9233578,제주특별자치도 서귀포시 성산읍 고성리 224-33 광치기해변~온평포구,https://tong.visitkorea.or.kr/cms/resource/02/3550002_image2_1.jpg,"제주올레 2코스는 성산리 광치기 해변에서 출발해 식산봉과 고성, 대수산봉, 혼인지를 거쳐 온평리 바닷가까지 이어지는 올레이다.","제주올레 2코스는 성산리 광치기 해변에서 출발해 식산봉과 고성, 대수산봉, 혼인지를 거쳐 온평리 바닷가까지 이어지는 올레이다. 물빛이 고운 바닷길을 시작으로 잔잔한 내수면을 곁에 둔 들길과 호젓한 산길이 차례로 이어져 각기 다른 매력을 느낄 수 있다. 대수산봉 정상에 오르면 시흥부터 광치기 해변까지 이어지는 아름다운 제주 동부의 풍광이 시원하게 펼쳐진다. 또한 제주 ‘삼성신화’에 등장하는 고·양·부 삼신인이 벽랑국에서 온 세 공주를 맞아 혼인식을 올렸다는 혼인지도 지나게 된다.

(출처 : 제주올레트레일 홈페이지)",TOUR,,https://map.kakao.com/?q=[제주올레 2코스] 광치기-온평 올레
2052,[제주올레 3-A코스] 온평-표선 올레,,EAST,LEISURE,레저·스포츠 관련 시설,,서귀포시 성산읍,33.4052274,126.9039134,제주특별자치도 서귀포시 성산읍 온평리 1001-6 온평포구~제주민속촌 주차장 입구,https://tong.visitkorea.or.kr/cms/resource/16/3550516_image2_1.jpg,제주올레 3-A코스는 고즈넉한 제주의 중산간 풍경을 만끽할 수 있는 올레이다.,"제주올레 3-A코스는 고즈넉한 제주의 중산간 풍경을 만끽할 수 있는 올레이다. 길 양옆으로 이어지는 오래된 제주 돌담과 제주에 자생하는 울창한 나무들이 운치를 더한다. 나지막하면서도 독특한 전망을 품은 통오름과 독자봉에서는 제주 오름만의 고유한 아름다움을 느낄 수 있다. 동백 나무길과 감귤밭길 등 삼달리 중산간 길을 따라 걷다 보면 김영갑갤러리 두모악을 만나게 된다. 병마에 시달리면서도 마지막까지 아름다운 제주의 모습을 사진에 담아낸 고 김영갑 사진작가의 작품을 감상할 수 있는 곳이다.

(출처 : 제주올레트레일 홈페이지)",TOUR,,https://map.kakao.com/?q=[제주올레 3-A코스] 온평-표선 올레
2053,[제주올레 4코스] 표선-남원 올레,,EAST,LEISURE,레저·스포츠 관련 시설,,서귀포시 표선면,33.3250926,126.8430118,"제주특별자치도 서귀포시 표선면 민속해안로 587 제주민속촌 주차장 입구~남원포구, 남원용암해수욕장",https://tong.visitkorea.or.kr/cms/resource/91/3549791_image2_1.jpg,제주올레 4코스는 눈부신 백사장에서 출발하는 아름다운 해안 올레이다.,"제주올레 4코스는 눈부신 백사장에서 출발하는 아름다운 해안 올레이다. 해녀 탈의장을 지나 바다 앞부분이 가느다랗다는 뜻에서 이름 붙은 ‘가는 개’를 건너면 어촌마을 세화 2리로 들어선다. 세화 2리의 옛 이름인 가마리에는 ‘세계 최초의 전문직 여성’으로 불리는 제주 해녀들이 바닷가를 오르내리던 해녀 올레가 남아 있다. 이어지는 바다 숲길은 제주올레에 의해 35년 만에 복원되었으며, 조성 과정에서 해병대 장병들이 힘을 보태 해병대길이라는 이름으로도 불린다.

(출처 : 제주올레트레일 홈페이지)",TOUR,,https://map.kakao.com/?q=[제주올레 4코스] 표선-남원 올레
2054,[제주올레 5코스] 남원-쇠소깍 올레,,SOUTH,LEISURE,레저·스포츠 관련 시설,,서귀포시 남원읍,33.2781058,126.7197556,제주특별자치도 서귀포시 남원읍 남태해안로 137-1 남원포구~쇠소깍다리,https://tong.visitkorea.or.kr/cms/resource/30/3550230_image2_1.jpg,제주올레 5코스는 오감을 활짝 열고 걸을 수 있는 바당 올레와 마을 올레가 어우러진 길이다.,"제주올레 5코스는 오감을 활짝 열고 걸을 수 있는 바당 올레와 마을 올레가 어우러진 길이다. 남원포구에서 출발해 대한민국에서 가장 아름다운 해안 산책로 중 하나로 꼽히는 큰엉 경승지 산책길을 지나 민물과 바닷물이 만나는 쇠소깍까지 이어진다. 키 큰 동백나무가 울타리처럼 둘러선 마을 풍경도 멋스럽다. 남원읍과 해병대 93대대의 도움으로 사라지거나 묻히고 끊어졌던 바당 올레길 세 곳을 복원해, 난대 식물이 울창한 숲을 지나 바다로 나아가는 특별한 즐거움도 느낄 수 있다.

(출처 : 제주올레트레일 홈페이지)",TOUR,,https://map.kakao.com/?q=[제주올레 5코스] 남원-쇠소깍 올레
2055,[제주올레 6코스] 쇠소깍-제주올레 여행자센터 올레,,SOUTH,LEISURE,레저·스포츠 관련 시설,,서귀포시 효돈동,33.2522379,126.6233902,제주특별자치도 서귀포시 하효동 995-4 쇠소깍다리~제주올레여행자센터,https://tong.visitkorea.or.kr/cms/resource/33/3550333_image2_1.jpg,제주올레 6코스는 쇠소깍 다리에서 출발해 서귀포 시내를 지나 이중섭거리를 거쳐 제주올레 여행자 센터까지 이어지는 길이다.,"제주올레 6코스는 쇠소깍 다리에서 출발해 서귀포 시내를 지나 이중섭거리를 거쳐 제주올레 여행자 센터까지 이어지는 길이다. 해안의 정취를 느낄 수 있는 소금막과 삶과 문화가 살아 숨 쉬는 서귀포 시내를 걸으며 서귀포의 다채로운 문화와 생태를 만날 수 있다. 6코스의 명소로 꼽히는 서귀포 칼호텔 바당길과 허니문하우스 전망대 길에서는 푸른 바다가 시원하게 펼쳐지는 파노라마를 감상할 수 있어 걷는 즐거움을 더한다.

(출처 : 제주올레트레일 홈페이지)",TOUR,,https://map.kakao.com/?q=[제주올레 6코스] 쇠소깍-제주올레 여행자센터 올레
2056,[제주올레 7-1코스] 서귀포 버스터미널-제주올레 여행자센터 올레,,SOUTH,LEISURE,레저·스포츠 관련 시설,,서귀포시 대륜동,33.2489931,126.5082204,제주특별자치도 서귀포시 일주동로 9217 (법환동) 서귀포 버스터미널~제주올레 여행자센터,https://tong.visitkorea.or.kr/cms/resource/01/3549901_image2_1.jpg,제주올레 7-1코스는 제주 중산간의 아름다움을 온몸으로 호흡하며 걷는 올레이다.,"제주올레 7-1코스는 제주 중산간의 아름다움을 온몸으로 호흡하며 걷는 올레이다. 서귀포 버스 터미널에서 시작하여 중산간을 거쳐 제주올레 여행자 센터로 내려온다. 위로는 한라산을, 아래로는 제주의 남쪽 바다와 서귀포 전역을 조망할 수 있다. 기암절벽과 천연 난대림에 둘러싸인 중산간의 비경이 감탄을 자아낸다. 제주에서는 보기 드물게 논농사를 짓는 지역을 지나는데 논둑길을 따라 걷는 재미도 쏠쏠하다.

(출처 : 제주올레트레일 홈페이지)",TOUR,,https://map.kakao.com/?q=[제주올레 7-1코스] 서귀포 버스터미널-제주올레 여행자센터 올레
2057,[제주올레 8코스] 월평-대평 올레,,SOUTH,LEISURE,레저·스포츠 관련 시설,,서귀포시 대천동,33.2436001,126.4585806,제주특별자치도 서귀포시 월평동 741-3 월평아왜낭목 쉼터~대평포구,https://tong.visitkorea.or.kr/cms/resource/15/3549815_image2_1.jpg,제주올레 8코스는 짙푸른 바다를 따라 걷는 바당 올레 코스이다.,"제주올레 8코스는 짙푸른 바다를 따라 걷는 바당 올레 코스이다. 바다로 흘러내린 용암이 굳어 만들어진 절경인 주상절리를 지나 사계절마다 다양한 꽃을 피우는 예래생태공원으로 이어진다. 종점인 대평리는 자연과 어우러진 여유로운 분위기가 가득한 작은 마을이다. 안덕계곡 끝자락에 바다가 멀리 뻗어 있는 넓은 들(드르)이라는 뜻에서 ‘난드르’라고 불리며 마을을 품은 군산의 아름다운 풍경도 함께 감상할 수 있다.

(출처 : 제주올레트레일 홈페이지)",TOUR,,https://map.kakao.com/?q=[제주올레 8코스] 월평-대평 올레
2058,[제주올레 9코스] 대평-화순 올레,,WEST,LEISURE,레저·스포츠 관련 시설,,서귀포시 안덕면,33.2370021,126.3614843,제주특별자치도 서귀포시 안덕면 감산리 982-3 대평포구~화순금모래해수욕장,https://tong.visitkorea.or.kr/cms/resource/60/3549960_image2_1.jpg,작고 정겨운 대평포구에서 시작해 말이 다니던 몰질을 따라 걷고 나면 제법 가파르지만 높은 곳에서 아름다운 풍광이 펼쳐지는 월라봉에 들어선다.,"작고 정겨운 대평포구에서 시작해 말이 다니던 몰질을 따라 걷고 나면 제법 가파르지만 높은 곳에서 아름다운 풍광이 펼쳐지는 월라봉에 들어선다. 월라봉에서는 계절에 따라 피어난 각양각색의 풀꽃들을 만날 수 있다. 길 옆으로는 천연기념물 안덕계곡이 이어지며 이내 길은 소담한 마을에서 금빛으로 반짝이는 백사장에 닿게 된다.

(출처 : 제주올레트레일 홈페이지)",TOUR,,https://map.kakao.com/?q=[제주올레 9코스] 대평-화순 올레
2059,[하영올레] 1코스,,SOUTH,LEISURE,레저·스포츠 관련 시설,,서귀포시 서홍동,33.2539525,126.5597978,"제주특별자치도 서귀포시  중앙로 (105, 서귀포시청)",https://tong.visitkorea.or.kr/cms/resource/67/3585167_image2_1.jpg,하영올레는 서귀포시의 원도심의 매력을 듬뿍 느낄 수 있는 도보코스이다.,"하영올레는 서귀포시의 원도심의 매력을 듬뿍 느낄 수 있는 도보코스이다. 총 3개의 코스로 구성되어 있으며, 많다라는 의미의 제주어 하와 제주올레의 올레를 붙인 이름이다. 서귀포 도심 속 풍부한 자연적, 인문적 자원을 느끼며 천천히 걸을 수 있는 길이다. 서귀포 원도심 주변의 풍부한 관광자원과 6개의 도심공원, 3개의 특화거리를 합쳐 짜여졌다. 1코스는 서귀포시청에서 출발해 천지연의 물길을 따라 걷다가 다시 서귀포시청으로 돌아오는 8.9km의 코스이다. 시민들의 산책코스인 걸매생태공원과 칠십리시공원 그리고 먹거리 거리인 아랑조을거리를 이은 1코스는 자연과 생태를 테마로 한 코스이다.",TOUR,,https://map.kakao.com/?q=[하영올레] 1코스
2060,[하영올레] 2코스,,SOUTH,LEISURE,레저·스포츠 관련 시설,,서귀포시 서홍동,33.2539525,126.5597978,"제주특별자치도 서귀포시  중앙로 (105, 서귀포시청)",https://tong.visitkorea.or.kr/cms/resource/87/3585187_image2_1.jpg,"하영올레는 서귀포 도심 속 풍부한 자연적, 인문적 자원을 느끼며 천천히 걸을 수 있는 길이다.","하영올레는 서귀포 도심 속 풍부한 자연적, 인문적 자원을 느끼며 천천히 걸을 수 있는 길이다. 서귀포 원도심 주변의 풍부한 관광자원과 6개의 도심공원, 3개의 특화거리를 합쳐 구성했다. 2코스는 서귀포시청 제1청사에서 아시아 CGI애니메이션센터, 태평근린공원, 무량정사, 정모사 쉼터, 서복불로초공원, 서복전시관, 소남머리, 자구리해안, 서귀포항, 서귀진성, 이중섭미술관, 이중섭거리, 매일올레시장, 서귀포시청 제1청사로 이어지는 6.4km의 코스이다. 바다와 문화, 사람의 발견을 특징으로 하고 있다.",TOUR,,https://map.kakao.com/?q=[하영올레] 2코스
2061,[하영올레] 3코스,,SOUTH,LEISURE,레저·스포츠 관련 시설,,서귀포시 서홍동,33.2539228,126.5597849,"제주특별자치도 서귀포시  중앙로 (105, 서귀포시청)",https://tong.visitkorea.or.kr/cms/resource/70/4074070_image2_1.jpg,하영올레는 서귀포시의 원도심의 매력을 듬뿍 느낄 수 있는 도보코스이다.,"하영올레는 서귀포시의 원도심의 매력을 듬뿍 느낄 수 있는 도보코스이다. 총 3개의 코스로 구성되어 있으며, 많다라는 의미의 제주어 하영과 제주올레의 올레를 붙인 이름이다. 서귀포 도심 속 풍부한 자연적, 인문적 자원을 느끼며 천천히 걸을 수 있는 길이다. 서귀포 원도심 주변의 풍부한 관광자원과 6개의 도심공원, 3개의 특화거리를 합쳐 짜였다. 3코스는 서귀포시청 제1청사에서 시작하여 솜반천탐방로, 흙담소나무길, 변시지그림공원, 지장샘, 면형의 집, 산지물물놀이장, 동홍천힐링길, 서귀포시청 제1청사로 돌아오는 7.5㎞의 코스이다. 하천과의 조우를 특징으로 한다.",TOUR,,https://map.kakao.com/?q=[하영올레] 3코스
2062,[한라산 둘레길 1구간] 천아숲길,,NORTH,LEISURE,레저·스포츠 관련 시설,,제주시 노형동,33.397145,126.46,제주특별자치도 제주시 애월읍 광령리 천아숲길입구(천아계곡)~보림농장 삼거리,https://tong.visitkorea.or.kr/cms/resource/38/3545738_image2_1.jpg,한라산 둘레길 1구간인 천아숲길은 천아수원지에서 보림농장 삼거리까지 8.7㎞의 구간이다.,"한라산 둘레길 1구간인 천아숲길은 천아수원지에서 보림농장 삼거리까지 8.7㎞의 구간이다. 한대오름, 노로오름, 천아오름 등이 분포하고 있다. 노로오름인근 한라산중턱 해발 1000고지 일대에 검뱅듸, 오작지왓이라고도 불리는 ‘숨은물뱅듸’가 있고, 무수천계곡으로 흘러가는 수자원의 보고인 광령천이 내려오는 곳에 천아수원지가 있으며 인근에 어승생수원지가있다.",TOUR,,https://map.kakao.com/?q=[한라산 둘레길 1구간] 천아숲길
2063,[한라산 둘레길 2구간] 돌오름길,,SOUTH,LEISURE,레저·스포츠 관련 시설,,서귀포시 중문동,33.3318893,126.4593161,제주특별자치도 서귀포시 1100로 1187 (중문동),https://tong.visitkorea.or.kr/cms/resource/46/4105246_image2_1.jpg,"가장 신비스럽고 아름다운 숲과 길을 간직하고 있는 한라산둘레길은 나무와 풀, 바위와 오름, 그리고 하천과 목장을 끼고 있는 생태적·경관적 요소…","가장 신비스럽고 아름다운 숲과 길을 간직하고 있는 한라산둘레길은 나무와 풀, 바위와 오름, 그리고 하천과 목장을 끼고 있는 생태적·경관적 요소만 제주의 문화와 제주인들의 삶의 흔적이 고스란히 녹아있는 역사를 간직하고 있는 공간이다. 또한 신화 속 수많은 신들이 머물고 오가는 신들의 길이기도 하다. 총 9구간으로 구성되어 있다. 
9구간 중 2구간인 돌오름길은 보림농장 삼거리에서 시작해 돌오름 삼거리, 표고재배 삼거리, 용바위를 지나 서귀포자연휴양림 입구에 도착하는 코스이다. 보림농장 삼거리에서 서귀포자연휴양림 입구까지 8㎞의 구간으로 색달천이 흐르고, 졸참나무와 삼나무, 단풍나무 등 다양한 수종이 자란다. 거린사슴오름과 돌오름에 오르면 한라산과 법정이오름, 볼레오름, 노로오름, 삼형제오름 등이 병풍처럼 펼쳐지는 등 제주 서남부 지역 경관을 한눈에 볼 수 있다.",TOUR,,https://map.kakao.com/?q=[한라산 둘레길 2구간] 돌오름길
2064,[한라산 둘레길 9구간] 숫모르편백숲길,,NORTH,LEISURE,레저·스포츠 관련 시설,,제주시 봉개동,33.4394256,126.6299959,제주특별자치도 제주시 명림로 584 (봉개동) 절물자연휴양림입구~한라생태숲,https://tong.visitkorea.or.kr/cms/resource/71/3037571_image2_1.jpg,한라산 둘레길 9구간 숫모르편백숲길은 절물자연휴양림입구에서 한라생태숲까지 이어지는 6.6㎞의 숲길로 편백나무와 삼나무숲이 길게 펼쳐져 있으며…,한라산 둘레길 9구간 숫모르편백숲길은 절물자연휴양림입구에서 한라생태숲까지 이어지는 6.6㎞의 숲길로 편백나무와 삼나무숲이 길게 펼쳐져 있으며 셋개오리 오름 정상을 지나 한라생태숲으로 진입하면 숯을 구웠던 등성이란 뜻의 옛 지명 숫모르 숲길을 만나게 된다. 한라생태숲 자연 그대로를 느끼며 산책할 수 있는 숲길이며 이 구간에는 노루생태관찰원이 있는 거친 오름과 절물자연휴양림내 절물오름 등이 있다.,TOUR,,https://map.kakao.com/?q=[한라산 둘레길 9구간] 숫모르편백숲길
2065,가르송 티미드 제주,,WEST,COMMERCIAL,상업지구,,제주시 한림읍,33.4058057,126.256367,제주특별자치도 제주시 한림읍 한림로 542,https://api.cdn.visitjeju.net/photomng/imgpath/202306/12/6ffc5f26-dc38-4e6f-9ced-0b2fa77832d1.webp,귀여운게 세상을 구한다고 믿는 소품숍,귀여운게 세상을 구한다고 믿는 소품숍,VJ,,https://map.kakao.com/?q=가르송 티미드 제주
2066,가마오름,,WEST,CULTURE,문화시설,,제주시 한경면,33.3056558,126.249338,제주특별자치도  제주시 한경면 청수리 1205,https://api.cdn.visitjeju.net/photomng/imgpath/201804/30/cbeb6965-95e1-40d8-821f-5cd4e0763e5b.webp,제주의 아픈 역사를 간직한 가마오름,제주의 아픈 역사를 간직한 가마오름,VJ+TOUR,,https://map.kakao.com/?q=가마오름
2067,가메오름,,WEST,NATURE,자연관광지,,제주시 애월읍,33.3662349,126.3571601,제주특별자치도 제주시 애월읍 봉성리 산 125,https://api.cdn.visitjeju.net/photomng/imgpath/201804/30/ddae61fc-1e34-47b2-854d-3b97ffe1b76b.webp,낮고 작은 분화구를 가진 가메 오름,낮고 작은 분화구를 가진 가메 오름,VJ,,https://map.kakao.com/?q=가메오름
2068,가문이오름,,SOUTH,NATURE,자연관광지,,서귀포시 남원읍,33.3708091,126.6935196,제주특별자치도 서귀포시 표선면 남조로 1487-73,https://api.cdn.visitjeju.net/photomng/imgpath/201804/30/053450e8-8370-4b58-a606-fcd63098d962.webp,숲이 우거져 검게 보인다고 해서 붙여진 가문이오름,숲이 우거져 검게 보인다고 해서 붙여진 가문이오름,VJ,,https://map.kakao.com/?q=가문이오름
2069,가문이오름(감은이오름),,EAST,NATURE,자연관광지,,서귀포시 표선면,33.4018299,126.6876111,제주특별자치도 서귀포시 표선면 가시리,https://tong.visitkorea.or.kr/cms/resource/92/3477392_image2_1.jpg,"가문이오름은 제주특별자치도 제주시 구좌읍 송당리에 있는 봉우리이며, 성불오름 바로 서쪽에 나지막하게 자리한 오름을 이른다.","가문이오름은 제주특별자치도 제주시 구좌읍 송당리에 있는 봉우리이며, 성불오름 바로 서쪽에 나지막하게 자리한 오름을 이른다. 붉은오름과 마주하고 있는 이곳은 오름의 중턱에 삼나무와 해송이 숲이 우거져 있으며 그 위로는 낙엽수림이 있다. 가문이오름이란 이름은 숲이 우거져 검게 보인다고 하여 지어진 것이다. 말굽형 분화구 모양인 오름에는 흰 노루귀, 분홍 노루귀 등의 생소한 야생화가 자라고 있으며, 분화구 내에 울창한 숲이 음산한 기운을 띠고 있어 신령스러운 산이라는 의미도 있다. 붉은오름뿐만 아니라 구두리오름, 쳇망오름 등 여러 오름과 함께 오름 군락도 형성되어 같이 둘러보기에 좋다. 근처 가 볼 만한 곳으로는 물영아리오름, 부영컨드리클럽이 있다.",TOUR,,https://map.kakao.com/?q=가문이오름(감은이오름)
2070,가새기오름,,NORTH,NATURE,자연관광지,,제주시 오라동,33.4893701,126.5038612,제주특별자치도 제주시 오라삼동 2848,https://tong.visitkorea.or.kr/cms/resource/82/3477882_image2_1.jpg,"가새기오름은 오라동 연미마을 북서쪽에 가로누운 자그마한 화구 없는 원추형 화산체로서, 남북으로 긴 등성이에 해송이 우거져 숲을 이루고 있다.","가새기오름은 오라동 연미마을 북서쪽에 가로누운 자그마한 화구 없는 원추형 화산체로서, 남북으로 긴 등성이에 해송이 우거져 숲을 이루고 있다. 풍수설에 의하면 이 오름 남쪽에 있는 민오름이 개의 형국이고, 그 밑에 있는 이 오름은 어미개에 딸린 강아지의 형국이라는 것에서 [개새끼오름]이라 불리고 있다. 어미개와 강아지가 어울린 모습에 개의 젖가슴을 상징하는 지세라 하여 북서쪽 오름 자락은 예로부터 길지로 꼽혀왔다고 한다.",TOUR,,https://map.kakao.com/?q=가새기오름
2071,가세오름,,EAST,NATURE,자연관광지,,서귀포시 표선면,33.33146,126.78151,제주특별자치도 서귀포시 표선면 녹산로 554,https://api.cdn.visitjeju.net/photomng/imgpath/201804/30/d5f75de0-c66f-44f6-927f-888485d01622.webp,탐방의 소소한 재미를 주는 가세오름,탐방의 소소한 재미를 주는 가세오름,VJ,,https://map.kakao.com/?q=가세오름
2072,가세오름,,EAST,NATURE,자연관광지,,서귀포시 표선면,33.3931759,126.7231832,제주특별자치도 서귀포시 표선면 녹산로 554,https://tong.visitkorea.or.kr/cms/resource/61/3477261_image2_1.jpg,가세는 제주도 방언으로 가위라는 뜻을 의미한다.,"가세는 제주도 방언으로 가위라는 뜻을 의미한다. 표선면에 위치한 가세오름은 산봉우리가 두 갈래로 나누어진 말굽형의 오름이다. 또한 오름의 형태가 가위처럼 보인다 하여 가세오름으로 불린다. 가세 오름에는 5개의 암설류인 봉우리인 염통 오름, 족은 염통, 달 모루, 진동산, 숨골왓이 있다. 하지만 이 봉우리들은 덤불로 가로막고 있으며 탐방로도 있지 않아 발견하기는 어렵다. 가세 오름 초행길은 안내 표지판이 있으나 탐방로가 복잡하여 헤맬 수 있으니 주의를 요한다. 또한 가시덤불로 인해 상처를 입을 위험이 있어 긴 바지를 입고 가는 것이 좋다. 북쪽 봉우리에는 이동통신사 기지국이 있고 남쪽 봉우리 정상에는 초소가 있어 이동 위치를 쉽게 파악할 수 있다. 오름의 정상에 도착하여 경방 초소에 오르면 가시리의 오름 군락들을 조망할 수 있다.",TOUR,,https://map.kakao.com/?q=가세오름
2073,가시리 유채꽃길,,EAST,TRAIL,산책로·둘레길,,서귀포시 표선면,33.39823,126.71993,제주특별자치도 서귀포시 표선면 가시리 산 87-15,https://api.cdn.visitjeju.net/photomng/imgpath/202111/02/be1f5777-27d3-4ea8-bb2d-d87edfb8e312.webp,노란 유채꽃이 아름다운 길,노란 유채꽃이 아름다운 길,VJ,,https://map.kakao.com/?q=가시리 유채꽃길
2074,가시리국산화풍력발전단지,,EAST,NATURE,자연관광지,,서귀포시 표선면,33.3939371,126.73411,제주특별자치도 서귀포시 표선면 녹산로 464-78,https://tong.visitkorea.or.kr/cms/resource/92/3026692_image2_1.jpg,제주도 서귀포시 동남쪽 끝에 위치한 표선면 가시리는 제주도 내에서 아직 개발되지 않은 지역이라고 할 수 있는데 2009년 1월 국내 최초 지역…,"제주도 서귀포시 동남쪽 끝에 위치한 표선면 가시리는 제주도 내에서 아직 개발되지 않은 지역이라고 할 수 있는데 2009년 1월 국내 최초 지역주민 참여 방식으로 진행된 풍력발전단지 부지 선정 공모에서 최종 부지로 낙점됨에 따라 마을이 새롭게 변화되어 가고 있다. 가시리국산화풍력발전단지는 광활한 평원에 유채꽃단지가 조성되어 있는 가시리 공동목장에 들어서 있다. 봄이 되면 유채꽃과 벚꽃의 콜라보레이션을 즐길 수 있는 드라이브 코스로 유명한 녹산로 유채꽃길과 가까운 곳에 있다. 이곳 바람들판의 가을녁엔 빛나는 억새의 향연과 커다란 풍력발전기가 돌아가는 풍경을 볼 수 있는데 이국적인 아름다움을 선사한다. 이곳에서는 뒤로 보이는 풍력발전단지를 배경 삼아 한라산, 돌담과 어우러진 제주 조랑말들과 소들이 평온하게 풀을 뜯어 먹는 장면을 즐길 수 있다. 픙력단지 입구 왼쪽으로는 유채꽃프라자로 가는 길이고 이곳에서 차 한잔하며 카페 계단으로 올라가서 보는 목가적인 경치도 좋다. 카페 뒤쪽에도 유채꽃 단지가 있다.",TOUR,,https://map.kakao.com/?q=가시리국산화풍력발전단지
2075,가시림 수목원,,EAST,EXPERIENCE,체험 활동 관광지,,서귀포시 표선면,33.3828211,126.7313785,제주특별자치도 서귀포시 표선면 녹산로5번길 171 (가시리) ,https://api.cdn.visitjeju.net/photomng/imgpath/202312/27/6f0f659d-ade4-4051-9a44-576efdc78ee5.webp,애기동백과 황금 메타세쿼이어 등 4000평 규모의 4계절을 누릴 수 있는 수목원,애기동백과 황금 메타세쿼이어 등 4000평 규모의 4계절을 누릴 수 있는 수목원,VJ,,https://map.kakao.com/?q=가시림 수목원
2076,가시오름,,WEST,NATURE,자연관광지,,서귀포시 대정읍,33.247,126.243,제주 서귀포시 대정읍 동일리 1706,https://tong.visitkorea.or.kr/cms/resource/07/4113307_image2_1.jpg,가시오름은 서귀포시 대정읍 동일리에 있는 오름으로 옛날부터 오름 곳곳에 가시나무(물참나무)가 많이 자라고 있어 가시오름이라는 이름이 붙여졌다.,"가시오름은 서귀포시 대정읍 동일리에 있는 오름으로 옛날부터 오름 곳곳에 가시나무(물참나무)가 많이 자라고 있어 가시오름이라는 이름이 붙여졌다. 오름의 정상에는 남서쪽으로 벌어진 말굽형 분화구가 있다. 오름의 동남쪽은 가파르고 서북쪽은 대체로 완만한 편이며 높지 않아 정상까지 오르기 쉽다. 오름 탐방로가 잘 조성되어 있고 주변 모슬포오름과 대정읍 일대를 관망하는 풍경이 좋은 곳이다. 정상부까지 농로가 나 있고, 잡목과 함께 숲이 우거지고 그사이에 예덕나무, 보리수나무 등이 식생 하며, 일부 사면에는 중턱까지 경작지가 조성되어 있다. 내비게이션에 가시오름을 치고 가면 남서쪽 방향 우사 근처 도로변에 주차 가능하고, 다른 번지수 주소 대정동 동일리를 치고 가면 반대편 주차장에 주차 가능하다.",TOUR,,https://map.kakao.com/?q=가시오름
2077,가야금이 흐르는 제주,,NORTH,NATURE,자연관광지,,제주시 이도2동,33.5008664,126.5326422,제주특별자치도 제주시 광양9길 27,https://api.cdn.visitjeju.net/photomng/imgpath/202307/26/994275b2-e724-4afc-bba9-109f56201a21.webp,선율의 아름다움으로 푹 몰입할 수 있는 가야금이 흐르는 제주,선율의 아름다움으로 푹 몰입할 수 있는 가야금이 흐르는 제주,VJ,,https://map.kakao.com/?q=가야금이 흐르는 제주
2078,가을동화 감귤밭,,SOUTH,NATURE,자연관광지,,서귀포시 남원읍,33.2913229,126.6165367,제주특별자치도 서귀포시 남원읍 하례로 504,https://tong.visitkorea.or.kr/cms/resource/43/3410543_image2_1.jpg,가을동화 감귤밭은 남녀노소 아이들과 어른들 가릴 것 없이 누구나 즐겁게 귤 따기를 체험할 수 있는 곳이다.,"가을동화 감귤밭은 남녀노소 아이들과 어른들 가릴 것 없이 누구나 즐겁게 귤 따기를 체험할 수 있는 곳이다. 각종 다양한 TV 프로그램에도 출연했으며, 싱그러운 귤 맛과 아름다운 풍경을 자랑한다. 이곳에서 재배되는 귤은 맛이 좋기로 유명한데 그 이유는 바로 일반적인 감귤 생산 방식이 아닌 타이벡 감귤 재배 방식을 적용하고 있기 때문이다. 귤 따기 체험과 함께 맛있는 귤을 맛보고 싶다면 방문해 보기에 좋다.",TOUR,,https://map.kakao.com/?q=가을동화 감귤밭
2079,가죽공방 손방둥이,,NORTH,EXPERIENCE,체험 활동 관광지,,제주시 노형동,33.475807,126.4778081,제주특별자치도 제주시 진군남2길 10-4 101호 손방둥이 ,https://api.cdn.visitjeju.net/photomng/imgpath/201811/20/0c1af7ac-3c18-45e9-b22e-547ebda8db44.webp,가죽공예를 위한 오픈공간,가죽공예를 위한 오픈공간,VJ,,https://map.kakao.com/?q=가죽공방 손방둥이
2080,각시바우오름,,SOUTH,NATURE,자연관광지,,서귀포시 대륜동,33.2767541,126.5270288,제주특별자치도 서귀포시 호근동 2112,https://api.cdn.visitjeju.net/photomng/imgpath/201804/30/8dd65907-17fa-4317-8193-4e45b074de36.webp,어느 여인의 한이 서린 각시바위,어느 여인의 한이 서린 각시바위,VJ,,https://map.kakao.com/?q=각시바우오름
2081,각시바위오름,,SOUTH,NATURE,자연관광지,,서귀포시 대륜동,33.2777272,126.5259918,제주특별자치도 서귀포시 호근동 2124,https://tong.visitkorea.or.kr/cms/resource/64/3477364_image2_1.jpg,각시바위오름은 기생화산으로 분화구의 형태는 원추형이다.,"각시바위오름은 기생화산으로 분화구의 형태는 원추형이다. 오름 정상에 있는 각시바위의 이름을 따서 각시바위오름이라고 불리게 되었다. 한자로는 각수악이라 하기도 하고 학의 날갯짓을 닮았다고 하여 학수악이라고도 한다. 오름의 북쪽 사면은 완만하며 숲이 무성하고 반면 남쪽 등성이는 매우 가파르다. 남쪽 등성이는 세 가닥의 등성마루가 뻗어 있는 듯한 모습으로 보인다. 남쪽 경사면 바로 아래 영산사 뒤쪽으로 오르는 등산길이 있으며 길에 깔린 조면암질의 돌들이 독특한 모양과 색을 띠고 있다. 각시바위라는 이름은 한 각시가 이 바위에서 떨어져 죽었다는 열녀 설화에서 따온 것이라고 한다. 정상부는 서귀포 앞바다를 전망할 수 있고, 주변의 좋은 경치로 인해 예로부터 선비들이 풍류를 즐겼던 곳이라고 한다. 주변에 가볼 만한 곳으로는 서귀포 치유의 숲, 엉또폭포, 고근산 등이 있다.",TOUR,,https://map.kakao.com/?q=각시바위오름
2082,갈마못(갈뫼못),,EAST,NATURE,자연관광지,,서귀포시 성산읍,33.3873529,126.8116979,제주특별자치도 서귀포시 표선면 성읍리,https://tong.visitkorea.or.kr/cms/resource/31/3477231_image2_1.jpg,"성읍리 사거리에서 성산으로 가는 도로변 남산봉 입구에 위치해 있는 연못으로 행정구역상 성산읍 신풍리에 해당되지만, 오히려 성읍에 가까워 소유도…","성읍리 사거리에서 성산으로 가는 도로변 남산봉 입구에 위치해 있는 연못으로 행정구역상 성산읍 신풍리에 해당되지만, 오히려 성읍에 가까워 소유도 성읍리 마을 소유이다. 풍수지리설에 의하면 이 못은 목마른 말이 물을 마시는 것과 같고 또 마소의 급수용으로 이용한 데서 연유하여 갈마못이라는 이름이 붙여졌다고 한다. 자연적으로 조성된 이 못은 아무리 가물어도 물이 마르지 않는다고 하며 중앙의 작은 못에는 돌담이 원형으로 둘러져 있고 예전에 식수로 이용되었던 흔적인 물팡돌이 놓여 있다. 물의 유입은 남산봉 화구 쪽에서 수로를 따라 유입되는 것으로 추정되며 이와 아울러 인위적으로 조성된 우수관이 도로변 밑으로 시설되어 연못으로 유입되고 있다. 못의 일부는 농업용수로 활용하기 위해 60㎡ 정도가 도로 높이로 매립되어 있으며 그 너머로는 농경지가 경작되고 있다. 중앙에 있는 작은 못에는 환경부 지정 보호야생식물인 순채가 군락을 이루며 자생하고 있고, 못의 가장자리 및 중앙부에는 대부분 기장대풀이 우점하고 있는 식생을 보이고 있는데, 전체적으로 기장대풀군락, 송이고랭이군락, 좀어리연꽃군락, 순채군락으로 구분될 수 있다. 기장대풀이 우점하는 지역은 주로 연못의 가장자리를 중심으로 비교적 수심이 10cm 이하로 택사, 골풀, 고마리 등이 분포하고 있다.",TOUR,,https://map.kakao.com/?q=갈마못(갈뫼못)
2083,갈중이,,WEST,COMMERCIAL,상업지구,,서귀포시 안덕면,33.235085,126.31367,제주특별자치도 서귀포시 안덕면 사계남로216번길 24-61,https://api.cdn.visitjeju.net/photomng/imgpath/201804/30/9d88fde6-d789-4db1-9657-3cc0373fd1fb.webp,제주전통 갈옷 전문 의류매장,제주전통 갈옷 전문 의류매장,VJ+TOUR,,https://map.kakao.com/?q=갈중이
2084,감귤카트,,SOUTH,LEISURE,레저·스포츠 관련 시설,,서귀포시 예래동,33.254854,126.4092614,제주특별자치도 서귀포시 중문관광로 42,https://api.cdn.visitjeju.net/photomng/imgpath/202604/02/388fd451-77ad-4bd6-9611-b7858d7e2f35.webp,감귤카트는 짜릿한 속도감을 느낄 수 있는 카트 본연의 스릴과 제주의 아름다움 중 '꽃'을 더한 새로운 카트장입니다.,감귤카트는 짜릿한 속도감을 느낄 수 있는 카트 본연의 스릴과 제주의 아름다움 중 '꽃'을 더한 새로운 카트장입니다.,VJ+TOUR,,https://map.kakao.com/?q=감귤카트
2085,감낭오름,,WEST,NATURE,자연관광지,,서귀포시 안덕면,33.3250275,126.3497088,제주특별자치도 서귀포시 안덕면 동광리 산41,https://tong.visitkorea.or.kr/cms/resource/06/3477406_image2_1.jpg,감낭오름은 제주특별자치도 서귀포시 안덕면 동광리 북동쪽에 있는 측화산이다.,"감낭오름은 제주특별자치도 서귀포시 안덕면 동광리 북동쪽에 있는 측화산이다. 사면은 완만하고 북동쪽으로 벌어진 말굽형 화구를 이루고 있다. 화구쪽 사면은 풀밭을 이루고 그 외 사면은 삼나무 등이 있다. 감낭오름과 원물오름은 마치 샴쌍둥이처럼 등성이가 맞붙어 있어서, 소나무가 울창한 감낭오름으로 등산한 후에 원물오름으로 이동해 하산하는 코스가 유명하다. 소와 말이 노니는 잔디 탐방로를 지나 30분가량 올라가다 보면 정상에 도달한다. 쾌청한 날이면 감낭오름 정상에서 한라산과 산방산의 풍광과 더불어 국토의 끝자락에 있는 가파도까지 조망할 수 있다. 차량으로 10분 거리에 녹차밭과 녹차 디저트로 유명한 오설록이 있고, 카멜리아힐도 근거리에 있어 둘러보기 좋다.",TOUR,,https://map.kakao.com/?q=감낭오름
2086,감사공묘역,,EAST,NATURE,자연관광지,,제주시 조천읍,33.5129643,126.6611356,제주특별자치도 제주시 조천읍 함대로 362,https://tong.visitkorea.or.kr/cms/resource/96/3082296_image2_1.jpg,조천읍 함덕리에 있는 감사공묘역은 조선 초기 한림학사와 전라감사를 역임한 영암 강영 선생의 묘역이다.,"조천읍 함덕리에 있는 감사공묘역은 조선 초기 한림학사와 전라감사를 역임한 영암 강영 선생의 묘역이다. 강영은 태조 7년(1398) 이방원이 일으킨 왕자의 난 때 왕위 계승 문제로 신덕왕후 소생 이방번과 이방석이 화를 입자, 1402년 제주도로 피신한 후 조천읍 함덕리에 정착하여 한림학사의 해박한 지식으로 지역주민 교육과 후진 양성에 기여하다 생을 마쳤다. 묘역 안에는 조천서원, 개명당 등의 건물이 있으며 봄철 겹벚꽃이 아름다워 이를 보기 위해 관광객이 많이 찾는 곳이며, 스냅사진 촬영 장소로도 인기가 있다. 단, 제주도종친회 사유지로 벚꽃기간에만 개방한다.",TOUR,,https://map.kakao.com/?q=감사공묘역
2087,감성을담다 천연아로마교육 원데이클래스,,EAST,EXPERIENCE,체험 활동 관광지,,제주시 구좌읍,33.5300084,126.8438361,제주특별자치도 제주시 구좌읍 평대7길 20-1,https://api.cdn.visitjeju.net/photomng/imgpath/202306/16/c24ec5bb-a451-4b75-9b96-342f9bb85573.webp,인공적이지 않아 매력적인 아로마향기,인공적이지 않아 매력적인 아로마향기,VJ,,https://map.kakao.com/?q=감성을담다 천연아로마교육 원데이클래스
2088,감수굴 밭담길,,EAST,TRAIL,산책로·둘레길,,제주시 구좌읍,33.5243749,126.8423829,제주특별자치도 제주시 구좌읍 평대7길 34,https://api.cdn.visitjeju.net/photomng/imgpath/201808/17/f97cfc9d-ec44-4bb3-8648-b24db79db168.webp,평대리 중동에 위치한 산책하기 좋은 밭담길,평대리 중동에 위치한 산책하기 좋은 밭담길,VJ,,https://map.kakao.com/?q=감수굴 밭담길
2089,감수굴 밭담길,,EAST,TRAIL,산책로·둘레길,,제주시 구좌읍,33.5310268,126.8432681,제주특별자치도 제주시 구좌읍 평대7길 34,https://tong.visitkorea.or.kr/cms/resource/87/3056387_image2_1.jpg,평대리 중동에 위치한 감수굴 밭담길은 고즈넉한 마을의 옛 정취 그대로의 풍경을 즐기며 산책하기 좋은 길이다.,"평대리 중동에 위치한 감수굴 밭담길은 고즈넉한 마을의 옛 정취 그대로의 풍경을 즐기며 산책하기 좋은 길이다. 평대리 중동마을회관에서 출발한다. 밭담은 화산섬인 제주도에서 경작을 위해 밭을 개간하면서 흩어져 있는 돌들을 밭 옆에 쌓은 담으로, 밭담의 돌들이 얼기설기 물려있고, 틈새가 있어 태풍에도 무너지지 않으며, 바람으로부터 농작물을 보호하고, 가축의 침입을 예방하기 위하여 쌓았다. 감수굴 밭담길에는 감수굴 우물이 있다. 우물의 물맛이 좋아 감수라 이름이 붙었다고 한다. 감수굴 밭담길은 제주 돌담과 농촌의 문화, 환경을 체험하고, 지역홍보 활성화를 위해 난미 밭담길, 진빌레 밭담길, 물메 밭담길, 어멍아방 밭담길 등과 함께 제주 8대 밭담길로 지정되어 있다.",TOUR,,https://map.kakao.com/?q=감수굴 밭담길
2090,갑선이오름,,EAST,NATURE,자연관광지,,서귀포시 표선면,33.3608276,126.7818122,제주특별자치도 서귀포시 표선면 가시리,https://tong.visitkorea.or.kr/cms/resource/45/3523545_image2_1.jpg,"제주특별자치도 서귀포시 표선면 가시리에 있는 갑선이오름은 남서쪽으로 벌어진 말굽형 굼부리를 가지고 있으며, 오름 서쪽으로 가싯내가 지나가고…","제주특별자치도 서귀포시 표선면 가시리에 있는 갑선이오름은 남서쪽으로 벌어진 말굽형 굼부리를 가지고 있으며, 오름 서쪽으로 가싯내가 지나가고, 서쪽에 가시리가 아늑하게 자리 잡고 있다. 북서쪽에는 설오름, 남쪽에는 가시오름이 있다. 갑선이오름의 갑선이는 제주 고유어로 보이는데, 그 뜻은 확실하지 않다. 한자 차용 표기로는 갑선악(甲先嶽), 갑선악(甲蟬嶽), 갑선악(甲旋嶽) 등으로 표기했다. 일부에서는 한자 차용 표기 갑선악(甲蟬嶽)의 ‘갑선(甲蟬)’을 중시하여, 허물을 벗지 못한 굼벵이나 매미처럼 생겼다는 데에서 이름이 유래했다고 전해진다. 갑선이오름의 주변 지역에는 주로 묘지와 과수원, 농경지가 조성되어 이용되고 있고, 마을과 오름 사이에 있는 가마천은 세화리 바닷가로 이어져 있다. 또한, 오름 기슭에는 삼나무가 조림되어 있는 한편, 오름 각사면에는 상록수와 낙엽수 등 혼효림의 울창한 숲을 이루고 있다.",TOUR,,https://map.kakao.com/?q=갑선이오름
2091,갓전시관,,EAST,CULTURE,문화시설,,제주시 조천읍,33.436024,126.671844,제주특별자치도 제주시 조천읍 남조로 1904,https://api.cdn.visitjeju.net/photomng/imgpath/201804/30/c29255fc-704b-40ef-baa0-729fe2ae04cd.webp,문화유산을 배우고 체험하는 공간,문화유산을 배우고 체험하는 공간,VJ,,https://map.kakao.com/?q=갓전시관
2092,강정천유원지,,SOUTH,EXPERIENCE,체험 활동 관광지,,서귀포시 대천동,33.233673,126.49047,제주특별자치도 서귀포시 강정통물로 (강정동),https://api.cdn.visitjeju.net/photomng/imgpath/202111/30/d09f605d-ce98-4229-9c28-fee50c4aa23f.webp,은어들이 춤을 추고 용천수와 바다가 만나는 곳,은어들이 춤을 추고 용천수와 바다가 만나는 곳,VJ+TOUR,,https://map.kakao.com/?q=강정천유원지
2093,강정크루즈여객터미널,,SOUTH,NATURE,자연관광지,,서귀포시 대천동,33.2523833,126.4911269,제주특별자치도 서귀포시 말질로 261,https://api.cdn.visitjeju.net/photomng/imgpath/202311/22/6c543533-e249-4069-8965-da29aa67742a.webp,제주에서 가장 큰 규모의 크루즈항,제주에서 가장 큰 규모의 크루즈항,VJ,,https://map.kakao.com/?q=강정크루즈여객터미널
2094,강정포구,,SOUTH,NATURE,자연관광지,,서귀포시 대천동,33.2271625,126.4750196,제주특별자치도 서귀포시 말질로 291,https://tong.visitkorea.or.kr/cms/resource/95/3552095_image2_1.jpg,"해외 휴양지 못지않게 아름다운 자연을 가진 제주도, 그중에서도 서귀포 남쪽 해안을 바라보는 강정포구는 풍광이 멋진 곳으로 알려졌다.","해외 휴양지 못지않게 아름다운 자연을 가진 제주도, 그중에서도 서귀포 남쪽 해안을 바라보는 강정포구는 풍광이 멋진 곳으로 알려졌다. 해군 기지가 있는 이곳은 제주 민군 복합형 관광미항이 개장되면서 일반인들도 환상적인 일출과 일몰을 감상할 수 있게 됐다. 강정포구 안쪽으로 연결된 해 오름 노을길은 해안을 따라 걸을 수 있는 산책길이며, 많은 사진작가가 인생 사진을 찍기 위해 자주 찾는 명소이기도 하다. 산책길을 따라 그려진 벽화는 물론, 멀리 보이는 군산 오름, 대평 박수기정, 산방산, 송악산은 한 폭의 그림을 완성한다.",TOUR,,https://map.kakao.com/?q=강정포구
2095,개똥이네농장,,EAST,EXPERIENCE,체험 활동 관광지,,제주시 조천읍,33.4948885,126.6227831,제주특별자치도 제주시 조천읍 종인내길 133,https://tong.visitkorea.or.kr/cms/resource/62/3056962_image2_1.jpg,제주 조천읍에 있는 개똥이네 농장은 귤을 마음껏 따서 먹고 바구니 한가득 귤을 담아가는 체험농장이다.,"제주 조천읍에 있는 개똥이네 농장은 귤을 마음껏 따서 먹고 바구니 한가득 귤을 담아가는 체험농장이다. 8월부터 2월까지 감귤 체험을 운영하며, 계절별 꽃 농장을 운영하는데 핑크뮬리(9월 말~11월), 가을꽃(9월~11월), 동백정원(12월~1월), 수국정원(5월 말~7월 초)이 열린다. 또 알파카, 말, 염소에게 먹이를 주는 동물체험도 있다. 다양한 체험활동이 가능하다. 부대 시설로 카페를 운영하고 있어 체험이 끝난 후 차 한 잔 마시며 힐링하는 여유를 가질 수 있는 곳이다. 주변 관광지로는 함덕해수욕장, 삼양해수욕장, 너븐숭이 4·3기념관 등이 있다.",TOUR,,https://map.kakao.com/?q=개똥이네농장
2096,개미남,,NORTH,EXPERIENCE,체험 활동 관광지,,제주시 아라동,33.482499,126.5380588,제주특별자치도 제주시 구산로 26,https://api.cdn.visitjeju.net/photomng/imgpath/202212/15/b57b0062-16c9-4e20-9d47-a6c7566f8f6c.webp,"개미남은 애견미용, 가위컷, 스타일컷, 노견 미용을 전문으로 하는 곳이다.","개미남은 애견미용, 가위컷, 스타일컷, 노견 미용을 전문으로 하는 곳이다.",VJ,,https://map.kakao.com/?q=개미남
2097,개오름,,EAST,NATURE,자연관광지,,서귀포시 표선면,33.4234731,126.7717223,제주특별자치도 서귀포시 표선면 성읍이리로57번길 162,https://api.cdn.visitjeju.net/photomng/imgpath/202112/16/b5894ad7-b221-41f6-aad4-1d2d4312cd74.webp,모양이 개모양 같다고 하여 붙여진 개오름,모양이 개모양 같다고 하여 붙여진 개오름,VJ+TOUR,,https://map.kakao.com/?q=개오름
2098,개오리오름,,NORTH,NATURE,자연관광지,,제주시 봉개동,33.4223246,126.6173757,제주특별자치도 제주시 봉개동,https://api.cdn.visitjeju.net/photomng/imgpath/201804/30/d51d672c-21bd-454b-96cf-825847093a49.webp,KBS 송신탑이 자리한 개오리오름,KBS 송신탑이 자리한 개오리오름,VJ+TOUR,,https://map.kakao.com/?q=개오리오름
2099,개인공간,,NORTH,EXPERIENCE,체험 활동 관광지,,제주시 삼양동,33.515922,126.5890592,제주특별자치도 제주시 매촌1길 3-1,https://api.cdn.visitjeju.net/photomng/imgpath/202212/19/18992f0c-4cb0-48d0-901b-d529a0598fdd.webp,"개인공간은 가위컷 전문으로하는 반려견미용과, 반려견유치원, 반려견호텔을 운영하는 곳이다.","개인공간은 가위컷 전문으로하는 반려견미용과, 반려견유치원, 반려견호텔을 운영하는 곳이다.",VJ,,https://map.kakao.com/?q=개인공간
2100,갤러리2 중선농원,,NORTH,CULTURE,문화시설,,제주시 아라동,33.478135,126.57017,제주특별자치도 제주시 영평길 269,https://api.cdn.visitjeju.net/photomng/imgpath/201808/07/822d71b2-a356-4432-8837-d9ab579b0d2a.webp,감귤농장을 탈바꿈한 갤러리,감귤농장을 탈바꿈한 갤러리,VJ,,https://map.kakao.com/?q=갤러리2 중선농원
2101,갤럭시 제주점,,NORTH,COMMERCIAL,상업지구,,제주시 오라동,33.481514,126.5091368,제주특별자치도 제주시 연북로 259 (오라이동),https://tong.visitkorea.or.kr/cms/resource/19/4024819_image2_1.jpeg,"갤럭시는 삼성물산이 운영하는 대한민국 남성복 브랜드로, 클래식한 테일러링과 세련된 디자인을 바탕으로 품격 있는 비즈니스 스타일을 제공합니다.","갤럭시는 삼성물산이 운영하는 대한민국 남성복 브랜드로, 클래식한 테일러링과 세련된 디자인을 바탕으로 품격 있는 비즈니스 스타일을 제공합니다. 고급 소재와 정교한 패턴으로 완성된 제품들은 안정감 있는 핏과 현대적인 감성을 동시에 담고 있습니다.",TOUR,,https://map.kakao.com/?q=갤럭시 제주점
2102,갯거리오름,,SOUTH,NATURE,자연관광지,,서귀포시 중문동,33.3101086,126.457847,제주특별자치도 서귀포시 대포동,https://tong.visitkorea.or.kr/cms/resource/00/3585200_image2_1.jpg,"갯거리오름은 도로변에 위치한 거린사슴 동측으로 이어져 있는 오름으로, 거린사슴과 가파른 고갯길을 사이에 두고 갈리어 있는 별개의 원추형 화산체…","갯거리오름은 도로변에 위치한 거린사슴 동측으로 이어져 있는 오름으로, 거린사슴과 가파른 고갯길을 사이에 두고 갈리어 있는 별개의 원추형 화산체이다. 거린사슴 중턱의 도로가에서는 운전자들이 쉴 수 있는 간이 휴게공간이 마련되어 있어 제주도 남서부지역의 풍광은 물론 서귀포시에서부터 모슬포 해안까지의 바다경치를 만끽할 수 있는 전망대가 되고 있다. 갯거리오름으로 불리고 있는 오름이 한림읍 명월리 문수동 동쪽에도 있다. 오름 남쪽에 제주의 역사가 묻어나는 장소로 당시 희생자들이 묻힌 만벵듸 묘역이 있어 추모의 시간을 가져 볼 수 있다.",TOUR,,https://map.kakao.com/?q=갯거리오름
2103,거린오름 (북오름),,WEST,NATURE,자연관광지,,서귀포시 안덕면,33.302387,126.33193,제주특별자치도 서귀포시 안덕면 동광리 산 94,https://api.cdn.visitjeju.net/photomng/imgpath/201804/30/232864ce-1b6a-4178-a5a6-b99a69a793de.webp,제주도 서부를 한눈에 조망할 수 있는 거린오름,제주도 서부를 한눈에 조망할 수 있는 거린오름,VJ,,https://map.kakao.com/?q=거린오름 (북오름)
2104,거믄여해안경승지,,SOUTH,NATURE,자연관광지,,서귀포시 송산동,33.244373,126.58488,제주특별자치도 서귀포시 516로,https://api.cdn.visitjeju.net/photomng/imgpath/201804/30/ecdac3b6-aee2-459f-98bd-b2d260befe6e.webp,올레 7코스에 속하는 아름다운 해안경승지,올레 7코스에 속하는 아름다운 해안경승지,VJ,,https://map.kakao.com/?q=거믄여해안경승지
2105,거인의 정원,,NORTH,THEME,테마시설,,제주시 아라동,33.4718426,126.5353245,제주특별자치도 제주시 대원길 58,https://api.cdn.visitjeju.net/photomng/imgpath/201812/20/3b7a5e3d-de3d-4912-b9ec-433dfcf1fbe6.webp,카페와 갤러리를 함께 운영하는 거인의 정원,카페와 갤러리를 함께 운영하는 거인의 정원,VJ,,https://map.kakao.com/?q=거인의 정원
2106,거친오름,,NORTH,NATURE,자연관광지,,제주시 봉개동,33.445274,126.61945,제주특별자치도 제주시 명림로 520 (봉개동),https://api.cdn.visitjeju.net/photomng/imgpath/201804/30/b0f73dec-a1c6-4318-aff8-d8d582efd429.webp,노루가 뛰어노는 거친오름,노루가 뛰어노는 거친오름,VJ,,https://map.kakao.com/?q=거친오름
2107,건입박물관,,NORTH,CULTURE,문화시설,,제주시 건입동,33.5159814,126.5308451,제주특별자치도 제주시 산지로 5-14 (건입동),https://tong.visitkorea.or.kr/cms/resource/93/4057893_image2_1.jpg,제주시 건입동에 위치한 건입박물관은 마을 주민들이 전시 물품을 기증해 만든 작은 박물관이다.,"제주시 건입동에 위치한 건입박물관은 마을 주민들이 전시 물품을 기증해 만든 작은 박물관이다. 이 때문에 소소한 볼거리들이 많다. 과거에 유행했던 제주 산호 기념품이나 직접 쓰던 돌절구, 다리미, 물허벅, 해녀물품 등 마치 타임머신을 타고 떠난 느낌을 받을 수 있는 곳이다.",TOUR,,https://map.kakao.com/?q=건입박물관
2108,걸매예술마을,,SOUTH,CULTURE,문화시설,,서귀포시 천지동,33.249985,126.55515,제주특별자치도 서귀포시 서홍로 4-42,https://api.cdn.visitjeju.net/photomng/imgpath/201804/30/a7f17981-d654-46dc-ac06-d089798b9c4e.webp,걸메예술마을에서 보는 예술작품,걸메예술마을에서 보는 예술작품,VJ,,https://map.kakao.com/?q=걸매예술마을
2109,걸서악,,SOUTH,NATURE,자연관광지,,서귀포시 남원읍,33.2821977,126.6198354,제주특별자치도 서귀포시 남원읍 하례로 393-1,https://api.cdn.visitjeju.net/photomng/imgpath/201809/21/1b9aa957-5f51-4403-90ec-8ace20655002.webp,"시원한 하례리 마을 풍경과 범섬, 섭섬 풍경을 한 번에 볼 수 있는 걸서악오름","시원한 하례리 마을 풍경과 범섬, 섭섬 풍경을 한 번에 볼 수 있는 걸서악오름",VJ+TOUR,,https://map.kakao.com/?q=걸서악
2110,게른,,SOUTH,COMMERCIAL,상업지구,,서귀포시 천지동,33.2476943,126.5566855,제주특별자치도 서귀포시 중정로 1 ,https://api.cdn.visitjeju.net/photomng/imgpath/201911/08/ef4b9e7a-b372-4130-bd5f-2bcac4199bad.webp,고양이에 대한 모든 것을 취급하는 고양이잡화점,고양이에 대한 모든 것을 취급하는 고양이잡화점,VJ,,https://map.kakao.com/?q=게른
2111,게스 제주점,,NORTH,COMMERCIAL,상업지구,,제주시 일도1동,33.5147904,126.5249116,제주특별자치도 제주시 중앙로 39 (일도일동),https://tong.visitkorea.or.kr/cms/resource/13/4020413_image2_1.jpg,"게스는 미국 LA에서 시작된 라이프스타일 패션 브랜드로, 세련된 데님과 감각적인 디자인으로 전 세계 젊은 층에게 사랑받습니다.","게스는 미국 LA에서 시작된 라이프스타일 패션 브랜드로, 세련된 데님과 감각적인 디자인으로 전 세계 젊은 층에게 사랑받습니다. 자유롭고 트렌디한 스타일을 통해 개성을 표현할 수 있습니다.",TOUR,,https://map.kakao.com/?q=게스 제주점
2112,게우지코지,,SOUTH,TRAIL,산책로·둘레길,,서귀포시 효돈동,33.2438505,126.6186661,제주특별자치도 서귀포시 하효동,https://api.cdn.visitjeju.net/photomng/imgpath/201811/14/069f3732-e7b2-4811-97e9-e304c09d2b1b.webp,툭 튀어나온 암석 지형이 마치 전복의 내장을 닮았다 해서 이름 붙여진 곳,툭 튀어나온 암석 지형이 마치 전복의 내장을 닮았다 해서 이름 붙여진 곳,VJ,,https://map.kakao.com/?q=게우지코지
2113,고내리포구,,WEST,TRAIL,산책로·둘레길,,제주시 애월읍,33.46709,126.33758,제주특별자치도 제주시 애월읍 고내리,https://api.cdn.visitjeju.net/photomng/imgpath/201804/30/cd13910f-47a8-402c-8d1c-e84123dd3cc0.webp,소박한 고깃배의 정취를 느끼며 걷고 또 걷는 제주의 해안길 여행,소박한 고깃배의 정취를 느끼며 걷고 또 걷는 제주의 해안길 여행,VJ+TOUR,,https://map.kakao.com/?q=고내리포구
2114,"고내봉(고내오름,고니오름,망오름)",,WEST,NATURE,자연관광지,,제주시 애월읍,33.460022,126.34064,제주특별자치도 제주시 애월읍 고내리 산 3-1,https://api.cdn.visitjeju.net/photomng/imgpath/201907/12/33f3ad81-fc81-4182-be48-8c61064ccd82.webp,올레 15코스의 마지막 종점 고내봉,올레 15코스의 마지막 종점 고내봉,VJ,,"https://map.kakao.com/?q=고내봉(고내오름,고니오름,망오름)"
2115,고려홍삼,,NORTH,COMMERCIAL,상업지구,,제주시 연동,33.4896817,126.4903239,제주특별자치도 제주시 신광로 27 (연동),https://tong.visitkorea.or.kr/cms/resource/47/4020347_image2_1.jpg,고려홍삼은 대한민국 홍삼의 전통과 명맥을 이어가는 고품격 건강 식품 브랜드입니다.,고려홍삼은 대한민국 홍삼의 전통과 명맥을 이어가는 고품격 건강 식품 브랜드입니다. 엄격한 품질 관리를 거친 국내산 인삼만을 사용하여 현대인의 면역력 증진과 기력 보충에 도움을 주는 정직한 제품들을 선보입니다.,TOUR,,https://map.kakao.com/?q=고려홍삼
2116,고배기동산,,WEST,NATURE,자연관광지,,서귀포시 안덕면,33.3307999,126.3816997,제주특별자치도 서귀포시 안덕면 광평리 산67,https://tong.visitkorea.or.kr/cms/resource/66/4073966_image2_1.jpg,서귀포 안덕면 광평리에 위치한 고배기 동산은 제주 4·3 사건 당시 사라졌던 광평리 마을을 1955년 재건하면서 한라산 아래 첫 마을 사람들에…,"서귀포 안덕면 광평리에 위치한 고배기 동산은 제주 4·3 사건 당시 사라졌던 광평리 마을을 1955년 재건하면서 한라산 아래 첫 마을 사람들에게 삶의 터를 내어준 자연에 감사하는 마음을 담아 만든 숲이다. 과거에는 ‘고백’이라는 사람이 살았다고 해서 ‘고백이 동산’이라고 불렸다고 한다. 고배기 동산 곳곳에 편안하게 휴식을 취할 수 있는 그물망 침대와 벤치도 마련되어 있다. 아무도 없는 숲 속에서 바람에 흔들리는 나뭇잎 소리, 지저귀는 새소리를 들으며 조용히 시간을 보내기 좋다.",TOUR,,https://map.kakao.com/?q=고배기동산
2117,고사리숲,,WEST,EXPERIENCE,체험 활동 관광지,,제주시 애월읍,33.4487267,126.4339396,제주특별자치도 제주시 애월읍 평화로 2715 제주관광대학교 내 창업보육센터 본관 315호,https://api.cdn.visitjeju.net/photomng/imgpath/201811/29/4d0ff6a1-851d-49cd-9e02-111bc6e7f708.webp,"립밤 만들기, 비누 만들기 체험을 할 수 있는 곳","립밤 만들기, 비누 만들기 체험을 할 수 있는 곳",VJ,,https://map.kakao.com/?q=고사리숲
2118,고산일과해안도로,,WEST,TRAIL,산책로·둘레길,,서귀포시 대정읍,33.279945,126.16963,제주특별자치도 서귀포시 대정읍 영락하동로 9-6,https://api.cdn.visitjeju.net/photomng/imgpath/202112/09/5bf6063c-5e04-4f94-87f7-439a17a37b11.webp,서쪽을 밝히는 노을이 아름다운 해안도로,서쪽을 밝히는 노을이 아름다운 해안도로,VJ,,https://map.kakao.com/?q=고산일과해안도로
2119,고산일과해안도로,,WEST,TRAIL,산책로·둘레길,,서귀포시 대정읍,33.2564245,126.209942,제주특별자치도 서귀포시 대정읍 영락하동로 9-6,https://tong.visitkorea.or.kr/cms/resource/27/3551727_image2_1.jpg,"고산일과해안도로는 차귀도항에서 신도리를 거쳐 일과 사거리에 이르는 약 12㎞의 해안도로이며, 해가 지는 방향에 있어 노을이 가장 아름다운 구간…","고산일과해안도로는 차귀도항에서 신도리를 거쳐 일과 사거리에 이르는 약 12㎞의 해안도로이며, 해가 지는 방향에 있어 노을이 가장 아름다운 구간 중에 하나이며 '노을해안로'라고도 불린다. 천천히 해안도로를 따라가다 보면 소박한 어촌의 풍경과 차귀도의 낙조를 감상할 수 있다. 고산리에서 신도리로 향하다 보면 수월봉과 엉알해안을 만난다. ‘노꼬물 오름’이라고도 불리는 수월봉은 77m의 작은 오름이며, 오름이 바닷가 방향으로 돌출되어 있어 탁월한 전망을 자랑한다. 엉알해안은 제주도의 숨은 비경 31곳 중 하나에 선정된 아름다운 제주의 대표 자연경관이다. 해안절벽이 독특한 퇴적층 모양을 하고 있으며, 유네스코에서 지정한 세계 지질공원에 속해있다. 올레 12코스에 속해있어 드라이브가 아니더라도, 도보여행을 즐길 수 있다.

(출처 : 제주 문화관광 홈페이지)",TOUR,,https://map.kakao.com/?q=고산일과해안도로
2120,고살리숲길,,SOUTH,EXPERIENCE,체험 활동 관광지,,서귀포시 남원읍,33.3164886,126.5975409,제주특별자치도 서귀포시 남원읍 하례리 산 54-2,https://api.cdn.visitjeju.net/photomng/imgpath/201809/21/60de58c6-b51c-4143-912b-1f85f5eb6830.webp,하례 2리 마을의 상징으로서 연중 물이 고이고 흐르는 계곡에 나무들이 조화를 이루는 숲길,하례 2리 마을의 상징으로서 연중 물이 고이고 흐르는 계곡에 나무들이 조화를 이루는 숲길,VJ+TOUR,,https://map.kakao.com/?q=고살리숲길
2121,고스트타운,,WEST,EXPERIENCE,체험 활동 관광지,,제주시 애월읍,33.476195,126.3569347,제주특별자치도 제주시 애월읍 부룡수길 35-14,https://api.cdn.visitjeju.net/photomng/imgpath/202409/11/92ce1511-3334-441b-9312-afc4da78226d.webp,"유령과 공포를 만나는 이색 체험, ‘고스트타운’","유령과 공포를 만나는 이색 체험, ‘고스트타운’",VJ+TOUR,,https://map.kakao.com/?q=고스트타운
2122,고씨주택,,NORTH,EXPERIENCE,체험 활동 관광지,,제주시 일도1동,33.5149744,126.5283867,제주특별자치도 제주시 관덕로17길 27-1,https://api.cdn.visitjeju.net/photomng/imgpath/202112/10/c840dc56-d62d-4edb-ba04-d2e5d490a58b.webp,"고용준이 지은 건축물로, 기술적으로는 일식 건축을 참고하여 지었지만, 기능적으로는 제주 민가의 전통적 내용을 계승하여 지은 과도기적 건축물","고용준이 지은 건축물로, 기술적으로는 일식 건축을 참고하여 지었지만, 기능적으로는 제주 민가의 전통적 내용을 계승하여 지은 과도기적 건축물",VJ,,https://map.kakao.com/?q=고씨주택
2123,고요산책 제주,,NORTH,EXPERIENCE,체험 활동 관광지,,제주시 이도1동,33.5118057,126.5239394,제주특별자치도 제주시 중앙로12길 5,https://api.cdn.visitjeju.net/photomng/imgpath/202112/20/119bd477-c98f-40ce-94e6-73b47c70c90a.webp,"고요산책은 제주의 청정자연과 마을 여행 콘텐츠를 발굴하여 관광객, 주민, 여행지 모두가 행복한 공정여행을 만드는 ㈜제주착한여행이 운영하는 복합…","고요산책은 제주의 청정자연과 마을 여행 콘텐츠를 발굴하여 관광객, 주민, 여행지 모두가 행복한 공정여행을 만드는 ㈜제주착한여행이 운영하는 복합문화공간이다. 제주시 원도심에 위치한 고요산책은 다양한 문화 예술 프로그램 및 대관을 위한 공간부터, 북라운지와 북스테이 공간을 운영하고 있다.",VJ,,https://map.kakao.com/?q=고요산책 제주
2124,고포잇다이브 스쿠버다이빙,,SOUTH,EXPERIENCE,체험 활동 관광지,,서귀포시 대천동,33.2347181,126.4890963,제주특별자치도 서귀포시 이어도로 685-1,https://api.cdn.visitjeju.net/photomng/imgpath/202105/31/54d0ee76-3f3f-4afc-b2d2-4ceb78d85142.webp,고포잇다이브센터는 PADI 협회를 기반으로 체계적인 교육 시스템으로 안전과 즐거움을 추구하는 스쿠버 전문 교육센터이다.,고포잇다이브센터는 PADI 협회를 기반으로 체계적인 교육 시스템으로 안전과 즐거움을 추구하는 스쿠버 전문 교육센터이다.,VJ,,https://map.kakao.com/?q=고포잇다이브 스쿠버다이빙
2125,곤물,,WEST,CULTURE,문화시설,,서귀포시 안덕면,33.2518943,126.3328875,제주특별자치도 서귀포시 안덕면 화순서서로64번길 64-4,https://api.cdn.visitjeju.net/photomng/imgpath/201804/30/6bc15718-2696-4b2a-82b1-2c05985492a7.webp,안덕면 화순리의 바위 아래에서 솟아나는 용천수,안덕면 화순리의 바위 아래에서 솟아나는 용천수,VJ,,https://map.kakao.com/?q=곤물
2126,곤을동4.3유적지,,NORTH,CULTURE,문화시설,,제주시 화북동,33.521984,126.55739,제주특별자치도 제주시 화북1동 4438,https://api.cdn.visitjeju.net/photomng/imgpath/202112/16/965fa772-dfa8-4cce-903a-804e4510da27.webp,4.3 당시 주민들이 무차별 학살을 당하고 불태워진 곤흘동 마을,4.3 당시 주민들이 무차별 학살을 당하고 불태워진 곤흘동 마을,VJ,,https://map.kakao.com/?q=곤을동4.3유적지
2127,곤을동환해장성,,NORTH,CULTURE,문화시설,,제주시 화북동,33.520233,126.56553,제주특별자치도 제주시 화북동,https://api.cdn.visitjeju.net/photomng/imgpath/201804/30/be01aeac-f80c-4f6c-ae41-a29e774a4823.webp,오랫동안 제주를 지켜주던 성벽에서 찾는 역사의 흔적,오랫동안 제주를 지켜주던 성벽에서 찾는 역사의 흔적,VJ,,https://map.kakao.com/?q=곤을동환해장성
2128,골든구스 신세계사이먼프리미엄아울렛 제주점,,WEST,COMMERCIAL,상업지구,,서귀포시 안덕면,33.3049727,126.316352,제주특별자치도 서귀포시 안덕면 신화역사로304번길 38,https://tong.visitkorea.or.kr/cms/resource/10/4024210_image2_1.jpg,골든구스(Golden Goose)는 빈티지한 감성과 이탈리아의 장인 정신이 결합된 럭셔리 라이프스타일 브랜드입니다.,골든구스(Golden Goose)는 빈티지한 감성과 이탈리아의 장인 정신이 결합된 럭셔리 라이프스타일 브랜드입니다. 인위적인 워싱과 낡은 듯한 멋의 스니커즈를 통해 정형화되지 않은 자유롭고 힙한 감성을 전 세계에 알리고 있습니다.,TOUR,,https://map.kakao.com/?q=골든구스 신세계사이먼프리미엄아울렛 제주점
2129,골체오름캠핑,,EAST,LEISURE,레저·스포츠 관련 시설,,제주시 조천읍,33.4518024,126.704353,제주특별자치도 제주시 조천읍 번영로 1648-41,https://tong.visitkorea.or.kr/cms/resource/74/2739574_image2_1.jpg,골체오름캠핑은 한가운데에 잔디 운동장이 있어 아이들이 마음껏 뛰어놀기에 좋은 가족캠핑장이다.,"골체오름캠핑은 한가운데에 잔디 운동장이 있어 아이들이 마음껏 뛰어놀기에 좋은 가족캠핑장이다. 축구공, 배드민턴, 캐치볼, 줄넘기, 훌라후프 등을 무료로 대여해 주고 있어 편하게 놀 수 있는 곳이다. 야영장 한가운데 잔디광장이 있어서 어린이들이 안전하게 노는지 엄마들은 텐트 안에서도 지켜볼 수 있어 좋다. 산뜻하면서도 깔끔한 분위기의 화장실은 장애인용 화장실까지 완벽하게 구비되어 있으며, 데크 바닥인 일반 야영장 6면을 갖췄다. 각 사이트마다 분전함이 설치되어 있어 전기 사용도 편하다. 캠핑장 주변으로는 거문 오름, 우진제비 오름, 민 오름, 부대 오름, 부소 오름 등 수많은 이야기가 전해지는 오름과 평원이 많아 산책하기에 좋다. 계절마다 다르고, 날씨에 따라 다르고, 시간 때마다 다르며, 심지어 사람의 심리에 따라서도 달리 보이는 게 제주 오름이라고 한다. 그만큼 계절과 날씨, 시간 때에 따라 감상하기 좋은 것이 오름인데 이 캠핑장 주변에 오름들이 많다.",TOUR,,https://map.kakao.com/?q=골체오름캠핑
2130,골프존마켓 신세계사이먼프리미엄아울렛 제주점,,WEST,COMMERCIAL,상업지구,,서귀포시 안덕면,33.3049727,126.316352,제주특별자치도 서귀포시 안덕면 신화역사로304번길 38 B1층,https://tong.visitkorea.or.kr/cms/resource/10/4045010_image2_1.jpg,골프존마켓은 다양한 골프용품을 한곳에서 비교하고 구매할 수 있는 대한민국 골프 전문 유통 브랜드입니다.,"골프존마켓은 다양한 골프용품을 한곳에서 비교하고 구매할 수 있는 대한민국 골프 전문 유통 브랜드입니다. 클럽, 의류, 액세서리 등 폭넓은 상품 구성을 갖추고 있으며, 전문 상담과 피팅 서비스를 통해 고객에게 최적의 장비 선택을 제공합니다.",TOUR,관광지인지 확인(도서관·교회·골프 등),https://map.kakao.com/?q=골프존마켓 신세계사이먼프리미엄아울렛 제주점
2131,골프존카운티 오라,,NORTH,LEISURE,레저·스포츠 관련 시설,,제주시 오라동,33.4482225,126.5131904,제주특별자치도 제주시 오라남로 130-16 (오라이동),https://tong.visitkorea.or.kr/cms/resource/74/2476674_image2_1.jpg,"골프존카운티 오라는 영주십경중의 하나인 한라산 영구춘화 계곡을 따라 그림처럼 펼쳐지는 2,018,369㎡의 대자연 위에 국제수준의 36홀 코스…","골프존카운티 오라는 영주십경중의 하나인 한라산 영구춘화 계곡을 따라 그림처럼 펼쳐지는 2,018,369㎡의 대자연 위에 국제수준의 36홀 코스를 갖춘 제주도의 대표적인 골프장이다. 쾌적하고 다양한 부대시설을 갖추어 365일 연중무휴로 푸른 잔디 위에서 라운딩이 가능하며, One Caddie One Bag System 운영과 차별화된 고객서비스를 제공한다.",TOUR,관광지인지 확인(도서관·교회·골프 등),https://map.kakao.com/?q=골프존카운티 오라
2132,곱뜨락아띠 향수공방,,WEST,EXPERIENCE,체험 활동 관광지,,서귀포시 안덕면,33.2302133,126.2996522,제주특별자치도 서귀포시 안덕면 사계중앙로3번길 22,https://api.cdn.visitjeju.net/photomng/imgpath/202306/16/3d034817-12a3-415a-b934-510db08d7e58.webp,고급스럽고 개성 넘치는 니치향수 체험,고급스럽고 개성 넘치는 니치향수 체험,VJ,,https://map.kakao.com/?q=곱뜨락아띠 향수공방
2133,곱은과일,,SOUTH,COMMERCIAL,상업지구,,서귀포시 중앙동,33.2519,126.56226,제주특별자치도 서귀포시 동문로 10,https://api.cdn.visitjeju.net/photomng/imgpath/201804/30/21a98dd8-29ec-48c5-bafa-84f6fe6ae2da.webp,동문시장에 위치한 서귀포 위미농협 감귤 전문 판매장,동문시장에 위치한 서귀포 위미농협 감귤 전문 판매장,VJ,,https://map.kakao.com/?q=곱은과일
2134,곱은달사진관,,EAST,COMMERCIAL,상업지구,,제주시 조천읍,33.513688,126.6710737,제주특별자치도 제주시 조천읍 곱은달길 24,https://api.cdn.visitjeju.net/photomng/imgpath/201901/18/b1a9ee6a-233b-43ca-94f7-baafa6c839fb.webp,조천읍에 위치한 흑백사진관,조천읍에 위치한 흑백사진관,VJ,,https://map.kakao.com/?q=곱은달사진관
2135,공방 하루반,,EAST,EXPERIENCE,체험 활동 관광지,,제주시 구좌읍,33.5553143,126.7966528,제주특별자치도 제주시 구좌읍 월정7길 42-6 1층,https://api.cdn.visitjeju.net/photomng/imgpath/202010/13/68c23e24-8a76-47ce-a7d9-c157d7134250.webp,월정리에 위치한 다양한 공예 체험을 할 수 있는 공간,월정리에 위치한 다양한 공예 체험을 할 수 있는 공간,VJ,,https://map.kakao.com/?q=공방 하루반
2136,공천포,,SOUTH,CULTURE,문화시설,,서귀포시 남원읍,33.26769,126.645996,제주특별자치도 서귀포시 남원읍 신례리,https://api.cdn.visitjeju.net/photomng/imgpath/202111/19/a3b64ad9-3dfd-4cde-92f9-aa30b26f3cb5.webp,위미항 근처 조용한 마을에 있는 공천포,위미항 근처 조용한 마을에 있는 공천포,VJ,,https://map.kakao.com/?q=공천포
2137,공항길귤창고,,NORTH,COMMERCIAL,상업지구,,제주시 오라동,33.4963646,126.5085363,제주특별자치도 제주시 오라로 48 (오라삼동) 공항길귤창고,https://api.cdn.visitjeju.net/photomng/imgpath/202504/04/f2696dd5-ca99-453d-9d23-d7ff8fdd39cc.webp,제철 제주과일을 공항가기전 맛보고 저렴하게 구매하세요,제철 제주과일을 공항가기전 맛보고 저렴하게 구매하세요,VJ,,https://map.kakao.com/?q=공항길귤창고
2138,곽지패총,,WEST,CULTURE,문화시설,,제주시 애월읍,33.44588,126.30714,제주특별자치도 제주시 애월읍 곽지리 2043-1,https://api.cdn.visitjeju.net/photomng/imgpath/201804/30/fb2e6c72-1d7c-4749-a115-92c89fcdadf1.webp,제주 북제주군 애월읍 곽지리에 있는 청동기시대에서 원삼국시대에 걸친 시기의 패총 유적,제주 북제주군 애월읍 곽지리에 있는 청동기시대에서 원삼국시대에 걸친 시기의 패총 유적,VJ,,https://map.kakao.com/?q=곽지패총
2139,관곶,,EAST,NATURE,자연관광지,,제주시 조천읍,33.5532236,126.6440692,제주특별자치도 제주시 조천읍 조함해안로 217-1,https://tong.visitkorea.or.kr/cms/resource/34/4054634_image2_1.jpg,제주 조천읍 신흥리에 있는 관곶은 일몰 명소로 알려진 관광지이다.,"제주 조천읍 신흥리에 있는 관곶은 일몰 명소로 알려진 관광지이다. 관곶은 제주에서 해남 땅끝마을과 가장 가까운 곳이며, 조천관 시대에 조천포구로 가는 길목에 있는 곶이라는 뜻으로 관곶이라고 불리고 있으며, 제주의 울돌목이라고 비유되는데 지나가는 배가 뒤집어질 정도로 파도가 거센 곳이다. 조망이 아름답고 바다로 지는 노을을 볼 수 있으며 산책로와 각종 편의시설이 잘 조성되어 있어 바다를 바라보며 힐링할 수 있는 제주의 숨은 관광지이다. 가족과 연인과 함께 제주 여행의 추억을 남기기 좋은 장소이다. 주변에는 신흥해수욕장, 신흥바다낚시공원 등이 있어 함께 둘러보기 좋다.",TOUR,,https://map.kakao.com/?q=관곶
2140,관음사지구야영장,,NORTH,LEISURE,레저·스포츠 관련 시설,,제주시 아라동,33.4216211,126.5502658,제주특별자치도 제주시 산록북로 588,https://api.cdn.visitjeju.net/photomng/imgpath/202008/11/ac78e05a-1874-4094-86c7-f6c6b470a019.webp,한라산 관음사야영장은 제주시 북쪽 아라동에 위치하여 제주시 도심 인근에서 캠핑을 즐길 수 있는 곳이다.,한라산 관음사야영장은 제주시 북쪽 아라동에 위치하여 제주시 도심 인근에서 캠핑을 즐길 수 있는 곳이다.,VJ+TOUR,,https://map.kakao.com/?q=관음사지구야영장
2141,괄호,,EAST,COMMERCIAL,상업지구,,제주시 조천읍,33.5361477,126.6158995,제주특별자치도 제주시 조천읍 신촌서5길 91,https://api.cdn.visitjeju.net/photomng/imgpath/202306/12/ac0a27c6-aa56-4199-8eee-c2cb9889070b.webp,책을 기증하거나 누군가가 가져다 놓은 책을 볼 수 있는 무인책방,책을 기증하거나 누군가가 가져다 놓은 책을 볼 수 있는 무인책방,VJ,,https://map.kakao.com/?q=괄호
2142,광령귤나무,,WEST,NATURE,자연관광지,,제주시 애월읍,33.459007,126.43912,제주특별자치도 제주시 애월읍 광령8길 24-2,https://api.cdn.visitjeju.net/photomng/imgpath/201804/30/38d24735-5246-40f1-a5dd-3eb1f8edc4dc.webp,제주도 재래귤인 동정귤나무로 제주도기념물 제 26호,제주도 재래귤인 동정귤나무로 제주도기념물 제 26호,VJ,,https://map.kakao.com/?q=광령귤나무
2143,광명사(제주),,SOUTH,NATURE,자연관광지,,서귀포시 중문동,33.2490155,126.4190286,제주특별자치도 서귀포시 중문상로17번길 51,https://tong.visitkorea.or.kr/cms/resource/36/3477436_image2_1.jpg,광명사는 제주 서귀포시 중문상로의 천제연폭포와 베릿네오름 사이에 있는 태고종 소속의 작은 사찰이다.,"광명사는 제주 서귀포시 중문상로의 천제연폭포와 베릿네오름 사이에 있는 태고종 소속의 작은 사찰이다. 기미독립운동이 일어나기 1년 전인 1918년 제주도 내 스님과 지식인들이 일으킨 무오법정사 항일항쟁을 주도한 방동화 스님이 창건하였다. 창건 역사는 100년이 채 되지 않은 사찰이지만 도내 최초의 대규모 항일항쟁의 발상지로서 후손들에게 애국심과 민족의식을 고취하는 역할을 자임하고 있는 애국애족 실천 도량이다. 올레길 8코스를 거쳐가다 보면 볼 수 있으며, 주변에 가볼 만한 곳으로는 천제연폭포, 베릿네오름, 중문진실캠핑장이 있다.",TOUR,,https://map.kakao.com/?q=광명사(제주)
2144,괴오름,,WEST,NATURE,자연관광지,,제주시 애월읍,33.3560883,126.3754587,제주특별자치도 제주시 애월읍 봉성리 산41,https://tong.visitkorea.or.kr/cms/resource/40/3585540_image2_1.jpg,괴오름은 제주시 애월읍 봉성리에 위치한 오름이다.,"괴오름은 제주시 애월읍 봉성리에 위치한 오름이다. 북돌아진오름과 이웃한 오름으로 고양이 등처럼 구부러진 모양을 하고 있어서 괴오름이라 부르고 있으며, 북쪽으로 벌어진 말굽형 화구의 굼부리 형태이다. 주요 식생은 잡목으로, 자연림이 울창한 숲을 이루면서 숲그늘 아래에는 새우난, 복수초, 천남성 등이 자생하고, 오름 주변 목장에는 갯취가 분포하고 있다. 지형이 마치 고양이 모양으로 생겼다는 데서 괴오름 또는 괴미라고 불리었으며, 괴(고양이)는 돝(돼지) 따위와 같이 우리나라 옛말이 제주방언으로 남아있는 예이기도 하다.",TOUR,,https://map.kakao.com/?q=괴오름
2145,교래 삼다수마을,,EAST,NATURE,자연관광지,,제주시 조천읍,33.431582,126.6746449,제주특별자치도 제주시 조천읍 교래3길 98,https://tong.visitkorea.or.kr/cms/resource/18/3586318_image2_1.jpg,교래 삼다수마을은 교래리 마을 전체를 새로운 관광지로 조성한다는 목표 아래 마을과 제주개발공사가 손잡고 탄생시킨 곳이다.,"교래 삼다수마을은 교래리 마을 전체를 새로운 관광지로 조성한다는 목표 아래 마을과 제주개발공사가 손잡고 탄생시킨 곳이다. 교래 삼다수마을은 교래리의 지역명과 제주 삼다수를 합친 명칭으로, 삼다수 생수 수원 발생지이기 때문에 삼다수마을로 불리고 있다. 동남쪽으로는 넓고 푸른 목장지대와 오름이 펼쳐져 있고 서남쪽으로는 울창한 숲과 계곡이 아름다운 풍경을 이룬다. 2018년 1월 지질공원 대표명소로 추가 지정·고시되었으며, 지질학적 가치가 높은 교래곶자왈, 교래리 퇴적층, 맨틀 포획암, 돌문화공원, 산굼부리 등이 위치해 있다. 생태적 측면에서 삼나무 숲길을 중심으로 희귀 식물인 붓순나무와 활 칠 나무 군락지가 있으며, 다양한 생물들이 공존하고 있다. 역사문화적 측면에서 본향당과 산마장, 잣성, 사냥터 등의 유적지가 분포하고 있다. 제주개발공사와 교래리 마을 간의 협력에 의해 지질공원 대표명소로 확대된 최초의 사례라는 측면에서 중요한 의미가 있다. 삼다수마을 숲길 시작점에는 제주 삼다수의 가치를 알리는 물홍보관이 있으며 방문 전 예약해야 관람할 수 있다. 또한 토종닭유통특구로, 이를 활용한 다양한 토속 음식점들이 자리 잡고 있어 여행의 다양한 재미를 충족시킬 수 있는 마을이다.",TOUR,,https://map.kakao.com/?q=교래 삼다수마을
2146,교래자연휴양림,,EAST,CULTURE,문화시설,,제주시 조천읍,33.436817,126.66685,제주특별자치도 제주시 조천읍 남조로 2023,https://api.cdn.visitjeju.net/photomng/imgpath/202002/25/c9d1a8e9-57cb-4149-9958-45da69ed575a.webp,제주 곶자왈의 생태관찰로와 오름관찰로를 걸을 수 있는 공립 자연휴양림,제주 곶자왈의 생태관찰로와 오름관찰로를 걸을 수 있는 공립 자연휴양림,VJ+TOUR,,https://map.kakao.com/?q=교래자연휴양림
2147,구두리오름,,EAST,NATURE,자연관광지,,서귀포시 표선면,33.4124065,126.6885414,제주특별자치도 서귀포시 표선면 가시리 산 158-2,https://tong.visitkorea.or.kr/cms/resource/75/3585175_image2_1.jpg,"구두리오름은 가시리와 교래리의 경계에 있는 오름으로, 한자어로 구두리(九斗里)로 쓰이며, 구돌악(狗乭岳)으로도 표기하는데, 모양새가 개(狗)의…","구두리오름은 가시리와 교래리의 경계에 있는 오름으로, 한자어로 구두리(九斗里)로 쓰이며, 구돌악(狗乭岳)으로도 표기하는데, 모양새가 개(狗)의 머리와 비슷하여 구두악이란 이름이 붙었다고도 한다. 은오름 자연휴양림 입구 맞은편으로 들어가고 산세는 꽤 높은 데다 좁고 가파른 사면을 이루고 있다. 현재 굼부리는 말굽형으로 되어 있지만, 처음에는 원형이었던 것이 한쪽이 침식되면서 말굽 모양으로 변한 것으로 보고 있다. 전사면은 자연림과 조림되어진 삼나무, 측백나무, 소나무 등이 울창하게 자라나고 있으며, 봄철에는 정상에 피어있는 복수초와 노루귀 같은 야생화들을 만날 수 있다.",TOUR,,https://map.kakao.com/?q=구두리오름
2148,구두미포구,,SOUTH,LEISURE,레저·스포츠 관련 시설,,서귀포시 송산동,33.2368362,126.5964687,-,https://api.cdn.visitjeju.net/photomng/imgpath/202407/25/56e6d0b4-ee84-4363-93ad-433aa708c8c3.webp,낮에는 스노쿨링과 다이버 성지...,낮에는 스노쿨링과 다이버 성지... 저녁엔 일몰스팟... ‘구두미포구’,VJ+TOUR,,https://map.kakao.com/?q=구두미포구
2149,구시물,,WEST,NATURE,자연관광지,,제주시 애월읍,33.4565305,126.4097118,제주특별자치도 제주시 애월읍 상귀리 884,https://tong.visitkorea.or.kr/cms/resource/06/3403406_image2_1.jpg,구시는 나무와 돌로 수로[水路]를 파 만든 것을 말한다.,"구시는 나무와 돌로 수로[水路]를 파 만든 것을 말한다. 구시물은 성[城]동산 북쪽 기슭 샘물로 삼별초의 식수원이었다. 이 물을 보호하기 위하여 성[城]밖인데도, 외성[外城]을 쌓아 나무로 구시를 만들어, 깨끗이 관리하였고, 아무리 가뭄이 닥쳐도 마르지 않는 질 좋은 생수라서 콜레라가 유행할때도 고성은 한 사람도 희생자가 없었다고 한다.",TOUR,,https://map.kakao.com/?q=구시물
2150,구십육도,,NORTH,COMMERCIAL,상업지구,,제주시 일도1동,33.5122122,126.5282021,제주특별자치도 제주시 동문로4길 9 지하 1층,https://api.cdn.visitjeju.net/photomng/imgpath/202306/30/f32cbfba-3223-4209-a112-622743a95dd0.webp,제주의 맛과 전통을 재해석한 식품숍,제주의 맛과 전통을 재해석한 식품숍,VJ,,https://map.kakao.com/?q=구십육도
2151,구억리옹기체험관,,WEST,EXPERIENCE,체험 활동 관광지,,서귀포시 대정읍,33.27423,126.2787453,제주특별자치도 서귀포시 대정읍 영어도시로 20 (구억리) ,https://api.cdn.visitjeju.net/photomng/imgpath/202511/17/91ee54e2-e2dc-4881-b3ab-9cd42593aa06.webp,제주옹기마을 구억리그릇이야기,제주옹기마을 구억리그릇이야기,VJ,,https://map.kakao.com/?q=구억리옹기체험관
2152,구엄어촌체험마을,,WEST,EXPERIENCE,체험 활동 관광지,,제주시 애월읍,33.4839964,126.3772557,제주특별자치도 제주시 애월읍 애월해안로 713,https://tong.visitkorea.or.kr/cms/resource/79/3384779_image2_1.jpg,"구엄어촌체험마을은 돌염전의 역사를 품고 있는 어촌마을로, 아름다운 해안절경을 자랑한다.","구엄어촌체험마을은 돌염전의 역사를 품고 있는 어촌마을로, 아름다운 해안절경을 자랑한다. 북쪽으로는 남해와 접해있고, 서쪽으로는 원내천이 흐르는 대부분의 지역이 평지로 이루어져 있다. 특히, 구엄포구는 거북이 껍질처럼 독특하게 생긴 자연 염전을 볼 수 있는 곳으로, 넓데 드러누운 현무암 위에 차흙으로 둑을 쌓고 그곳에 고인 바닷물이 햇볕에 마르면서 생기는 소금을 생산하던 곳이다. 약 390여 년 동안 품질이 뛰어난 천일염이 생산되다가 해방 이후 폐기되어 소금 생산을 하지 않고 있지만, 2009년에 제주시에서 돌염전 일부를 복원하였다.
이 돌염전을 ‘소금빌레’라고도 하는데, 빌레란 제주어로 ‘너럭바위’를 뜻한다고 한다. 구엄어촌체험마을에서는 선상낚시체험, 바릇잡이체험, 보말조배기 만들기 체험, 투명카약 등의 체험 프로그램을 운영하고 있다.",TOUR,,https://map.kakao.com/?q=구엄어촌체험마을
2153,구엄포구,,WEST,CULTURE,문화시설,,제주시 애월읍,33.479736,126.381935,제주특별자치도 제주시 애월읍 구엄리,https://api.cdn.visitjeju.net/photomng/imgpath/201804/30/ff0473c6-03cc-4844-a481-704f4a4181ca.webp,제주에서만 볼 수 있는 특별한 모습,제주에서만 볼 수 있는 특별한 모습,VJ,,https://map.kakao.com/?q=구엄포구
2154,구엄포구,,WEST,NATURE,자연관광지,,제주시 애월읍,33.4843,126.3764,제주특별자치도 제주시 애월읍 구엄리,https://tong.visitkorea.or.kr/cms/resource/06/4105406_image2_1.jpg,노을이 아름다운 애월 해안도로를 따라가다 보면 작고 아담한 구엄포구를 만난다.,"노을이 아름다운 애월 해안도로를 따라가다 보면 작고 아담한 구엄포구를 만난다. 구엄포구 바로 옆에는 제주의 옛 생활을 엿볼 수 있는 돌염전이 있다. 구엄리 돌염전은 넓게 펼쳐진 현무암 위에서 소금을 생산하던 곳이다. 이곳은 ‘소금빌레’라고도 일컬어지는 곳으로, 구엄리 주민들이 천연 암반지대에서 소금을 생산하던 염전이다. 여기서 ‘빌레’란 너럭바위란 뜻의 제주도 사투리로, 즉 돌소금 밭이라는 뜻이다. 돌염전이 있는 해안길은 국내의 아름다운 해안도로인 해안 누리길로 선정된 바 있다. 구엄포구 한편에는 돌로 만든 도대불도 있다. 도대불이란 어부가 밤중에 고기잡이를 마치고 집으로 돌아올 때 불을 밝혀 안전하게 길잡이 역할을 했던 등대다. 도대불과 소금빌레 모두 제주에서만 볼 수 있는 중요한 해양 문화유산이다.",TOUR,,https://map.kakao.com/?q=구엄포구
2155,구좌해안로,,EAST,NATURE,자연관광지,,제주시 구좌읍,33.55702,126.727806,제주특별자치도 제주시 구좌읍 구좌해안로,https://api.cdn.visitjeju.net/photomng/imgpath/201804/30/a5935758-624d-44ed-b941-7f65dc5103b1.webp,온 세상이 수국과 노란색 유채꽃으로 물들 것만 같은 구좌 해안로,온 세상이 수국과 노란색 유채꽃으로 물들 것만 같은 구좌 해안로,VJ,,https://map.kakao.com/?q=구좌해안로
2156,구호 신제주점,,NORTH,COMMERCIAL,상업지구,,제주시 연동,33.4887237,126.4903213,제주특별자치도 제주시 신광로 37 (연동) 1층,https://tong.visitkorea.or.kr/cms/resource/64/4045064_image2_1.png,구호는 미니멀리즘과 아방가르드한 감성이 조화된 대한민국 대표 컨템포러리 브랜드입니다.,구호는 미니멀리즘과 아방가르드한 감성이 조화된 대한민국 대표 컨템포러리 브랜드입니다. 입체적인 실루엣과 절제된 디테일을 통해 현대 여성의 지적이고 세련된 라이프스타일을 대변합니다.,TOUR,,https://map.kakao.com/?q=구호 신제주점
2157,국제리더스클럽,,EAST,EXPERIENCE,체험 활동 관광지,,제주시 조천읍,33.5445942,126.6518287,제주특별자치도 제주시 조천읍 조함해안로 321-21,https://api.cdn.visitjeju.net/photomng/imgpath/202008/19/51dbcfc6-4e82-438d-bb75-5d0246a879dd.webp,에메랄드빛 제주 바다에서 즐기는 해양레포츠 테마파크 국제리더스클럽!,에메랄드빛 제주 바다에서 즐기는 해양레포츠 테마파크 국제리더스클럽!,VJ,,https://map.kakao.com/?q=국제리더스클럽
2158,국제리더스클럽,,EAST,LEISURE,레저·스포츠 관련 시설,,제주시 조천읍,33.5515628,126.6524885,제주특별자치도 제주시 조천읍 조함해안로 321-21,https://tong.visitkorea.or.kr/cms/resource/43/2751943_image2_1.jpg,"‘국제리더스클럽’은 에메랄드빛 제주바다의 위, 아래 모두를 온전하게 즐길 수 있는 사계절 해양레포츠 테마파크이다.","‘국제리더스클럽’은 에메랄드빛 제주바다의 위, 아래 모두를 온전하게 즐길 수 있는 사계절 해양레포츠 테마파크이다. 국내 최초로 가족형 반잠수함 체험이 가능한데, 어린이를 포함한 가족, 연인이 오붓하게 승선하여 에메랄드빛 제주바다의 수중 풍경을 즐길 수 있다. 뿐만 아니라 투명카약, 패들보드, 딩기요트, 해녀체험, 패들요가, 선상낚시, 스노클링, 파워요트, 피딩체험 등 각종 수상레저 기구를 통해 제주의 바다를 다이내믹하게 느낄 수 있다. 다양한 수상레저 기구를 완비했고, 휴식과 힐링을 동시에 즐길 수 있는 곳곳의 휴식 공간이 있어 남녀노소 누구나 즐겁다. 특히 북아일랜드 스타일의 클럽하우스와 카페테리아에서 여유를 느낄 수 있고, 인명구조 자격을 보유한 전문 직원들이 곳곳에 배치되어 있어, 누구든지 바다스포츠를 안전하게 즐길 수 있다.",TOUR,,https://map.kakao.com/?q=국제리더스클럽
2159,군산오름(코메오름),,WEST,NATURE,자연관광지,,서귀포시 안덕면,33.2516166,126.3681888,제주특별자치도 서귀포시 안덕면 창천리 산 3-1,https://api.cdn.visitjeju.net/photomng/imgpath/202111/04/20b8b887-9d81-4631-b3ce-df5c7095ae2c.webp,"황홀한 저녁 노을을 바라보며, 패러글라이딩을 즐길 수 있는 곳 · 올레8코스","황홀한 저녁 노을을 바라보며, 패러글라이딩을 즐길 수 있는 곳
· 올레8코스",VJ+TOUR,,https://map.kakao.com/?q=군산오름(코메오름)
2160,굴동포구,,EAST,CULTURE,문화시설,,제주시 구좌읍,33.514984,126.88177,제주특별자치도 제주시 구좌읍 해맞이해안로,https://api.cdn.visitjeju.net/photomng/imgpath/201804/30/28e3386a-6142-4cc1-9c3f-bc615079c965.webp,토끼섬을 만나러 가는 곳,토끼섬을 만나러 가는 곳,VJ,,https://map.kakao.com/?q=굴동포구
2161,굿다이버,,SOUTH,EXPERIENCE,체험 활동 관광지,,서귀포시 대천동,33.2615636,126.49447,제주특별자치도 서귀포시 중산간서로 41 (강정동) ,https://api.cdn.visitjeju.net/photomng/imgpath/201902/08/c8a13493-4309-4419-9195-92b2a082111a.webp,서귀포에 있는 스쿠버 다이빙 센터,서귀포에 있는 스쿠버 다이빙 센터,VJ,,https://map.kakao.com/?q=굿다이버
2162,궁대오름,,EAST,THEME,테마시설,,서귀포시 성산읍,33.4405616,126.8220889,제주특별자치도 서귀포시 성산읍 금백조로 446,https://api.cdn.visitjeju.net/photomng/imgpath/201911/19/1d3d1dd4-41ba-46db-a627-cf393da6c757.webp,"오름의 모양새가 마치 활처럼 생기고, 오름 허리에 활(궁·弓)자 모양의 띠가 둘러져 있어 궁대오름, 한자로 궁대악(弓帶岳)으로 불리는 오름.","오름의 모양새가 마치 활처럼 생기고, 오름 허리에 활(궁·弓)자 모양의 띠가 둘러져 있어 궁대오름, 한자로 궁대악(弓帶岳)으로 불리는 오름.",VJ,,https://map.kakao.com/?q=궁대오름
2163,귀덕바다투명카약,,WEST,LEISURE,레저·스포츠 관련 시설,,제주시 한림읍,33.4433002,126.2911821,제주특별자치도 제주시 한림읍 귀덕9길 4,https://tong.visitkorea.or.kr/cms/resource/29/3066929_image2_1.jpg,"한림읍 귀덕 방파제에 있는 귀덕바다투명카약은 한림의 아름다운 바다에서 가족, 연인과 함께 카약을 즐기면서 추억을 남길 수 있는 이색 체험시설이…","한림읍 귀덕 방파제에 있는 귀덕바다투명카약은 한림의 아름다운 바다에서 가족, 연인과 함께 카약을 즐기면서 추억을 남길 수 있는 이색 체험시설이다. 투명한 카약 아래로 보이는 맑은 바다의 풍경이 경이롭고 신비롭다. 구명조끼를 착용하고 체험하며, 물결이 잔잔한 귀덕 방파제 안쪽에서 연습을 먼저 한다. 카약에 적응한 후 넓은 바다로 나가면 카약 옆으로 다니는 물고기를 보며 레포츠를 즐길 수 있다. 인근에는 금성포구, 귀덕궤물동산, 곽지해수욕장, 제주올레길 15코스 등의 관광지가 있다.",TOUR,,https://map.kakao.com/?q=귀덕바다투명카약
2164,귀덕연대,,WEST,CULTURE,문화시설,,제주시 한림읍,33.4421307,126.2934016,제주특별자치도 제주시 한림읍 귀덕14길 14-5,https://api.cdn.visitjeju.net/photomng/imgpath/201804/30/3538d044-6c61-4f9d-bbe8-a20415fe3a53.webp,"귀덕연대는 귀덕초등학교 북쪽에 있으며, 명월진에 소속되어 있다.","귀덕연대는 귀덕초등학교 북쪽에 있으며, 명월진에 소속되어 있다.",VJ,,https://map.kakao.com/?q=귀덕연대
2165,귀빈사,,EAST,CULTURE,문화시설,,제주시 구좌읍,33.4443494,126.7621706,제주특별자치도 제주시 구좌읍 비자림로 1456,https://api.cdn.visitjeju.net/photomng/imgpath/201804/30/cd63e9cb-e318-4edc-a524-feb3d0b1bf5f.webp,제주 송당리에있는 이승만전대통령 별장 귀빈사 입니다.,제주 송당리에있는 이승만전대통령 별장 귀빈사 입니다.,VJ,,https://map.kakao.com/?q=귀빈사
2166,귤귤스토어 도두점,,NORTH,COMMERCIAL,상업지구,,제주시 도두동,33.5088044,126.4714921,제주특별자치도 제주시 서해안로 238 (도두일동),https://tong.visitkorea.or.kr/cms/resource/24/4024224_image2_1.jpg,귤귤스토어는 제주의 상징인 감귤을 테마로 한 아기자기하고 창의적인 굿즈와 특산물을 제안하는 기념품 브랜드입니다.,귤귤스토어는 제주의 상징인 감귤을 테마로 한 아기자기하고 창의적인 굿즈와 특산물을 제안하는 기념품 브랜드입니다. 제주의 따뜻한 감성이 담긴 디자인 소품들을 통해 여행의 추억을 더욱 달콤하고 생생하게 간직하도록 돕습니다.,TOUR,,https://map.kakao.com/?q=귤귤스토어 도두점
2167,귤림서원,,NORTH,NATURE,자연관광지,,제주시 이도1동,33.5060575,126.5276032,제주특별자치도 제주시 이도일동 1438,https://tong.visitkorea.or.kr/cms/resource/52/3477852_image2_1.jpg,귤림서원은 제사 기능을 가진 충암묘와 교육 기능을 가진 장수당이 복합되어 이루어진 서원이다.,"귤림서원은 제사 기능을 가진 충암묘와 교육 기능을 가진 장수당이 복합되어 이루어진 서원이다. 1578년에 제주판관 조인후가 기묘사화로 제주도에 유배되어 사사된 김정의 넋을 위로하기 위하여 그의 적거지에 사묘를 세운 것에서 비롯되었다. 그 후 1660년 제주목사 이괴가 장수당을 건립하였고, 1667년에는 제주판관 최진남이 김정의 사묘를 장수당 남쪽인 현재의 오현단 안에 옮겨 짓고, 이를 사로 하고 장수당을 재로 하여 귤림서원이라 현액하였다. 1682년 신경윤이 제주목사로 있을 때 예조정량 안건지를 제주도에 파견하여 귤림서원으로 사액을 하고 김정, 송인수, 김상헌, 정온의 4현을 봉향하다가 1696년에 이익태 절제사 때 송시열이 추향됨으로써 5현을 배향하게 되었다. 1871년 서원 철폐령에 의해 폐원되었는데, 1892년 제주 사람 김의정이 중심이 되어 귤림서원 자리에 오현의 뜻을 후세에 기리고자 조두석을 세우고 제단을 쌓아 제사를 지내기도 하였다. 2000년 이후 귤림서원 복원 작업에 들어간 제주시는 학생들이 공부하던 장수당과 협문, 돌담 등을 완성한 데 이어, 2007년 8월 향현사 복원을 마무리 지었다. 조선 시대 유학과 유교 문화의 전당으로 제주 유생들의 지주 역할을 하였던 귤림서원이 복원됨으로써 제주 선현의 정신을 되살리는 계기를 마련할 수 있게 되었다.",TOUR,,https://map.kakao.com/?q=귤림서원
2168,귤빛정원 감귤체험농장,,WEST,EXPERIENCE,체험 활동 관광지,,제주시 애월읍,33.4526099,126.3223239,제주특별자치도 제주시 애월읍 애월원당길 101 (애월리) ,https://api.cdn.visitjeju.net/photomng/imgpath/202412/23/5c65a299-f95e-4c90-a1b8-46fa143e1634.webp,귤빛정원은 제주 애월에 위치합니다 바다뷰 지화재질 감귤농장이며 감귤 만감류 블루베리를 재배하고 체험농장을 진행하고 있어요10월부터 귤체험 5월…,귤빛정원은 제주 애월에 위치합니다 바다뷰 지화재질 감귤농장이며 감귤 만감류 블루베리를 재배하고 체험농장을 진행하고 있어요10월부터 귤체험 5월부터블루베리체험 합니다,VJ,,https://map.kakao.com/?q=귤빛정원 감귤체험농장
2169,귤빛캠핑장,,EAST,LEISURE,레저·스포츠 관련 시설,,제주시 조천읍,33.504955,126.67441,제주특별자치도 제주시 조천읍 함와로 428,https://api.cdn.visitjeju.net/photomng/imgpath/201804/30/45779962-2f52-47a4-b149-7b34e6976bb1.webp,"취사실, 화장실, 샤워실, 매점, 와이파이가 준비된 귤빛캠핑장 입니다.","취사실, 화장실, 샤워실, 매점, 와이파이가 준비된 귤빛캠핑장 입니다.",VJ+TOUR,,https://map.kakao.com/?q=귤빛캠핑장
2170,귤의정원 바령,,EAST,EXPERIENCE,체험 활동 관광지,,제주시 조천읍,33.5051936,126.7062247,제주특별자치도 제주시 조천읍 선흘남3길 87,https://api.cdn.visitjeju.net/photomng/imgpath/202511/20/3932d85d-e353-499d-bfd9-3e9e981c89f8.webp,유기농 감귤을 만날 수 있는 체험농장,유기농 감귤을 만날 수 있는 체험농장,VJ+TOUR,,https://map.kakao.com/?q=귤의정원 바령
2171,그꽃,,EAST,COMMERCIAL,상업지구,,제주시 구좌읍,33.556217,126.79276,제주특별자치도 제주시 구좌읍 월정1길 55,https://api.cdn.visitjeju.net/photomng/imgpath/201804/30/0ea07145-65c5-4e43-9c4a-0330c3180092.webp,변하지 않는 프리저브드 플라워 전문 꽃집,변하지 않는 프리저브드 플라워 전문 꽃집,VJ,,https://map.kakao.com/?q=그꽃
2172,그랑블루요트투어,,SOUTH,EXPERIENCE,체험 활동 관광지,,서귀포시 중문동,33.238754,126.439644,제주특별자치도 서귀포시 대포로 172-7 2층 그랑블루요트,https://api.cdn.visitjeju.net/photomng/imgpath/201907/25/bb72efba-9da5-49d8-b9c4-f0a0ef1572d6.webp,대포항 앞 제주바다에서 누비는 요트체험,대포항 앞 제주바다에서 누비는 요트체험,VJ,,https://map.kakao.com/?q=그랑블루요트투어
2173,그랑블루호,,SOUTH,EXPERIENCE,체험 활동 관광지,,서귀포시 남원읍,33.2746809,126.6626636,제주특별자치도 서귀포시 남원읍 위미중앙로180번길 10,https://api.cdn.visitjeju.net/photomng/imgpath/201907/23/0de75bf4-552d-4197-ad03-1d9613562ff6.webp,배위에서 느끼는 제주바다의 짜릿한 손맛,배위에서 느끼는 제주바다의 짜릿한 손맛,VJ,,https://map.kakao.com/?q=그랑블루호
2174,그랑프리짐,,NORTH,NATURE,자연관광지,,제주시 일도2동,33.5069594,126.5392798,제주특별자치도 제주시 동광로 117 4층,https://api.cdn.visitjeju.net/photomng/imgpath/202511/18/f18a89a8-5388-4bd3-8527-ce0bb6bf250c.webp,전문 트레이너로 구성된 프리미엄 피트니스,전문 트레이너로 구성된 프리미엄 피트니스,VJ,,https://map.kakao.com/?q=그랑프리짐
2175,그루밍제주,,SOUTH,EXPERIENCE,체험 활동 관광지,,서귀포시 중문동,33.2524207,126.4428121,제주특별자치도 서귀포시 천제연로 357,https://api.cdn.visitjeju.net/photomng/imgpath/202212/15/8ee6939f-4d73-4db4-9ecc-1c602f76f03e.webp,그루밍제주는 야외에서 일광욕하며 친구들과 뛰어놀 수 있는 공간이다.,그루밍제주는 야외에서 일광욕하며 친구들과 뛰어놀 수 있는 공간이다.,VJ,,https://map.kakao.com/?q=그루밍제주
2176,그리스신화박물관 / 트릭아이미술관,,WEST,THEME,테마시설,,제주시 애월읍,33.3659432,126.35644,제주특별자치도 제주시 한림읍 광산로 942,https://api.cdn.visitjeju.net/photomng/imgpath/201804/30/9d0e1ccd-1ad7-4539-b2e0-e4cd675f15ea.webp,"루브르, 바티칸박물관 명화와 대리석 조각상 200점 재현!","루브르, 바티칸박물관 명화와 대리석 조각상 200점 재현! 시공간을 초월하는 입체미술체험관!",VJ,,https://map.kakao.com/?q=그리스신화박물관 / 트릭아이미술관
2177,그린블리스제주,,EAST,COMMERCIAL,상업지구,,서귀포시 표선면,33.3060142,126.8024417,제주특별자치도 서귀포시 표선면 가마행남로 12,https://api.cdn.visitjeju.net/photomng/imgpath/202311/21/5132f1d1-63c7-4b52-a2a0-9e9b069c68a9.webp,건강한 제주여행과 지구를 추구하는 공간,건강한 제주여행과 지구를 추구하는 공간,VJ,,https://map.kakao.com/?q=그린블리스제주
2178,그린비즈,,WEST,EXPERIENCE,체험 활동 관광지,,제주시 애월읍,33.4688078,126.3604468,제주특별자치도 제주시 애월읍 일주서로 6623,https://api.cdn.visitjeju.net/photomng/imgpath/202407/24/04d5db13-ffe0-495e-9c5f-0388bd11dbb1.webp,우리나라 유일 실내 꿀벌체험장 있는 곳 ‘그린비즈’,우리나라 유일 실내 꿀벌체험장 있는 곳 ‘그린비즈’,VJ,,https://map.kakao.com/?q=그린비즈
2179,그린페블,,WEST,EXPERIENCE,체험 활동 관광지,,제주시 한림읍,33.3454742,126.2487978,제주특별자치도 제주시 한림읍 수동7길 54-3,https://api.cdn.visitjeju.net/photomng/imgpath/202306/16/15c9894d-884d-4088-ba99-0efeb9dd3674.webp,세상에 단 하나뿐인 특별한 초콜릿,세상에 단 하나뿐인 특별한 초콜릿,VJ,,https://map.kakao.com/?q=그린페블
2180,그림쟁이몬나니,,EAST,COMMERCIAL,상업지구,,제주시 조천읍,33.5416381,126.6656636,제주특별자치도 제주시 조천읍 신북로 524,https://api.cdn.visitjeju.net/photomng/imgpath/202306/12/2bf66b63-0252-4987-8491-ab4d13b64c9f.webp,유리창에 붙어있는 고래그림이 인상적인 소품샵,유리창에 붙어있는 고래그림이 인상적인 소품샵,VJ,,https://map.kakao.com/?q=그림쟁이몬나니
2181,근자C가게,,EAST,COMMERCIAL,상업지구,,제주시 구좌읍,33.4960501,126.9010092,제주특별자치도 제주시 구좌읍 종달로1길 48-6,https://api.cdn.visitjeju.net/photomng/imgpath/202306/30/aaca6fd2-b6d4-4f1d-995b-6dfb92795e75.webp,주인장의 개성이 돋보이는 종달리 소품숍,주인장의 개성이 돋보이는 종달리 소품숍,VJ,,https://map.kakao.com/?q=근자C가게
2182,글라스스토리 렌즈스토리 중앙로점,,NORTH,COMMERCIAL,상업지구,,제주시 이도1동,33.5125521,126.5248108,제주특별자치도 제주시 중앙로 63 (이도일동) 1층,https://tong.visitkorea.or.kr/cms/resource/47/4017147_image2_1.jpg,글라스스토리는 전문적인 검안 시스템과 최신 아이웨어 트렌드를 결합한 선진국형 안경 체인 브랜드입니다.,글라스스토리는 전문적인 검안 시스템과 최신 아이웨어 트렌드를 결합한 선진국형 안경 체인 브랜드입니다. 다양한 브랜드의 안경과 콘택트렌즈를 합리적인 가격에 제공하며 고객의 눈 건강을 체계적으로 관리합니다.,TOUR,,https://map.kakao.com/?q=글라스스토리 렌즈스토리 중앙로점
2183,금능돌담해변길,,WEST,TRAIL,산책로·둘레길,,제주시 한림읍,33.3903148,126.2290559,제주특별자치도 제주시 한림읍 금능9길 24,https://tong.visitkorea.or.kr/cms/resource/89/4109089_image2_1.JPG,금능해변돌담길은 한림읍에 위치한 해안길로 탁 트인 바다와 돌담이 조화롭게 어우러진 올레 14코스 중 한 곳이다.,"금능해변돌담길은 한림읍에 위치한 해안길로 탁 트인 바다와 돌담이 조화롭게 어우러진 올레 14코스 중 한 곳이다. 금능해수욕장에서 금능포구 쪽으로 해안을 따라 걸으면 돌담길을 만날 수 있다. 아기자기한 금능포구로 이어지는 길을 따라 걷다 보면 까만 현무암 돌담 위로 색색의 지붕들이 빼꼼히 머리를 내밀고 돌담 너머로 제주도의 푸른 바다가 펼쳐진다. 전형적인 제주의 모습을 간직한 금능포구와 돌담길 주변은 드라마 촬영지로 정겨운 풍경과 드라마의 여운이 남아 사랑받고 있는 곳이다. 또한, 해안 절벽 아래로 펼쳐진 에메랄드빛 바다를 감상할 수 있어, 여유로운 산책을 즐기기 좋은 곳이다. 금능포구에서는 비양도가 떠있는 바다 풍경을 조망할 수 있으며 비양도와 어우러지는 제주 일몰 명소이기도 하다.",TOUR,,https://map.kakao.com/?q=금능돌담해변길
2184,금능포구,,WEST,CULTURE,문화시설,,제주시 한림읍,33.359856,126.24607,제주특별자치도 제주시 한림읍 금능리,https://api.cdn.visitjeju.net/photomng/imgpath/201907/30/a963fd34-1ade-4a36-abad-87e058a59221.webp,에메랄드빛 바다 위 평화로운 포구,에메랄드빛 바다 위 평화로운 포구,VJ,,https://map.kakao.com/?q=금능포구
2185,금능포구,,WEST,NATURE,자연관광지,,제주시 한림읍,33.3902296,126.235109,제주특별자치도 제주시 한림읍 금능리,https://tong.visitkorea.or.kr/cms/resource/86/2947286_image2_1.jpg,금능포구는 활기찬 해수욕장과는 또 다른 분위기로 한적하고 평화로운 바다의 모습을 감상할 수 있는 곳이다.,금능포구는 활기찬 해수욕장과는 또 다른 분위기로 한적하고 평화로운 바다의 모습을 감상할 수 있는 곳이다. 작은 선박들이 드나드는 작은 포구로 아담한 느낌이 있다. 어선들이 정박해 있는 모습이 마치 그림처럼 아름답다. 이곳은 2022년도 TVN 방영 드라마 드라마 속 많은 장면의 배경이 된 곳이며 해녀들의 대화 장소였던 정자가 있는 공터도 드라마를 본 이들에겐 특별하다. 극 중 박정준(김우빈)이 버스를 주차해 두고 이영옥(한지민)과 오붓한 시간을 보내곤 했던 장소이기 때문이다. 그 뒤로 보이는 방파제로 들어서면 귀여운 벽화가 그려져 있고 그 끝에 하얀 등대가 있다. 그 주변에는 많은 돌탑들이 쌓여있는데 하얀 등대와 돌탑을 배경으로 멋진 풍경 사진을 찍으며 추억을 남기기 좋은 장소이다.,TOUR,,https://map.kakao.com/?q=금능포구
2186,금당목장ATV,,WEST,EXPERIENCE,체험 활동 관광지,,서귀포시 안덕면,33.3141358,126.3581406,제주특별자치도 서귀포시 안덕면 신화역사로685번길 13-16,https://api.cdn.visitjeju.net/photomng/imgpath/202306/16/d6d7228a-5a06-4b30-a288-5719dc312ead.webp,푸른 초원을 달리는 짜릿한 ATV 체험,푸른 초원을 달리는 짜릿한 ATV 체험,VJ,,https://map.kakao.com/?q=금당목장ATV
2187,금덕무환자나무및팽나무군락,,WEST,CULTURE,문화시설,,제주시 애월읍,33.441765,126.40065,제주특별자치도 제주시 애월읍 유수암리 1920,https://api.cdn.visitjeju.net/photomng/imgpath/201804/30/9bca7f64-9c1f-41d2-bcac-0c435d94d98a.webp,제주특별자치도 시도기념물 제6호인 제주시 유수암리에 있는 무환자나무와 팽나무로 이루어진 군락.,제주특별자치도 시도기념물 제6호인 제주시 유수암리에 있는 무환자나무와 팽나무로 이루어진 군락.,VJ,,https://map.kakao.com/?q=금덕무환자나무및팽나무군락
2188,금룡사,,EAST,CULTURE,문화시설,,제주시 구좌읍,33.5398407,126.746583,제주특별자치도 제주시 구좌읍 김녕로 148-11,https://api.cdn.visitjeju.net/photomng/imgpath/201804/30/d856f703-4f7d-46a0-9253-4dd849261980.webp,"제주의 동쪽 김녕리에 자리한 금룡사는 너럭바위와 소나무 등이 어우러져 청룡, 황룡의 조화를 이루는 천연도량이다.","제주의 동쪽 김녕리에 자리한 금룡사는 너럭바위와 소나무 등이 어우러져 청룡, 황룡의 조화를 이루는 천연도량이다.",VJ,,https://map.kakao.com/?q=금룡사
2189,금룡사(제주),,EAST,NATURE,자연관광지,,제주시 구좌읍,33.5539725,126.7536019,제주특별자치도 제주시 구좌읍 김녕로 148-11,https://tong.visitkorea.or.kr/cms/resource/35/3408135_image2_1.jpg,제주 금룡사는 1930년 김연화 보살님에 의해 설립된 염불당이 그 창사의 시초가 되었다.,"제주 금룡사는 1930년 김연화 보살님에 의해 설립된 염불당이 그 창사의 시초가 되었다. 청춘고혼(靑春孤魂)이 된 동생 덕암(德庵)의 넋을 기리며 오십 년 남짓 지낸 세월에 염불당 및 요사체가 폐허 지경까지 왔을 때, 자재 현도(自在賢途) 스님을 만나 인연이 되어 1975년 대웅전 건립을 기점으로 사찰로 면모를 일신했다. 대웅전에는 석가모니를 주불로 모시고 관음대세지보살이 좌우에 협시하고 있다. 법당에는 총 7축의 탱화작품이 있는데 (후불탱화, 신중탱화, 칠성탱화, 독성탱화, 산신탱화, 지장탱화, 영단탱화), 이 작품은 인간문화재 48호인 석정스님에 의한 것으로 1979년에 완성되었다.

(출처 : 제주 문화관광 홈페이지)",TOUR,,https://map.kakao.com/?q=금룡사(제주)
2190,금붕사,,EAST,EXPERIENCE,체험 활동 관광지,,제주시 구좌읍,33.5011847,126.8887876,제주특별자치도 제주시 구좌읍 일주동로 3618-1,https://api.cdn.visitjeju.net/photomng/imgpath/201812/19/ecd49ba0-3ce0-4967-abc9-fbde3fcf0c85.webp,구좌읍 하도리에 있는 한국불교 태고종 사찰.,구좌읍 하도리에 있는 한국불교 태고종 사찰.,VJ,,https://map.kakao.com/?q=금붕사
2191,금산공원,,WEST,NATURE,자연관광지,,제주시 애월읍,33.4340225,126.3309825,제주특별자치도 제주시 애월읍 납읍리 1457-1,https://api.cdn.visitjeju.net/photomng/imgpath/202112/20/19fa35ab-7f9b-45e8-963f-c0bab26b4b3f.webp,천연기념물로 지정 및 보호되고 있는 울창한 상록수림,천연기념물로 지정 및 보호되고 있는 울창한 상록수림,VJ+TOUR,,https://map.kakao.com/?q=금산공원
2192,금성포구,,WEST,CULTURE,문화시설,,제주시 애월읍,33.44681,126.29828,제주특별자치도 제주시 애월읍 금성리 573-1,https://api.cdn.visitjeju.net/photomng/imgpath/201804/30/cabfb895-21bf-46a4-9b9f-d6e0dac22198.webp,오래된 역사를 가진 금성포구,오래된 역사를 가진 금성포구,VJ,,https://map.kakao.com/?q=금성포구
2193,금요일의아침조금,,NORTH,COMMERCIAL,상업지구,,제주시 이도2동,33.5030319,126.5376077,제주특별자치도 제주시 가령골1길 12,https://api.cdn.visitjeju.net/photomng/imgpath/202306/12/7c0c0009-3f93-4a9b-88d7-66d481804a76.webp,브런치와 함께 책을 즐길 수 있는 아담한 책방,브런치와 함께 책을 즐길 수 있는 아담한 책방,VJ,,https://map.kakao.com/?q=금요일의아침조금
2194,기독교순례길 1코스(순종의길),,WEST,CULTURE,문화시설,,제주시 애월읍,33.446327,126.30273,제주특별자치도 제주시 애월읍 금성하안길 3,https://api.cdn.visitjeju.net/photomng/imgpath/201804/30/166d5f5d-bd81-442b-87b2-27718b55eea3.webp,숭고한 흔적이 남아 있는 순종의 길,숭고한 흔적이 남아 있는 순종의 길,VJ,,https://map.kakao.com/?q=기독교순례길 1코스(순종의길)
2195,기독교순례길 2코스(순교의길),,WEST,CULTURE,문화시설,,제주시 한림읍,33.39475,126.2431,제주특별자치도 제주시 한림읍 협재8길 8,https://api.cdn.visitjeju.net/photomng/imgpath/201804/30/91f0d253-a40c-4b62-8fad-716f855cbb21.webp,중산간의 푸른 들과 농지를 지나는 순교의 길,중산간의 푸른 들과 농지를 지나는 순교의 길,VJ,,https://map.kakao.com/?q=기독교순례길 2코스(순교의길)
2196,기독교순례길 3코스(사명의길),,WEST,CULTURE,문화시설,,제주시 한경면,33.336758,126.23075,제주특별자치도 제주시 한경면 조수3길 7,https://api.cdn.visitjeju.net/photomng/imgpath/201804/30/058df427-ff37-4069-9a72-525eddbdd748.webp,"당산봉의 석양, 용수 포구의 아름다움과 함께 사명감으로 완주해내는 장거리 코스","당산봉의 석양, 용수 포구의 아름다움과 함께 사명감으로 완주해내는 장거리 코스",VJ,,https://map.kakao.com/?q=기독교순례길 3코스(사명의길)
2197,기독교순례길 4코스(화해의길),,WEST,CULTURE,문화시설,,서귀포시 대정읍,33.251038,126.27966,제주특별자치도 서귀포시 대정읍 추사로36번길 11,https://api.cdn.visitjeju.net/photomng/imgpath/201804/30/ffa7b0c7-11ab-4660-ad47-a332a3910d3f.webp,눈과 마음에 평화를 얻는 화해의 길,눈과 마음에 평화를 얻는 화해의 길,VJ,,https://map.kakao.com/?q=기독교순례길 4코스(화해의길)
2198,기억해제주,,WEST,COMMERCIAL,상업지구,,서귀포시 안덕면,33.2899725,126.3192677,제주특별자치도 서귀포시 안덕면 중산간서로 1907,https://api.cdn.visitjeju.net/photomng/imgpath/202306/30/bd5dfbbd-d695-45d7-afc1-1a0893bab88e.webp,넓고 쾌적한 곳에서 즐기는 기념품 쇼핑,넓고 쾌적한 곳에서 즐기는 기념품 쇼핑,VJ,,https://map.kakao.com/?q=기억해제주
2199,기완상점,,WEST,COMMERCIAL,상업지구,,제주시 한림읍,33.3934031,126.2406064,제주특별자치도 제주시 한림읍 한림로 336 2층,https://api.cdn.visitjeju.net/photomng/imgpath/202511/06/b4d437db-8dcb-48dd-9305-7f6d3a6b4db9.webp,눈이 즐거워지는 협재에서 가장 큰 소품샵,눈이 즐거워지는 협재에서 가장 큰 소품샵,VJ,,https://map.kakao.com/?q=기완상점
2200,길갈 팜 랜드,,EAST,EXPERIENCE,체험 활동 관광지,,제주시 조천읍,33.4180631,126.6534847,제주특별자치도 제주시 조천읍 남조로 1785-12,https://api.cdn.visitjeju.net/photomng/imgpath/202508/20/cf567c14-6e31-4e3e-b978-34aa8a3014cd.webp,제주의 초원과 동물들이 반기는 체험 가득한 목장,제주의 초원과 동물들이 반기는 체험 가득한 목장,VJ,,https://map.kakao.com/?q=길갈 팜 랜드
2201,김경숙해바라기농장,,NORTH,EXPERIENCE,체험 활동 관광지,,제주시 봉개동,33.47736,126.62767,제주특별자치도 제주시 번영로 854-1,https://api.cdn.visitjeju.net/photomng/imgpath/201908/05/7336b9e2-aff4-4800-aa07-30092f869863.webp,노란 물결의 해바라기가 펼쳐진 해바라기 농장,노란 물결의 해바라기가 펼쳐진 해바라기 농장,VJ+TOUR,,https://map.kakao.com/?q=김경숙해바라기농장
2202,김녕 지질트레일,,EAST,EXPERIENCE,체험 활동 관광지,,제주시 구좌읍,33.5562,126.76165,제주특별자치도 제주시 구좌읍 김녕로 209,https://api.cdn.visitjeju.net/photomng/imgpath/201804/30/a93e522d-96bf-4d4c-b918-59a714abc184.webp,"바당밭, 빌레왓을 일구며 동굴 위에서 살았던 주민들의 삶의 원형을 만날 수 있는 김녕 지질트레일","바당밭, 빌레왓을 일구며 동굴 위에서 살았던 주민들의 삶의 원형을 만날 수 있는 김녕 지질트레일",VJ,,https://map.kakao.com/?q=김녕 지질트레일
2203,김녕금속공예벽화마을,,EAST,CULTURE,문화시설,,제주시 구좌읍,33.5579532,126.7465847,제주특별자치도 제주시 구좌읍 김녕항3길 18-16,https://api.cdn.visitjeju.net/photomng/imgpath/202111/23/8ffcfa65-b381-486c-b2d2-6cb1d924efd1.webp,김녕리의 금속공예 조각품과 벽화가 있는 아름다운 마을,김녕리의 금속공예 조각품과 벽화가 있는 아름다운 마을,VJ,,https://map.kakao.com/?q=김녕금속공예벽화마을
2204,김녕떠오르길,,EAST,TRAIL,산책로·둘레길,,제주시 구좌읍,33.5578652,126.7488633,제주특별자치도 제주시 구좌읍 김녕로1길 51-3,https://api.cdn.visitjeju.net/photomng/imgpath/202311/30/bfba60fd-d1e0-4ed3-a3d3-d87353dfeb7d.webp,물이 빠졌을 때 수면 위로 떠오르는 인생샷 명소,물이 빠졌을 때 수면 위로 떠오르는 인생샷 명소,VJ,,https://map.kakao.com/?q=김녕떠오르길
2205,김녕리어촌체험휴양마을,,EAST,EXPERIENCE,체험 활동 관광지,,제주시 구좌읍,33.5581302,126.7402139,제주특별자치도 제주시 구좌읍 김녕항1길 50-11 1층,https://api.cdn.visitjeju.net/photomng/imgpath/202511/20/b92d104e-58e4-4d22-bd5d-105977d9e206.webp,어촌마을 주민들의 삶과 정서를 품은 마을,어촌마을 주민들의 삶과 정서를 품은 마을,VJ,,https://map.kakao.com/?q=김녕리어촌체험휴양마을
2206,김녕사굴,,EAST,CULTURE,문화시설,,제주시 구좌읍,33.5011366,126.7742249,제주특별자치도 제주시 구좌읍 덕천리 201-4,https://api.cdn.visitjeju.net/photomng/imgpath/201804/30/a1c37584-fcd7-40e7-8dab-5d624adf9d27.webp,"만장굴과 함께 천연기념물 제98호로 지정, 세계문화유산 등록.","만장굴과 함께 천연기념물 제98호로 지정, 세계문화유산 등록. [제주 김녕굴 및 만장굴] 천연기념물 제98호(1962.12.03 지정) 
※ 공개제한
· 제주시 구좌읍 김녕리
· 천연기념물 제98호
· 세계자연유산 선정지역",VJ,,https://map.kakao.com/?q=김녕사굴
2207,김녕오조해안도로,,EAST,TRAIL,산책로·둘레길,,제주시 구좌읍,33.5633636,126.7825565,제주특별자치도 제주시 구좌읍 해맞이해안로 294,https://api.cdn.visitjeju.net/photomng/imgpath/202111/26/944ec2ca-3d04-4d46-a131-e8aadc186a08.webp,김녕에서 하도까지 바다를 끼고 달리는 길,김녕에서 하도까지 바다를 끼고 달리는 길,VJ,,https://map.kakao.com/?q=김녕오조해안도로
2208,김녕요트투어,,EAST,LEISURE,레저·스포츠 관련 시설,,제주시 구좌읍,33.5582139,126.7373381,제주특별자치도 제주시 구좌읍 구좌해안로 229-16,https://api.cdn.visitjeju.net/photomng/imgpath/201804/30/2caa2401-67a2-4733-abee-1a7b5888db59.webp,돌고래와 함께하는 최고급 인테리어 시설의 김녕요트투어,돌고래와 함께하는 최고급 인테리어 시설의 김녕요트투어,VJ+TOUR,,https://map.kakao.com/?q=김녕요트투어
2209,김만덕기념관,,NORTH,LEISURE,레저·스포츠 관련 시설,,제주시 건입동,33.5157,126.53032,제주특별자치도 제주시 산지로 7,https://api.cdn.visitjeju.net/photomng/imgpath/202108/10/472e3a65-ecf2-4f41-933c-b9f329c69bfb.webp,대한민국 최초의 나눔문화전시관,대한민국 최초의 나눔문화전시관,VJ+TOUR,,https://map.kakao.com/?q=김만덕기념관
2210,김영수 도서관,,NORTH,CULTURE,문화시설,,제주시 삼도2동,33.5149598,126.5217042,제주특별자치도 제주시 중앙로8길 18,https://api.cdn.visitjeju.net/photomng/imgpath/201906/04/5b62d7bf-d51d-4a1d-ad84-11ca2fe51a98.webp,제주시 원도심 도시재생사업의 일환으로 추진된 마을 도서관,제주시 원도심 도시재생사업의 일환으로 추진된 마을 도서관,VJ+TOUR,관광지인지 확인(도서관·교회·골프 등),https://map.kakao.com/?q=김영수 도서관
2211,김택화미술관,,EAST,CULTURE,문화시설,,제주시 조천읍,33.5447774,126.650164,제주특별자치도 제주시 조천읍 신흥로 1,https://api.cdn.visitjeju.net/photomng/imgpath/202011/20/9c097ea3-c43b-49dd-8561-353ffe7d5f16.webp,화가 김택화이 삶과 작품을 볼 수 있는 미술관,화가 김택화이 삶과 작품을 볼 수 있는 미술관,VJ+TOUR,,https://map.kakao.com/?q=김택화미술관
2212,김한미술관 & 카페3206,,WEST,CULTURE,문화시설,,제주시 한림읍,33.4090102,126.2872001,제주특별자치도 제주시 한림읍 한상로 115,https://api.cdn.visitjeju.net/photomng/imgpath/202109/13/b77c0fb5-fd23-44cc-997d-528fb7405c43.webp,함경북도가 고향인 서양화가 김한(1928~2013)의 유작과 유품들을 전시해 놓은 미술관과 카페.,함경북도가 고향인 서양화가 김한(1928~2013)의 유작과 유품들을 전시해 놓은 미술관과 카페.,VJ,,https://map.kakao.com/?q=김한미술관 & 카페3206
2213,까끄래기오름,,EAST,EXPERIENCE,체험 활동 관광지,,제주시 조천읍,33.4276176,126.6665803,제주시 조천읍 교래리 128,https://api.cdn.visitjeju.net/photomng/imgpath/201910/24/63729a42-0be6-4743-9517-65771d9511ec.webp,조천읍 교래리에 있는 전망 좋은 오름,조천읍 교래리에 있는 전망 좋은 오름,VJ,,https://map.kakao.com/?q=까끄래기오름
2214,까스텔바작,,NORTH,COMMERCIAL,상업지구,,제주시 연동,33.4855918,126.4896139,제주특별자치도 제주시 신광로 72 (연동),https://tong.visitkorea.or.kr/cms/resource/47/4017447_image2_1.png,까스텔바작은 프랑스의 전설적인 디자이너 정신이 깃든 아트 컨셉 골프웨어 브랜드입니다.,까스텔바작은 프랑스의 전설적인 디자이너 정신이 깃든 아트 컨셉 골프웨어 브랜드입니다. 독특하고 화려한 일러스트와 과감한 컬러 매치를 통해 필드 위에서 자신만의 예술적인 개성을 표현하고자 하는 골퍼들에게 사랑받습니다.,TOUR,,https://map.kakao.com/?q=까스텔바작
2215,꽃귤농장,,SOUTH,EXPERIENCE,체험 활동 관광지,,서귀포시 중문동,33.239808,126.4336575,제주특별자치도 서귀포시 대포로 116 (대포동),https://tong.visitkorea.or.kr/cms/resource/23/3505023_image2_1.jpg,꽃귤농장에서는 9월~5월 중순까지 월별로 감귤 따기 체험을 진행하고 있다.,"꽃귤농장에서는 9월~5월 중순까지 월별로 감귤 따기 체험을 진행하고 있다. 9월부터 10월은 하우스감귤(유라) 따기 체험, 11월부터 2월은 달콤 플러스 감귤 따기 체험, 1월부터 2월은 꽃귤향 따기 체험, 2월부터 3월은 겨울하우스감귤 따기 체험, 4월부터 5월은 카라향 따기 체험이 있으며 월별로 그 시기에 맞는 제철인 감귤을 직접 따면서 먹고, 1㎏은 갖고 갈 수 있다.
달콤한 감귤을 직접 맛보며 달콤새콤함을 가득 느낄 수 있는 곳이다.",TOUR,,https://map.kakao.com/?q=꽃귤농장
2216,꾸꾸제주,,WEST,COMMERCIAL,상업지구,,제주시 한림읍,33.4056365,126.2567624,제주특별자치도 제주시 한림읍 한림상로 15-5,https://api.cdn.visitjeju.net/photomng/imgpath/202306/30/f6ce6955-e08f-42b8-947c-300116fbe3b0.webp,동화 속 오두막처럼 아름다운 소품숍,동화 속 오두막처럼 아름다운 소품숍,VJ,,https://map.kakao.com/?q=꾸꾸제주
2217,나무와열매 체험농장,,WEST,COMMERCIAL,상업지구,,서귀포시 안덕면,33.2582943,126.3082433,제주특별자치도 서귀포시 안덕면 덕수동로25번길 42-8,https://api.cdn.visitjeju.net/photomng/imgpath/202007/13/5b20bd67-6971-4748-9839-db306dac7e38.webp,제주과일을 주재료로 안심하고 드실수 있는 건강하고 맛있는 과일청을 저온숙성 방식으로 만들고 판매하고 있습니다,제주과일을 주재료로 안심하고 드실수 있는 건강하고 맛있는 과일청을 저온숙성 방식으로 만들고 판매하고 있습니다,VJ+TOUR,,https://map.kakao.com/?q=나무와열매 체험농장
2218,나바론절벽,,NORTH,NATURE,자연관광지,,제주시 추자면,33.956413,126.29398,제주특별자치도 제주시 추자면 영흥리 산 19,https://api.cdn.visitjeju.net/photomng/imgpath/201804/30/ec8b087f-9a1a-45e3-826b-5835d5d71ecf.webp,추자도 풍경의 하이라이트,추자도 풍경의 하이라이트,VJ,,https://map.kakao.com/?q=나바론절벽
2219,나바론하늘길,,NORTH,TRAIL,산책로·둘레길,,제주시 추자면,33.9612503,126.2866222,제주특별자치도 제주시 추자면 대서리 산186,https://tong.visitkorea.or.kr/cms/resource/68/2863868_image2_1.JPG,"나바론하늘길은 돈대산, 추석산 등과 더불어 추자를 대표하는 큰산에서 독산의 해안으로 이어지는 급경사면 기암을 말한다.","나바론하늘길은 돈대산, 추석산 등과 더불어 추자를 대표하는 큰산에서 독산의 해안으로 이어지는 급경사면 기암을 말한다. 큰 산에서 독산까지 이어지는 도보길로 산의 능선을 따라 걷는다. 길을 걷는 동안 추자섬에서 보이는 망망대해를 감상하며, 중간에는 숲길을 지나고, 상추자도항과 포구마을의 모습도 볼 수 있다. 아찔한 절벽을 옆으로 하여 걷는 과정에서 경사가 이어지는 절벽과 해수면과의 차이가 심하기 때문에 이와 같이 부르며, 영화 ‘나바론요새’에 등장하는 지중해섬과 닮았다고 해서 붙여진 이름이라는 이야기도 있다. 산 위로 오르는 길이 가파를 뿐 아니라 길폭이 좁으며 가드 바깥은 낭떠러지이므로 안전에 유의하여 걸어야 한다.",TOUR,,https://map.kakao.com/?q=나바론하늘길
2220,나이롱책방,,NORTH,CULTURE,문화시설,,제주시 이도1동,33.5116662,126.5234377,제주특별자치도 제주시 관덕로8길 17 (이도일동),https://tong.visitkorea.or.kr/cms/resource/14/3553414_image2_1.jpg,제주시와 가까운 삼양의 어느 골목길에 나이롱책방이 자리한다.,"제주시와 가까운 삼양의 어느 골목길에 나이롱책방이 자리한다. 나이롱은 ‘어떤 이로운 장난’을 의미한다고 한다. 보통 책방에 들르면 어떤 책을 골라야 할지 고민스럽기 마련이다. 책을 고르는 데 도움이 되도록 각각의 책마다 어떤 내용을 담고 있는지 정성스러운 손 글씨로 적혀 있다. 책은 주제별로 구분되어 있는데 제주와 관련된 서적부터 독립출판물, 다양한 해외 서적까지 만나볼 수 있다. 읽은 이의 흔적이 고스란히 남은 중고 책도 함께 판매한다. 책과 커피를 함께 즐길 수 있는데 책은 구매 후에 테이블에서 여유롭게 읽을 수 있다. 한쪽에는 그동안 책방을 다녀간 이들의 발자취를 더듬어볼 수 있는 그림 방명록을 비치해 구경하는 재미를 더한다.",TOUR,,https://map.kakao.com/?q=나이롱책방
2221,나이키 서귀포점,,SOUTH,COMMERCIAL,상업지구,,서귀포시 정방동,33.2477752,126.564412,제주특별자치도 서귀포시 이중섭로 3 (서귀동),https://tong.visitkorea.or.kr/cms/resource/62/4020362_image2_1.jpg,나이키는 스포츠 관련 제품을 선보이는 글로벌 브랜드입니다.,"나이키는 스포츠 관련 제품을 선보이는 글로벌 브랜드입니다. 운동화, 의류, 액세서리 등 품목과 스타일이 다양해 일상에서도 폭넓게 활용할 수 있습니다.",TOUR,,https://map.kakao.com/?q=나이키 서귀포점
2222,나이키 칠성로점,,NORTH,COMMERCIAL,상업지구,,제주시 일도1동,33.5142563,126.5255643,제주특별자치도 제주시 칠성로길 26 (일도일동),https://tong.visitkorea.or.kr/cms/resource/83/4020383_image2_1.jpg,나이키는 스포츠 관련 제품을 선보이는 글로벌 브랜드입니다.,"나이키는 스포츠 관련 제품을 선보이는 글로벌 브랜드입니다. 운동화, 의류, 액세서리 등 품목과 스타일이 다양해 일상에서도 폭넓게 활용할 수 있습니다.",TOUR,,https://map.kakao.com/?q=나이키 칠성로점
2223,나이키골프 제주점,,NORTH,COMMERCIAL,상업지구,,제주시 연동,33.4850752,126.496034,"제주특별자치도 제주시 신대로 136 (연동, 코스모스태홍누리안5차아파트)",https://tong.visitkorea.or.kr/cms/resource/38/4045538_image2_1.jpg,나이키는 스포츠 관련 제품을 선보이는 글로벌 브랜드입니다.,"나이키는 스포츠 관련 제품을 선보이는 글로벌 브랜드입니다. 운동화, 의류, 액세서리 등 품목과 스타일이 다양해 일상에서도 폭넓게 활용할 수 있습니다.",TOUR,관광지인지 확인(도서관·교회·골프 등),https://map.kakao.com/?q=나이키골프 제주점
2224,나이키골프 제주중문점,,SOUTH,COMMERCIAL,상업지구,,서귀포시 예래동,33.2496985,126.4115565,제주특별자치도 서귀포시 중문관광로72번길 29-9 (색달동) B1층,https://tong.visitkorea.or.kr/cms/resource/29/4024229_image2_1.jpg,나이키는 스포츠 관련 제품을 선보이는 글로벌 브랜드입니다.,"나이키는 스포츠 관련 제품을 선보이는 글로벌 브랜드입니다. 운동화, 의류, 액세서리 등 품목과 스타일이 다양해 일상에서도 폭넓게 활용할 수 있습니다.",TOUR,관광지인지 확인(도서관·교회·골프 등),https://map.kakao.com/?q=나이키골프 제주중문점
2225,나틸다드레스,,NORTH,EXPERIENCE,체험 활동 관광지,,제주시 아라동,33.4752059,126.5427649,제주특별자치도 제주시 아란5길 31-6,https://api.cdn.visitjeju.net/photomng/imgpath/201907/11/204d7142-bf5b-4e5c-8351-8a376398ad54.webp,"가장 예쁜 오늘, 지금 「나틸다」 제주시에 있는 의상카페","가장 예쁜 오늘, 지금 「나틸다」
제주시에 있는 의상카페",VJ,,https://map.kakao.com/?q=나틸다드레스
2226,낙선동 4.3성,,EAST,CULTURE,문화시설,,제주시 조천읍,33.480583,126.709526,제주특별자치도 제주시 조천읍 선흘서5길 13,https://api.cdn.visitjeju.net/photomng/imgpath/201804/30/673015a3-649d-4af8-b957-50ab132ca597.webp,4·3 당시 산사람들과 마을 사람들의 연계를 차단하고 분리시키기 위해 토벌대의 작전계획에 따라 쌓은 석성,4·3 당시 산사람들과 마을 사람들의 연계를 차단하고 분리시키기 위해 토벌대의 작전계획에 따라 쌓은 석성,VJ,,https://map.kakao.com/?q=낙선동 4.3성
2227,낙천리아홉굿의자마을,,WEST,CULTURE,문화시설,,제주시 한경면,33.32757,126.22681,제주시 한경면 낙수로 97,https://api.cdn.visitjeju.net/photomng/imgpath/202111/22/59a17242-e735-4384-8520-558c1ea84ccb.webp,제주도에서는 보기 드문 9개의(아홉) 샘이(굿)있는 곳!,제주도에서는 보기 드문 9개의(아홉) 샘이(굿)있는 곳!,VJ,,https://map.kakao.com/?q=낙천리아홉굿의자마을
2228,낙천아홉굿마을,,NORTH,EXPERIENCE,체험 활동 관광지,,제주시 이도2동,33.499622,126.53119,제주특별자치도 제주시 광양9길 10,https://api.cdn.visitjeju.net/photomng/imgpath/201804/30/6a3afba3-1139-4258-a344-0b34ab44d1e4.webp,주민들이 직접 만든 1000개의 의자가 있는 마을,주민들이 직접 만든 1000개의 의자가 있는 마을,VJ,주소를 좌표로 다시 구함,https://map.kakao.com/?q=낙천아홉굿마을
2229,낙천아홉굿마을,,WEST,NATURE,자연관광지,,제주시 한경면,33.3278475,126.2264223,제주특별자치도 제주시 한경면 낙수로 97,https://tong.visitkorea.or.kr/cms/resource/76/3553876_image2_1.jpg,"낙천리 아홉굿 마을은 올레길 13코스 중간지점에 위치해 있으며, 아홉굿은 제주도에서 보기 드문 9개의 샘이 있다는 뜻과 마을 방문객에게 아홉…","낙천리 아홉굿 마을은 올레길 13코스 중간지점에 위치해 있으며, 아홉굿은 제주도에서 보기 드문 9개의 샘이 있다는 뜻과 마을 방문객에게 아홉 가지 좋은(good) 것을 나눠주는 즐거운 마을이라는 의미를 가지고 있다. 땅이 기름져서 밭작물이 맛있기로 유명하며, 특히 보리가 맛있기로 유명하다. 천혜의 자연경관으로 북제주 10경을 볼 수 있는 아홉굿 마을은 100m 지하 암반수로 키워낸 보리, 토마토, 파프리카, 브로콜리 등 건강한 먹거리와 다양한 체험거리가 있는 전통 농촌문화마을이다.",TOUR,,https://map.kakao.com/?q=낙천아홉굿마을
2230,낙타트래킹,,EAST,EXPERIENCE,체험 활동 관광지,,서귀포시 표선면,33.40256,126.77849,제주특별자치도 서귀포시 표선면 번영로 2564-21,https://api.cdn.visitjeju.net/photomng/imgpath/201804/30/d94d144b-a983-416f-aa96-1c7e7efdb1f0.webp,"kbs 인간극장, sbs 동물농장, kbs 배틀트립, 생생정보통, vj특공대, 굿모닝대한민국, sbs 좋은아침, kbs 귀농이 대박이다 등 다…","kbs 인간극장, sbs 동물농장, kbs 배틀트립, 생생정보통, vj특공대, 굿모닝대한민국, sbs 좋은아침, kbs 귀농이 대박이다 등 다수 출연",VJ,,https://map.kakao.com/?q=낙타트래킹
2231,낙타트레킹,,EAST,TRAIL,산책로·둘레길,,서귀포시 표선면,33.4026813,126.7786838,제주특별자치도 서귀포시 표선면 번영로 2564-21 (포니밸리) 내 낙타트레킹,https://tong.visitkorea.or.kr/cms/resource/27/3551827_image2_1.jpg,제주도에서 낙타와 가까이서 교감할 수 있는 이색 체험을 할 수 있는 곳이다.,제주도에서 낙타와 가까이서 교감할 수 있는 이색 체험을 할 수 있는 곳이다. 호주 청정지역의 낙타를 국내 최초로 수입하여 제주도의 아름다운 자연경관과 더불어 낙타 트레킹 체험을 할 수 있다. 안전요원이 동행하기 때문에 누구나 쉽고 안전하게 체험이 가능하다. 예약은 패키지 관광 혹은 단체일 때만 가능하다.,TOUR,,https://map.kakao.com/?q=낙타트레킹
2232,남국사,,NORTH,HISTORY,역사·유적·종교 시설,,제주시 아라동,33.459019,126.5487621,제주특별자치도 제주시 중앙로 738-16,https://api.cdn.visitjeju.net/photomng/imgpath/202406/25/e40c7432-5c71-4a0e-a0af-3e05bb28e23f.webp,"수국과 어우러진 삼나무 숲길, 제주 시내 작은 절 남국사","수국과 어우러진 삼나무 숲길, 제주 시내 작은 절 남국사",VJ,,https://map.kakao.com/?q=남국사
2233,남내소,,SOUTH,EXPERIENCE,체험 활동 관광지,,서귀포시 남원읍,33.3420367,126.5884214,제주특별자치도 서귀포시 남원읍 하례로,https://api.cdn.visitjeju.net/photomng/imgpath/201811/14/fa33cb33-45e3-4760-8d00-92f689000511.webp,효돈천에서 가장 크고 넓은 소(沼)로 알려져 있는 곳,효돈천에서 가장 크고 넓은 소(沼)로 알려져 있는 곳,VJ,,https://map.kakao.com/?q=남내소
2234,남두연대,,WEST,CULTURE,문화시설,,제주시 애월읍,33.479195,126.35852,제주특별자치도 제주시 애월읍 신엄리 2780-1,https://api.cdn.visitjeju.net/photomng/imgpath/201804/30/1e7372af-63b3-4e86-b8f2-2a59311dbf7d.webp,아름다운 주변에 둘러쌓인 해안 절벽 위에 세워진 연대,아름다운 주변에 둘러쌓인 해안 절벽 위에 세워진 연대,VJ,,https://map.kakao.com/?q=남두연대
2235,남문지못,,WEST,CULTURE,문화시설,,서귀포시 대정읍,33.24656,126.276405,제주특별자치도 서귀포시 대정읍 인성리 392,https://api.cdn.visitjeju.net/photomng/imgpath/201804/30/f4a30612-ccad-4b5a-9a86-c26737ce3f4a.webp,추사의 유배시절 모습을 그린 입석이 세워져 있는 곳,추사의 유배시절 모습을 그린 입석이 세워져 있는 곳,VJ,,https://map.kakao.com/?q=남문지못
2236,남수각하늘길벽화거리,,NORTH,CULTURE,문화시설,,제주시 일도1동,33.5114291,126.5278268,제주특별자치도 제주시 일도1동 1100-6,https://api.cdn.visitjeju.net/photomng/imgpath/201810/26/cc398666-582f-4433-857c-141189f66515.webp,소박한 골목길에 펼쳐진 야외미술관 남수각 하늘길 벽화거리,소박한 골목길에 펼쳐진 야외미술관 남수각 하늘길 벽화거리,VJ,,https://map.kakao.com/?q=남수각하늘길벽화거리
2237,남원 위미2리 어촌계,,SOUTH,EXPERIENCE,체험 활동 관광지,,서귀포시 남원읍,33.274857,126.6695033,제주특별자치도 서귀포시 남원읍 태위로 208,https://api.cdn.visitjeju.net/photomng/imgpath/201807/09/e9298d0d-61b3-4e21-ad19-5d1fe3cd3bdf.webp,"올레 5코스에 위치한 보말, 다슬기, 청각이 가득한 바릇잡이 포인트.","올레 5코스에 위치한 보말, 다슬기, 청각이 가득한 바릇잡이 포인트.",VJ,,https://map.kakao.com/?q=남원 위미2리 어촌계
2238,남원용암해수풀장,,SOUTH,LEISURE,레저·스포츠 관련 시설,,서귀포시 남원읍,33.2778173,126.7196046,제주특별자치도 서귀포시 남원읍 남태해안로 140,https://tong.visitkorea.or.kr/cms/resource/33/3563233_image2_1.jpg,제주도 서귀포시에 위치한 남원용암해수풀장은 지하 천연 암반 해수를 사용하여 일반 바닷물보다 더 시원하게 물놀이를 즐길 수 있는 곳이다.,"제주도 서귀포시에 위치한 남원용암해수풀장은 지하 천연 암반 해수를 사용하여 일반 바닷물보다 더 시원하게 물놀이를 즐길 수 있는 곳이다. 입장료는 3,000원이며, 파라솔과 평상도 유료로 이용이 가능하다. 외부 음식 반입이 가능하여 직접 준비해와 물놀이를 하면서 먹을 수 있다. 하지만 남은 음식물은 필히 가지고 가야하니 이 점 참고해야 한다. 남원용암해수풀장 내부는 유아공간과 어린이 공간이 나눠져 있어 아이들과 함께 여름철에 방문하기 좋다.",TOUR,,https://map.kakao.com/?q=남원용암해수풀장
2239,남원항,,SOUTH,CULTURE,문화시설,,서귀포시 남원읍,33.2778272,126.7198433,제주특별자치도 서귀포시 남원읍 남태해안로 140,https://api.cdn.visitjeju.net/photomng/imgpath/202109/01/d3934305-c7ae-40c4-bca8-4fcadc8c26a4.webp,올레길 5코스의 시작 지점으로 잘 알려져 있는 남원포구.,올레길 5코스의 시작 지점으로 잘 알려져 있는 남원포구. 이곳은 옛날의 포구가 내항으로 있는데 돌로 쌓은 모양을 그대로 간직해 더욱 매력이 있는 곳이다. 한여름 낮엔 해수풀장에서 아이들이 뛰어 노는 소리로 가득찼던 곳이지만 지금은 거리두기 시행으로 운영을 하지 않고 있다. 저녁이 되면 포구를 둘러싸고 낚시하는 낚시꾼들이 오는데 무늬오징어 등이 잡힌다고 한다. 남원포구는 남원 읍내 가운데 있기 때문에 남원의 맛집들이 근처에 있어 식사하기에도 좋다.,VJ,,https://map.kakao.com/?q=남원항
2240,낭만농장 귤밭76번지,,WEST,EXPERIENCE,체험 활동 관광지,,서귀포시 안덕면,33.283054,126.365265,제주특별자치도  제주시 화북이동 5495-2,https://api.cdn.visitjeju.net/photomng/imgpath/202111/12/dfc1027a-0149-4281-8fe4-266106a56f0b.webp,감귤 체험도하고 감성 사진도 찍을 수 있는 귤밭76번지,감귤 체험도하고 감성 사진도 찍을 수 있는 귤밭76번지,VJ,,https://map.kakao.com/?q=낭만농장 귤밭76번지
2241,낭만와인샵,,NORTH,COMMERCIAL,상업지구,,제주시 삼도2동,33.5087804,126.5221168,제주특별자치도 제주시 남성로 158-11,https://api.cdn.visitjeju.net/photomng/imgpath/202306/12/eaefc878-d559-440e-9835-5d4a7bfc6659.webp,와인 유통업 20년 경력자인 사장님이 운영하는 와인샵,와인 유통업 20년 경력자인 사장님이 운영하는 와인샵,VJ,,https://map.kakao.com/?q=낭만와인샵
2242,낭푼밥상,,NORTH,NATURE,자연관광지,,제주시 노형동,33.4859178,126.476044,제주특별자치도 제주시 수덕5길 23,https://api.cdn.visitjeju.net/photomng/imgpath/202307/26/cff1a11e-9c64-44ef-b6f9-2085a6e8980c.webp,제주 식문화 클래스에서 경험하는 제주의 맛,제주 식문화 클래스에서 경험하는 제주의 맛,VJ,,https://map.kakao.com/?q=낭푼밥상
2243,내가좋아해,,EAST,COMMERCIAL,상업지구,,제주시 조천읍,33.5375349,126.6231958,제주특별자치도 제주시 조천읍 신촌9길 36,https://api.cdn.visitjeju.net/photomng/imgpath/202306/12/563ab0da-fc30-49d7-99e4-03a06aa00beb.webp,조용하고 한적한 마을 신촌리에 숨겨져 있는 소품샵,조용하고 한적한 마을 신촌리에 숨겨져 있는 소품샵,VJ,,https://map.kakao.com/?q=내가좋아해
2244,내셔널지오그래픽 서귀포점,,SOUTH,COMMERCIAL,상업지구,,서귀포시 천지동,33.2495277,126.5613553,제주특별자치도 서귀포시 중앙로 55 (서귀동),https://tong.visitkorea.or.kr/cms/resource/30/4024230_image2_1.jpg,"내셔널지오그래픽은 자연과 탐험에서 영감을 받은 글로벌 라이프스타일 브랜드로, 아웃도어 의류부터 액세서리까지 다양한 제품을 선보입니다.","내셔널지오그래픽은 자연과 탐험에서 영감을 받은 글로벌 라이프스타일 브랜드로, 아웃도어 의류부터 액세서리까지 다양한 제품을 선보입니다. 기능성과 스타일을 겸비한 제품들은 활동적인 활동적인 소비자에게 적합합니다.",TOUR,,https://map.kakao.com/?q=내셔널지오그래픽 서귀포점
2245,내셔널지오그래픽 신제주점,,NORTH,COMMERCIAL,상업지구,,제주시 연동,33.4881509,126.4902928,제주특별자치도 제주시 신광로 43-1 (연동),https://tong.visitkorea.or.kr/cms/resource/41/4020341_image2_1.jpg,"내셔널지오그래픽은 자연과 탐험에서 영감을 받은 글로벌 라이프스타일 브랜드로, 아웃도어 의류부터 액세서리까지 다양한 제품을 선보입니다.","내셔널지오그래픽은 자연과 탐험에서 영감을 받은 글로벌 라이프스타일 브랜드로, 아웃도어 의류부터 액세서리까지 다양한 제품을 선보입니다. 기능성과 스타일을 겸비한 제품들은 활동적인 활동적인 소비자에게 적합합니다.",TOUR,,https://map.kakao.com/?q=내셔널지오그래픽 신제주점
2246,내셔널지오그래픽 제주점,,NORTH,COMMERCIAL,상업지구,,제주시 일도1동,33.5150088,126.524881,제주특별자치도 제주시 중앙로 37 (일도일동),https://tong.visitkorea.or.kr/cms/resource/80/4020380_image2_1.jpg,"내셔널지오그래픽은 자연과 탐험에서 영감을 받은 글로벌 라이프스타일 브랜드로, 아웃도어 의류부터 액세서리까지 다양한 제품을 선보입니다.","내셔널지오그래픽은 자연과 탐험에서 영감을 받은 글로벌 라이프스타일 브랜드로, 아웃도어 의류부터 액세서리까지 다양한 제품을 선보입니다. 기능성과 스타일을 겸비한 제품들은 활동적인 활동적인 소비자에게 적합합니다.",TOUR,,https://map.kakao.com/?q=내셔널지오그래픽 제주점
2247,내창트레킹,,SOUTH,EXPERIENCE,체험 활동 관광지,,서귀포시 남원읍,33.3420367,126.5884214,제주특별자치도 서귀포시 남원읍 하례중앙로 95,https://api.cdn.visitjeju.net/photomng/imgpath/201809/21/2ee61bed-1664-454f-9390-8bad57088c5b.webp,하례리 마을 주민들과 함께 떠나는 내창트레킹,하례리 마을 주민들과 함께 떠나는 내창트레킹,VJ,,https://map.kakao.com/?q=내창트레킹
2248,너도나도 ATV,,EAST,EXPERIENCE,체험 활동 관광지,,제주시 조천읍,33.4180631,126.6534847,제주특별자치도 제주시 조천읍 비자림로 1053,https://api.cdn.visitjeju.net/photomng/imgpath/202306/16/d60595e2-86f4-4829-96ae-7348b3c41253.webp,녹음이 우거진 비자림로를 달려볼 수 있는 ATV,녹음이 우거진 비자림로를 달려볼 수 있는 ATV,VJ,,https://map.kakao.com/?q=너도나도 ATV
2249,너븐숭이 4.3기념관,,EAST,CULTURE,문화시설,,제주시 조천읍,33.545986,126.68877,제주특별자치도 제주시 조천읍 북촌3길 3,https://api.cdn.visitjeju.net/photomng/imgpath/201804/30/52196c91-7250-4b38-bbab-ea4310c2f193.webp,제주 4.3의 상징인 조천읍 북촌리에 4.3 희생자들을 위로하여 후세들의 산 교육장으로 활용하는 기념관,제주 4.3의 상징인 조천읍 북촌리에 4.3 희생자들을 위로하여 후세들의 산 교육장으로 활용하는 기념관,VJ+TOUR,,https://map.kakao.com/?q=너븐숭이 4.3기념관
2250,넌걸어난탈래,,EAST,EXPERIENCE,체험 활동 관광지,,제주시 우도면,33.509293,126.94373,제주특별자치도 제주시 우도면 2395-5,https://api.cdn.visitjeju.net/photomng/imgpath/201804/30/b17ce153-5e52-43d8-a3fe-a94f7c281edd.webp,"스쿠터, 자전거 대여점","스쿠터, 자전거 대여점",VJ,,https://map.kakao.com/?q=넌걸어난탈래
2251,네이처컬렉션 제주롯데시티점,,NORTH,COMMERCIAL,상업지구,,제주시 연동,33.4901162,126.4859483,"제주특별자치도 제주시 도령로 73 (연동, 연동 펠리체)",https://tong.visitkorea.or.kr/cms/resource/32/4020332_image2_1.jpg,네이처컬렉션은 LG생활건강의 다양한 자연주의 뷰티 브랜드들을 한데 모은 프리미엄 뷰티 편집숍입니다.,네이처컬렉션은 LG생활건강의 다양한 자연주의 뷰티 브랜드들을 한데 모은 프리미엄 뷰티 편집숍입니다. 고객의 피부 고민에 최적화된 엄선된 화장품들을 한눈에 비교하고 체험하며 합리적인 뷰티 쇼핑을 즐길 수 있습니다.,TOUR,,https://map.kakao.com/?q=네이처컬렉션 제주롯데시티점
2252,넥슨뮤지엄,,NORTH,EXPERIENCE,체험 활동 관광지,,제주시 외도동,33.4862871,126.428576,제주특별자치도 제주시 1100로 3198-8,https://api.cdn.visitjeju.net/photomng/imgpath/202205/30/de7cb7e6-4259-4cc8-b5bb-5e57beb50a63.webp,"세상을 바꾸는 아이디어, 넥슨컴퓨터박물관","세상을 바꾸는 아이디어, 넥슨컴퓨터박물관",VJ,,https://map.kakao.com/?q=넥슨뮤지엄
2253,노르디스크 제주점,,NORTH,COMMERCIAL,상업지구,,제주시 일도1동,33.5147459,126.5244965,제주특별자치도 제주시 중앙로 40 (일도일동),https://tong.visitkorea.or.kr/cms/resource/32/4024232_image2_1.jpg,노르디스크는 덴마크의 아웃도어 철학을 담은 프리미엄 캠핑 기어 및 의류 브랜드입니다.,노르디스크는 덴마크의 아웃도어 철학을 담은 프리미엄 캠핑 기어 및 의류 브랜드입니다. 상징적인 북극곰 로고와 감성적인 디자인의 면 텐트 등을 통해 여유롭고 품격 있는 캠핑 문화를 선도합니다.,TOUR,,https://map.kakao.com/?q=노르디스크 제주점
2254,노리매,,WEST,THEME,테마시설,,서귀포시 대정읍,33.28257,126.287544,제주특별자치도 서귀포시 대정읍 중산간서로 2260-15,https://api.cdn.visitjeju.net/photomng/imgpath/202110/29/b234c86a-0ea4-4890-ad47-3397cedaa3a7.webp,사계절 꽃과 정원을 만나는 자연공원,사계절 꽃과 정원을 만나는 자연공원,VJ+TOUR,,https://map.kakao.com/?q=노리매
2255,노베아 뷰티,,NORTH,COMMERCIAL,상업지구,,제주시 노형동,33.4680597,126.4854604,제주특별자치도 제주시 1100로 3154,https://api.cdn.visitjeju.net/photomng/imgpath/202604/28/89003849-c296-470a-8c81-c327ef121adc.png,"제주 여행 중 나만의 향을 찾는 감성 향수 체험 공간, 시향과 맞춤 추천을 제공합니다.","제주 여행 중 나만의 향을 찾는 감성 향수 체험 공간, 시향과 맞춤 추천을 제공합니다.",VJ,,https://map.kakao.com/?q=노베아 뷰티
2256,노스페이스 신제주점,,NORTH,COMMERCIAL,상업지구,,제주시 연동,33.4860188,126.4924793,제주특별자치도 제주시 노연로 115 (연동),https://tong.visitkorea.or.kr/cms/resource/11/4020411_image2_1.jpg,노스페이스는 기술력을 바탕으로 내구성 좋은 제품을 선보이는 글로벌 아웃도어 브랜드입니다.,노스페이스는 기술력을 바탕으로 내구성 좋은 제품을 선보이는 글로벌 아웃도어 브랜드입니다. 뛰어난 성능을 갖춘 제품은 실생활에서 다양하게 활용됩니다. 특히 한국에서는 트렌디한 디자인으로 큰 인기를 얻고 있습니다.,TOUR,,https://map.kakao.com/?q=노스페이스 신제주점
2257,노스페이스 제주점,,NORTH,COMMERCIAL,상업지구,,제주시 일도1동,33.5133884,126.5255077,제주특별자치도 제주시 관덕로11길 2 (일도일동),https://tong.visitkorea.or.kr/cms/resource/38/4020138_image2_1.jpg,노스페이스는 기술력을 바탕으로 내구성 좋은 제품을 선보이는 글로벌 아웃도어 브랜드입니다.,노스페이스는 기술력을 바탕으로 내구성 좋은 제품을 선보이는 글로벌 아웃도어 브랜드입니다. 뛰어난 성능을 갖춘 제품은 실생활에서 다양하게 활용됩니다. 특히 한국에서는 트렌디한 디자인으로 큰 인기를 얻고 있습니다.,TOUR,,https://map.kakao.com/?q=노스페이스 제주점
2258,노을승마장,,EAST,EXPERIENCE,체험 활동 관광지,,제주시 우도면,33.5114062,126.9438329,제주특별자치도 제주시 우도면 우도해안길 406-1,https://api.cdn.visitjeju.net/photomng/imgpath/201804/30/59b405a9-8a65-435f-bf53-8040329240f0.webp,우도 승마장중 규모가 꽤 큰 승마장,우도 승마장중 규모가 꽤 큰 승마장,VJ,,https://map.kakao.com/?q=노을승마장
2259,노을해안로,,WEST,NATURE,자연관광지,,서귀포시 대정읍,33.24254,126.22441,제주특별자치도 서귀포시 대정읍 노을해안로 24,https://api.cdn.visitjeju.net/photomng/imgpath/202112/10/8b7aa778-d828-49b2-b342-15d125cdb918.webp,붉게 물든 하늘과 바다를 감상하며 지나는 해안로,붉게 물든 하늘과 바다를 감상하며 지나는 해안로,VJ,,https://map.kakao.com/?q=노을해안로
2260,노을해안로,,WEST,NATURE,자연관광지,,서귀포시 대정읍,33.2563744,126.202762,제주특별자치도 서귀포시 대정읍 영락리,https://tong.visitkorea.or.kr/cms/resource/64/3552564_image2_1.jpg,노을해안로는 이름에 걸맞게 일몰에 가면 멋진 노을을 감상할 수 있는 곳이다.,"노을해안로는 이름에 걸맞게 일몰에 가면 멋진 노을을 감상할 수 있는 곳이다. 노을 뷰가 멋진 곳으로 알려졌지만 돌고래를 볼 수 있는 곳으로도 유명하다. 도로 주변을 지나다 보면 돌고래 관련 커피숍, 펜션 등의 상호들을 심심치 않게 볼 수 있다. 노을해안로는 대정읍 일과리에서 신도 1리로 향하는 약 12㎞ 코스로 국토해양부에서 선정한 전국 52개의 해안 누리길 중 46코스에 속하는 길이다. 해안 길 곳곳에 전망대와 정자가 있어 쉬어 가며 경치를 볼 수 있고 날씨가 좋을 경우, 후반부 2㎞ 구간에서는 마라도의 모습까지 볼 수 있다. 제주 해안 길 중 일몰이 가장 아름답다는 후기로 유명하다.",TOUR,,https://map.kakao.com/?q=노을해안로
2261,녹산로 유채꽃도로,,EAST,NATURE,자연관광지,,서귀포시 표선면,33.3532755,126.7716355,제주특별자치도 서귀포시 표선면 가시로565번길 20,https://tong.visitkorea.or.kr/cms/resource/69/3588469_image2_1.jpg,녹산로 유채꽃도로는 서귀포 가시리마을 진입로부터 10km 구간에 펼쳐지는 유채꽃과 벚꽃이 어우러져 그림 같은 드라이브 코스를 자랑하는 곳이다.,"녹산로 유채꽃도로는 서귀포 가시리마을 진입로부터 10km 구간에 펼쳐지는 유채꽃과 벚꽃이 어우러져 그림 같은 드라이브 코스를 자랑하는 곳이다. 한국의 아름다운 길 100선에 선정되기도 한 가시리마을 녹산로는 조선시대 최고의 목마장이던 녹산장과 갑마장을 관통하는 길로 멀리 보이는 한라산과 유채꽃밭이 어우러져 아름다운 풍광을 만들어낸다. 또한 인근에 가시리 풍력발전단지가 위치하고 있어 더욱 다채로운 뷰를 선사한다. 인근에는 조랑말 체험 공원, 갑선이 오름 등 제주의 자연환경을 느낄 수 있는 명소가 위치하고 있다.",TOUR,,https://map.kakao.com/?q=녹산로 유채꽃도로
2262,놀멍쉬멍고르멍,,SOUTH,NATURE,자연관광지,,서귀포시 서홍동,33.2656788,126.5560001,제주특별자치도 서귀포시 현청로 51,https://api.cdn.visitjeju.net/photomng/imgpath/202212/15/cc01d9d3-0fed-45d7-8c64-28b4fc59cdcb.webp,놀멍쉬멍고르멍은 서귀포시 서흥동에 위치한 소형견 전용 애견카페다.,놀멍쉬멍고르멍은 서귀포시 서흥동에 위치한 소형견 전용 애견카페다.,VJ,,https://map.kakao.com/?q=놀멍쉬멍고르멍
2263,농개,,EAST,TRAIL,산책로·둘레길,,서귀포시 성산읍,33.3803667,126.8815194,제주특별자치도 서귀포시 성산읍 환해장성로111번길 4,https://api.cdn.visitjeju.net/photomng/imgpath/201807/25/e05b4e29-377d-47c0-9c36-80b64f4495c6.webp,제주의 해안을 따라 걷는 바당 올레길을 오가다 보면 볼 수 있는 농개.,제주의 해안을 따라 걷는 바당 올레길을 오가다 보면 볼 수 있는 농개. 올레길 3-B 코스.,VJ,,https://map.kakao.com/?q=농개
2264,높은오름,,EAST,NATURE,자연관광지,,제주시 구좌읍,33.4576141,126.7930905,제주특별자치도 제주시 구좌읍 송당리 산 213-1,https://api.cdn.visitjeju.net/photomng/imgpath/201804/30/ae1c6aad-8c74-4554-990e-9b2a8d6ec0a5.webp,위치가 높아 시원한 전망을 지닌 오름,위치가 높아 시원한 전망을 지닌 오름,VJ+TOUR,,https://map.kakao.com/?q=높은오름
2265,누운오름,,WEST,NATURE,자연관광지,,제주시 한림읍,33.36381,126.32422,제주특별자치도 제주시 한림읍 금악리 188-2,https://api.cdn.visitjeju.net/photomng/imgpath/201804/30/0e63602d-a5c7-48c4-b36e-72eae156a8d7.webp,조망하기에 알맞은 낮은 오름,조망하기에 알맞은 낮은 오름,VJ,,https://map.kakao.com/?q=누운오름
2266,누웨마루거리(구 바오젠),,NORTH,NATURE,자연관광지,,제주시 연동,33.4870605,126.4908599,제주특별자치도 제주시 연동7길 31,https://api.cdn.visitjeju.net/photomng/imgpath/202111/25/81a12181-0eb0-47cb-8890-9be063f41224.webp,차없는 거리로 중국관광객들이 많이 찾는 거리,차없는 거리로 중국관광객들이 많이 찾는 거리,VJ+TOUR,,https://map.kakao.com/?q=누웨마루거리(구 바오젠)
2267,눈물의십자가,,NORTH,CULTURE,문화시설,,제주시 추자면,33.954967,126.341774,제주특별자치도 제주시 추자도,https://api.cdn.visitjeju.net/photomng/imgpath/201804/30/6688a74b-5ae8-4b91-b307-c471fbfb5bfc.webp,천주교 백열한 개 성지 가운데 하나인 황경한의 묘의 맞은편에 내려다 보이는 물생이 바위 끝,천주교 백열한 개 성지 가운데 하나인 황경한의 묘의 맞은편에 내려다 보이는 물생이 바위 끝,VJ,,https://map.kakao.com/?q=눈물의십자가
2268,뉴발란스 신제주점,,NORTH,COMMERCIAL,상업지구,,제주시 연동,33.4892197,126.4903956,제주특별자치도 제주시 신광로 33 (연동),https://tong.visitkorea.or.kr/cms/resource/77/4017177_image2_1.jpg,뉴발란스는 전 세계에서 사랑받는 글로벌 스포츠 브랜드입니다.,뉴발란스는 전 세계에서 사랑받는 글로벌 스포츠 브랜드입니다. 스타일리시한 디자인에 기능성까지 갖춘 운동화와 의류를 선보여 젊은 세대와 운동 마니아에게 꾸준한 인기를 얻고 있습니다.,TOUR,,https://map.kakao.com/?q=뉴발란스 신제주점
2269,뉴발란스 제주점,,NORTH,COMMERCIAL,상업지구,,제주시 일도1동,33.5144875,126.5256196,제주특별자치도 제주시 관덕로11길 16 (일도일동),https://tong.visitkorea.or.kr/cms/resource/36/4020136_image2_1.jpg,뉴발란스는 전 세계에서 사랑받는 글로벌 스포츠 브랜드입니다.,뉴발란스는 전 세계에서 사랑받는 글로벌 스포츠 브랜드입니다. 스타일리시한 디자인에 기능성까지 갖춘 운동화와 의류를 선보여 젊은 세대와 운동 마니아에게 꾸준한 인기를 얻고 있습니다.,TOUR,,https://map.kakao.com/?q=뉴발란스 제주점
2270,뉴에라 신제주점,,NORTH,COMMERCIAL,상업지구,,제주시 연동,33.4862064,126.489735,제주특별자치도 제주시 신광로 68 (연동) 1층,https://tong.visitkorea.or.kr/cms/resource/63/4020063_image2_1.jpg,뉴에라는 MLB 라이선스를 기반으로 한 글로벌 헤드웨어 브랜드입니다.,"뉴에라는 MLB 라이선스를 기반으로 한 글로벌 헤드웨어 브랜드입니다. 스트리트 패션 감성의 모자와 액세서리로 잘 알려져 있으며, 다양한 브랜드와의 콜라보레이션 제품도 인기가 높습니다.",TOUR,,https://map.kakao.com/?q=뉴에라 신제주점
2271,느지리오름,,WEST,NATURE,자연관광지,,제주시 한림읍,33.3653429,126.2613767,제주특별자치도 제주시 한림읍 상명리 산 5,https://api.cdn.visitjeju.net/photomng/imgpath/201812/19/a809a81b-e7b7-426a-85f8-c242dbc6f9f8.webp,한림 16절경 '상명망봉'에,한림 16절경 '상명망봉'에,VJ+TOUR,,https://map.kakao.com/?q=느지리오름
2272,니모스토리,,EAST,EXPERIENCE,체험 활동 관광지,,제주시 구좌읍,33.5582481,126.7540615,제주특별자치도 제주시 구좌읍 김녕로17길 33-1,https://api.cdn.visitjeju.net/photomng/imgpath/202306/16/c6ff22df-9ffe-4364-b248-ec7c52e0c5eb.webp,김녕해수욕장에서 즐기는 시원한 스노쿨링,김녕해수욕장에서 즐기는 시원한 스노쿨링,VJ,,https://map.kakao.com/?q=니모스토리
2273,다나한한복 앤 러블리베베,,NORTH,COMMERCIAL,상업지구,,제주시 이도2동,33.492897,126.53028,제주특별자치도 제주시 연삼로 355,https://api.cdn.visitjeju.net/photomng/imgpath/201804/30/504e2747-9129-41cc-94d8-3e40cd38d8b5.webp,"웨딩한복, 혼주한복, 돌잔치 가족한복 등 제주한복대여 및 맞춤 전문점","웨딩한복, 혼주한복, 돌잔치 가족한복 등 제주한복대여 및 맞춤 전문점",VJ,,https://map.kakao.com/?q=다나한한복 앤 러블리베베
2274,다라요가스튜디오,,EAST,EXPERIENCE,체험 활동 관광지,,제주시 조천읍,33.5400476,126.6593535,제주특별자치도 제주시 조천읍 함대로 37-24 (함덕리) 2층,https://api.cdn.visitjeju.net/photomng/imgpath/202507/03/169726ee-cc77-4869-9ddf-2905cb74e4cb.webp,"[제주 함덕 요가 클래스] 제주의 자연 속 쉼, 오름 뷰 요가 체험 | 다라요가스튜디오","[제주 함덕 요가 클래스] 제주의 자연 속 쉼, 오름 뷰 요가 체험 | 다라요가스튜디오",VJ,관광지인지 확인(도서관·교회·골프 등),https://map.kakao.com/?q=다라요가스튜디오
2275,다락쉼터,,WEST,TRAIL,산책로·둘레길,,제주시 애월읍,33.4694833,126.3407482,제주특별자치도 제주시 애월읍 애월해안로 284,https://api.cdn.visitjeju.net/photomng/imgpath/201812/21/077d23dd-a5b8-434b-8a7a-dae3e3d96182.webp,아름다운 해안 절경을 감상할 수 있는 다락쉼터,아름다운 해안 절경을 감상할 수 있는 다락쉼터,VJ,,https://map.kakao.com/?q=다락쉼터
2276,다랑쉬굴,,EAST,CULTURE,문화시설,,제주시 구좌읍,33.469715,126.83181,제주특별자치도 제주시 구좌읍 세화리 2608-6,https://api.cdn.visitjeju.net/photomng/imgpath/201804/30/20d9a6b0-f486-4878-810b-4e4dc1ea0c17.webp,"4·3사건 당시 하도리, 종달리 주민 11명이 피신해 살다가 굴이 발각되어 집단희생 당한 곳","4·3사건 당시 하도리, 종달리 주민 11명이 피신해 살다가 굴이 발각되어 집단희생 당한 곳",VJ,,https://map.kakao.com/?q=다랑쉬굴
2277,다려도,,EAST,NATURE,자연관광지,,제주시 조천읍,33.555916,126.69623,제주특별자치도 제주시 조천읍 북촌리,https://api.cdn.visitjeju.net/photomng/imgpath/201804/30/b2e7ce0a-ae4b-4337-990e-72b36ea72823.webp,제주시의 숨은 비경 31 중 한 곳,제주시의 숨은 비경 31 중 한 곳,VJ+TOUR,,https://map.kakao.com/?q=다려도
2278,다비치안경 신제주점,,NORTH,COMMERCIAL,상업지구,,제주시 노형동,33.4862388,126.4846867,제주특별자치도 제주시 노연로 43 (노형동),https://tong.visitkorea.or.kr/cms/resource/74/4042074_image2_1.jpg,다비치안경은 세련된 디자인과 우수한 품질을 자랑하는 대한민국 안경 브랜드입니다.,"다비치안경은 세련된 디자인과 우수한 품질을 자랑하는 대한민국 안경 브랜드입니다. 트렌디하면서도 개성 넘치는 다양한 프레임을 합리적인 가격에 제공해, 외국인 관광객에게도 인기가 높습니다.",TOUR,,https://map.kakao.com/?q=다비치안경 신제주점
2279,다시방프로젝트,,EAST,COMMERCIAL,상업지구,,제주시 조천읍,33.5467278,126.6986061,제주특별자치도 제주시 조천읍 북촌12길 28,https://api.cdn.visitjeju.net/photomng/imgpath/201804/30/b17a6016-a1f5-4379-ac69-345404e14524.webp,"금속공예공방, 직접만드는 래터링반지","금속공예공방, 직접만드는 래터링반지",VJ,,https://map.kakao.com/?q=다시방프로젝트
2280,다올무인소품점,,EAST,COMMERCIAL,상업지구,,제주시 구좌읍,33.5575245,126.7482393,제주특별자치도 제주시 구좌읍 김녕로1길 35-22,https://api.cdn.visitjeju.net/photomng/imgpath/202306/12/2bef601f-18f7-4c5b-acba-778605c9d189.webp,제주여행 포토존으로 유명한 김녕 떠오르길 앞에 있는 기념품 판매점,제주여행 포토존으로 유명한 김녕 떠오르길 앞에 있는 기념품 판매점,VJ,,https://map.kakao.com/?q=다올무인소품점
2281,다이나핏 제주점,,NORTH,COMMERCIAL,상업지구,,제주시 일도1동,33.5150208,126.5257022,제주특별자치도 제주시 중앙로7길 9 (일도일동),https://tong.visitkorea.or.kr/cms/resource/71/4020371_image2_1.jpg,다이나핏은 아웃도어·스포츠 제품을 판매하는 브랜드입니다.,다이나핏은 아웃도어·스포츠 제품을 판매하는 브랜드입니다. 가볍고 통기성 좋은 방수 소재를 사용해 야외 활동이나 일상에서 두루두루 활용이 가능합니다.,TOUR,,https://map.kakao.com/?q=다이나핏 제주점
2282,다이브랜드,,SOUTH,LEISURE,레저·스포츠 관련 시설,,서귀포시 송산동,33.2408092,126.605944,제주특별자치도 서귀포시 보목포로 29,https://api.cdn.visitjeju.net/photomng/imgpath/202511/19/d82a3b56-68fa-4106-b501-533f4d8f72ea.webp,서귀포 앞바다에서 즐기는 스쿠버 다이빙,서귀포 앞바다에서 즐기는 스쿠버 다이빙,VJ+TOUR,,https://map.kakao.com/?q=다이브랜드
2283,다이브맵,,SOUTH,EXPERIENCE,체험 활동 관광지,,서귀포시 대륜동,33.2520048,126.5183408,제주특별자치도 서귀포시 서호중앙로 55,https://api.cdn.visitjeju.net/photomng/imgpath/202307/25/fa85f42f-3ae2-42de-a6da-5c1281874194.webp,매일매일이 새로운 제주바다를 즐기는 스쿠버다이빙,매일매일이 새로운 제주바다를 즐기는 스쿠버다이빙,VJ,,https://map.kakao.com/?q=다이브맵
2284,다희연,,EAST,NATURE,자연관광지,,제주시 조천읍,33.4789799,126.7006638,제주특별자치도 제주시 조천읍 선교로 266-4,https://tong.visitkorea.or.kr/cms/resource/02/3411202_image2_1.jpg,제주도 제주시 조천읍 선흘리 일대 6만 평 대지에 자리 잡은 다희연은 국내 최고 수준의 친환경 녹차를 생산하는 다원이다.,"제주도 제주시 조천읍 선흘리 일대 6만 평 대지에 자리 잡은 다희연은 국내 최고 수준의 친환경 녹차를 생산하는 다원이다. 제주도는 연평균 온도가 섭씨 16도를 유지해야 하고, 뿌리가 쉽게 썩어 물이 잘 빠지는 녹차 재배의 최적의 조건을 갖추고 있다. 에버그린루체 야외 정원은 화산이 폭발하면서 흘러내린 용암에 의해 생성된 조그만 동굴들을 활용한 곳이다. 동굴 연못과 동굴 다리 그리고 제주 자생수와 야생화 등이 어우러져 있다. 이브홀은 동굴 천정이 뚫린 부분에 있다. 사방에 동공들이 뚫려 있는데 가장 긴 것은 30여 미터까지 된다. 여기에는 박쥐도 서식하고 있어 운이 좋으면 직접 볼 수도 있다. 이브홀은 터널 같은 동굴을 통과하여야 들어갈 수 있다. 경덕원 정상부(그린루체)와 입구(이브홀)에 각각 자리한 두 곳의 동굴 카페에서는 천연 녹차 발효 빵, 녹차 쿠키, 녹차 머핀, 녹차라떼, 천연 녹차 발효즙 카테킹 등이 판매되고 있다.",TOUR,,https://map.kakao.com/?q=다희연
2285,단산과 방사탑,,EAST,CULTURE,문화시설,,제주시 조천읍,33.548756,126.65135,제주특별자치도 제주시 조천읍 신흥로1길 25,https://api.cdn.visitjeju.net/photomng/imgpath/201804/30/0ce93a58-7167-4c30-ab0c-fd893f70e0ae.webp,박쥐의 모습을 닮은 오름 단산과 단산의 나쁜 기운을 막기 위해 세운 방사탑,박쥐의 모습을 닮은 오름 단산과 단산의 나쁜 기운을 막기 위해 세운 방사탑,VJ+TOUR,,https://map.kakao.com/?q=단산과 방사탑
2286,달다제주 소품샵 함덕점,,EAST,EXPERIENCE,체험 활동 관광지,,제주시 조천읍,33.5386293,126.6387435,제주특별자치도 제주시 조천읍 조함해안로 9,https://api.cdn.visitjeju.net/photomng/imgpath/202306/16/0df5d110-0ff0-486c-bf89-4b88386aafb2.webp,나의 그림으로 만드는 하나 뿐인 소품,나의 그림으로 만드는 하나 뿐인 소품,VJ,,https://map.kakao.com/?q=달다제주 소품샵 함덕점
2287,달달미깡감귤밭,,WEST,NATURE,자연관광지,,제주시 애월읍,33.459298,126.421894,제주 제주시 애월읍 광령리 3899-5,https://tong.visitkorea.or.kr/cms/resource/54/3027454_image2_1.jpg,달달미깡감귤밭은 감귤이 맛있기로 소문난 남원읍에 위치해 있다.,"달달미깡감귤밭은 감귤이 맛있기로 소문난 남원읍에 위치해 있다. 주변에 건물도 없고 깨끗하게 관리가 잘 되어있어 상업적이지 않은 느낌이라 방문객들의 반응도 상당히 좋다. 감귤밭 곳곳에 다양한 포토존이 있어 감귤 체험을 하며 멋진 사진도 남길 수 있다. 전망대에서 주변 풍경을 한눈에 담고 파라솔 테이블에 앉아 감귤 체험에서 직접 수확한 귤을 먹으면서 힐링해도 좋다. 또한, 초록색 감귤나무와 빨간 지붕이 특색인 카페 자체만으로도 소담하고 아늑한 감성을 자극한다. 감귤 체험 후 예쁜 감귤밭이 보이는 뷰 맛집 카페에서 다양한 음료를 마시며, 창가 앞 포토존에서 예쁜 SNS 감성 사진은 덤으로 건질 수 있다. 맞은편에는 걸서악(걸세오름)이 병풍처럼 펼쳐져 있는데 도보로 12분 정도면 도착하니 관심이 있다면 감귤 체험 후 오름도 함께 다녀와도 좋겠다.
모든 나무 아래는 눈이 내린 듯 하얀색 타이백원단이 깔려 있는데, 이것은 햇빛을 반사시켜 더욱 많은 빛을 감귤나무가 받게 해서 당도를 높이는 재배 방식이라고 한다. 9월 초가 지나면서부터 그다음 해 1월까지 본격적으로 타이벡감귤체험이 시작된다고 한다. 한여름 8월 한 달 정도 기간 동안에는 청귤 체험도 가능하다고 하니, 직접 청을 담아 에이드를 만들어 먹는 것도 가능하다.",TOUR,,https://map.kakao.com/?q=달달미깡감귤밭
2288,달리센트,,EAST,COMMERCIAL,상업지구,,제주시 구좌읍,33.490383,126.89869,제주특별자치도 제주시 구좌읍 종달리 1991,https://api.cdn.visitjeju.net/photomng/imgpath/202002/20/045960c5-3617-4053-ba08-c321d48390df.webp,조용한 밭뙈기 속 놀랄만한 컬렉샵의 발견,조용한 밭뙈기 속 놀랄만한 컬렉샵의 발견,VJ,,https://map.kakao.com/?q=달리센트
2289,달무지개,,SOUTH,COMMERCIAL,상업지구,,서귀포시 남원읍,33.3071459,126.7686156,제주특별자치도 서귀포시 남원읍 신흥앞동산로35번길 9,https://api.cdn.visitjeju.net/photomng/imgpath/202306/12/9494b15b-6694-4022-8d69-8a04ec8907a4.webp,조용한 마을 남원 신흥리에 있는 공방 겸 기념품 가게,조용한 마을 남원 신흥리에 있는 공방 겸 기념품 가게,VJ,,https://map.kakao.com/?q=달무지개
2290,답다니수국밭,,SOUTH,THEME,테마시설,,서귀포시 대천동,33.2437573,126.4645228,제주특별자치도 서귀포시 월평로50번길 17-30,https://api.cdn.visitjeju.net/photomng/imgpath/202406/26/5cde4cab-824d-4d2f-9a35-716a14b48122.webp,"아기자기한 인물사진 찍기 좋은 수국명소, 답다니수국밭","아기자기한 인물사진 찍기 좋은 수국명소, 답다니수국밭",VJ+TOUR,,https://map.kakao.com/?q=답다니수국밭
2291,답다니탑망대,,EAST,NATURE,자연관광지,,제주시 우도면,33.524593,126.952644,제주특별자치도 제주시 우도면 연평리 798,https://api.cdn.visitjeju.net/photomng/imgpath/202112/06/04ceef5a-4c63-4e79-a5d1-6f95dcf6f0fc.webp,거대한 바위로 쌓은 돌탑,거대한 바위로 쌓은 돌탑,VJ+TOUR,,https://map.kakao.com/?q=답다니탑망대
2292,"당산봉(당오름,차귀오름)",,WEST,NATURE,자연관광지,,제주시 한경면,33.3076967,126.1726693,제주특별자치도 제주시 한경면 고산리 산 15,https://api.cdn.visitjeju.net/photomng/imgpath/201908/21/d6795223-0fb4-42ac-8154-5ca45a09ba84.webp,한경의 푸른 바다와 고즈넉한 풍경이 있는 산책길,한경의 푸른 바다와 고즈넉한 풍경이 있는 산책길,VJ+TOUR,,"https://map.kakao.com/?q=당산봉(당오름,차귀오름)"
2293,당오름,,EAST,NATURE,자연관광지,,제주시 구좌읍,33.467194,126.77773,제주특별자치도 제주시 구좌읍 송당리 산 199-1,https://api.cdn.visitjeju.net/photomng/imgpath/202112/10/e26eb1ed-fc54-4ecd-ac59-acf57fb2bdaf.webp,제주 신당의 원조격인 본향당이 자리를 튼 곳,제주 신당의 원조격인 본향당이 자리를 튼 곳,VJ,,https://map.kakao.com/?q=당오름
2294,당오름(안덕면),,WEST,NATURE,자연관광지,,서귀포시 안덕면,33.332428,126.3365,제주특별자치도 서귀포시 안덕면 동광리 산 68-1,https://api.cdn.visitjeju.net/photomng/imgpath/201804/30/6fc0af07-a582-48ed-a89b-1c76c369eec8.webp,뱀을 신으로 모시던 신당이 있던 오름,뱀을 신으로 모시던 신당이 있던 오름,VJ,,https://map.kakao.com/?q=당오름(안덕면)
2295,당오름(한경면),,WEST,NATURE,자연관광지,,제주시 한경면,33.308254,126.17365,제주특별자치도 제주시 한경면 용수리 산 18,https://api.cdn.visitjeju.net/photomng/imgpath/201804/30/798641e1-129f-4ec9-92cc-3ae75c0d1b79.webp,푸른 바다와 함께 걷는 호젓한 산책길,푸른 바다와 함께 걷는 호젓한 산책길,VJ,,https://map.kakao.com/?q=당오름(한경면)
2296,당케포구,,EAST,NATURE,자연관광지,,서귀포시 표선면,33.3247854,126.8451187,제주특별자치도 서귀포시 표선면 민속해안로 566-1,https://tong.visitkorea.or.kr/cms/resource/92/3389992_image2_1.jpg,올레 4코스 출발 지점에 있는 당케포구는 제주에서 가장 넓은 면적의 백사장인 표선 해비치 해변에 있는 포구이다.,"올레 4코스 출발 지점에 있는 당케포구는 제주에서 가장 넓은 면적의 백사장인 표선 해비치 해변에 있는 포구이다. 조선 시대부터 어업과 무역이 이루어지면서 일제 강점기 이후에는 포구에 마을이 형성되었으며, 당케포구의 백사장에서 성산일출봉 방향으로 바라보면 표선해변과 당케마을이 보인다. 당케는 ‘당이 있는 케(경작지)’라는 의미인데 여기서 ‘당’은 ‘할망당’을 가리킨다. 포구 사이에 바다를 향해 나 있는 길의 끝에는 하얀 등대가 자리하고 있다. 등대와 어우러진 바다 풍경과 간혹 드나드는 통통배가 멋진 풍광을 자아내며 제주도 내 해돋이 명소로도 유명하다.",TOUR,,https://map.kakao.com/?q=당케포구
2297,대록산,,EAST,NATURE,자연관광지,,서귀포시 표선면,33.4005,126.72963,제주특별자치도 서귀포시 표선면 중산간동로,https://api.cdn.visitjeju.net/photomng/imgpath/201804/30/fbdacea9-fae2-42e1-8ede-c99f36b8423b.webp,사슴이 노닐던 큰사슴이오름,사슴이 노닐던 큰사슴이오름,VJ,,https://map.kakao.com/?q=대록산
2298,대림리선돌,,WEST,CULTURE,문화시설,,제주시 한림읍,33.424404,126.27907,제주특별자치도 제주시 한림읍 대림리,https://api.cdn.visitjeju.net/photomng/imgpath/201804/30/bc256e56-3566-4946-b11f-34a7ada4bb4f.webp,· 올레15코스,· 올레15코스,VJ,,https://map.kakao.com/?q=대림리선돌
2299,"대수산봉(큰물뫼,물미오름)",,EAST,NATURE,자연관광지,,서귀포시 성산읍,33.4382338,126.903484,제주특별자치도 서귀포시 성산읍 고성리 2039-1,https://api.cdn.visitjeju.net/photomng/imgpath/202112/10/a35c1919-c050-4cdb-8e66-d7d1667b249d.webp,성산일출봉과 섭지코지가 아름답게 내려다 보이는 곳,성산일출봉과 섭지코지가 아름답게 내려다 보이는 곳,VJ+TOUR,,"https://map.kakao.com/?q=대수산봉(큰물뫼,물미오름)"
2300,대수포구,,WEST,CULTURE,문화시설,,제주시 한림읍,33.426956,126.27057,제주특별자치도 제주시 한림읍 수원리 1027-7,https://api.cdn.visitjeju.net/photomng/imgpath/201804/30/5e5e9a70-c1bd-47ea-9421-c96ca1a01282.webp,비양도가 보이는 작고 아담한 포구,비양도가 보이는 작고 아담한 포구,VJ,,https://map.kakao.com/?q=대수포구
2301,"대왕산 (왕뫼, 왕메, 왕미)",,EAST,NATURE,자연관광지,,서귀포시 성산읍,33.457447,126.87257,제주특별자치도 서귀포시 성산읍 수산리 1429,https://api.cdn.visitjeju.net/photomng/imgpath/201804/30/f278f4b7-853e-4c9e-a7c3-e8ce2cbe5991.webp,동쪽 끝에서 제주의 하루를 시작하는 오름,동쪽 끝에서 제주의 하루를 시작하는 오름,VJ,,"https://map.kakao.com/?q=대왕산 (왕뫼, 왕메, 왕미)"
2302,대왕수천예래생태공원,,SOUTH,NATURE,자연관광지,,서귀포시 예래동,33.247745,126.396617,제주 서귀포시 상예동 5002-26,https://tong.visitkorea.or.kr/cms/resource/15/4064115_image2_1.jpg,"대왕수천예래생태공원은 올레 8코스, 서귀포 상예동에 있는 습지공원이다.","대왕수천예래생태공원은 올레 8코스, 서귀포 상예동에 있는 습지공원이다. 이곳은 대왕수라는 산물(용천수)이 흐르는데 아무리 가물어도 수량이 줄지 않고, 예래동 일대에 가장 큰 물이라는 의미로 대왕수라 불러왔다. 보통 제주의 하천은 비가 오지 않을 때 물이 없는 경우가 대부분이라 사시사철 흐르는 이곳의 물은 독특한 풍경이다.
예래생태공원 일대는 한국반딧불이연구회가 지정한 반딧불이 보호지역이며, 이 대왕수천 하류 쪽에는 여름철 물놀이 장소로 유명한 논짓물이 있다.
공원 남쪽에는 예래생태체험관이 있으며, 봄에는 이 일대가 벚꽃명소로 유명하다.",TOUR,,https://map.kakao.com/?q=대왕수천예래생태공원
2303,대유ATV수렵사격랜드,,SOUTH,LEISURE,레저·스포츠 관련 시설,,서귀포시 예래동,33.2775412,126.3953648,제주특별자치도 서귀포시 상예로 381,https://api.cdn.visitjeju.net/photomng/imgpath/201904/30/49ad0912-4e13-4b1e-bc41-330065178a18.webp,110여만 평의 드넓은 대지에서 온몸으로 스릴을 느낄 수 있는 레저 스포츠.,110여만 평의 드넓은 대지에서 온몸으로 스릴을 느낄 수 있는 레저 스포츠.,VJ+TOUR,,https://map.kakao.com/?q=대유ATV수렵사격랜드
2304,대장금촬영지(제주민속촌),,EAST,THEME,테마시설,,서귀포시 표선면,33.322346,126.841484,제주특별자치도 서귀포시 표선면 민속해안로 631-34,https://api.cdn.visitjeju.net/photomng/imgpath/202111/25/6563c594-e24a-4e15-9e87-853d10bc3515.webp,MBC 인기드라마 '대장금'의 촬영장소,MBC 인기드라마 '대장금'의 촬영장소,VJ,,https://map.kakao.com/?q=대장금촬영지(제주민속촌)
2305,대정면 4.3사건 위령비,,WEST,CULTURE,문화시설,,서귀포시 대정읍,33.22536,126.24849,제주특별자치도 서귀포시 대정읍 동일하모로 158-3,https://api.cdn.visitjeju.net/photomng/imgpath/201804/30/ee544e0c-cfc8-4b12-8659-fab6a207d188.webp,4.3 사건 당시 죽은 주민의 원혼을 달래기 위해 세워진 비,4.3 사건 당시 죽은 주민의 원혼을 달래기 위해 세워진 비,VJ,,https://map.kakao.com/?q=대정면 4.3사건 위령비
2306,대정현역사자료전시관,,WEST,CULTURE,문화시설,,서귀포시 대정읍,33.2251845,126.2563472,제주특별자치도 서귀포시 대정읍 상모대서로 17,https://api.cdn.visitjeju.net/photomng/imgpath/201901/18/0a556dc8-93f4-4d86-9485-a705080f9592.webp,옛 대정면사무소를 활용해 만든 전시관,옛 대정면사무소를 활용해 만든 전시관,VJ,,https://map.kakao.com/?q=대정현역사자료전시관
2307,대평포구,,WEST,CULTURE,문화시설,,서귀포시 안덕면,33.2371,126.36139,제주특별자치도 서귀포시 안덕면 감천로190번길 9-62-2,https://api.cdn.visitjeju.net/photomng/imgpath/201804/30/0c0117a0-1209-4a58-b7a3-6254885b56ac.webp,"용왕신이 살았다던 바닷마을, 절벽의 웅장함을 지닌 대평포구","용왕신이 살았다던 바닷마을, 절벽의 웅장함을 지닌 대평포구",VJ+TOUR,,https://map.kakao.com/?q=대평포구
2308,대포포구,,SOUTH,CULTURE,문화시설,,서귀포시 중문동,33.243515,126.43522,제주특별자치도 서귀포시 대포로,https://api.cdn.visitjeju.net/photomng/imgpath/202112/10/aae29585-3cbe-46fd-a354-2b595548e43b.webp,해상 교통의 요지 대포포구,해상 교통의 요지 대포포구,VJ,,https://map.kakao.com/?q=대포포구
2309,대포포구,,SOUTH,NATURE,자연관광지,,서귀포시 중문동,33.2377274,126.4392114,제주특별자치도 서귀포시 대포동,https://tong.visitkorea.or.kr/cms/resource/26/3550926_image2_1.jpg,대포포구는 제주도 서귀포시 대포동에 위치한 포구이다.,"대포포구는 제주도 서귀포시 대포동에 위치한 포구이다. 이곳은 월평마을의 아왜낭목에서 안덕 계곡의 대평 포구에 이르는 제주 올레 8코스 중간에 자리 잡고 있다. 대포항에서는 요트 투어가 가능하며, 360도 회전하는 제트보트 등의 이색적인 해상 레포츠도 경험할 수 있다.
포구가 위치한 대포동은 주상절리가 아름답게 펼쳐진 지삿개 해안과 약천사가 있어 많은 관광객이 찾는 곳이다. 대포마을 주변은 경사가 완만한 용암 지대가 넓게 분포해 있고, 끝없이 펼쳐진 바다와 넓은 초지대의 울창한 삼림지대로 이루어져 있다.",TOUR,,https://map.kakao.com/?q=대포포구
2310,대포해안,,SOUTH,NATURE,자연관광지,,서귀포시 중문동,33.2380216,126.4260597,제주특별자치도 서귀포시 이어도로 36-30 (중문동),https://tong.visitkorea.or.kr/cms/resource/55/3550955_image2_1.jpg,"대포동에 있는 포구로, 대포동은 주상절리가 아름답게 펼쳐진 지삿개 해안과 약천사가 자리 잡고 있어 많은 관광객이 찾는 곳이다.","대포동에 있는 포구로, 대포동은 주상절리가 아름답게 펼쳐진 지삿개 해안과 약천사가 자리 잡고 있어 많은 관광객이 찾는 곳이다. 대포 마을 주변은 경사가 완만한 용암 지대가 넓게 분포해 있고, 끝없이 펼쳐진 바다와 넓은 초지대의 울창한 삼림지대가 있다. 대포포구는 월평마을의 아왜낭목에서 안덕계곡의 대평포구에 이르는, 제주올레 8코스 중간에 자리 잡고 있다. 또한 대포항에서는 요트 투어가 가능하며, 360도로 회전하는 제트보트 등의 이색적인 해상 스포츠도 경험할 수 있다.

(출처 : 비짓제주)",TOUR,,https://map.kakao.com/?q=대포해안
2311,대한민국최남단비,,WEST,NATURE,자연관광지,,서귀포시 대정읍,33.114143,126.268616,제주특별자치도 서귀포시 대정읍 마라로 131,https://api.cdn.visitjeju.net/photomng/imgpath/202112/06/277769d5-28ed-4581-8d8d-b4ae031cdbb9.webp,대한민국의 최남단이 바로 이 곳,대한민국의 최남단이 바로 이 곳,VJ,,https://map.kakao.com/?q=대한민국최남단비
2312,댕냥별 제주신화월드,,WEST,EXPERIENCE,체험 활동 관광지,,서귀포시 안덕면,33.3028885,126.3181117,제주특별자치도 서귀포시 안덕면 신화역사로304번길 89 (서광리) 서머셋 호텔 1층 댕냥별,https://api.cdn.visitjeju.net/photomng/imgpath/202609/14/03e141e9-19a2-4cfc-a9bf-8f81d285ffe9.webp,"제주 신화월드에서 아이와 함께 특별한 실내 체험을 찾고 있다면, 유기동물 구조 미션파크 댕냥별!","제주 신화월드에서 아이와 함께 특별한 실내 체험을 찾고 있다면, 유기동물 구조 미션파크 댕냥별!

댕냥별은 실제 동물을 만나는 애견카페가 아닌, 위험에 빠진 댕냥이 인형을 직접 구조하며 미션을 수행하는 어린이 체험형 테마파크입니다.
입장하면 여권을 받고 댕냥별 구조대원이 되어 특별한 여행을 시작합니다.
위험에 빠진 댕냥이를 구조하고, 치료하고, 나만의 댕냥이로 꾸민 뒤 다양한 미션을 수행하며 댕냥별의 이야기를 따라가 보세요! 댕냥이를 구출하여 댕냥별로 여행을 떠나자!",VJ,,https://map.kakao.com/?q=댕냥별 제주신화월드
2313,댕댕놀이터,,NORTH,EXPERIENCE,체험 활동 관광지,,제주시 외도동,33.4919382,126.4369959,제주특별자치도 제주시 도근내길 56,https://api.cdn.visitjeju.net/photomng/imgpath/202212/15/016879d9-ee6a-4cb3-b5cc-c312f625168f.webp,"댕댕놀이터는 내도동에 위치하여 반려동물의 미용, 유치원, 호텔을 운영하는 곳이다.","댕댕놀이터는 내도동에 위치하여 반려동물의 미용, 유치원, 호텔을 운영하는 곳이다.",VJ,,https://map.kakao.com/?q=댕댕놀이터
2314,댕댕샤워 애견미용실,,WEST,EXPERIENCE,체험 활동 관광지,,제주시 애월읍,33.4828037,126.4147774,제주특별자치도 제주시 애월읍 하귀9길 54-8,https://api.cdn.visitjeju.net/photomng/imgpath/202212/15/59b6b56e-d4fd-474b-b45a-086e815433c1.webp,댕댕샤워는 애월읍 하귀리에 위치한 반려동물 미용실 및 유치원이다.,댕댕샤워는 애월읍 하귀리에 위치한 반려동물 미용실 및 유치원이다.,VJ,,https://map.kakao.com/?q=댕댕샤워 애견미용실
2315,더 시에나 제주 컨트리클럽,,NORTH,EXPERIENCE,체험 활동 관광지,,제주시 아라동,33.4495251,126.5743285,제주특별자치도 제주시 516로 2695,https://api.cdn.visitjeju.net/photomng/imgpath/201804/30/af2bef84-dd24-40bb-aaec-ac7b33d663ca.webp,한라산을 배경으로 태평양을 바라보며 즐기는 골프,한라산을 배경으로 태평양을 바라보며 즐기는 골프,VJ,,https://map.kakao.com/?q=더 시에나 제주 컨트리클럽
2316,더 아일랜더,,NORTH,COMMERCIAL,상업지구,,제주시 삼도2동,33.5123949,126.5213604,제주특별자치도 제주시 관덕로4길 7,https://tong.visitkorea.or.kr/cms/resource/49/4074849_image2_1.jpg,2013년 제주의 원도심에서 시작한 더 아일랜더는 제주 기념품을 중심으로 다양한 상품을 선보이는 감각적인 셀렉샵이다.,"2013년 제주의 원도심에서 시작한 더 아일랜더는 제주 기념품을 중심으로 다양한 상품을 선보이는 감각적인 셀렉샵이다. 제주 기념품뿐 아니라 국내외의 트렌디한 디자인 소품까지 함께 구매할 수 있으며, 아기자기한 소품들이 어우러져 구경하는 재미를 더한다. 총 2개 층으로 운영되는 매장의 1층에서는 제주 아트상품과 사진엽서, 간식 등 지역의 특색을 가득 담은 다채로운 로컬 상품을 판매하고 있다. 이어지는 2층 공간에서는 더 아일랜더에서 직접 제작한 감성적인 모자와 티셔츠를 비롯해 디자인 문구류, 안경 등의 차별화된 패션 소품을 만나볼 수 있다.",TOUR,,https://map.kakao.com/?q=더 아일랜더
2317,더마카트,,WEST,EXPERIENCE,체험 활동 관광지,,제주시 한림읍,33.355522,126.24203,제주특별자치도 제주시 한림읍 월림7길 155,https://api.cdn.visitjeju.net/photomng/imgpath/201804/30/6a98c266-ad2f-4d75-aaa8-fc3f3e119ec9.webp,빼어난 자연경관과 함께 도내 최대규모의 카트체험장,빼어난 자연경관과 함께 도내 최대규모의 카트체험장,VJ,,https://map.kakao.com/?q=더마카트
2318,더펫츠,,NORTH,NATURE,자연관광지,,제주시 노형동,33.4650954,126.4847851,제주특별자치도 제주시 1100로 3124,https://api.cdn.visitjeju.net/photomng/imgpath/202212/16/b1382d3d-6cfe-45a3-b464-b500543edb7e.webp,더펫츠는 사랑스럽고 귀여운 고양이와 함께하는 고양이 카페다.,더펫츠는 사랑스럽고 귀여운 고양이와 함께하는 고양이 카페다.,VJ,,https://map.kakao.com/?q=더펫츠
2319,더한섬하우스 제주점,,NORTH,COMMERCIAL,상업지구,,제주시 오라동,33.4817165,126.5089355,제주특별자치도 제주시 연북로 257 (오라이동),https://tong.visitkorea.or.kr/cms/resource/35/4024235_image2_1.jpg,더한섬하우스는 한섬의 다양한 프리미엄 브랜드들을 한곳에서 경험할 수 있는 고품격 컨셉 스토어입니다.,더한섬하우스는 한섬의 다양한 프리미엄 브랜드들을 한곳에서 경험할 수 있는 고품격 컨셉 스토어입니다. 엄선된 큐레이션과 차별화된 라운지 서비스를 통해 고객들에게 세련된 패션 라이프스타일을 제안합니다.,TOUR,,https://map.kakao.com/?q=더한섬하우스 제주점
2320,덕천곤충 영농조합,,EAST,EXPERIENCE,체험 활동 관광지,,제주시 구좌읍,33.4828732,126.7482507,제주특별자치도 제주시 구좌읍 중산간동로 1875,https://api.cdn.visitjeju.net/photomng/imgpath/202306/16/ae69baa2-1366-4b51-9f5a-e8ca3e0120f3.webp,제주에 살고 있는 다양한 곤충과 파충류를 만나볼 수 있는 곳,제주에 살고 있는 다양한 곤충과 파충류를 만나볼 수 있는 곳,VJ,,https://map.kakao.com/?q=덕천곤충 영농조합
2321,덩굴원농업회사법인,,EAST,EXPERIENCE,체험 활동 관광지,,제주시 조천읍,33.4861712,126.7055211,제주특별자치도 제주시 조천읍 선교로 159-19 (선흘리) 1층,https://api.cdn.visitjeju.net/photomng/imgpath/202405/22/eed9e7c1-f90c-4ca4-beaf-b4efb75936c8.jpg,우리나라에 자생하는 수많은 덩굴식물을 모아 놓은 덩굴식물원,우리나라에 자생하는 수많은 덩굴식물을 모아 놓은 덩굴식물원,VJ,,https://map.kakao.com/?q=덩굴원농업회사법인
2322,데상트 서귀포점,,SOUTH,COMMERCIAL,상업지구,,서귀포시 정방동,33.2481932,126.5657275,제주특별자치도 서귀포시 중정로 88 (서귀동),https://tong.visitkorea.or.kr/cms/resource/44/4017144_image2_1.jpg,"데상트는 일본에서 시작된 글로벌 스포츠 브랜드로, 기능성과 퍼포먼스를 극대화한 고급 스포츠웨어를 제공합니다.","데상트는 일본에서 시작된 글로벌 스포츠 브랜드로, 기능성과 퍼포먼스를 극대화한 고급 스포츠웨어를 제공합니다. 한국 시장에서도 뛰어난 기술력과 감각적인 제품 디자인으로 인기를 끌고 있으며, 제품군은 아웃도어와 일상 모두에서 활용이 가능합니다.",TOUR,,https://map.kakao.com/?q=데상트 서귀포점
2323,데상트 신제주점,,NORTH,COMMERCIAL,상업지구,,제주시 연동,33.4867842,126.4896796,제주특별자치도 제주시 신광로 60 (연동),https://tong.visitkorea.or.kr/cms/resource/40/4020340_image2_1.png,"데상트는 일본에서 시작된 글로벌 스포츠 브랜드로, 기능성과 퍼포먼스를 극대화한 고급 스포츠웨어를 제공합니다.","데상트는 일본에서 시작된 글로벌 스포츠 브랜드로, 기능성과 퍼포먼스를 극대화한 고급 스포츠웨어를 제공합니다. 한국 시장에서도 뛰어난 기술력과 감각적인 제품 디자인으로 인기를 끌고 있으며, 제품군은 아웃도어와 일상 모두에서 활용이 가능합니다.",TOUR,,https://map.kakao.com/?q=데상트 신제주점
2324,데일리스티치,,EAST,COMMERCIAL,상업지구,,제주시 조천읍,33.5419995,126.6640605,제주특별자치도 제주시 조천읍 함덕16길 52-1,https://api.cdn.visitjeju.net/photomng/imgpath/202404/24/abdbfe1e-aef0-411e-884f-fbcf3a6cd098.webp,함덕 바다에서 살짝 떨어진 조용한 마을에 숨겨진 소품샵,함덕 바다에서 살짝 떨어진 조용한 마을에 숨겨진 소품샵,VJ,,https://map.kakao.com/?q=데일리스티치
2325,뎁스원 프리다이빙센터,,WEST,EXPERIENCE,체험 활동 관광지,,제주시 한림읍,33.3962638,126.2432389,제주특별자치도 제주시 한림읍 한림로 375,https://api.cdn.visitjeju.net/photomng/imgpath/202306/16/5ac9bc0a-0048-4d7d-bf54-fd2b05547db7.webp,전문적으로 프리다이빙을 배워볼 수 있는 곳,전문적으로 프리다이빙을 배워볼 수 있는 곳,VJ,관광지인지 확인(도서관·교회·골프 등),https://map.kakao.com/?q=뎁스원 프리다이빙센터
2326,도곤도곤 애견미용실,,NORTH,EXPERIENCE,체험 활동 관광지,,제주시 연동,33.4920452,126.488127,제주특별자치도 제주시 성신로1길 21,https://api.cdn.visitjeju.net/photomng/imgpath/202212/15/bdd9caea-507a-48da-ac45-d3892f09e19f.webp,"도곤도곤 애견미용실은 소형견(말티즈, 포메, 푸들, 요키, 시츄 등)과 중형견(비숑, 베들, 스피츠, 슈나 등)이 미용을 할 수 있는 곳이다.","도곤도곤 애견미용실은 소형견(말티즈, 포메, 푸들, 요키, 시츄 등)과 중형견(비숑, 베들, 스피츠, 슈나 등)이 미용을 할 수 있는 곳이다.",VJ,,https://map.kakao.com/?q=도곤도곤 애견미용실
2327,도그렉스,,EAST,EXPERIENCE,체험 활동 관광지,,제주시 조천읍,33.5361446,126.6497198,제주특별자치도 제주시 조천읍 함조길 8 나동,https://api.cdn.visitjeju.net/photomng/imgpath/202609/22/20714ea9-0718-4c67-b7f1-4e0d82069f09.jpg,반려견 전용 복합 힐링 공간 '도그렉스(Dogrex)',반려견 전용 복합 힐링 공간 '도그렉스(Dogrex)',VJ,,https://map.kakao.com/?q=도그렉스
2328,도그앤캣,,SOUTH,EXPERIENCE,체험 활동 관광지,,서귀포시 서홍동,33.2639577,126.5507293,제주특별자치도 서귀포시 홍중로 119-2  601동 107호,https://api.cdn.visitjeju.net/photomng/imgpath/202212/15/7c3a8ebb-7808-438a-9d30-6152f27fd362.webp,도그앤켓은 서귀포시 서홍동에 위치한 반려동물 미용실이다.,도그앤켓은 서귀포시 서홍동에 위치한 반려동물 미용실이다.,VJ,,https://map.kakao.com/?q=도그앤캣
2329,도깨비장군활터 제1활터,,NORTH,EXPERIENCE,체험 활동 관광지,,제주시 연동,33.4511084,126.4872373,제주특별자치도 제주시 1100로 2894-63 (노형동),https://api.cdn.visitjeju.net/photomng/imgpath/202405/31/5b3b98c2-341a-4b6f-95f7-2e3ef7df8a3b.webp,국가공인 체육지도사 지도 하에 전통활 국궁과 올림픽 양궁 종목을 즐길 수 있는 체험장,국가공인 체육지도사 지도 하에 전통활 국궁과 올림픽 양궁 종목을 즐길 수 있는 체험장,VJ,,https://map.kakao.com/?q=도깨비장군활터 제1활터
2330,도너리오름,,WEST,NATURE,자연관광지,,서귀포시 안덕면,33.3243995,126.3320882,제주특별자치도 서귀포시 안덕면 한창로 775 일대,https://tong.visitkorea.or.kr/cms/resource/70/3477170_image2_1.jpg,안덕면 동광리와 한림읍 금악리의 경계에 걸쳐져 있다.,"안덕면 동광리와 한림읍 금악리의 경계에 걸쳐져 있다. 한창로 정물오름 앞을 지나는 곧게 뻗어있는 경사진 도로의 중간지점에서 목장으로 진입하는 길이 나 있으며 옹포리 공동목장 입구의 철제대문을 지나면 집 한 채가 있는데 그 뒤편으로 오름 정상까지 올라갈 수 있다. 이 오름은 두 개의 화구를 가진 복합형으로 하나는 북서쪽으로 깊고 넓게 벌어진 말굽형 화구로 화구 내에는 자연림의 울창한 숲을 이룬 것이 구좌읍 체오름의 화구모양과 비슷하며 또 하나는 정상 동단에 깔때기 모양의 원형 화구가 급경사로 패어 있다. 분화구를 도리암메(둥근 분화구)라고 하는데, 이때의 도는 원을 뜻하는 중세 국어이자 제주도 방언이고, 또한 암메는 굼부리(분화구)를 뜻하는 제주도 방언이다. 또한 움부리는 굼부리로 화산분출로 생긴 움푹한 구멍으로 제주의 많은 오름에서 움부리를 볼 수 있다. 또 도너리란 명칭의 유래도 굼부리 바깥쪽이 넓게 벌어진 데서 도(어귀)가 널찍하다 하여 도너리오름이라 하며 돝내린오름은 옛날 산돝(멧돼지)이 내려왔다는데 유래된 이름이라 하며 오름의 북쪽 자락에서 동쪽 자락까지는 울창한 수림지대로서 곶자왈을 이루고 있으며 주변에는 제주 남이섬, 성이시돌목장, 오설록 등이 있다.",TOUR,,https://map.kakao.com/?q=도너리오름
2331,도도펫,,NORTH,EXPERIENCE,체험 활동 관광지,,제주시 외도동,33.4854023,126.4339576,제주특별자치도 제주시 우령8길 63-16,https://api.cdn.visitjeju.net/photomng/imgpath/202212/15/0922b10e-b2dc-4ac4-b77d-5140ee052a19.webp,"도도펫은 제주 외도에 위치한 반려견샵으로 강아지 미용과 호쿠도 마이크로버블 탄산스파 (피부보습, 민감성 피부, 아토피), 호텔링이 가능한 곳이…","도도펫은 제주 외도에 위치한 반려견샵으로 강아지 미용과 호쿠도 마이크로버블 탄산스파 (피부보습, 민감성 피부, 아토피), 호텔링이 가능한 곳이다.",VJ,,https://map.kakao.com/?q=도도펫
2332,도두몰 제주소품샵 제주공항점,,NORTH,COMMERCIAL,상업지구,,제주시 도두동,33.510641,126.4834761,제주특별자치도 제주시 서해안로 360,https://api.cdn.visitjeju.net/photomng/imgpath/202306/13/a005bca3-c02c-466b-92c5-94dad3e46204.webp,도두 해안도로에 위치한 기념품샵,도두 해안도로에 위치한 기념품샵,VJ,,https://map.kakao.com/?q=도두몰 제주소품샵 제주공항점
2333,도두슈퍼마켓,,NORTH,COMMERCIAL,상업지구,,제주시 도두동,33.5029732,126.4639915,제주특별자치도 제주시 서해안로 135 1층,https://api.cdn.visitjeju.net/photomng/imgpath/202511/05/3446f109-64ed-4526-b9ed-f3f7caa0f277.webp,"도두 무지개 해안도로 옆, 아기자기한 감성의 소품샵","도두 무지개 해안도로 옆, 아기자기한 감성의 소품샵",VJ,,https://map.kakao.com/?q=도두슈퍼마켓
2334,도두오래물,,NORTH,LEISURE,레저·스포츠 관련 시설,,제주시 도두동,33.5043899,126.4671347,제주특별자치도 제주시 서해안로 170,https://api.cdn.visitjeju.net/photomng/imgpath/201807/31/6846c694-6893-4d77-88b3-75eb4fdbf665.webp,깊은 땅속에서 솟아오르는 용천수로 물의 양이 풍부하고 수질이 좋기로 유명해 마을을 상징하는 명물,깊은 땅속에서 솟아오르는 용천수로 물의 양이 풍부하고 수질이 좋기로 유명해 마을을 상징하는 명물,VJ,,https://map.kakao.com/?q=도두오래물
2335,도두추억애거리,,NORTH,COMMERCIAL,상업지구,,제주시 도두동,33.505996,126.4657678,제주특별자치도 제주시 도공로 3-3,https://api.cdn.visitjeju.net/photomng/imgpath/201812/19/106788de-e412-49de-912c-c3aa7a068f96.webp,동심을 자극하는벽화와 조형물들이 있는 도두동 추억애(愛)거리.,동심을 자극하는벽화와 조형물들이 있는 도두동 추억애(愛)거리.,VJ,,https://map.kakao.com/?q=도두추억애거리
2336,도두항,,NORTH,COMMERCIAL,상업지구,,제주시 도두동,33.507725,126.466576,제주특별자치도 제주시 도공로 2,https://api.cdn.visitjeju.net/photomng/imgpath/202111/22/8fa4adab-fa8b-46d5-a83a-10bbf7df632b.webp,제주공항과 가까운 낚시하기 좋은 포구,제주공항과 가까운 낚시하기 좋은 포구,VJ+TOUR,,https://map.kakao.com/?q=도두항
2337,도령모루(도령마루),,NORTH,CULTURE,문화시설,,제주시 용담2동,33.498802,126.5004299,제주특별자치도 제주시 서광로 35,https://api.cdn.visitjeju.net/photomng/imgpath/201804/30/5c0bc73b-8cfc-4218-8d3e-3037259dc07f.webp,4.3 당시 많은 사람이 희생당한 도령마루(제주시 7호 광장 일대),4.3 당시 많은 사람이 희생당한 도령마루(제주시 7호 광장 일대),VJ,,https://map.kakao.com/?q=도령모루(도령마루)
2338,도리미오름,,EAST,NATURE,자연관광지,,제주시 구좌읍,33.431633,126.77203,제주특별자치도 제주시 구좌읍 송당리 산 255-1,https://api.cdn.visitjeju.net/photomng/imgpath/201804/30/9147c7e4-512c-4a05-aa9c-b2c13c3c425d.webp,능선을 거닐면서 한없는 안식을 얻을 수 있는 도리미오름,능선을 거닐면서 한없는 안식을 얻을 수 있는 도리미오름,VJ+TOUR,,https://map.kakao.com/?q=도리미오름
2339,도솔촌,,SOUTH,COMMERCIAL,상업지구,,서귀포시 효돈동,33.2659014,126.6008636,제주특별자치도 서귀포시 칠십리로 647-13,https://api.cdn.visitjeju.net/photomng/imgpath/202211/14/ef943db7-ff9f-483f-abdd-bb8f37f24db6.webp,한번 맛보면 멈출 수 없는 감귤 과즐,한번 맛보면 멈출 수 없는 감귤 과즐,VJ,,https://map.kakao.com/?q=도솔촌
2340,도순다원,,SOUTH,NATURE,자연관광지,,서귀포시 대천동,33.273037,126.48306,제주특별자치도 서귀포시 중산간서로356번길 152-41,https://api.cdn.visitjeju.net/photomng/imgpath/201804/30/2941ef8c-e56e-449d-8540-d907e17bb3ae.webp,녹차밭과 어우러진 한라산의 모습을 볼 수 있는 곳,녹차밭과 어우러진 한라산의 모습을 볼 수 있는 곳,VJ,,https://map.kakao.com/?q=도순다원
2341,도시해녀,,WEST,EXPERIENCE,체험 활동 관광지,,제주시 애월읍,33.4842463,126.4026164,제주특별자치도 제주시 애월읍 하귀미수포길 16-1,https://api.cdn.visitjeju.net/photomng/imgpath/202305/30/5e388aab-b8a9-4895-8205-a4aac0c1742c.webp,제주의 해녀가 되는 특별한 경험,제주의 해녀가 되는 특별한 경험,VJ+TOUR,,https://map.kakao.com/?q=도시해녀
2342,도예시선,,EAST,COMMERCIAL,상업지구,,제주시 구좌읍,33.4880673,126.8804954,제주특별자치도 제주시 구좌읍 종달논길 36-18,https://api.cdn.visitjeju.net/photomng/imgpath/201812/19/55c67995-a59f-4c47-8a6f-19eeaa3e7917.webp,도자기 공방과 함께 운영하는 도자기 소품 가게,도자기 공방과 함께 운영하는 도자기 소품 가게,VJ,,https://map.kakao.com/?q=도예시선
2343,도치돌알파카목장,,WEST,EXPERIENCE,체험 활동 관광지,,제주시 애월읍,33.4098961,126.3665965,제주특별자치도 제주시 애월읍 도치돌길 303,https://api.cdn.visitjeju.net/photomng/imgpath/202409/06/3036982b-c609-4e9b-a221-b3737abad2b6.webp,애월 숲속에 자리한 제주 유일의 알파카전문목장,애월 숲속에 자리한 제주 유일의 알파카전문목장,VJ+TOUR,,https://map.kakao.com/?q=도치돌알파카목장
2344,도토리숲 제주점,,EAST,CULTURE,문화시설,,제주시 구좌읍,33.4361829,126.7331199,제주특별자치도 제주시 구좌읍 대천서길 16,https://api.cdn.visitjeju.net/photomng/imgpath/202407/23/aaca339b-5f0f-4e2b-a41c-3e36f0f7bcbd.webp,스튜디오 지브리를 제주에서....,스튜디오 지브리를 제주에서.... ‘도토리숲 제주점’,VJ,,https://map.kakao.com/?q=도토리숲 제주점
2345,독자봉,,EAST,NATURE,자연관광지,,서귀포시 성산읍,33.3877114,126.8541774,제주특별자치도 서귀포시 성산읍 신산리 1785,https://api.cdn.visitjeju.net/photomng/imgpath/201804/30/1a983f50-2fda-43f3-9cd3-a81328bbfa48.webp,20분이면 둘러볼 수 있는 편안한 오름,20분이면 둘러볼 수 있는 편안한 오름,VJ,,https://map.kakao.com/?q=독자봉
2346,돈내코,,SOUTH,EXPERIENCE,체험 활동 관광지,,서귀포시 영천동,33.3011703,126.5847327,제주특별자치도 서귀포시 돈내코로 128-1,https://api.cdn.visitjeju.net/photomng/imgpath/202408/16/653e65b3-4a92-46d3-8a39-69929ce21de4.webp,"상록수림으로 둘러싸인 시원한 계곡, 물맞이 명소 '돈내코'","상록수림으로 둘러싸인 시원한 계곡, 물맞이 명소 '돈내코'",VJ,,https://map.kakao.com/?q=돈내코
2347,돈대산,,NORTH,NATURE,자연관광지,,제주시 추자면,33.9489287,126.3207352,제주특별자치도 제주시 추자면 예초리 산 67-1,https://api.cdn.visitjeju.net/photomng/imgpath/201804/30/1225067f-31f9-46ff-9cda-e9eb79b386c0.webp,제주 해협의 추자군도를 구성하는 하추자도 북부에 있으며 추자군도에서 가장 높은 산,제주 해협의 추자군도를 구성하는 하추자도 북부에 있으며 추자군도에서 가장 높은 산,VJ,,https://map.kakao.com/?q=돈대산
2348,돌낭예술원,,SOUTH,CULTURE,문화시설,,서귀포시 남원읍,33.3210848,126.6548304,제주특별자치도 서귀포시 남원읍 서성로 544-35 (위미리) 돌낭예술원,https://api.cdn.visitjeju.net/photomng/imgpath/202501/15/e74c36f8-2bf0-482d-8fb8-ed5a026122d0.webp,"40년간 준비한 쉼과 휴식,회복을 드리는 정원, 돌낭예술원입니다.","40년간 준비한 쉼과 휴식,회복을 드리는 정원, 돌낭예술원입니다.",VJ+TOUR,,https://map.kakao.com/?q=돌낭예술원
2349,돌멩이 소품샵,,SOUTH,COMMERCIAL,상업지구,,서귀포시 중앙동,33.2497834,126.5636145,제주특별자치도 서귀포시 중앙로54번길 38 2층,https://api.cdn.visitjeju.net/photomng/imgpath/202609/23/9563b91a-5150-49db-8542-00b3d2a596ab.png,서귀포올레시장에서 즐기는 기념품 쇼핑,서귀포올레시장에서 즐기는 기념품 쇼핑,VJ,,https://map.kakao.com/?q=돌멩이 소품샵
2350,돌코롱,,WEST,COMMERCIAL,상업지구,,서귀포시 대정읍,33.119938,126.26721,제주특별자치도 서귀포시 대정읍 마라로 41,https://api.cdn.visitjeju.net/photomng/imgpath/201804/30/2fb93639-df61-45f5-b174-18f3efe25c21.webp,마라도에서 정통 한과를 제조 판매하는 돌코롱입니다.,마라도에서 정통 한과를 제조 판매하는 돌코롱입니다.,VJ,,https://map.kakao.com/?q=돌코롱
2351,돌하르방미술관,,EAST,CULTURE,문화시설,,제주시 조천읍,33.5396036,126.6896606,제주특별자치도 제주시 조천읍 북촌서1길 70,https://tong.visitkorea.or.kr/cms/resource/99/3077599_image2_1.jpg,돌하르방미술관은 제주시 조천읍에 위치한 미술관이다.,"돌하르방미술관은 제주시 조천읍에 위치한 미술관이다. 이곳은 제주 토박이 김남흥 원장이 15년 이상의 세월 동안 개인의 힘으로 일구어온 생명과 평화의 공원이자 문화와 예술을 담은 공원이다. 도 내외에 흩어져 있는 48기의 돌하르방을 원형 그대로 재현해 전시하고 있을 뿐만 아니라 현대적인 해석으로 탄생한 다양한 형태의 돌하르방과 250여 개의 조형물들을 공원 곳곳에서 야외 전시하고 있다. 또, 곶자왈 산책길에서는 각종 양치식물과 청미래덩굴, 자귀나무, 꾸지뽕나무 등 다양한 수목을 관찰할 수 있어 살아 숨 쉬는 자연을 그대로 접할 수 있다.",TOUR,,https://map.kakao.com/?q=돌하르방미술관
2352,돌하르방캠핑장,,WEST,LEISURE,레저·스포츠 관련 시설,,제주시 한경면,33.323902,126.23916,제주특별자치도 제주시 한경면 낙수로 271-40,https://api.cdn.visitjeju.net/photomng/imgpath/201804/30/9b423124-958a-475c-af70-33a2492469ef.webp,제주 서쪽의 판포리를 지나 한경면 청수리에 위치한 제주 돌하르방 캠핑장.,"제주 서쪽의 판포리를 지나 한경면 청수리에 위치한 제주 돌하르방 캠핑장. 
한경면에 위치하고 있어 바다의 염분과 습기가 닿지 않은 곳으로 
숲이 선사해 주는 맑고 쾌적한 공기와 함께 캠핑을 즐겨볼 수 있는 곳입니다.",VJ+TOUR,,https://map.kakao.com/?q=돌하르방캠핑장
2353,돔박이오름 (동박악),,WEST,NATURE,자연관광지,,서귀포시 안덕면,33.3394248,126.364176,제주특별자치도 서귀포시 안덕면 광평리 산 89,https://api.cdn.visitjeju.net/photomng/imgpath/201804/30/cce7772d-0d07-4860-ac5c-33b8dc9bd8e8.webp,키 큰 억새들의 오름,키 큰 억새들의 오름,VJ,,https://map.kakao.com/?q=돔박이오름 (동박악)
2354,돔베낭골,,SOUTH,NATURE,자연관광지,,서귀포시 대륜동,33.238617,126.53255,제주특별자치도 서귀포시 호근동,https://api.cdn.visitjeju.net/photomng/imgpath/201804/30/e0db628f-15c1-456b-bd66-27b81c628925.webp,기암 절벽과 훤히 트인 바다의 경치를 볼 수 있는 곳,기암 절벽과 훤히 트인 바다의 경치를 볼 수 있는 곳,VJ,,https://map.kakao.com/?q=돔베낭골
2355,돔베낭길,,SOUTH,TRAIL,산책로·둘레길,,서귀포시 대륜동,33.239983,126.53188,제주특별자치도 서귀포시 태평로92번길 49,https://api.cdn.visitjeju.net/photomng/imgpath/201804/30/6910e4e3-3935-4b43-8e39-16a8481115de.webp,제주에서 가장 아름다운 해안 산책길,제주에서 가장 아름다운 해안 산책길,VJ,,https://map.kakao.com/?q=돔베낭길
2356,동거문이오름,,EAST,NATURE,자연관광지,,제주시 구좌읍,33.449257,126.806145,제주특별자치도 제주시 구좌읍 종달리 산 70,https://api.cdn.visitjeju.net/photomng/imgpath/202112/06/6040f24a-7c53-4d28-8c4a-dd5aac108f38.webp,사면으로 뻗어나가는 거미집 모양의 오름,사면으로 뻗어나가는 거미집 모양의 오름,VJ,,https://map.kakao.com/?q=동거문이오름
2357,동계 정온 유허비,,WEST,CULTURE,문화시설,,서귀포시 대정읍,33.250454,126.27403,제주특별자치도 서귀포시 대정읍 보성리 1629-1 일대,https://api.cdn.visitjeju.net/photomng/imgpath/201804/30/9055a7ba-63aa-481a-a086-da8c4ca2afc7.webp,"제주 오현의 한사람, 동계 정온 선생의 유허비","제주 오현의 한사람, 동계 정온 선생의 유허비",VJ,,https://map.kakao.com/?q=동계 정온 유허비
2358,동귀방파제,,WEST,NATURE,자연관광지,,제주시 애월읍,33.4622313,126.4171977,제주특별자치도 제주시 애월읍 하귀리,https://api.cdn.visitjeju.net/photomng/imgpath/201807/26/eee95939-8c78-47d2-b2da-97f95f04f619.webp,하귀입구 사거리에서 포구 방향으로 가면 보이는 조그마한 방파제,하귀입구 사거리에서 포구 방향으로 가면 보이는 조그마한 방파제,VJ,,https://map.kakao.com/?q=동귀방파제
2359,동문공설시장,,NORTH,COMMERCIAL,상업지구,,제주시 일도1동,33.5125255,126.5281986,제주특별자치도 제주시 일도일동 1144-28,https://tong.visitkorea.or.kr/cms/resource/88/4068088_image2_1.jpg,제주동문공설시장은 제주에서 오랜 역사를 자랑하는 재래시장 중 하나인 동문재래시장과 연결되어 있어 전통적인 제주 분위기를 느낄 수 있는 명소이다.,"제주동문공설시장은 제주에서 오랜 역사를 자랑하는 재래시장 중 하나인 동문재래시장과 연결되어 있어 전통적인 제주 분위기를 느낄 수 있는 명소이다. 감귤, 옥돔, 갈치 등 제주 특산품을 비롯해 흑돼지, 고기국수, 오메기떡 등 지역의 전통 음식도 다양하게 즐길 수 있는 장소이다. 공항으로 가는 길에 들러 선물이나 기념품을 구매하기에 매우 편리하다. 이 때문에 많은 여행객들이 일정의 마지막에 이곳을 방문하곤 한다. 제주동문공설시장은 여러 방송 프로그램에 소개된 바 있으며, 인근에는 삼성혈, 제주 성지, 제주 원도심 등 함께 둘러보기 좋은 관광지도 위치해 있어 여행 코스로도 좋다.",TOUR,,https://map.kakao.com/?q=동문공설시장
2360,동문수산시장,,NORTH,COMMERCIAL,상업지구,,제주시 이도1동,33.512669,126.5262495,제주특별자치도 제주시 관덕로 64-1,https://api.cdn.visitjeju.net/photomng/imgpath/202008/21/c8599b08-4c73-4b24-b1c0-7addb1e717c8.webp,제주 최대 규모의 수산물 전문시장,제주 최대 규모의 수산물 전문시장,VJ,,https://map.kakao.com/?q=동문수산시장
2361,동백동산,,EAST,NATURE,자연관광지,,제주시 조천읍,33.5123497,126.7072644,제주특별자치도 제주시 조천읍 선흘리 산 12,https://api.cdn.visitjeju.net/photomng/imgpath/202111/10/63cb68a3-eedf-41cf-b1da-57d33c65bd7b.webp,조천읍 선흘리에 위치한 동백동산은 제주 생태체험관광의 또 다른 명소이다.,조천읍 선흘리에 위치한 동백동산은 제주 생태체험관광의 또 다른 명소이다. 화산 폭발 후 흘러내린 용암이 쪼개지면서 형성된 곶자왈은 넓은 연못이 만들어지기에 어려운 구조다. 하지만 용암이 식을 때 부서지지 않고 판형으로 남아있는 지형에서는 물이 빠져 내려가지 않고 고여 있게 된다. 이를 ‘파호이호이용암’이라 부르며 제주에서는 동백동산이 유일하다.,VJ,,https://map.kakao.com/?q=동백동산
2362,동백동산,,EAST,NATURE,자연관광지,,제주시 조천읍,33.5098,126.7155,제주특별자치도 제주시 조천읍 동백로 77,https://tong.visitkorea.or.kr/cms/resource/79/2585079_image2_1.jpg,조천읍 선흘리에 위치한 동백동산은 제주 생태관광의 또 다른 명소이다.,"조천읍 선흘리에 위치한 동백동산은 제주 생태관광의 또 다른 명소이다. 동백동산은 생태적 우수성을 인정받아 2011년에는 람사르 습지로, 2014년에는 세계지질공원 명소로 지정되었다. 화산 폭발 후 흘러내린 용암이 쪼개지면서 형성된 제주의 숲, 곶자왈은 물이 고이는 습지가 만들어지기 어려운 구조다. 하지만 동백동산은 용암이 판형으로 남아 물이 빠져 내려가지 않고 고여 있게 된다. 이를 파호이호이용암이라 부르며 이 용암으로 습지와 동굴, 그리고 용암언덕 튜물러스가 만들어져 숲을 이룬다. 전국 최대 상록수림인 동백동산 안에는 사철 마르지 않는 습지, 먼물깍을 만날 수 있는데 마을과 멀리 떨어져 있다 해서 먼물의 의미와 끝을 일컫는 깍이 합쳐진 이름이다. 먼물깍은 다양한 수생식물과 곤충 및 양서류가 서식하는 생명의 보고이다. 돌덩이가 되어버린 불덩이, 서로 의지하며 키를 키우고 있는 나무와 덩굴, 건강한 생태계 속에 깃들여 사는 무수한 생명들, 그곳이 동백동산이다.",TOUR,,https://map.kakao.com/?q=동백동산
2363,동백포레스트,,SOUTH,NATURE,자연관광지,,서귀포시 남원읍,33.3330338,126.6180657,제주특별자치도 서귀포시 남원읍 생기악로 53-38,https://api.cdn.visitjeju.net/photomng/imgpath/201812/14/21a91d34-7787-423a-9b19-4047b7bbedf0.webp,사진찍기 좋은 신례리 동백나무 군락지,사진찍기 좋은 신례리 동백나무 군락지,VJ,,https://map.kakao.com/?q=동백포레스트
2364,동복환해장성,,EAST,CULTURE,문화시설,,제주시 구좌읍,33.53544,126.71806,제주특별자치도 제주시 구좌읍 동복리,https://api.cdn.visitjeju.net/photomng/imgpath/201804/30/23bb3a3b-f646-4d38-ae51-33bfdcbc57c8.webp,외구 침입에 대비해 쌓은 동복 환해 장성,외구 침입에 대비해 쌓은 동복 환해 장성,VJ,,https://map.kakao.com/?q=동복환해장성
2365,동부농원,,EAST,COMMERCIAL,상업지구,,서귀포시 성산읍,33.4429313,126.8862291,제주특별자치도 서귀포시 성산읍 서성일로 1007,https://tong.visitkorea.or.kr/cms/resource/05/3477505_image2_1.jpg,"제주 서귀포시 성산읍에 위치한 동부농원은 직접 재배한 감귤, 한라봉, 천혜향, 황금향 등을 판매하고 있다.","제주 서귀포시 성산읍에 위치한 동부농원은 직접 재배한 감귤, 한라봉, 천혜향, 황금향 등을 판매하고 있다. 중개상의 개입 없는 저렴한 가격의 맛있는 감귤을 구비하고 있으며 전국 택배 주문도 가능하다. 귤 따기 체험도 하고 있으며, 직접 딴 귤은 판매 비용으로 대체한다. 성산일출봉에서 제주시 방향으로 가는 길 수산리 오른쪽 방향 중간 지점으로 방문하면 된다. 
주변 가볼 만한 곳으로는 제주 커피박물관, 남제주 억새오름길, 짱구네 유채꽃밭이 있다.",TOUR,,https://map.kakao.com/?q=동부농원
2366,동산농원,,WEST,EXPERIENCE,체험 활동 관광지,,제주시 한경면,33.333553,126.24605,제주특별자치도 제주시 한경면 저지리 1448-2,https://api.cdn.visitjeju.net/photomng/imgpath/202112/10/c392aab3-2a8f-4fb0-9eae-f8c3c32033c0.webp,제주시 한경면 저지리에 위치한 딸기체험장,제주시 한경면 저지리에 위치한 딸기체험장,VJ,,https://map.kakao.com/?q=동산농원
2367,동안경굴,,EAST,NATURE,자연관광지,,제주시 우도면,33.49634,126.96676,제주특별자치도 제주시 우도면,https://api.cdn.visitjeju.net/photomng/imgpath/202112/06/9bbfb3c0-215f-4211-83c5-3fbe4c55710c.webp,우도 8경 중 7경에 속하는 검은 모래가 있는 해안과 특이한 지형의 검멀레동굴,우도 8경 중 7경에 속하는 검은 모래가 있는 해안과 특이한 지형의 검멀레동굴,VJ,,https://map.kakao.com/?q=동안경굴
2368,동알오름,,WEST,NATURE,자연관광지,,서귀포시 대정읍,33.207508,126.28816,제주특별자치도 서귀포시 대정읍 상모리 153,https://api.cdn.visitjeju.net/photomng/imgpath/201804/30/5a9fb3de-c52e-453c-b85e-37cacd348016.webp,한 폭의 그림과같은 경치를 간직한 동알오름,한 폭의 그림과같은 경치를 간직한 동알오름,VJ,,https://map.kakao.com/?q=동알오름
2369,동일리포구,,WEST,CULTURE,문화시설,,서귀포시 대정읍,33.225437,126.24133,제주특별자치도 서귀포시 대정읍 동일리,https://api.cdn.visitjeju.net/photomng/imgpath/201804/30/42db019e-2074-4c09-8073-91ee20e9ec0c.webp,정겨움 가득한 마을과 동일리포구,정겨움 가득한 마을과 동일리포구,VJ+TOUR,,https://map.kakao.com/?q=동일리포구
2370,돛오름,,NORTH,NATURE,자연관광지,,제주시 이도2동,33.499622,126.53119,제주특별자치도 제주시 구좌읍 송당리 산 3,https://api.cdn.visitjeju.net/photomng/imgpath/201804/30/1091ec48-7f86-4560-a987-ea8dca0a4549.webp,비자림을 안고 있는 돛오름,비자림을 안고 있는 돛오름,VJ,,https://map.kakao.com/?q=돛오름
2371,두맹이골목,,NORTH,NATURE,자연관광지,,제주시 일도2동,33.51202,126.53499,제주특별자치도 제주시 동문로16길 17-4,https://api.cdn.visitjeju.net/photomng/imgpath/202111/25/8f6e28bc-4422-4817-9ae7-a8bc5ff8de53.webp,옛추억을 꺼내주는 제주의 벽화마을,옛추억을 꺼내주는 제주의 벽화마을,VJ+TOUR,,https://map.kakao.com/?q=두맹이골목
2372,두머니물공원,,SOUTH,NATURE,자연관광지,,서귀포시 대륜동,33.231,126.5073,제주특별자치도 서귀포시 법환동 1534,https://tong.visitkorea.or.kr/cms/resource/54/3559554_image2_1.jpg,서귀포시에 위치한 두머니물공원은 범섬이 보이는 작은 규모의 공원이다.,"서귀포시에 위치한 두머니물공원은 범섬이 보이는 작은 규모의 공원이다. 법환마을과 강정마을의 경계선에 있는데 역사적 고증이 없어 확실하게는 알지 못하나 두면이(頭面怡) 물이라 해서 머리 두, 낯 면, 화할 이로 풀이하고 있다. 경계에 위치해 사소한 이해관계로 충돌이 생길 수 있어 상호 조심스럽게 대하는데, 책임자 또는 상군들이 만나 인사를 나누고 화합을 다지는 장소이기도 하다. 그래서 두면이물이라고도 불려지고 있다. 공원에서 걷기 시작하면 오른쪽으로 바다가 펼쳐지는데 대표적으로는 범섬이 보이며 멀리있는 섶섬과 문섬도 볼 수 있다. 봄에는 유채꽃이 피어 더욱 아름다우며, 겨울에는 일출과 일몰이 잘보이는 명소이기도 해서 많은 사람들이 방문하고 있다.",TOUR,,https://map.kakao.com/?q=두머니물공원
2373,두산봉(말미오름),,EAST,NATURE,자연관광지,,서귀포시 성산읍,33.4795086,126.8841474,제주특별자치도 서귀포시 성산읍 시흥리 산 1-5,https://api.cdn.visitjeju.net/photomng/imgpath/202112/01/de800f68-9d34-472b-bcb9-5a697cca35e4.webp,올레1코스의 마스코트 두산봉,올레1코스의 마스코트 두산봉,VJ+TOUR,,https://map.kakao.com/?q=두산봉(말미오름)
2374,둔지봉,,EAST,TRAIL,산책로·둘레길,,제주시 구좌읍,33.50136,126.79464,제주특별자치도 제주시 구좌읍 한동리 산 35-2,https://api.cdn.visitjeju.net/photomng/imgpath/201907/29/1184805a-d761-4d03-a9d1-5e96684d3342.webp,제주도를 한눈에 내려다볼 수 있는 둔지봉,제주도를 한눈에 내려다볼 수 있는 둔지봉,VJ+TOUR,주소를 좌표로 다시 구함,https://map.kakao.com/?q=둔지봉
2375,뒤굽은이오름,,EAST,NATURE,자연관광지,,서귀포시 성산읍,33.4311079,126.8272555,제주특별자치도 서귀포시 성산읍 수산리 4504,https://api.cdn.visitjeju.net/photomng/imgpath/201908/21/e2e6a47f-c12a-4512-a41e-81198356dc69.webp,뒤가 굽은 오름이라는 뜻으로 후곡악이라고 부르는 오름,뒤가 굽은 오름이라는 뜻으로 후곡악이라고 부르는 오름,VJ,,https://map.kakao.com/?q=뒤굽은이오름
2376,뒤굽은이오름,,EAST,NATURE,자연관광지,,제주시 구좌읍,33.4797309,126.7671136,제주특별자치도 제주시 구좌읍 송당리,https://tong.visitkorea.or.kr/cms/resource/22/3526922_image2_1.jpg,"뒤꾸부니오름, 후곡악(後曲岳) 등 여러 별칭이 있는 뒤굽은이오름은 뒷부분이 구부러진 오름이라는 데에서 유래했다.","뒤꾸부니오름, 후곡악(後曲岳) 등 여러 별칭이 있는 뒤굽은이오름은 뒷부분이 구부러진 오름이라는 데에서 유래했다. 남쪽으로는 구부러지고 북쪽으로 벌어진 굼부리를 가지고 있다. 제주 오름의 중심지인 송당마을에서 도보로도 접근이 쉽다. 북쪽으로 입구가 벌어진 말굽형 분화구가 있으며 넓은 분화구가 전체적으로 침식된 상태이다. 오름 대부분이 풀밭으로 덮여 있으며 북서쪽 일부 비탈면에만 인공적으로 심은 삼나무, 편백, 해송 등이 우거져 있다. 오름의 입구에서 정상까지는 약 10분이 걸리나 오르는 길에 따라 가파른 곳도 존재한다. 이정표가 존재하지 않으므로 오름의 전체적인 형태를 한눈에 바라보며 정상을 찾아 길을 올라야 한다. 정상에서는 제주 동부권의 랜드마크인 다랑쉬오름, 돝오름, 용눈이오름 등을 조망할 수 있다.",TOUR,,https://map.kakao.com/?q=뒤굽은이오름
2377,뒹굴개,,NORTH,EXPERIENCE,체험 활동 관광지,,제주시 연동,33.489578,126.4944603,제주특별자치도 제주시 삼무로 74,https://api.cdn.visitjeju.net/photomng/imgpath/202308/22/6677d249-26a5-4bc5-aa07-f3d724e6f36a.webp,뒹굴개는 반려견들이 편안하게 뒹굴 수 있는 공간을 의미한다.,뒹굴개는 반려견들이 편안하게 뒹굴 수 있는 공간을 의미한다.,VJ,,https://map.kakao.com/?q=뒹굴개
2378,듀엘 신세계사이먼프리미엄 아울렛 제주점,,WEST,COMMERCIAL,상업지구,,서귀포시 안덕면,33.3049727,126.316352,제주특별자치도 서귀포시 안덕면 신화역사로304번길 38 B1층,https://tong.visitkorea.or.kr/cms/resource/06/4024206_image2_1.jpg,듀엘(DEWL)은 상반된 두 가지 가치의 조화를 통해 새로운 스타일을 제안하는 듀얼 컨템포러리 브랜드입니다.,"듀엘(DEWL)은 상반된 두 가지 가치의 조화를 통해 새로운 스타일을 제안하는 듀얼 컨템포러리 브랜드입니다. 클래식과 트렌드, 우아함과 매니시함을 넘나드는 디자인으로 패션에 민감한 여성들에게 영감을 줍니다.",TOUR,,https://map.kakao.com/?q=듀엘 신세계사이먼프리미엄 아울렛 제주점
2379,드르쿰다 제주 상효점,,SOUTH,EXPERIENCE,체험 활동 관광지,,서귀포시 영천동,33.3037607,126.598499,제주특별자치도 서귀포시 516로 619,https://api.cdn.visitjeju.net/photomng/imgpath/202607/16/e11f7502-d892-4e88-af88-ecd6570ddacf.jpg,516도로에 위치한 드르쿰다 상효점은 한라산 숲길과 제주 자연을 바라보며 직접 로스팅한 커피를 즐길 수 있는 숲속 로스터리 카페.,516도로에 위치한 드르쿰다 상효점은 한라산 숲길과 제주 자연을 바라보며 직접 로스팅한 커피를 즐길 수 있는 숲속 로스터리 카페. 제주 여행 중 여유롭게 쉬어가기 좋은 서귀포 카페,VJ,,https://map.kakao.com/?q=드르쿰다 제주 상효점
2380,들랑,,NORTH,NATURE,자연관광지,,제주시 건입동,33.5163726,126.5262563,제주특별자치도 제주시 임항로 14,https://api.cdn.visitjeju.net/photomng/imgpath/202311/22/a78cee96-31d5-4410-89f1-e164950891d6.webp,제주에서 명상을 경험하며 마음의 평온을 찾는 곳,제주에서 명상을 경험하며 마음의 평온을 찾는 곳,VJ,,https://map.kakao.com/?q=들랑
2381,들렁모루동산,,SOUTH,NATURE,자연관광지,,서귀포시 서홍동,33.282448,126.54274,제주특별자치도 서귀포시 서홍동 2437,https://api.cdn.visitjeju.net/photomng/imgpath/201804/30/207664d0-c182-4e26-a9a6-d9402ca8a74f.webp,한라산과 서귀포바다를 볼수 있는 짧은 숲속산책길,한라산과 서귀포바다를 볼수 있는 짧은 숲속산책길,VJ,,https://map.kakao.com/?q=들렁모루동산
2382,디스이즈네버댓 제주점,,NORTH,COMMERCIAL,상업지구,,제주시 일도1동,33.5149764,126.5262037,제주특별자치도 제주시 중앙로7길 13-1 (일도일동),https://tong.visitkorea.or.kr/cms/resource/98/4024898_image2_1.jpg,디스이즈네버댓(thisisneverthat)은 서울을 기반으로 글로벌 스트릿 패션 트렌드를 주도하는 대표적인 라이프스타일 브랜드입니다.,디스이즈네버댓(thisisneverthat)은 서울을 기반으로 글로벌 스트릿 패션 트렌드를 주도하는 대표적인 라이프스타일 브랜드입니다. 90년대 빈티지 무드를 현대적으로 재해석한 독창적인 디자인으로 전 세계 젊은 세대의 열광적인 지지를 얻고 있습니다.,TOUR,,https://map.kakao.com/?q=디스이즈네버댓 제주점
2383,디스커버리 신제주점,,NORTH,COMMERCIAL,상업지구,,제주시 연동,33.4887403,126.4898464,제주특별자치도 제주시 신광로 38 (연동) 1층,https://tong.visitkorea.or.kr/cms/resource/09/4043209_image2_1.jpg,"디스커버리는 탐험 정신을 기반으로 한 글로벌 아웃도어 브랜드로, 내구성과 디자인을 동시에 만족시키는 제품을 제공합니다.","디스커버리는 탐험 정신을 기반으로 한 글로벌 아웃도어 브랜드로, 내구성과 디자인을 동시에 만족시키는 제품을 제공합니다. 트렌디한 감각과 기능성을 겸비해 젊은 세대에게 인기가 높으며, 아웃도어 활동과 일상 생활 모두에 적합합니다.",TOUR,,https://map.kakao.com/?q=디스커버리 신제주점
2384,디스커버리 제주점,,NORTH,COMMERCIAL,상업지구,,제주시 일도1동,33.5152427,126.5256912,제주특별자치도 제주시 관덕로11길 24 (일도일동),https://tong.visitkorea.or.kr/cms/resource/64/4020364_image2_1.jpg,"디스커버리는 탐험 정신을 기반으로 한 글로벌 아웃도어 브랜드로, 내구성과 디자인을 동시에 만족시키는 제품을 제공합니다.","디스커버리는 탐험 정신을 기반으로 한 글로벌 아웃도어 브랜드로, 내구성과 디자인을 동시에 만족시키는 제품을 제공합니다. 트렌디한 감각과 기능성을 겸비해 젊은 세대에게 인기가 높으며, 아웃도어 활동과 일상 생활 모두에 적합합니다.",TOUR,,https://map.kakao.com/?q=디스커버리 제주점
2385,디아넥스 파크골프,,WEST,EXPERIENCE,체험 활동 관광지,,서귀포시 안덕면,33.305763,126.38885,제주특별자치도 서귀포시 안덕면 산록남로 762번길 71,https://api.cdn.visitjeju.net/photomng/imgpath/201804/30/55d71cbb-3e6d-47d9-862a-b5ea68aa442c.webp,"제주도 푸른 잔디 위에서 펼쳐지는 이색 Outdoor Activity 미니 그라운드 골프 ""골프탕탕""","제주도 푸른 잔디 위에서 펼쳐지는 이색 Outdoor Activity 미니 그라운드 골프 ""골프탕탕""",VJ,관광지인지 확인(도서관·교회·골프 등),https://map.kakao.com/?q=디아넥스 파크골프
2386,디어브리즈,,EAST,COMMERCIAL,상업지구,,제주시 구좌읍,33.5547725,126.7940828,제주특별자치도 제주시 구좌읍 월정3길 42,https://api.cdn.visitjeju.net/photomng/imgpath/202306/30/4b68e566-d6c6-416c-8bf9-dbdee0c9397f.webp,제주 감성을 담은 유니크한 소풉숍,제주 감성을 담은 유니크한 소풉숍,VJ+TOUR,,https://map.kakao.com/?q=디어브리즈
2387,디어펫,,NORTH,EXPERIENCE,체험 활동 관광지,,제주시 연동,33.4764981,126.4883789,제주특별자치도 제주시 과원로 47,https://api.cdn.visitjeju.net/photomng/imgpath/202212/15/fb119fc5-46a7-41b4-898a-9e06b7292e13.webp,디어펫은 제주시 연동에 위치한 반려동물 미용실이다.,디어펫은 제주시 연동에 위치한 반려동물 미용실이다.,VJ,,https://map.kakao.com/?q=디어펫
2388,디오니스토어제주점,,NORTH,COMMERCIAL,상업지구,,제주시 노형동,33.4923434,126.4736281,제주특별자치도 제주시 월광로 149,https://api.cdn.visitjeju.net/photomng/imgpath/202306/13/f31bdc70-1ef0-4d64-a85d-0a48226acf52.webp,와인을 닮은 버건디 색상의 공간,와인을 닮은 버건디 색상의 공간,VJ,,https://map.kakao.com/?q=디오니스토어제주점
2389,디자인에이비,,WEST,COMMERCIAL,상업지구,,제주시 한경면,33.3630264,126.2015472,제주특별자치도 제주시 한경면 판포4길 22,https://api.cdn.visitjeju.net/photomng/imgpath/201804/30/fabb80e2-0895-4c53-b7fa-49e08ca765d7.webp,제주 콘텐츠 디자인 상품을 개발 및 판매하는 디자인에이비,제주 콘텐츠 디자인 상품을 개발 및 판매하는 디자인에이비,VJ,,https://map.kakao.com/?q=디자인에이비
2390,디퍼프리다이브 제주,,SOUTH,EXPERIENCE,체험 활동 관광지,,서귀포시 정방동,33.2451378,126.5700092,제주특별자치도 서귀포시 칠십리로 157,https://api.cdn.visitjeju.net/photomng/imgpath/202306/16/d1fdd873-5276-4058-bbff-1521733c5339.webp,체계적인 프리다이빙 프로그램을 토대로 이론과 해양 다이빙을 배울 수 있는 곳,체계적인 프리다이빙 프로그램을 토대로 이론과 해양 다이빙을 배울 수 있는 곳,VJ,,https://map.kakao.com/?q=디퍼프리다이브 제주
2391,떠오르길·김녕 바닷길,,EAST,TRAIL,산책로·둘레길,,제주시 구좌읍,33.557892,126.7488802,제주특별자치도 제주시 구좌읍 김녕로1길 51-3,https://tong.visitkorea.or.kr/cms/resource/47/4054647_image2_1.jpg,떠오르길은 에메랄드빛 바다 위 갈라진 초록 카펫의 바닷길에서 멋진 사진을 남길 수 있는 명소이다.,"떠오르길은 에메랄드빛 바다 위 갈라진 초록 카펫의 바닷길에서 멋진 사진을 남길 수 있는 명소이다. 이 길은 제주도 해녀들이 물질을 쉽게 할 수 있도록 인공으로 만든 바닷길이라고 한다. 이곳은 간조 시간 때마다 생겨나는 곳으로 김녕 물때를 검색해서 간조 시간을 꼭 확인하고 가야 한다. 따로 주소가 등록되어 있지 않기 때문에 봉지동복지회관(제주시 구좌읍 김녕로 1길 51-3)으로 검색하여 찾아가면 된다. 바닷물이 완전히 빠져 있을 때 보다 살짝 찰랑거릴 때 바다로 걸어 들어가는 체험을 할 수 있다.

(출처 : 비짓제주)",TOUR,,https://map.kakao.com/?q=떠오르길·김녕 바닷길
2392,뚜띠콜로리 뮤제오,,WEST,COMMERCIAL,상업지구,,제주시 애월읍,33.4519201,126.3898006,제주특별자치도 제주시 애월읍 장전로 109-12,https://api.cdn.visitjeju.net/photomng/imgpath/202306/30/ad7a8e82-41d8-4c23-97c7-3144936c69a2.webp,제주의 색을 담은 라이프스타일 소품샵,제주의 색을 담은 라이프스타일 소품샵,VJ+TOUR,,https://map.kakao.com/?q=뚜띠콜로리 뮤제오
2393,라바북스,,SOUTH,COMMERCIAL,상업지구,,서귀포시 남원읍,33.274437,126.6569,제주특별자치도 서귀포시 남원읍 태위로 87 1층,https://api.cdn.visitjeju.net/photomng/imgpath/201804/30/c19fe8df-e7f0-4ed6-9a3f-066d1777919b.webp,제주 자연 속 감성을 찾을 수 있는 곳,제주 자연 속 감성을 찾을 수 있는 곳,VJ,,https://map.kakao.com/?q=라바북스
2394,라신동,,WEST,CULTURE,문화시설,,제주시 한림읍,33.431778,126.290634,제주특별자치도 제주시 한림읍 귀덕리,https://api.cdn.visitjeju.net/photomng/imgpath/201804/30/be30929d-87a3-4498-bd86-a863fe061865.webp,· 올레15코스,· 올레15코스,VJ,,https://map.kakao.com/?q=라신동
2395,라온CC골프연습장,,WEST,EXPERIENCE,체험 활동 관광지,,제주시 한경면,33.3448687,126.2782452,제주특별자치도 제주시 한경면 용금로 998,https://api.cdn.visitjeju.net/photomng/imgpath/202112/10/f0c45fe9-e63a-4afe-9be0-12875831aec6.webp,타이거우즈가 격찬하고 콜린 몽고메리가 설계한 제주서부의 명품 골프클럽,타이거우즈가 격찬하고 콜린 몽고메리가 설계한 제주서부의 명품 골프클럽,VJ,관광지인지 확인(도서관·교회·골프 등),https://map.kakao.com/?q=라온CC골프연습장
2396,라온골프클럽,,WEST,LEISURE,레저·스포츠 관련 시설,,제주시 한경면,33.3394666,126.2742873,제주특별자치도 제주시 한경면 용금로 998,https://tong.visitkorea.or.kr/cms/resource/90/1950490_image2_1.jpg,"라온골프클럽은 제주에서 환상적인 라운딩을 꿈꾸는 골퍼들에게 유일한 핸디캡인 제주 눈, 안개, 바람의 영향이 가장 적은 곳이다.","라온골프클럽은 제주에서 환상적인 라운딩을 꿈꾸는 골퍼들에게 유일한 핸디캡인 제주 눈, 안개, 바람의 영향이 가장 적은 곳이다. 세계적인 극상림 지대의 천연 난대림 속에 위치해 코스 설계에서부터 시공에 이르기까지 원시 자연 그대로 보전하였다. 스톤, 레이크, 파인 세 코스는 돌, 호수, 소나무에 의해 저마다 독특하고 개성 있는 풍광을 자랑한다. 한라산과 사방 7개의 오름, 그리고 제주의 푸른 바다가 절묘한 조화를 이룬 환상적인 코스이다.",TOUR,관광지인지 확인(도서관·교회·골프 등),https://map.kakao.com/?q=라온골프클럽
2397,라온랜드,,WEST,EXPERIENCE,체험 활동 관광지,,제주시 한림읍,33.355453,126.2419,제주특별자치도 제주시 한림읍 월림7길 155,https://api.cdn.visitjeju.net/photomng/imgpath/202112/07/06ea0727-38aa-42ff-87b8-4b2378a3d090.webp,국제규격의 승마시설을 갖춘 제주서부의 명품승마클럽.,국제규격의 승마시설을 갖춘 제주서부의 명품승마클럽. 초보자부터 전문가까지 아우르는 승마시설 보유,VJ,,https://map.kakao.com/?q=라온랜드
2398,라온명품관,,WEST,COMMERCIAL,상업지구,,제주시 한림읍,33.3760556,126.2441268,제주특별자치도 제주시 한림읍 금능남로 127,https://api.cdn.visitjeju.net/photomng/imgpath/201808/28/ec9a34d0-94e3-4527-bc24-e876252eeff6.webp,제주시 한림읍에 위치한 명품쇼핑관,제주시 한림읍에 위치한 명품쇼핑관,VJ,,https://map.kakao.com/?q=라온명품관
2399,라이크더윈드 스튜디오,,EAST,EXPERIENCE,체험 활동 관광지,,제주시 구좌읍,33.5232671,126.8570277,제주특별자치도 제주시 구좌읍 구좌로 51,https://api.cdn.visitjeju.net/photomng/imgpath/202306/18/53688fb2-d132-4820-a87b-a6bd9388a85f.webp,유니크하고 예쁜 스테인드글라스 체험,유니크하고 예쁜 스테인드글라스 체험,VJ,관광지인지 확인(도서관·교회·골프 등),https://map.kakao.com/?q=라이크더윈드 스튜디오
2400,라이프워크 메가스토어 서귀포점,,SOUTH,COMMERCIAL,상업지구,,서귀포시 동홍동,33.2536577,126.5618329,제주특별자치도 서귀포시 일주동로 8670 (동홍동),https://tong.visitkorea.or.kr/cms/resource/83/4042383_image2_1.png,라이프워크는 강렬한 캐릭터 '라독' 로고로 유명한 유니크 스트릿 캐주얼 브랜드입니다.,라이프워크는 강렬한 캐릭터 '라독' 로고로 유명한 유니크 스트릿 캐주얼 브랜드입니다. 스포티한 감성에 힙한 스트릿 무드를 더한 디자인의 의류를 통해 자신만의 개성을 당당하게 표현하는 젊은 세대의 지지를 받습니다.,TOUR,,https://map.kakao.com/?q=라이프워크 메가스토어 서귀포점
2401,라이프워크 메가스토어 애월점,,WEST,COMMERCIAL,상업지구,,제주시 애월읍,33.4664627,126.3336777,제주특별자치도 제주시 애월읍 애월해안로 202,https://tong.visitkorea.or.kr/cms/resource/32/4042632_image2_1.jpg,라이프워크는 강렬한 캐릭터 '라독' 로고로 유명한 유니크 스트릿 캐주얼 브랜드입니다.,라이프워크는 강렬한 캐릭터 '라독' 로고로 유명한 유니크 스트릿 캐주얼 브랜드입니다. 스포티한 감성에 힙한 스트릿 무드를 더한 디자인의 의류를 통해 자신만의 개성을 당당하게 표현하는 젊은 세대의 지지를 받습니다.,TOUR,,https://map.kakao.com/?q=라이프워크 메가스토어 애월점
2402,라이프워크 메가스토어 제주점,,WEST,COMMERCIAL,상업지구,,서귀포시 안덕면,33.229588,126.3085478,제주특별자치도 서귀포시 안덕면 사계남로 186-8,https://api.cdn.visitjeju.net/photomng/imgpath/202306/13/fd296194-d5e7-4489-99a0-9cc61d0c682d.webp,사계리의 상징 산방산과 최남단 해안이 한눈에 들어오는 카페 겸 의류·잡화점,사계리의 상징 산방산과 최남단 해안이 한눈에 들어오는 카페 겸 의류·잡화점,VJ+TOUR,,https://map.kakao.com/?q=라이프워크 메가스토어 제주점
2403,라이프워크 신세계사이먼프리미엄 아울렛 제주점,,WEST,COMMERCIAL,상업지구,,서귀포시 안덕면,33.3049727,126.316352,제주특별자치도 서귀포시 안덕면 신화역사로304번길 38 B1층,https://tong.visitkorea.or.kr/cms/resource/11/4024211_image2_1.jpg,라이프워크는 강렬한 캐릭터 '라독' 로고로 유명한 유니크 스트릿 캐주얼 브랜드입니다.,라이프워크는 강렬한 캐릭터 '라독' 로고로 유명한 유니크 스트릿 캐주얼 브랜드입니다. 스포티한 감성에 힙한 스트릿 무드를 더한 디자인의 의류를 통해 자신만의 개성을 당당하게 표현하는 젊은 세대의 지지를 받습니다.,TOUR,,https://map.kakao.com/?q=라이프워크 신세계사이먼프리미엄 아울렛 제주점
2404,라이프워크 제주탑동직영점,,NORTH,COMMERCIAL,상업지구,,제주시 일도1동,33.5156716,126.5257055,제주특별자치도 제주시 관덕로11길 30 (일도일동),https://tong.visitkorea.or.kr/cms/resource/90/4042390_image2_1.png,라이프워크는 강렬한 캐릭터 '라독' 로고로 유명한 유니크 스트릿 캐주얼 브랜드입니다.,라이프워크는 강렬한 캐릭터 '라독' 로고로 유명한 유니크 스트릿 캐주얼 브랜드입니다. 스포티한 감성에 힙한 스트릿 무드를 더한 디자인의 의류를 통해 자신만의 개성을 당당하게 표현하는 젊은 세대의 지지를 받습니다.,TOUR,,https://map.kakao.com/?q=라이프워크 제주탑동직영점
2405,라코스테 신제주점,,NORTH,COMMERCIAL,상업지구,,제주시 연동,33.4863096,126.489762,제주특별자치도 제주시 신광로 66 (연동),https://tong.visitkorea.or.kr/cms/resource/39/4020339_image2_1.jpg,라코스테는 프랑스의 우아함과 스포티한 감성이 결합된 프리미엄 패션 브랜드입니다.,라코스테는 프랑스의 우아함과 스포티한 감성이 결합된 프리미엄 패션 브랜드입니다. 상징적인 피케 셔츠를 비롯해 고급스러운 소재와 정제된 실루엣의 제품들을 선보이며 전 세계적으로 시대를 초월한 사랑을 받고 있습니다.,TOUR,,https://map.kakao.com/?q=라코스테 신제주점
2406,라코스테 제주점,,NORTH,COMMERCIAL,상업지구,,제주시 일도1동,33.5138408,126.5255827,제주특별자치도 제주시 관덕로11길 8 (일도일동),https://tong.visitkorea.or.kr/cms/resource/75/4041875_image2_1.jpeg,라코스테는 프랑스의 우아함과 스포티한 감성이 결합된 프리미엄 패션 브랜드입니다.,라코스테는 프랑스의 우아함과 스포티한 감성이 결합된 프리미엄 패션 브랜드입니다. 상징적인 피케 셔츠를 비롯해 고급스러운 소재와 정제된 실루엣의 제품들을 선보이며 전 세계적으로 시대를 초월한 사랑을 받고 있습니다.,TOUR,,https://map.kakao.com/?q=라코스테 제주점
2407,락볼링장 아이존액트,,WEST,EXPERIENCE,체험 활동 관광지,,서귀포시 안덕면,33.3038299,126.3147293,제주특별자치도 서귀포시 안덕면 신화역사로304번길 98,https://api.cdn.visitjeju.net/photomng/imgpath/202609/11/18a48ab1-0974-4a80-a3f5-d4f3644e41a8.jpg,GD의 감성이 담긴 엔터테이닝 볼링펍.,GD의 감성이 담긴 엔터테이닝 볼링펍.,VJ,,https://map.kakao.com/?q=락볼링장 아이존액트
2408,란나 선물가게,,WEST,COMMERCIAL,상업지구,,서귀포시 안덕면,33.2487383,126.3224032,제주특별자치도 서귀포시 안덕면 화순로 230,https://api.cdn.visitjeju.net/photomng/imgpath/202306/13/c52d76d4-4818-42ba-8af5-a8e72025cf85.webp,안목 있는 사장님의 핸드메이드 소품숍,안목 있는 사장님의 핸드메이드 소품숍,VJ,,https://map.kakao.com/?q=란나 선물가게
2409,랜드로바 신제주점,,NORTH,COMMERCIAL,상업지구,,제주시 연동,33.4893768,126.4903483,제주특별자치도 제주시 신광로 31 (연동),https://tong.visitkorea.or.kr/cms/resource/78/4042378_image2_1.png,랜드로바는 금강제화가 선보이는 대한민국 대표 캐주얼 슈즈 브랜드입니다.,"랜드로바는 금강제화가 선보이는 대한민국 대표 캐주얼 슈즈 브랜드입니다. '편안한 발이 행복한 삶을 만든다'는 철학을 바탕으로, 인체공학적 설계와 우수한 소재를 사용하여 일상에서 최상의 착화감을 제공합니다. 세련된 디자인과 견고한 내구성으로 전 연령층에게 오랫동안 사랑받고 있는 국민 브랜드입니다.",TOUR,,https://map.kakao.com/?q=랜드로바 신제주점
2410,러블리독스,,NORTH,NATURE,자연관광지,,제주시 이도2동,33.4924788,126.5487385,제주특별자치도 제주시 연북로 668,https://api.cdn.visitjeju.net/photomng/imgpath/202212/15/0924394d-c64a-4542-9b30-c101eb5c8551.webp,러블리독스는 제주 시내에 위치한 애견 카페다.,러블리독스는 제주 시내에 위치한 애견 카페다.,VJ,,https://map.kakao.com/?q=러블리독스
2411,러블리제주 애월,,WEST,COMMERCIAL,상업지구,,제주시 애월읍,33.4819259,126.375227,제주특별자치도 제주시 애월읍 애월해안로 686,https://api.cdn.visitjeju.net/photomng/imgpath/202306/30/3a64d76b-6eee-494e-9317-517093f6fe20.webp,구엄리 돌염전 인근의 제주 기념품숍,구엄리 돌염전 인근의 제주 기념품숍,VJ+TOUR,,https://map.kakao.com/?q=러블리제주 애월
2412,러쉬 제주점,,WEST,COMMERCIAL,상업지구,,서귀포시 안덕면,33.2392241,126.3193748,"제주특별자치도 서귀포시 안덕면 산방로 141 (사계리, 원앤온리) 러쉬 제주점",https://api.cdn.visitjeju.net/photomng/imgpath/202410/07/e3b3cea8-2edd-400d-b6f0-cb7e6e88c813.webp,"제주의 바다와 산방산을 품은 러쉬 제주점, 러쉬코리아의 제주도 첫 번째 매장입니다.","제주의 바다와 산방산을 품은 러쉬 제주점, 러쉬코리아의 제주도 첫 번째 매장입니다.",VJ+TOUR,,https://map.kakao.com/?q=러쉬 제주점
2413,런닝맨 제주점,,SOUTH,EXPERIENCE,체험 활동 관광지,,서귀포시 예래동,33.254854,126.4092614,제주특별자치도 서귀포시 중문관광로 42,https://api.cdn.visitjeju.net/photomng/imgpath/202306/18/38cb4a51-5bf0-469d-88ae-577ddb203347.webp,인기 예능프로그램의 주인공이 되는 체험,인기 예능프로그램의 주인공이 되는 체험,VJ,,https://map.kakao.com/?q=런닝맨 제주점
2414,런던다락,,WEST,COMMERCIAL,상업지구,,제주시 한림읍,33.3936402,126.2402946,제주특별자치도 제주시 한림읍 한림로 335,https://api.cdn.visitjeju.net/photomng/imgpath/202306/13/09e903cd-81d3-4d7c-8562-5fac84c8a4c4.webp,협재에 있는 유럽감성 작은 소품숍,협재에 있는 유럽감성 작은 소품숍,VJ,,https://map.kakao.com/?q=런던다락
2415,레노마 골프 제주점,,NORTH,COMMERCIAL,상업지구,,제주시 일도1동,33.5140487,126.5255529,제주특별자치도 제주시 관덕로11길 12 (일도일동),https://tong.visitkorea.or.kr/cms/resource/06/4020406_image2_1.jpg,레노마는 프랑스의 자유로운 감성과 예술적인 감각을 바탕으로 한 글로벌 토털 패션 브랜드입니다.,"레노마는 프랑스의 자유로운 감성과 예술적인 감각을 바탕으로 한 글로벌 토털 패션 브랜드입니다. 세련된 디자인의 의류부터 언더웨어, 수영복까지 폭넓은 카테고리에서 모던하고 품격 있는 라이프스타일을 선보입니다.",TOUR,관광지인지 확인(도서관·교회·골프 등),https://map.kakao.com/?q=레노마 골프 제주점
2416,레노마홈 신제주노형점,,NORTH,COMMERCIAL,상업지구,,제주시 연동,33.4850752,126.496034,"제주특별자치도 제주시 신대로 136 (연동, 코스모스태홍누리안5차아파트)",https://tong.visitkorea.or.kr/cms/resource/74/4020374_image2_1.jpg,레노마홈은 프랑스 레노마의 예술적 감성을 침구와 홈 데코로 풀어낸 토털 홈 리빙 브랜드입니다.,레노마홈은 프랑스 레노마의 예술적 감성을 침구와 홈 데코로 풀어낸 토털 홈 리빙 브랜드입니다. 세련된 패턴과 고품질의 소재를 활용하여 고객의 침실과 거실 공간을 우아하고 편안한 안식처로 바꿔줍니다.,TOUR,,https://map.kakao.com/?q=레노마홈 신제주노형점
2417,레더한가죽공방,,EAST,EXPERIENCE,체험 활동 관광지,,제주시 조천읍,33.5287827,126.6520643,제주특별자치도 제주시 조천읍 조천우회로 399,https://api.cdn.visitjeju.net/photomng/imgpath/201807/19/68dc36c8-6922-4f13-ad60-f1cf7dc275ff.webp,가죽공방으로 주문제작 판매와 교육을 진행하는 곳이다.,가죽공방으로 주문제작 판매와 교육을 진행하는 곳이다.,VJ,,https://map.kakao.com/?q=레더한가죽공방
2418,레이저서바이벌M,,NORTH,EXPERIENCE,체험 활동 관광지,,제주시 연동,33.4870349,126.4897301,제주특별자치도 제주시 신광로 58 4층,https://api.cdn.visitjeju.net/photomng/imgpath/202111/15/09312989-4825-478e-84e5-bdf9f10ee8bd.webp,현실에서 즐기는 실내형 서든어택!,현실에서 즐기는 실내형 서든어택!,VJ,,https://map.kakao.com/?q=레이저서바이벌M
2419,레코브 씨티어브드림즈 제주점,,NORTH,COMMERCIAL,상업지구,,제주시 일도1동,33.5146534,126.5251708,제주특별자치도 제주시 관덕로11길 17 (일도일동) 2층,https://tong.visitkorea.or.kr/cms/resource/26/4045026_image2_1.png,레코브(L'ECCOVE)는 현대 여성의 내추럴한 아름다움과 우아한 실루엣을 강조하는 컨템포러리 여성복 브랜드입니다.,레코브(L'ECCOVE)는 현대 여성의 내추럴한 아름다움과 우아한 실루엣을 강조하는 컨템포러리 여성복 브랜드입니다. 부드러운 소재와 정제된 디자인을 통해 바쁜 일상 속에서도 품격 있는 데일리 룩을 선사합니다.,TOUR,,https://map.kakao.com/?q=레코브 씨티어브드림즈 제주점
2420,렌즈미 신제주점,,NORTH,COMMERCIAL,상업지구,,제주시 연동,33.4886017,126.4898888,제주특별자치도 제주시 신광로 40 (연동),https://tong.visitkorea.or.kr/cms/resource/40/4024240_image2_1.jpeg,렌즈미는 국내 최대 규모의 디자인 렌즈 라인업을 보유한 컬러렌즈 전문 브랜드입니다.,렌즈미는 국내 최대 규모의 디자인 렌즈 라인업을 보유한 컬러렌즈 전문 브랜드입니다. 최신 트렌드를 반영한 다채로운 그래픽 렌즈와 편안한 소재의 제품을 통해 고객들의 눈빛 스타일링을 완성해 줍니다.,TOUR,,https://map.kakao.com/?q=렌즈미 신제주점
2421,렌즈미 에비뉴안경 노형점,,NORTH,COMMERCIAL,상업지구,,제주시 노형동,33.4848372,126.4796056,제주특별자치도 제주시 1100로 3347 (노형동),https://tong.visitkorea.or.kr/cms/resource/41/4024241_image2_1.jpeg,렌즈미는 국내 최대 규모의 디자인 렌즈 라인업을 보유한 컬러렌즈 전문 브랜드입니다.,렌즈미는 국내 최대 규모의 디자인 렌즈 라인업을 보유한 컬러렌즈 전문 브랜드입니다. 최신 트렌드를 반영한 다채로운 그래픽 렌즈와 편안한 소재의 제품을 통해 고객들의 눈빛 스타일링을 완성해 줍니다.,TOUR,,https://map.kakao.com/?q=렌즈미 에비뉴안경 노형점
2422,렛츠런팜,,EAST,NATURE,자연관광지,,제주시 조천읍,33.4130473,126.6755242,제주특별자치도 제주시 조천읍 남조로 1649-24,https://tong.visitkorea.or.kr/cms/resource/32/3061632_image2_1.jpg,렛츠런팜은 한국마사회가 운영하는 종마를 관리하는 목장이다.,"렛츠런팜은 한국마사회가 운영하는 종마를 관리하는 목장이다. 종마란 ‘씨수말’이라는 뜻이다. ​​렛츠런팜에는 200만㎡가 넘는 면적에 씨수말 마사, 동물병원, 씨수말 초지, 실내마장, 말수영장, 실내 원형 마장, 야외 주로 등 말과 관련한 모든 시설들을 운영하고 있다. 관광객들을 위하여 목장 구석구석을 둘러볼 수 있는 트랙터 마차 체험이 3월부터 10월까지 매 주말마다 목장 내 주요시설을 둘러보는 트랙터 마차 투어가 운영되고 있다. 단, 교배시즌에는 전면 출입 금지라서 방문 전 문의가 필요하다. 현재 마사와, 씨수말 방목지, 동물병원 그리고 동백길(목장 올렛길)은 일반인 출입 금지다. 편자를 이용한 럭키 캐쳐 만들기 체험도 진행하고 있다. 잔디광장에 하트 조형물, 메니피 동상 등 이 있어 곳곳에서 사진을 찍을 수 있고 넓은 초지에서 놀고 있는 종마도 볼 수 있다. 여름에는 해바라기 꽃밭을 조성하여 관람할 수 있도록 하였으며 한라산과 붉은오름 등 많은 오름을 조망할 수 있는 한라산 전망대도 있다.",TOUR,,https://map.kakao.com/?q=렛츠런팜
2423,렛츠런팜 양귀비꽃,,EAST,THEME,테마시설,,제주시 조천읍,33.41699,126.681465,제주특별자치도 제주시 조천읍 남조로 1660,https://api.cdn.visitjeju.net/photomng/imgpath/201804/30/37d9b2be-0533-4a91-bf2f-62e51ddd8ab3.webp,렛츠런 팜의 양귀비꽃 핀 모습.,렛츠런 팜의 양귀비꽃 핀 모습.,VJ,,https://map.kakao.com/?q=렛츠런팜 양귀비꽃
2424,로가디스 제주점,,NORTH,COMMERCIAL,상업지구,,제주시 일도1동,33.5136561,126.5241951,제주특별자치도 제주시 칠성로길 10 (일도일동) 1층,https://tong.visitkorea.or.kr/cms/resource/84/4020384_image2_1.jpg,"로가디스는 삼성물산이 운영하는 프리미엄 남성복 브랜드로, 클래식 수트 라인과 모던한 감성을 결합한 세련된 비즈니스룩을 선보입니다.","로가디스는 삼성물산이 운영하는 프리미엄 남성복 브랜드로, 클래식 수트 라인과 모던한 감성을 결합한 세련된 비즈니스룩을 선보입니다. 품격과 실용성을 동시에 갖춘 신사복 스타일을 만나볼 수 있습니다.",TOUR,,https://map.kakao.com/?q=로가디스 제주점
2425,로이드 신제주점,,NORTH,COMMERCIAL,상업지구,,제주시 연동,33.4881295,126.4905642,제주특별자치도 제주시 연동7길 22 (연동),https://tong.visitkorea.or.kr/cms/resource/09/4045709_image2_1.jpg,로이드는 합리적인 가격으로 고급스러운 감성을 즐길 수 있는 기프트 주얼리 브랜드입니다.,로이드는 합리적인 가격으로 고급스러운 감성을 즐길 수 있는 기프트 주얼리 브랜드입니다. 클래식한 시계부터 트렌디한 액세서리까지 폭넓은 라인업을 통해 특별한 순간을 더욱 빛나게 만드는 선물을 제안합니다.,TOUR,,https://map.kakao.com/?q=로이드 신제주점
2426,로이드 제주점,,NORTH,COMMERCIAL,상업지구,,제주시 이도1동,33.5116614,126.5243297,제주특별자치도 제주시 중앙로 74 (이도일동) 1층,https://tong.visitkorea.or.kr/cms/resource/42/4024242_image2_1.jpeg,로이드는 합리적인 가격으로 고급스러운 감성을 즐길 수 있는 기프트 주얼리 브랜드입니다.,로이드는 합리적인 가격으로 고급스러운 감성을 즐길 수 있는 기프트 주얼리 브랜드입니다. 클래식한 시계부터 트렌디한 액세서리까지 폭넓은 라인업을 통해 특별한 순간을 더욱 빛나게 만드는 선물을 제안합니다.,TOUR,,https://map.kakao.com/?q=로이드 제주점
2427,롯데스카이힐제주CC,,SOUTH,EXPERIENCE,체험 활동 관광지,,서귀포시 예래동,33.2845678,126.404932,제주 서귀포시 상예로 530 스카이힐골프장,https://api.cdn.visitjeju.net/photomng/imgpath/201804/30/49851edd-20f3-4a0c-846b-fa4db62fbcc1.webp,서귀포시에 위치한 '로버트 트랜트 주니어'가 설계한 총 36홀로 이루어진 골프장,서귀포시에 위치한 '로버트 트랜트 주니어'가 설계한 총 36홀로 이루어진 골프장,VJ,,https://map.kakao.com/?q=롯데스카이힐제주CC
2428,루씨쏜 아뜰리에,,SOUTH,EXPERIENCE,체험 활동 관광지,,서귀포시 송산동,33.2411975,126.5930741,제주특별자치도 서귀포시 보목로64번길 138 (보목동) 보목로 64번길 138 1층,https://api.cdn.visitjeju.net/photomng/imgpath/202307/26/7328ebb0-50a0-4f22-a3a3-65932952cd3e.webp,켜켜이 쌓아가는 제주민화의 매력을 배우다,켜켜이 쌓아가는 제주민화의 매력을 배우다,VJ,,https://map.kakao.com/?q=루씨쏜 아뜰리에
2429,루이까스텔 서귀포점,,SOUTH,COMMERCIAL,상업지구,,서귀포시 정방동,33.2483906,126.5673348,제주특별자치도 서귀포시 중정로 104 (서귀동),https://tong.visitkorea.or.kr/cms/resource/84/4020084_image2_1.jpg,루이까스텔은 위트 있는 로고와 다채로운 컬러 배색이 돋보이는 프리미엄 골프웨어 브랜드입니다.,루이까스텔은 위트 있는 로고와 다채로운 컬러 배색이 돋보이는 프리미엄 골프웨어 브랜드입니다. 뛰어난 신축성과 기능성 소재를 사용하여 필드에서의 활동성을 극대화하며 스타일리시한 골프 룩을 완성해 줍니다.,TOUR,,https://map.kakao.com/?q=루이까스텔 서귀포점
2430,루이까스텔 신제주점,,NORTH,COMMERCIAL,상업지구,,제주시 노형동,33.4873747,126.4813904,제주특별자치도 제주시 도령로 21 (노형동),https://tong.visitkorea.or.kr/cms/resource/43/4020143_image2_1.jpg,루이까스텔은 위트 있는 로고와 다채로운 컬러 배색이 돋보이는 프리미엄 골프웨어 브랜드입니다.,루이까스텔은 위트 있는 로고와 다채로운 컬러 배색이 돋보이는 프리미엄 골프웨어 브랜드입니다. 뛰어난 신축성과 기능성 소재를 사용하여 필드에서의 활동성을 극대화하며 스타일리시한 골프 룩을 완성해 줍니다.,TOUR,,https://map.kakao.com/?q=루이까스텔 신제주점
2431,루이까스텔 칠성점,,NORTH,COMMERCIAL,상업지구,,제주시 건입동,33.5158895,126.5254732,제주특별자치도 제주시 관덕로11길 31 (건입동),https://tong.visitkorea.or.kr/cms/resource/20/4045020_image2_1.png,루이까스텔은 위트 있는 로고와 다채로운 컬러 배색이 돋보이는 프리미엄 골프웨어 브랜드입니다.,루이까스텔은 위트 있는 로고와 다채로운 컬러 배색이 돋보이는 프리미엄 골프웨어 브랜드입니다. 뛰어난 신축성과 기능성 소재를 사용하여 필드에서의 활동성을 극대화하며 스타일리시한 골프 룩을 완성해 줍니다.,TOUR,,https://map.kakao.com/?q=루이까스텔 칠성점
2432,루인홈,,EAST,COMMERCIAL,상업지구,,제주시 조천읍,33.4891339,126.6677203,제주특별자치도 제주시 조천읍 중산간동로 804-64,https://api.cdn.visitjeju.net/photomng/imgpath/202306/08/9d9f7f77-5175-493c-8dd4-421809cfe28e.webp,조용한 중산간 마을에서 부부가 함께 꾸려가는 핸드메이드 소품가게,조용한 중산간 마을에서 부부가 함께 꾸려가는 핸드메이드 소품가게,VJ,,https://map.kakao.com/?q=루인홈
2433,리복 제주점,,NORTH,COMMERCIAL,상업지구,,제주시 일도1동,33.5135197,126.525675,제주특별자치도 제주시 관덕로11길 4-1 (일도일동),https://tong.visitkorea.or.kr/cms/resource/48/4024248_image2_1.jpeg,리복은 피트니스에 대한 뜨거운 열정을 바탕으로 한 글로벌 스포츠 브랜드입니다.,"리복은 피트니스에 대한 뜨거운 열정을 바탕으로 한 글로벌 스포츠 브랜드입니다. 클래식한 스니커즈 라인부터 고성능 트레이닝 웨어까지, 운동을 즐기는 모든 이들이 한계를 극복할 수 있도록 혁신적인 제품을 제공합니다.",TOUR,,https://map.kakao.com/?q=리복 제주점
2434,리울,,EAST,COMMERCIAL,상업지구,,제주시 구좌읍,33.4946726,126.8930318,제주특별자치도 제주시 구좌읍 일주동로 3698,https://api.cdn.visitjeju.net/photomng/imgpath/202306/13/76329fee-808c-4ad9-b1f2-c6b3a20a39a4.webp,사장님이 손수 그린 제주의 풍경들,사장님이 손수 그린 제주의 풍경들,VJ,,https://map.kakao.com/?q=리울
2435,리틀프린스뮤지엄,,SOUTH,CULTURE,문화시설,,서귀포시 예래동,33.2814107,126.4111118,제주특별자치도 서귀포시 중문관광로110번길 15 리틀프린스뮤지엄,https://api.cdn.visitjeju.net/photomng/imgpath/202212/21/18724a83-d548-4d0a-b1e2-006aa6b067eb.webp,은 전 세계가 사랑하는 이야기 ‘어린 왕자’를 직접 만날 수 있는 국내 유일의 어린 왕자 전시관이다.,은 전 세계가 사랑하는 이야기 ‘어린 왕자’를 직접 만날 수 있는 국내 유일의 어린 왕자 전시관이다.,VJ,,https://map.kakao.com/?q=리틀프린스뮤지엄
2436,링스스포츠,,NORTH,COMMERCIAL,상업지구,,제주시 일도1동,33.5128377,126.5244401,제주특별자치도 제주시 중앙로 60 (일도일동),https://tong.visitkorea.or.kr/cms/resource/19/4024419_image2_1.jpeg,링스스포츠(Lynx Sports)는 오랜 전통과 기술력을 바탕으로 필드 위 최상의 퍼포먼스를 지원하는 정통 스포츠웨어 브랜드입니다.,링스스포츠(Lynx Sports)는 오랜 전통과 기술력을 바탕으로 필드 위 최상의 퍼포먼스를 지원하는 정통 스포츠웨어 브랜드입니다. 고기능성 소재와 클래식한 스포티즘을 결합한 디자인을 통해 스포츠를 즐기는 이들에게 신뢰받는 스타일을 선사합니다.,TOUR,,https://map.kakao.com/?q=링스스포츠
2437,마뗑킴 하고하우스 제주점,,NORTH,COMMERCIAL,상업지구,,제주시 일도1동,33.5156625,126.5252695,제주특별자치도 제주시 중앙로 27-5 (일도일동) 1-2층,https://tong.visitkorea.or.kr/cms/resource/65/4045065_image2_1.png,마뗑킴(Matin Kim)은 현대적인 실루엣과 세련된 무드로 MZ세대의 압도적인 지지를 받는 대한민국 대표 컨템포러리 브랜드입니다.,마뗑킴(Matin Kim)은 현대적인 실루엣과 세련된 무드로 MZ세대의 압도적인 지지를 받는 대한민국 대표 컨템포러리 브랜드입니다. 일상의 멋을 자연스럽게 끌어올려주는 트렌디한 디자인과 높은 퀄리티의 의류를 선보입니다.,TOUR,,https://map.kakao.com/?q=마뗑킴 하고하우스 제주점
2438,마라도 가파도 정기여객선,,WEST,NATURE,자연관광지,,서귀포시 대정읍,33.2100943,126.2583888,제주특별자치도 서귀포시 대정읍 최남단해안로 120,https://tong.visitkorea.or.kr/cms/resource/79/3552479_image2_1.jpg,"마라도 가파도 정기여객선은 우리나라 최남단의 섬 마라도를 알리고, 섬주민과 관광객에게 보다 안전하고 편안한 여객서비스를 제공하고자 운행을 시작…","마라도 가파도 정기여객선은 우리나라 최남단의 섬 마라도를 알리고, 섬주민과 관광객에게 보다 안전하고 편안한 여객서비스를 제공하고자 운행을 시작했다. 2017년 7월 모슬포항(북항)에서 운진항(모슬포 남항)으로 여객항을 이전하여 마라도와 가파도를 정기 운행하고 있다. 계절이나 날씨, 일정 등에 따라 마라도와 가파도를 선택 또는 당일 중복 여행이 가능하다. 수채화를 닮은 여객선과 쾌적한 대합실, 넓은 주차장 등을 갖추고 있다.",TOUR,,https://map.kakao.com/?q=마라도 가파도 정기여객선
2439,마라도가는여객선매표소,,WEST,EXPERIENCE,체험 활동 관광지,,서귀포시 대정읍,33.207476,126.2904973,"제주특별자치도 서귀포시 대정읍 송악관광로 424 (상모리, 마라도유람선매표소) 송악산항여객터미널",https://api.cdn.visitjeju.net/photomng/imgpath/202412/30/f424e78a-f921-41a9-ab95-082cee55591a.webp,송악산항에서 제주해안 절경감상하며 떠나는 국토최남단 마라도여행을 선사합니다.,송악산항에서 제주해안 절경감상하며 떠나는 국토최남단 마라도여행을 선사합니다.,VJ+TOUR,,https://map.kakao.com/?q=마라도가는여객선매표소
2440,마라도정기여객선,,WEST,NATURE,자연관광지,,서귀포시 대정읍,33.2100551,126.2585746,제주특별자치도 서귀포시 대정읍 최남단해안로 120,https://api.cdn.visitjeju.net/photomng/imgpath/202412/04/1d85ec9b-ef63-4432-aded-4bfd52044a14.webp,"가파도, 마라도를 운항하는 정기여객선사 '아름다운 섬나라'","가파도, 마라도를 운항하는 정기여객선사 '아름다운 섬나라'",VJ,,https://map.kakao.com/?q=마라도정기여객선
2441,마라도협동조합,,WEST,EXPERIENCE,체험 활동 관광지,,서귀포시 대정읍,33.1700179,126.271518,제주특별자치도 서귀포시 대정읍 마라로 65,https://api.cdn.visitjeju.net/photomng/imgpath/202011/03/7304b09b-467d-4a97-9fa8-2174465a888a.webp,"최남단 마라도 섬투어는 주민이 직접 안내자 겸 해설사가 되어 무인도 시절부터 지금까지 이어진 마라도의 자연과 문화, 역사, 생활사를 들려주는…","최남단 마라도 섬투어는 주민이 직접 안내자 겸 해설사가 되어 무인도 시절부터 지금까지 이어진 마라도의 자연과 문화, 역사, 생활사를 들려주는 섬투어 프로그램이다. 선착장이 생기기 전, 제주도에서 정기적인 여객선이 왕래하기 이전 시절의 이야기, 마라도 섬 전체의 안녕을 기원하는 할망당의 당문화, 석달 열흘 넘게 꺼지지 않은 불을 피해 바다 건너로 도망친 뱀 이야기 등 마라도에 얽힌 설화와 재미있는 섬 이야기를 주민이 직접 들려주는 해설 프로그램으로 토박이가 아니고서는 알기 힘든 리얼한 스토리를 들을 수 있어 인기가 많다.",VJ,,https://map.kakao.com/?q=마라도협동조합
2442,마르지엄,,SOUTH,COMMERCIAL,상업지구,,서귀포시 남원읍,33.2828962,126.7326726,제주특별자치도 서귀포시 남원읍 남태해안로 285-11,https://api.cdn.visitjeju.net/photomng/imgpath/202306/13/eeed3bbb-a449-4f60-8fbe-39a669128387.webp,유니크한 소품과 풍경화를 만나는 공간,유니크한 소품과 풍경화를 만나는 공간,VJ,,https://map.kakao.com/?q=마르지엄
2443,마리떼프랑스와저버 신제주점,,NORTH,COMMERCIAL,상업지구,,제주시 연동,33.4881155,126.4897397,제주특별자치도 제주시 신광로 44-1 (연동) 1층,https://tong.visitkorea.or.kr/cms/resource/49/4024249_image2_1.jpeg,마리떼프랑스와저버는 프랑스의 데님 헤리티지를 바탕으로 한 하이엔드 유러피안 캐주얼 브랜드입니다.,마리떼프랑스와저버는 프랑스의 데님 헤리티지를 바탕으로 한 하이엔드 유러피안 캐주얼 브랜드입니다. 독창적인 실루엣과 감각적인 로고 디자인을 통해 동시대 젊은 세대의 자유롭고 세련된 스트릿 스타일을 선도합니다.,TOUR,,https://map.kakao.com/?q=마리떼프랑스와저버 신제주점
2444,마복이오름,,WEST,NATURE,자연관광지,,서귀포시 안덕면,33.3193689,126.3923637,제주특별자치도 서귀포시 안덕면 상천리 산 83,https://api.cdn.visitjeju.net/photomng/imgpath/202203/28/d5337dd1-5ace-4e17-bcbf-570eccc8f0a9.webp,마파람이 시원한 마복이 오름,마파람이 시원한 마복이 오름,VJ,,https://map.kakao.com/?q=마복이오름
2445,마야블루,,NORTH,COMMERCIAL,상업지구,,제주시 노형동,33.4895696,126.4785925,제주특별자치도 제주시 월랑로6길 21,https://api.cdn.visitjeju.net/photomng/imgpath/201808/07/dc35d5a5-ba76-481a-88f1-bfb4ed952e1b.webp,마야블루는 제주 시내의 주택가 사이에 작은 간판으로 자신의 존재를 알리고 있다.,마야블루는 제주 시내의 주택가 사이에 작은 간판으로 자신의 존재를 알리고 있다. 이곳은 소품 판매와 함께 공방을 운영하면서 드림캐처와 캔들 등 직접 만들어 볼 수 있는 원데이 클래스도 진행하고 있다,VJ,,https://map.kakao.com/?q=마야블루
2446,마오름(한경),,WEST,NATURE,자연관광지,,제주시 한경면,33.33803,126.24381,제주특별자치도 제주시 한경면 저지리 산 56,https://api.cdn.visitjeju.net/photomng/imgpath/201907/29/e01c5d11-0a8c-49f9-88d7-4586202b30c7.webp,오름의 형태가 말을 닮았다하여 붙여진 마오름,오름의 형태가 말을 닮았다하여 붙여진 마오름,VJ,,https://map.kakao.com/?q=마오름(한경)
2447,마운티아 신제주점,,NORTH,COMMERCIAL,상업지구,,제주시 연동,33.4855979,126.4921038,제주특별자치도 제주시 노연로 112 (연동) 1층,https://tong.visitkorea.or.kr/cms/resource/67/4024267_image2_1.jpeg,마운티아는 합리적인 가격대에 최상의 기능을 담은 실용주의 아웃도어 브랜드입니다.,"마운티아는 합리적인 가격대에 최상의 기능을 담은 실용주의 아웃도어 브랜드입니다. 산행뿐만 아니라 캠핑, 여행 등 다양한 아웃도어 환경에서 편안하고 안전하게 착용할 수 있는 기능성 제품을 선보입니다.",TOUR,,https://map.kakao.com/?q=마운티아 신제주점
2448,마원목장,,EAST,EXPERIENCE,체험 활동 관광지,,제주시 조천읍,33.4911468,126.6998968,제주특별자치도 제주시 조천읍 선흘남4길 264-23,https://api.cdn.visitjeju.net/photomng/imgpath/201804/30/8f7a6fd1-9daa-447b-9fb6-045be7a79b6f.webp,제주의 풍경을 즐기면서 편안하게 말을 탈 수 있는 승마체험,제주의 풍경을 즐기면서 편안하게 말을 탈 수 있는 승마체험,VJ,,https://map.kakao.com/?q=마원목장
2449,마이제주기프트,,NORTH,COMMERCIAL,상업지구,,제주시 연동,33.4901228,126.4905743,제주특별자치도 제주시 삼무로 35 (연동) 1층,https://tong.visitkorea.or.kr/cms/resource/75/4045975_image2_1.png,마이제주기프트는 '나의 제주'를 정성껏 담아 소중한 사람에게 전하는 로컬 선물 전문 브랜드입니다.,마이제주기프트는 '나의 제주'를 정성껏 담아 소중한 사람에게 전하는 로컬 선물 전문 브랜드입니다. 제주의 감성이 묻어나는 프리미엄 특산물과 핸드메이드 소품들을 통해 제주의 진정한 가치와 감동을 전달합니다.,TOUR,,https://map.kakao.com/?q=마이제주기프트
2450,마이피기팬트리,,EAST,COMMERCIAL,상업지구,,제주시 구좌읍,33.5087074,126.8881372,제주특별자치도 제주시 구좌읍 하도13길 6,https://api.cdn.visitjeju.net/photomng/imgpath/202306/30/d7df3388-fb70-4e2a-a459-6a907f377b5e.webp,전 세계 식료품을 한 번에 구경하는 곳,전 세계 식료품을 한 번에 구경하는 곳,VJ,,https://map.kakao.com/?q=마이피기팬트리
2451,마켓오름,,SOUTH,COMMERCIAL,상업지구,,서귀포시 대륜동,33.24605,126.52413,제주특별자치도 서귀포시 이어도로 1061,https://api.cdn.visitjeju.net/photomng/imgpath/201804/30/ee5a421b-bc1a-40ff-bee2-4e2a6ff80665.webp,직접 재배한 다양한 품종의 귤 및 수제식품 판매,직접 재배한 다양한 품종의 귤 및 수제식품 판매,VJ,,https://map.kakao.com/?q=마켓오름
2452,막숙,,SOUTH,NATURE,자연관광지,,서귀포시 대륜동,33.237775,126.5157941,제주특별자치도 서귀포시 막숙포로37번길 2,https://api.cdn.visitjeju.net/photomng/imgpath/201807/31/d21a3dd2-a355-4d27-95f9-2c3d2174d2c1.webp,법환포구 옆 자연 용천수가 흐르는 숨은 명소,법환포구 옆 자연 용천수가 흐르는 숨은 명소,VJ,,https://map.kakao.com/?q=막숙
2453,만두상점,,EAST,COMMERCIAL,상업지구,,제주시 조천읍,33.5335321,126.6756174,제주특별자치도 제주시 조천읍 함덕남14길 6,https://api.cdn.visitjeju.net/photomng/imgpath/202306/13/632ade66-6f3c-45e3-8480-e88a91b3f184.webp,강아지 직원이 맞이해주는 유니크한 제주 소품샵,강아지 직원이 맞이해주는 유니크한 제주 소품샵,VJ,,https://map.kakao.com/?q=만두상점
2454,만벵듸 공동장지,,WEST,CULTURE,문화시설,,제주시 한림읍,33.372179,126.295798,제주특별자치도 제주시 한림읍 갯거리오름길 112,https://api.cdn.visitjeju.net/photomng/imgpath/201804/30/3d2b7694-09e1-43a7-b26c-6ae633e19565.webp,한림지서 예비검속 희생자 유족들이 61구의 시신을 수습하여 안장한 묘역,한림지서 예비검속 희생자 유족들이 61구의 시신을 수습하여 안장한 묘역,VJ,,https://map.kakao.com/?q=만벵듸 공동장지
2455,만춘서점,,EAST,COMMERCIAL,상업지구,,제주시 조천읍,33.54071,126.67343,제주특별자치도 제주시 조천읍 함덕로 9,https://api.cdn.visitjeju.net/photomng/imgpath/201804/30/39d88805-48f1-4d2f-994b-37d9a3570f11.webp,"좋은 책과 좋은 음악이 있는, 작지만 특별한 책방","좋은 책과 좋은 음악이 있는, 작지만 특별한 책방",VJ+TOUR,,https://map.kakao.com/?q=만춘서점
2456,말 테마파크 골프장 (렛츠런파크 제주),,WEST,LEISURE,레저·스포츠 관련 시설,,제주시 애월읍,33.407571,126.395091,제주특별자치도 제주시 애월읍 평화로 2144 (애월읍),https://tong.visitkorea.or.kr/cms/resource/79/4072979_image2_1.jpg,제주경마공원에서 제주 테마파크 조성 사업의 일환으로 도내 대규모의 파크골프장을 개장하게 되었다.,"제주경마공원에서 제주 테마파크 조성 사업의 일환으로 도내 대규모의 파크골프장을 개장하게 되었다. 파크골프는 골프와 게이트볼을 융합한 생활 스포츠로서 어린아이부터 노인에 이르기까지 남녀노소 누구나 함께 즐길 수 있는 가족형 레저 스포츠이다. 제주의 독특한 자연환경, 신앙을 바탕으로 한 오름, 한라산 기암절벽 등을 형상화하고 다양한 야생화로 구성된 학습장이다.",TOUR,관광지인지 확인(도서관·교회·골프 등),https://map.kakao.com/?q=말 테마파크 골프장 (렛츠런파크 제주)
2457,말본골프 서귀포점,,SOUTH,COMMERCIAL,상업지구,,서귀포시 동홍동,33.2542637,126.5683562,제주특별자치도 서귀포시 일주동로 8609,https://api.cdn.visitjeju.net/photomng/imgpath/202604/20/faadd1b7-814a-44cf-b698-77f1f923be16.webp,말본 골프웨어 상설 할인매장,말본 골프웨어 상설 할인매장,VJ,관광지인지 확인(도서관·교회·골프 등),https://map.kakao.com/?q=말본골프 서귀포점
2458,말본골프 포트메인 제주직영점,,NORTH,COMMERCIAL,상업지구,,제주시 오라동,33.4814943,126.5102283,제주특별자치도 제주시 연북로 269 (오라이동) 1층,https://tong.visitkorea.or.kr/cms/resource/68/4042268_image2_1.png,말본골프는 골프와 스트릿 문화를 결합하여 골프웨어 시장에 새로운 바람을 일으킨 미국의 라이프스타일 브랜드입니다.,말본골프는 골프와 스트릿 문화를 결합하여 골프웨어 시장에 새로운 바람을 일으킨 미국의 라이프스타일 브랜드입니다. 위트 넘치는 캐릭터 로고와 자유분방한 디자인을 통해 젊고 감각적인 골퍼들의 독보적인 지지를 얻고 있습니다.,TOUR,관광지인지 확인(도서관·교회·골프 등),https://map.kakao.com/?q=말본골프 포트메인 제주직영점
2459,맛동산 감귤체험농장,,WEST,EXPERIENCE,체험 활동 관광지,,제주시 애월읍,33.4547672,126.4298522,제주특별자치도 제주시 애월읍 광령2길 62-1,https://tong.visitkorea.or.kr/cms/resource/88/3037588_image2_1.jpg,애월읍에 위치한 맛동산 감귤체험농장은 2019년 농림축산식품부 지정 인증을 받은 농장으로 안전하고 건강한 감귤을 재배하고 있다.,"애월읍에 위치한 맛동산 감귤체험농장은 2019년 농림축산식품부 지정 인증을 받은 농장으로 안전하고 건강한 감귤을 재배하고 있다. 맛동산 감귤체험농장에서는 다양한 감귤 체험 프로그램과 직접 수확한 감귤로 감귤청을 만드는 체험을 진행하며 농장에서 재배하는 풋귤, 하우스귤, 타이백귤, 사백향을 수확할 수 있다. 감귤수확체험은 시기별로 품종과 체험비가 다르니 사전에 전화로 문의하거나 네이버 예약사이트를 이용하기를 추천한다. 감귤 따기 체험을 예약한 인원만 입장가능 하며 만 36개월 미만 소아의 경우 부모와 동반 입장 가능하다. 귤 수확방법도 어렵지 않고, 싱싱한 귤도 실컷 먹을 수 있어 가족단위 여행객이나 친구·연인 등 남녀노소 재미있게 즐길 수 있는 제주 체험이다. 따기 체험을 하면서 감귤을 먹는 것은 무제한이며 체험이 끝나고 수확한 귤 무게를 잰 후에 추가 요금이 발생할 수 있으니 체험 시 참조하면 된다. 체험을 마무리한 후 농장에서 직접 만든 귤청으로 만든 귤차와 귤마들렌을 맛볼 수 있으며 농장에 조성된 포토존에서 귤밭을 배경으로 사진을 찍을 수도 있다.",TOUR,,https://map.kakao.com/?q=맛동산 감귤체험농장
2460,망장포,,SOUTH,EXPERIENCE,체험 활동 관광지,,서귀포시 남원읍,33.3420367,126.5884214,제주특별자치도 서귀포시 남원읍 하례망장포로 65-13,https://api.cdn.visitjeju.net/photomng/imgpath/201808/08/3c42f9fd-9fae-4a1e-85b4-63f2aad66b0f.webp,용암이 흐르던 길이 그대로 기암괴석으로 남아있는 포구,용암이 흐르던 길이 그대로 기암괴석으로 남아있는 포구,VJ,,https://map.kakao.com/?q=망장포
2461,매오름,,EAST,EXPERIENCE,체험 활동 관광지,,서귀포시 표선면,33.31865,126.81405,제주특별자치도 서귀포시 표선면 표선리 산 2,https://api.cdn.visitjeju.net/photomng/imgpath/201804/30/213b76db-705b-4f20-8da2-30704287e98a.webp,마치 매가 날개를 펴고 앉아 있는 형태를 띄고 있는 오름 · 서귀포시 표선면 표선리 · 올레15코스,"마치 매가 날개를 펴고 앉아 있는 형태를 띄고 있는 오름
· 서귀포시 표선면 표선리
· 올레15코스",VJ,,https://map.kakao.com/?q=매오름
2462,맬튼개 갯담,,EAST,NATURE,자연관광지,,제주시 구좌읍,33.520626,126.865746,제주특별자치도 제주시 구좌읍 구좌로 142,https://api.cdn.visitjeju.net/photomng/imgpath/201804/30/3491fec4-57fb-443e-a06d-b9ff7566e25b.webp,바닷돌을 이용하여 자연스런 겹담 형식으로 둘러쌓고 밀물에 들어왔던 고기떼들이 썰물이 되면 그 안에 갇혀 쉽게 잡을 수 있게 만든 장지,바닷돌을 이용하여 자연스런 겹담 형식으로 둘러쌓고 밀물에 들어왔던 고기떼들이 썰물이 되면 그 안에 갇혀 쉽게 잡을 수 있게 만든 장지,VJ,,https://map.kakao.com/?q=맬튼개 갯담
2463,머체왓숲길,,SOUTH,LEISURE,레저·스포츠 관련 시설,,서귀포시 남원읍,33.3301649,126.6789687,제주특별자치도 서귀포시 남원읍 서성로 755,https://api.cdn.visitjeju.net/photomng/imgpath/202508/20/42453a3f-14d7-4fb3-8447-1c071696223d.webp,"족욕 체험장, 피크닉 카페 등 다양한 테마가 어우러진 숲길","족욕 체험장, 피크닉 카페 등 다양한 테마가 어우러진 숲길",VJ+TOUR,,https://map.kakao.com/?q=머체왓숲길
2464,멍더랜드,,NORTH,EXPERIENCE,체험 활동 관광지,,제주시 노형동,33.4920804,126.4734937,제주특별자치도 제주시 월광로 147,https://api.cdn.visitjeju.net/photomng/imgpath/202212/15/804d43cb-4a5b-4826-b318-e7e238758c30.webp,멍더랜드는 제주 공항 주변에 위치한 반려견 유치원이다.,멍더랜드는 제주 공항 주변에 위치한 반려견 유치원이다.,VJ,,https://map.kakao.com/?q=멍더랜드
2465,멍쿡,,NORTH,EXPERIENCE,체험 활동 관광지,,제주시 노형동,33.4730073,126.485877,제주특별자치도 제주시 1100로 3198-20 (노형동) 103호 멍쿡,https://api.cdn.visitjeju.net/photomng/imgpath/202502/13/94b51f5b-cdb8-4011-b94c-de0a9b673c33.webp,제주 유일한 펫푸드 아카데미,제주 유일한 펫푸드 아카데미,VJ,,https://map.kakao.com/?q=멍쿡
2466,메르시제주소품샵,,NORTH,COMMERCIAL,상업지구,,제주시 용담2동,33.514558,126.5126343,제주특별자치도 제주시 용두암길 20 (용담이동) 1층,https://tong.visitkorea.or.kr/cms/resource/09/3545109_image2_1.jpg,메르시제주는 독일 레드닷 디자인 어워드를 수상한 여성 디자이너가 제주에서 선보이는 니치 퍼퓸 스토어이다.,"메르시제주는 독일 레드닷 디자인 어워드를 수상한 여성 디자이너가 제주에서 선보이는 니치 퍼퓸 스토어이다. 전통 프랑스 조향 기법에 국제 인증 유기농 오일과 100% 에센셜 오일을 더해 화학 합성 향료 없이 맑고 깊은 잔향을 완성한다. 숲, 바다, 하늘 등 제주 자연에서 포착한 순간을 시트러스, 티트리, 우디 등 12개월 EDT 시리즈와 멀티 플로럴 오일을 포함한 계절별 꽃 향수등 총 30여종의 향수로 풀어내었다. 100% 유기농 오일과 에센셜오일이 블렌딩 된 퍼퓸은 아로마테라피적 효능으로 심신 안정, 스트레스완화, 기분개선, 수면 유도등 자연적 원료에서 오는 효능과 효과를 경험할 수 있다. 친환경 퍼퓸과 함께 디자이너가 셀렉한 핸드메이드 제품, 제주도 상징 동자석 오너먼트와 같은 제주만의 퍼퓸 제품도 만나볼 수 있으며 제주도의 특별한 여행 선물이 가능하다.",TOUR,,https://map.kakao.com/?q=메르시제주소품샵
2467,명도암참살이체험휴양마을,,NORTH,EXPERIENCE,체험 활동 관광지,,제주시 봉개동,33.461636,126.60709,제주시 명림로 268-71,https://api.cdn.visitjeju.net/photomng/imgpath/201804/30/79d2df2e-dfc3-489a-a955-f73ecb30233d.webp,자연 그대로의 삶이 있는 참살이마을,자연 그대로의 삶이 있는 참살이마을,VJ,,https://map.kakao.com/?q=명도암참살이체험휴양마을
2468,명월대,,WEST,NATURE,자연관광지,,제주시 한림읍,33.3890302,126.2662091,제주특별자치도 제주시 한림읍 명월리,https://tong.visitkorea.or.kr/cms/resource/63/3477863_image2_1.jpg,명월대는 조선 말기 지방 유학자들과 시인들이 어울려 풍류를 즐기던 곳이다.,"명월대는 조선 말기 지방 유학자들과 시인들이 어울려 풍류를 즐기던 곳이다. 1981년 제주특별자치도 기념물로 지정되었다. 대는 마을을 끼고 있는 천변 중앙의 자연암벽 위에 8각형의 석축을 3단으로 쌓고 그 위에 원형의 반석을 만들었으며, 최근에 와서 콘크리트 처리를 하였다. 그 옆에는 석비가 세워져 있는데, 앞면에 '명월대'라고 음각되어 있다. 또 명월대 주변에 1910년 경에 만들어진 돌다리가 있는데, 이는 제주도에서는 흔치 않은 석교이다. 명월대가 있는 천변은 상류에서 하류에 이르기까지 수백 그루의 팽나무 60여 본과 푸조나무가 군락을 이루고 있어 자연 경관이 수려할 뿐만 아니라 간간이 흐르는 물소리가 정결하다.",TOUR,,https://map.kakao.com/?q=명월대
2469,명월성지,,WEST,CULTURE,문화시설,,제주시 한림읍,33.4005094,126.2612558,제주특별자치도 제주시 한림읍 명월리 2236,https://api.cdn.visitjeju.net/photomng/imgpath/202110/19/138294c4-baae-4e7c-a0c6-c98a5c81115d.webp,제주특별자치도 제주시 한림읍 명월리에 있는 조선시대의 성터.,제주특별자치도 제주시 한림읍 명월리에 있는 조선시대의 성터.,VJ+TOUR,,https://map.kakao.com/?q=명월성지
2470,명월팽나무군락,,WEST,CULTURE,문화시설,,제주시 한림읍,33.38698,126.26671,제주특별자치도 제주시 한림읍 명월로 71,https://api.cdn.visitjeju.net/photomng/imgpath/201804/30/e3a990ae-ada2-49d4-8697-d34bc9953a56.webp,생물학적 가치가 높아 기념물로 지정하여 보호되는 곳 · 제주시 한림읍 명월리 · 제주도기념물 제19호,"생물학적 가치가 높아 기념물로 지정하여 보호되는 곳
· 제주시 한림읍 명월리
· 제주도기념물 제19호",VJ,,https://map.kakao.com/?q=명월팽나무군락
2471,모구리오름,,EAST,NATURE,자연관광지,,서귀포시 성산읍,33.4059591,126.821694,제주특별자치도 서귀포시 성산읍 서성일로 260,https://api.cdn.visitjeju.net/photomng/imgpath/202112/10/2d959586-9f08-4099-bdca-0324603692f5.webp,편백나무 숲길에서 느끼는 깨끗한 공기와 모구리 야영장에서의 특별한 추억,편백나무 숲길에서 느끼는 깨끗한 공기와 모구리 야영장에서의 특별한 추억,VJ,,https://map.kakao.com/?q=모구리오름
2472,모구리오름,,EAST,NATURE,자연관광지,,서귀포시 성산읍,33.4081287,126.8290126,제주특별자치도 서귀포시 성산읍 난산리 2960-1,https://tong.visitkorea.or.kr/cms/resource/96/3477496_image2_1.jpg,모구리오름은 기생화산으로 분화구는 북쪽으로 휘어진 말굽형이다.,"모구리오름은 기생화산으로 분화구는 북쪽으로 휘어진 말굽형이다. 말굽형 경사면 안쪽에 작은 언덕이 있는데 그 모습이 어미개가 새끼를 안은 것처럼 보여 모구리라 이름을 붙였으며 한자로는 모구악이라고 한다. 어미오름 옆에 알오름을 가지고 있는 특이한 구조이며 이때의 알오름을 개 동산이라 한다. 2003년 5월 오름의 서쪽 기슭에 잔디운동장과 극기 훈련장, 인라인스케이트장 등을 갖춘 모구리야영장이 개장되었으며 산등성이를 따라 잘 정비된 산책로가 이어져 있다. 모구리오름을 오르는 이유 중 하나는 편백나무 숲길 때문인데, 편백나무의 피톤치드가 스트레스 해소, 심신 안정, 면역력 증진 등에 효과가 있어, 삼림욕과 함께 편백나무 숲을 거닐며 심신의 안정과 청량한 제주의 공기를 느낄 수 있다.",TOUR,,https://map.kakao.com/?q=모구리오름
2473,모던하우스 서귀포점,,SOUTH,COMMERCIAL,상업지구,,서귀포시 대륜동,33.2474145,126.5143637,제주특별자치도 서귀포시 일주동로 9159 (법환동) 1층 모던하우스 서귀포점,https://api.cdn.visitjeju.net/photomng/imgpath/202409/13/ba671492-cf75-43da-a244-baf7324daa80.webp,"새로움이 시작되는 하우스 MODERN HOUSE, 생활 용품을 원스톱으로 구매 가능한 브랜드","새로움이 시작되는 하우스 MODERN HOUSE, 생활 용품을 원스톱으로 구매 가능한 브랜드",VJ+TOUR,,https://map.kakao.com/?q=모던하우스 서귀포점
2474,모라이악,,SOUTH,NATURE,자연관광지,,서귀포시 예래동,33.30114,126.4141,제주특별자치도 서귀포시 산록남로 (색달동),https://api.cdn.visitjeju.net/photomng/imgpath/201804/30/000b4435-da0d-4ebb-9b42-1c82b6eba988.webp,오름의 모양새가 차양이 있는 모자와 비슷하다 하여 모라이라고 불리우는 오름,오름의 모양새가 차양이 있는 모자와 비슷하다 하여 모라이라고 불리우는 오름,VJ,,https://map.kakao.com/?q=모라이악
2475,모비딕다이브,,SOUTH,EXPERIENCE,체험 활동 관광지,,서귀포시 천지동,33.2427874,126.5555851,제주특별자치도 서귀포시 남성중로121번길 12,https://api.cdn.visitjeju.net/photomng/imgpath/202306/18/15a624c9-9c8c-457d-a70d-d91781f62af6.webp,제주도내 유일 요트 다이빙 체험,제주도내 유일 요트 다이빙 체험,VJ,,https://map.kakao.com/?q=모비딕다이브
2476,모슬봉 (모슬개오름),,WEST,NATURE,자연관광지,,서귀포시 대정읍,33.2387353,126.2586981,제주특별자치도 서귀포시 대정읍 상모리 3540-2,https://api.cdn.visitjeju.net/photomng/imgpath/202112/21/888e53c7-515a-46a4-b929-7109f623bb36.webp,완만한 지형을 가진 모슬봉,완만한 지형을 가진 모슬봉,VJ,,https://map.kakao.com/?q=모슬봉 (모슬개오름)
2477,모슬포중앙시장,,WEST,COMMERCIAL,상업지구,,서귀포시 대정읍,33.22193,126.25479,제주특별자치도 서귀포시 대정읍 영서중로 3,https://api.cdn.visitjeju.net/photomng/imgpath/201804/30/cafed7ee-f09d-4d74-a567-bb195b316d5c.webp,서귀포시 대정읍 중심지에 있는 전통시장,서귀포시 대정읍 중심지에 있는 전통시장,VJ+TOUR,,https://map.kakao.com/?q=모슬포중앙시장
2478,모이몰른 제주지하2호점,,NORTH,COMMERCIAL,상업지구,,제주시 일도1동,33.5131589,126.5246321,제주특별자치도 제주시 중앙로 지하60 (일도일동),https://tong.visitkorea.or.kr/cms/resource/49/4020349_image2_1.jpg,모이몰른은 북유럽풍의 감성적인 디자인과 내추럴한 컬러감이 돋보이는 유아복 브랜드입니다.,"모이몰른은 북유럽풍의 감성적인 디자인과 내추럴한 컬러감이 돋보이는 유아복 브랜드입니다. 독창적인 그래픽과 부드러운 소재를 사용하여 아이들에게는 편안함을, 부모님께는 스타일리시한 육아를 선사합니다.",TOUR,,https://map.kakao.com/?q=모이몰른 제주지하2호점
2479,모이소,,NORTH,COMMERCIAL,상업지구,,제주시 연동,33.4871077,126.4886002,제주특별자치도 제주시 신광로8길 14,https://api.cdn.visitjeju.net/photomng/imgpath/201807/18/b0fa546e-eb5c-4e2d-b12f-f89dbe4ede02.webp,제주의 특별함을 간직하고 알리는 모이소 .,제주의 특별함을 간직하고 알리는 모이소 .,VJ+TOUR,,https://map.kakao.com/?q=모이소
2480,모지오름,,EAST,EXPERIENCE,체험 활동 관광지,,서귀포시 표선면,33.393745,126.76842,제주특별자치도 서귀포시 표선면 성읍리 산 22,https://api.cdn.visitjeju.net/photomng/imgpath/201804/30/1ce955b9-a8dd-4f54-bda1-eec9ce6c1096.webp,어머니가 아들을 안은 형체 모지오름,어머니가 아들을 안은 형체 모지오름,VJ+TOUR,,https://map.kakao.com/?q=모지오름
2481,모진이몽돌해변,,NORTH,NATURE,자연관광지,,제주시 추자면,33.946087,126.33401,제주특별자치도 제주시 추자면 신양리 56,https://api.cdn.visitjeju.net/photomng/imgpath/201804/30/fe6230f1-0db3-4449-a53f-ebcc3a923ea0.webp,추자도 해안의 몽돌밭 중 100여 미터 정도 이어진 아름다운 몽돌밭,추자도 해안의 몽돌밭 중 100여 미터 정도 이어진 아름다운 몽돌밭,VJ+TOUR,,https://map.kakao.com/?q=모진이몽돌해변
2482,모충사,,NORTH,HISTORY,역사·유적·종교 시설,,제주시 건입동,33.5161428,126.5455209,제주특별자치도 제주시 건입동 1427-13,https://tong.visitkorea.or.kr/cms/resource/24/3555224_image2_1.jpg,제주시 건입동 사라봉 공원 안에 있는 모충사는 1977년 1월 11일 내외도민 17만 명이 성금을 모아서 세운 사당으로 일제강점기 조국의 독립…,"제주시 건입동 사라봉 공원 안에 있는 모충사는 1977년 1월 11일 내외도민 17만 명이 성금을 모아서 세운 사당으로 일제강점기 조국의 독립을 위해 순국한 열사들의 충성스러운 마음을 사모한다는 뜻으로 모충사라 이름 지었다. 모충사에는 높은 탑이 3개가 세워져 있다. 모충사 입구 정면에 있는 의병항쟁기념탑을 중심으로 왼쪽에는 순국지사조봉호기념비, 오른쪽에는 김만덕할망기념탑이 세워져 있고, 이 탑들을 돌아볼 수 있는 숲길이 아름답게 정돈되어 있다. 마을 주민과 관광객이 제주의 역사를 돌아보며 쉬어갈 수 있는 산책코스로 추천한다.",TOUR,,https://map.kakao.com/?q=모충사
2483,목시물굴,,EAST,CULTURE,문화시설,,제주시 조천읍,33.51025,126.722336,제주특별자치도 제주시 조천읍 선흘리 산26번지 일대,https://api.cdn.visitjeju.net/photomng/imgpath/201804/30/31fa4472-3745-4c9c-9581-032e7c619514.webp,선흘리 초토화 이후 선흘리민들이 은신 했다가 희생 당한 곳,선흘리 초토화 이후 선흘리민들이 은신 했다가 희생 당한 곳,VJ,,https://map.kakao.com/?q=목시물굴
2484,목화오름,,WEST,NATURE,자연관광지,,서귀포시 안덕면,33.3341416,126.3480383,제주 서귀포시 안덕면,https://api.cdn.visitjeju.net/photomng/imgpath/202410/24/13ae621c-3381-4436-8f80-00234e96d6f3.webp,패션의 원소재인 목화와 아마(린넨) 농사를 짓고 있으며 이를 바탕으로 패션 브랜드를 운영하고 있습니다.,패션의 원소재인 목화와 아마(린넨) 농사를 짓고 있으며 이를 바탕으로 패션 브랜드를 운영하고 있습니다.,VJ,,https://map.kakao.com/?q=목화오름
2485,몸냥공작소,,WEST,COMMERCIAL,상업지구,,제주시 애월읍,33.430614,126.39747,제주특별자치도 제주시 애월읍 하소로 595,https://api.cdn.visitjeju.net/photomng/imgpath/201804/30/5dd8ef8b-73a0-4830-aaa9-2a709db0a1f5.webp,귀엽고 제주스러운 유니크한 소품가게,귀엽고 제주스러운 유니크한 소품가게,VJ,,https://map.kakao.com/?q=몸냥공작소
2486,몽story애견미용실,,WEST,EXPERIENCE,체험 활동 관광지,,제주시 애월읍,33.4840605,126.4160275,제주특별자치도 제주시 애월읍 하귀9길 34,https://api.cdn.visitjeju.net/photomng/imgpath/202308/23/a42944ba-7801-41bc-bb67-6b48d7edd545.webp,몽story는 반려동물에게 최고의 서비스를 제공하는 장소다.,몽story는 반려동물에게 최고의 서비스를 제공하는 장소다.,VJ,,https://map.kakao.com/?q=몽story애견미용실
2487,몽몽까까,,NORTH,EXPERIENCE,체험 활동 관광지,,제주시 아라동,33.4857467,126.5345589,제주특별자치도 제주시 도남로 189,https://api.cdn.visitjeju.net/photomng/imgpath/202308/23/461724d6-7a99-47dd-b310-2f095450e179.webp,반려동물 수제간식을 판매하는 이곳은 무인 가게로 24시간 언제든 편하게 방문해 구매할 수 있다.,반려동물 수제간식을 판매하는 이곳은 무인 가게로 24시간 언제든 편하게 방문해 구매할 수 있다.,VJ,,https://map.kakao.com/?q=몽몽까까
2488,몽생이(갈옷),,WEST,COMMERCIAL,상업지구,,제주시 한경면,33.3368939,126.2634373,제주특별자치도 제주시 한경면 저지12길 72-16,https://api.cdn.visitjeju.net/photomng/imgpath/202211/14/2b69f569-1d61-4bca-9806-adc7765a08e3.webp,갈빛 제주 라이프스타일을 제안하는 갈옷 장인,갈빛 제주 라이프스타일을 제안하는 갈옷 장인,VJ,,https://map.kakao.com/?q=몽생이(갈옷)
2489,몽클락 제주,,NORTH,COMMERCIAL,상업지구,,제주시 용담2동,33.5155492,126.5120928,제주특별자치도 제주시 서해안로 687-8 (용담이동),https://tong.visitkorea.or.kr/cms/resource/69/4024269_image2_1.jpeg,몽클락은 시대를 초월하는 클래식한 미학을 담은 시계 및 패션 잡화 브랜드입니다.,몽클락은 시대를 초월하는 클래식한 미학을 담은 시계 및 패션 잡화 브랜드입니다. 정교한 제작 기술과 세련된 디자인의 타임피스를 통해 고객의 손목 위에서 흐르는 소중한 시간을 더욱 우아하고 품격 있게 완성해드립니다.,TOUR,,https://map.kakao.com/?q=몽클락 제주
2490,묘산봉오름,,EAST,NATURE,자연관광지,,제주시 구좌읍,33.542805,126.744316,제주특별자치도 제주시 구좌읍 김녕리 2723,https://api.cdn.visitjeju.net/photomng/imgpath/201804/30/b8a9f2dd-b3ed-4a0b-bfab-9cdfc96d566f.webp,고양이가 누워 있는 모양을 하고 있는 오름,고양이가 누워 있는 모양을 하고 있는 오름,VJ,,https://map.kakao.com/?q=묘산봉오름
2491,무거카라반,,EAST,LEISURE,레저·스포츠 관련 시설,,제주시 조천읍,33.5488013,126.6549082,제주특별자치도 제주시 조천읍 조함해안로 352,https://tong.visitkorea.or.kr/cms/resource/92/4075792_image2_1.jpg,무거카라반은 함덕해안도로에 위치해 있는 캠핑장으로 펜션과 카라반을 함께 운영하고 있다.,"무거카라반은 함덕해안도로에 위치해 있는 캠핑장으로 펜션과 카라반을 함께 운영하고 있다. 카라반 내부는 깔끔한 화이트 톤으로 TV, 냉장고, 침대, 소파, 전자레인지 등이 구비되어 있고, 주방시설과 주방도구, 냉난방 시설까지 완벽하게 갖추어져 있다. 
신흥집은 자쿠지 독채 펜션으로 오션뷰를 만끽 할 수 있다. 빔프로젝터, 전기포트, 커피머신 등이 구비되어 있다.
캠핑장 가까이 함덕해수욕장, 제주항일기념관, 서우봉 등 인기 많은 관광지가 있어 여행하기 좋다. 또한 성산일출봉과 우도가 20분 거리에 있어 아침 일찍 일어나 다녀오기에도 좋다.",TOUR,,https://map.kakao.com/?q=무거카라반
2492,무드 제주,,NORTH,COMMERCIAL,상업지구,,제주시 용담1동,33.5077651,126.5152691,제주특별자치도 제주시 남성로 89 2층,https://api.cdn.visitjeju.net/photomng/imgpath/202306/13/b0198092-3a9f-4bf0-8423-786de7bcf884.webp,따뜻한 분위기의 우드톤 인테리어가 맞이해주는 소품샵,따뜻한 분위기의 우드톤 인테리어가 맞이해주는 소품샵,VJ,,https://map.kakao.com/?q=무드 제주
2493,무드랜드,,NORTH,EXPERIENCE,체험 활동 관광지,,제주시 노형동,33.4933382,126.4765513,제주특별자치도 제주시 월랑북3길 16-5 (노형동) 1층 무드랜드,https://api.cdn.visitjeju.net/photomng/imgpath/202505/19/739b5657-22f9-4ba2-9070-91b2790c2b70.webp,제주스러운 캔들만들기 체험을 할 수 있는 곳,제주스러운 캔들만들기 체험을 할 수 있는 곳,VJ,,https://map.kakao.com/?q=무드랜드
2494,무등이왓터,,WEST,CULTURE,문화시설,,서귀포시 안덕면,33.3094417,126.3521864,제주특별자치도 서귀포시 안덕면 신화역사로586번길 21-7,https://api.cdn.visitjeju.net/photomng/imgpath/202112/21/6801fa6a-bfa1-46fd-a36b-e7080ade7663.webp,불에 타 흔적만 남은 마을의 터,불에 타 흔적만 남은 마을의 터,VJ,,https://map.kakao.com/?q=무등이왓터
2495,무릉곶자왈,,WEST,TRAIL,산책로·둘레길,,서귀포시 대정읍,33.291157,126.26312,제주특별자치도 서귀포시 대정읍 무릉리 산 1,https://api.cdn.visitjeju.net/photomng/imgpath/202112/01/f6d05575-4db4-4d72-8f1f-39134de446eb.webp,초보들도 쉽게 탐방할 수 있는 곳,초보들도 쉽게 탐방할 수 있는 곳,VJ,,https://map.kakao.com/?q=무릉곶자왈
2496,무릉외갓집,,WEST,COMMERCIAL,상업지구,,서귀포시 대정읍,33.2729,126.2366,제주특별자치도 서귀포시 대정읍 중산간서로2881번길 35-8,https://tong.visitkorea.or.kr/cms/resource/25/3571025_image2_1.jpg,무릉외갓집은 제주특별자치도 서남쪽 대정읍 무릉2리의 55명의 농부들이 설립한 마을기업이다.,"무릉외갓집은 제주특별자치도 서남쪽 대정읍 무릉2리의 55명의 농부들이 설립한 마을기업이다. 무릉2리는 제주올레 27개 코스 중 11코스의 종점이자 12코스의 시작점이다. 
1994년에 폐교된 무릉동분교를 무릉2리 마을회와 무릉외갓집이 함께 리모델링하여 2022년부터 카페와 로컬푸드판매장, 체험서비스를 제공하는 공간으로 운영하고 있다.
제주도 제철농산물 정기배송서비스(농산물꾸러미)는 2009년부터 시작하여, 과일꾸러미와 족은(작은) 꾸러미까지 현재 3가지 꾸러미서비스를 운영한다. 꾸러미와 농산물은 주로 온라인을 통해서 판매하고 있다.
무릉외갓집에서는 방문객이 직접 농산물을 보고 구매할 수 있으며, 밭에서 직접 수확하고 이것을 직접 가공하는 다양한 체험도 제공하고 있다. 무릉외갓집은 지역 생산자에게는 안정적 판로를 제공하고, 소비자에게는 제주 농업과 제철 먹거리 경험을 함께 제공하는 복합문화농장으로 성장하고 있다.",TOUR,,https://map.kakao.com/?q=무릉외갓집
2497,무명서점,,WEST,COMMERCIAL,상업지구,,제주시 한경면,33.3033374,126.1797277,제주특별자치도 제주시 한경면 고산로 26,https://api.cdn.visitjeju.net/photomng/imgpath/202306/13/c890f4ed-0021-428a-bb5d-c6b075955fc3.webp,이름 모를 책들의 여행'이라는 테마로 다양한 도서를 판매하는 독립서점,이름 모를 책들의 여행'이라는 테마로 다양한 도서를 판매하는 독립서점,VJ,,https://map.kakao.com/?q=무명서점
2498,무무제주,,WEST,COMMERCIAL,상업지구,,제주시 애월읍,33.364338,126.3552026,제주특별자치도 제주시 애월읍 봉성로3길 11,https://api.cdn.visitjeju.net/photomng/imgpath/202306/30/9764627e-ab8c-45ea-9fb9-9219c9a0cabf.webp,감귤 캐릭터가 매력적인 봉성리 소품숍,감귤 캐릭터가 매력적인 봉성리 소품숍,VJ,,https://map.kakao.com/?q=무무제주
2499,무수천,,NORTH,NATURE,자연관광지,,제주시 노형동,33.463337,126.4466,제주특별자치도 제주시 애월읍 무수천길,https://api.cdn.visitjeju.net/photomng/imgpath/201804/30/53d3f71c-7e35-415e-90bd-eac85a87d4a6.webp,"한라산의 해발 1,600m에서 내려오는 계곡 주위로 수림이 가득한 그림 같은 무수천 계곡","한라산의 해발 1,600m에서 내려오는 계곡 주위로 수림이 가득한 그림 같은 무수천 계곡",VJ+TOUR,,https://map.kakao.com/?q=무수천
2500,무자크 제주중앙점,,NORTH,COMMERCIAL,상업지구,,제주시 일도1동,33.5128377,126.5244401,제주특별자치도 제주시 중앙로 60 (일도일동),https://tong.visitkorea.or.kr/cms/resource/56/4022756_image2_1.jpg,무자크(MUZAK)는 현대 여성의 여성스럽고 세련된 감성을 담아낸 페미닌 컨템포러리 브랜드입니다.,무자크(MUZAK)는 현대 여성의 여성스럽고 세련된 감성을 담아낸 페미닌 컨템포러리 브랜드입니다. 부드러운 실루엣과 트렌디한 감각이 돋보이는 의류를 합리적인 가격에 제공하여 일상의 모든 순간을 아름답게 완성해줍니다.,TOUR,,https://map.kakao.com/?q=무자크 제주중앙점
2501,무지개요트,,NORTH,EXPERIENCE,체험 활동 관광지,,제주시 도두동,33.5064315,126.466705,제주특별자치도 제주시 도두항길 28-8 (도두일동) 도두항길 28-8,https://api.cdn.visitjeju.net/photomng/imgpath/202402/01/f7be03f2-d863-430e-bf0d-55131f48d223.webp,제주시 도두항에서 출발하는 90인승 크루즈급 요트투어,제주시 도두항에서 출발하는 90인승 크루즈급 요트투어,VJ,,https://map.kakao.com/?q=무지개요트
2502,묵리마을,,NORTH,NATURE,자연관광지,,제주시 추자면,33.94865,126.31429,제주특별자치도 제주시 추자면 묵리,https://api.cdn.visitjeju.net/photomng/imgpath/201804/30/54b5305b-e9d3-4265-a29b-f6c6717c300e.webp,조용하면서 평화로운 하추자의 전통어촌 마을,조용하면서 평화로운 하추자의 전통어촌 마을,VJ,,https://map.kakao.com/?q=묵리마을
2503,묵리처녀당,,NORTH,CULTURE,문화시설,,제주시 추자면,33.94317,126.31426,제주특별자치도 제주시 추자면 묵리 229-1,https://api.cdn.visitjeju.net/photomng/imgpath/201804/30/07327fa6-9325-4d96-af47-a34bd0b1992e.webp,죽은 처녀의 원혼을 달래주는 추자도 묵리처녀당(할망당),죽은 처녀의 원혼을 달래주는 추자도 묵리처녀당(할망당),VJ,,https://map.kakao.com/?q=묵리처녀당
2504,묵리해안쉼터,,NORTH,CULTURE,문화시설,,제주시 추자면,33.9449269,126.312162,제주특별자치도 제주시 추자면 추자로 376-6,https://api.cdn.visitjeju.net/photomng/imgpath/201804/30/2d452cff-18ab-4fc2-983f-13d0c0debb44.webp,묵리 해안가에 있는 작은 쉼터,묵리 해안가에 있는 작은 쉼터,VJ,,https://map.kakao.com/?q=묵리해안쉼터
2505,묵리해안포구,,NORTH,CULTURE,문화시설,,제주시 추자면,33.9452344,126.312496,제주특별자치도 제주시 추자면 추자로 365-1,https://api.cdn.visitjeju.net/photomng/imgpath/201804/30/5ce77c17-4229-4119-a55a-67d84c99e0b0.webp,묵리마을에 있는 작은 포구,묵리마을에 있는 작은 포구,VJ,,https://map.kakao.com/?q=묵리해안포구
2506,문사기름집,,WEST,COMMERCIAL,상업지구,,제주시 애월읍,33.4652565,126.3186206,제주특별자치도 제주시 애월읍 애월로7길 12,https://api.cdn.visitjeju.net/photomng/imgpath/202410/17/99e8d2d2-5470-4165-9d1f-e585d0d3ac00.webp,비건버터가 궁금하다면 ‘문사기름집’,비건버터가 궁금하다면 ‘문사기름집’,VJ,,https://map.kakao.com/?q=문사기름집
2507,문석이오름 [출입제한],,EAST,NATURE,자연관광지,,제주시 구좌읍,33.447876,126.79623,제주특별자치도 제주시 구좌읍 송당리,https://api.cdn.visitjeju.net/photomng/imgpath/201908/12/e610c699-c49b-4710-ad63-6aff25718e6b.webp,초록색 물결이 넘실거리는 아름다운 오름,초록색 물결이 넘실거리는 아름다운 오름,VJ,,https://map.kakao.com/?q=문석이오름 [출입제한]
2508,문섬(서귀포해양도립공원),,SOUTH,NATURE,자연관광지,,서귀포시 송산동,33.226475,126.565994,제주특별자치도 서귀포시 칠십리로,https://api.cdn.visitjeju.net/photomng/imgpath/201804/30/56d5e737-509c-4e54-ab73-5e3fb90fcb01.webp,섬에 아무것도 자라지 않는 민둥섬이라서 붙여진 이름의 섬,섬에 아무것도 자라지 않는 민둥섬이라서 붙여진 이름의 섬,VJ,,https://map.kakao.com/?q=문섬(서귀포해양도립공원)
2509,문화공간 양,,NORTH,CULTURE,문화시설,,제주시 화북동,33.5092497,126.5618739,제주특별자치도 제주시 거로남6길 13,https://api.cdn.visitjeju.net/photomng/imgpath/201808/08/fe9911af-5d1d-49b2-abec-566efee5efe2.webp,전시와 강의가 가능하도록 제주 전통 가옥을 개조한 문화공간,전시와 강의가 가능하도록 제주 전통 가옥을 개조한 문화공간,VJ,,https://map.kakao.com/?q=문화공간 양
2510,문화공간 휴,,NORTH,COMMERCIAL,상업지구,,제주시 일도1동,33.5150019,126.5242723,제주특별자치도 제주시 중앙로8길 2 (일도일동) 문화공간 휴,https://api.cdn.visitjeju.net/photomng/imgpath/202504/13/4f99c33c-34a1-452c-a8fc-f67086fbcbe8.webp,"한복과 옛날 교복, 메이크업과 사진 촬영 서비스를 제공하는 문화체험관입니다.","한복과 옛날 교복, 메이크업과 사진 촬영 서비스를 제공하는 문화체험관입니다.",VJ+TOUR,,https://map.kakao.com/?q=문화공간 휴
2511,물드 련 마씸,,SOUTH,EXPERIENCE,체험 활동 관광지,,서귀포시 남원읍,33.3155869,126.7032229,제주특별자치도 서귀포시 남원읍 한신로 87-27,https://api.cdn.visitjeju.net/photomng/imgpath/202511/19/d6f7684e-c3e8-4459-b948-08c659394536.webp,제주의 재료로 물들이는 천연염색,제주의 재료로 물들이는 천연염색,VJ,,https://map.kakao.com/?q=물드 련 마씸
2512,물드리네,,WEST,NATURE,자연관광지,,제주시 한경면,33.3227425,126.2269446,제주특별자치도 제주시 한경면 낙산로 4-28,https://tong.visitkorea.or.kr/cms/resource/15/3556215_image2_1.jpg,제주 한경면에 위치한 물드리네는 천연염색 체험장이다.,"제주 한경면에 위치한 물드리네는 천연염색 체험장이다. 2010년 신라대학교 전통염색연구소 제주교육장으로 인증받은 우수한 염색교육장으로 알려져 있다. 500여 평의 규모에 전시실, 염색체험장이 있으며 근처에 염료식물을 재배하고 있다. 물드리네는 체험학습자의 연령별, 인지 정도에 따른 염색체험과 염색에 관심이 있는 사람들을 위한 천연염색교실을 운영하고 있다. 염색 재료는 제주풋감, 억새, 귤, 찻잎, 동배잎, 쪽, 홍화, 자근, 치자 등 제주지역의 나무와 풀 그리고 각종 한약재를 사용한다.",TOUR,,https://map.kakao.com/?q=물드리네
2513,"물메(물미, 수산봉)",,WEST,NATURE,자연관광지,,제주시 애월읍,33.4737592,126.3846826,제주특별자치도 제주시 애월읍 수산리 산 1-1,https://api.cdn.visitjeju.net/photomng/imgpath/201804/30/438e918b-10aa-433b-b1cb-4746af7f92b5.webp,동그란 분화구 안에 자연이 만든 연못을 만나다,동그란 분화구 안에 자연이 만든 연못을 만나다,VJ,,"https://map.kakao.com/?q=물메(물미, 수산봉)"
2514,물뫼힐링팜,,WEST,EXPERIENCE,체험 활동 관광지,,제주시 애월읍,33.4642262,126.3966261,제주특별자치도 제주시 애월읍 예원로 51,https://api.cdn.visitjeju.net/photomng/imgpath/202307/26/0c003e84-8a1d-4a28-b339-1f79962cd435.webp,"물뫼힐링팜은 제주시 애월읍 수산리에 위치하며, 지역명인 수산(물 수, 뫼 산)에서 붙여진 명칭이다.","물뫼힐링팜은 제주시 애월읍 수산리에 위치하며, 지역명인 수산(물 수, 뫼 산)에서 붙여진 명칭이다.",VJ+TOUR,,https://map.kakao.com/?q=물뫼힐링팜
2515,물영아리오름,,SOUTH,NATURE,자연관광지,,서귀포시 남원읍,33.3268526,126.7169964,제주특별자치도 서귀포시 남원읍 태수로 552,https://tong.visitkorea.or.kr/cms/resource/64/3552664_image2_1.jpg,물영아리는 신령스러운 산이란 뜻이다.,"물영아리는 신령스러운 산이란 뜻이다. 또한 ‘수령산’, ‘수령악’으로 불리며, ‘물의 수호신’이 산다는 말이 전해져 내려오는 곳이다. 이름 앞에 ‘물’은 분화구에 고인 습지를 품고 있어 붙은 접두어이다. 분화구의 깊이는 40여 m로 2100~2800년 전에 퇴적되었으며, 퇴적층의 깊이가 최대 10m에 이르는 습지오름이다. 
물영아리오름 람사르 습지 탐방은 여러 갈래의 숲길로 무더운 여름 날씨에도 뜨거운 태양을 피해 시원한 바람을 맞으며 탐방할 수 있으며, 비가 오는 날씨에도 몽환적인 분위기를 자아내어 찾는 이들의 감탄을 자아낸다.
물영아리오름은 수망리 중잣성 생태 탐방로와 연계되어 있다. 잣성은 제주도의 전통적인 목축 문화 유물로 목초지에 쌓아 올린 경계용 돌담을 뜻한다. 물영아리오름 주변에 주민들이 산지 축산을 하고 있어 오름 주변은 목가적인 풍경을 이룬다. 오름 탐방은 소 떼가 유유히 노니는 목장 둘레를 따라 반 바퀴를 돌고 나서야 본격적으로 시작된다. 
2006년 세계적인 습지 보호 단체에서 지정한 람사르습지로 지정된 보호 구역이기도 하다. 다양한 동식물의 서식지로 야생동물과 멸종위기종이 서식하고 있어 자연생태에 대한 보존가치가 매우 높다.",TOUR,,https://map.kakao.com/?q=물영아리오름
2516,물찻오름 [출입제한 - 자연휴식년제 적용 중],,EAST,NATURE,자연관광지,,제주시 조천읍,33.3952335,126.6517316,제주특별자치도 제주시 조천읍 교래길,https://api.cdn.visitjeju.net/photomng/imgpath/201804/30/dbe0d8ce-f480-4618-876c-1ba0283fb625.webp,샤려니숲길의 끝에서 만날 수 있는 우리나라 명품 숲길,샤려니숲길의 끝에서 만날 수 있는 우리나라 명품 숲길,VJ,,https://map.kakao.com/?q=물찻오름 [출입제한 - 자연휴식년제 적용 중]
2517,미깡창고,,WEST,NATURE,자연관광지,,제주시 애월읍,33.460514,126.4452558,제주특별자치도 제주시 애월읍 중산간서로 6710-1,https://tong.visitkorea.or.kr/cms/resource/89/3037389_image2_1.jpg,애월읍 광령리에 위치한 감성카페이다.,"애월읍 광령리에 위치한 감성카페이다. 가게 외관은 귤 창고를 개조한 건물에 빈티지한 감성을 더한 모습이다. 가게 뒤편에 주차장이 있어 편리하다. 야외에 돌이 많고 위험해 케어키즈존을 강조하고 있다. 10월 중순 귤 수확 철에는 감귤 따기 체험이 가능하므로 인스타그램을 참조해서 방문해 보는 것도 좋겠다. 입구 길 양옆 억새길을 지나 테이블이 놓인 야외 정원에 들어오면 박공지붕의 카페건물이 눈에 들어온다. 카페 내부는 나무 천장이 드러나고 거친 시멘트벽이 우드톤의 가구들과 어우러져 편안하고 이국적인 느낌이다. 미깡창고에는 곳곳에 거울 셀카존을 마련하여 목가적인 분위기를 배경으로 제주도에서의 잊지 못할 인생샷을 남길 수 있다. 감성카페인 미깡창고에서 맛볼 수 있는 대표메뉴들은 모두 제주를 대표하는 단어들이다. 미깡주스, 돌담, 오름, 밭길 등이 그것이다.",TOUR,,https://map.kakao.com/?q=미깡창고
2518,미나그루밍,,WEST,EXPERIENCE,체험 활동 관광지,,제주시 한림읍,33.4134783,126.2598919,제주특별자치도 제주시 한림읍 한림해안로 116,https://api.cdn.visitjeju.net/photomng/imgpath/202308/22/65790df2-6c81-4b69-ac8c-a0251eb7b39c.webp,미나그루밍은 반려동물들이 편안하고 즐거운 시간을 보내기 적절한 장소다.,미나그루밍은 반려동물들이 편안하고 즐거운 시간을 보내기 적절한 장소다.,VJ,,https://map.kakao.com/?q=미나그루밍
2519,미악산,,SOUTH,NATURE,자연관광지,,서귀포시 동홍동,33.3005945,126.5542194,제주특별자치도 서귀포시 인정오름로 387-63,https://tong.visitkorea.or.kr/cms/resource/54/3585154_image2_1.jpg,미악산은 한라산과 서귀포 시내권을 함께 조망할 수 있는 제주오름이다.,"미악산은 한라산과 서귀포 시내권을 함께 조망할 수 있는 제주오름이다. 전사면으로 해송과 삼나무가 조림되어 있고, 북동사면 일부에 상록수가 우거진 숲을 이루고 있으나, 예전에는 풀밭오름이었다고 한다. 미악산 북쪽에서 동쪽으로 흐르는 효돈천계곡은 난대림이 우거지고 물이 맑으며 폭포가 있고, 돈내코유원지가 있어 절승의 계곡미를 이루고 있으며, 미악산 북쪽 난대림은 우리나라의 극상(極相)상태 보유림으로 알려져 있다. 서귀포 중앙부에 위치해 시내권과도 가까워 서귀포 시민들의 산책코스이며, 편백숲과 한라산 조망이 근사해서 관광객들도 찾는 오름이다.

(출처: 비짓제주 홈페이지)",TOUR,,https://map.kakao.com/?q=미악산
2520,"미악산 (쌀오름, 솔오름, 탭오름)",,SOUTH,NATURE,자연관광지,,서귀포시 대륜동,33.3050871,126.5171503,제주특별자치도 서귀포시 인정오름로 387-63,https://api.cdn.visitjeju.net/photomng/imgpath/201804/30/cf08dcd2-531e-480f-9a23-da2c50412cc7.webp,서귀포 시내를 한눈에 담을 수 있는 미악산,서귀포 시내를 한눈에 담을 수 있는 미악산,VJ,,"https://map.kakao.com/?q=미악산 (쌀오름, 솔오름, 탭오름)"
2521,"미야즈클로젯 제주한복체험센터 (해녀복 대여, 해녀 스냅사진 촬영)",,NORTH,COMMERCIAL,상업지구,,제주시 용담2동,33.5154157,126.5067239,제주특별자치도 제주시 용마로4길 15,https://api.cdn.visitjeju.net/photomng/imgpath/201904/26/8f0f155b-dcc7-4e19-8d7b-951300f13416.webp,"제주 한복, 해녀복 대여점, 해녀스냅 사진, 한복 스냅 사진 체험 스튜디오","제주 한복, 해녀복 대여점, 해녀스냅 사진, 한복 스냅 사진 체험 스튜디오",VJ,,"https://map.kakao.com/?q=미야즈클로젯 제주한복체험센터 (해녀복 대여, 해녀 스냅사진 촬영)"
2522,미요,,NORTH,EXPERIENCE,체험 활동 관광지,,제주시 이도2동,33.4888785,126.5342351,제주특별자치도 제주시 구남로4길 8-1,https://api.cdn.visitjeju.net/photomng/imgpath/201809/11/c6b98f14-a077-403d-b334-2b3b61eb1d73.webp,"소이캔들, 디퓨저, 향수, 티라이트 등의 원데이클래스를 진행하며 이론교육과 함께 체험이 가능한 미요캔들","소이캔들, 디퓨저, 향수, 티라이트 등의 원데이클래스를 진행하며 이론교육과 함께 체험이 가능한 미요캔들",VJ,,https://map.kakao.com/?q=미요
2523,미유,,WEST,COMMERCIAL,상업지구,,제주시 한림읍,33.4056365,126.2567624,제주특별자치도 제주시 한림읍 한림상로 15-5,https://api.cdn.visitjeju.net/photomng/imgpath/202306/13/34c0934e-f750-49db-9a3a-7382581d8924.webp,숲속 별장처럼 꾸며진 소품 가게,숲속 별장처럼 꾸며진 소품 가게,VJ,,https://map.kakao.com/?q=미유
2524,미즈노 신제주점,,NORTH,COMMERCIAL,상업지구,,제주시 연동,33.4893895,126.4898692,제주특별자치도 제주시 신광로 32 (연동) 1층,https://tong.visitkorea.or.kr/cms/resource/36/4020336_image2_1.jpg,미즈노는 100년 이상의 기술력을 바탕으로 한 일본의 글로벌 스포츠 전문 브랜드입니다.,미즈노는 100년 이상의 기술력을 바탕으로 한 일본의 글로벌 스포츠 전문 브랜드입니다. 특히 탁월한 반발력과 안정감을 제공하는 러닝화와 정교한 골프 클럽 등 다양한 종목에서 선수들이 최상의 퍼포먼스를 내도록 돕습니다.,TOUR,,https://map.kakao.com/?q=미즈노 신제주점
2525,미천굴,,EAST,NATURE,자연관광지,,서귀포시 성산읍,33.3835243,126.8413634,제주특별자치도 서귀포시 성산읍 중산간동로 4150-30,https://api.cdn.visitjeju.net/photomng/imgpath/202112/21/5d2e84f4-d58b-4fa0-b7bb-a2f32cf63428.webp,지하(地下)의 신비(神秘)를 간직한 특별한 천연용암동굴,지하(地下)의 신비(神秘)를 간직한 특별한 천연용암동굴,VJ+TOUR,,https://map.kakao.com/?q=미천굴
2526,미카의달콤한작업실,,WEST,COMMERCIAL,상업지구,,서귀포시 안덕면,33.2267425,126.2990068,제주특별자치도 서귀포시 안덕면 사계남로84번길 4,https://api.cdn.visitjeju.net/photomng/imgpath/202106/14/438e3f57-b7bc-42ab-a565-5c62daa54d05.webp,"제주도의 자연을 달콤하게 제작, 판매하는 제주여행선물로 인기있는 수제초콜릿가게","제주도의 자연을 달콤하게 제작, 판매하는 제주여행선물로 인기있는 수제초콜릿가게",VJ,,https://map.kakao.com/?q=미카의달콤한작업실
2527,믹스존,,NORTH,COMMERCIAL,상업지구,,제주시 이도2동,33.4991086,126.5296794,제주특별자치도 제주시 신성로13길 13 (이도이동),https://tong.visitkorea.or.kr/cms/resource/70/4042170_image2_1.png,믹스존(MIXZONE)은 서로 다른 취향과 브랜드가 조화롭게 어우러지는 복합 패션 편집 브랜드입니다.,믹스존(MIXZONE)은 서로 다른 취향과 브랜드가 조화롭게 어우러지는 복합 패션 편집 브랜드입니다. 경계 없는 브랜드 믹스매치를 통해 고객들이 자신만의 독보적인 스타일과 새로운 가치를 발견할 수 있도록 돕는 트렌드 세터 역할을 수행합니다.,TOUR,,https://map.kakao.com/?q=믹스존
2528,민속해안로,,EAST,NATURE,자연관광지,,서귀포시 표선면,33.3072646,126.806241,제주특별자치도 서귀포시 표선면 일주동로 6228,https://api.cdn.visitjeju.net/photomng/imgpath/201804/30/6b494ea1-090e-45af-a53c-a02638cd340b.webp,세화와 표선을 연결하는 해안도로,세화와 표선을 연결하는 해안도로,VJ,,https://map.kakao.com/?q=민속해안로
2529,민오름,,NORTH,NATURE,자연관광지,,제주시 오라동,33.476444,126.50659,제주특별자치도 제주시 오라2동 산 12,https://api.cdn.visitjeju.net/photomng/imgpath/201804/30/e4cd8f3b-0c0c-4474-aef7-202877a42318.webp,"야생화와 숲의 조화, 민오름","야생화와 숲의 조화, 민오름",VJ,,https://map.kakao.com/?q=민오름
2530,민오름(구좌읍),,EAST,NATURE,자연관광지,,제주시 구좌읍,33.4371733,126.7618259,제주특별자치도 제주시 구좌읍 비자림로 1456,https://api.cdn.visitjeju.net/photomng/imgpath/202111/26/714f3038-a2b6-44c0-bae2-b673c77e5b54.webp,故 이승만 대통령의 별장이였던 귀빈사가 있는 곳,故 이승만 대통령의 별장이였던 귀빈사가 있는 곳,VJ,,https://map.kakao.com/?q=민오름(구좌읍)
2531,민오름(봉개동),,NORTH,NATURE,자연관광지,,제주시 봉개동,33.4777896,126.6184466,제주특별자치도 제주시 칠오름길 (봉개동),https://api.cdn.visitjeju.net/photomng/imgpath/202112/07/2fbc656b-cce6-4090-a472-bb7d0c52ff7b.webp,매년 봄 야생화의 절경을 감상할 수 있는 봉개 민오름,매년 봄 야생화의 절경을 감상할 수 있는 봉개 민오름,VJ,,https://map.kakao.com/?q=민오름(봉개동)
2532,민오름(조천읍),,NORTH,EXPERIENCE,체험 활동 관광지,,제주시 연동,33.4748404,126.4950266,제주특별자치도 제주시 조천읍 선흘리 산 141,https://api.cdn.visitjeju.net/photomng/imgpath/202112/10/b5a63858-1d68-4956-9633-bf9bdde3ccdb.webp,개척을 거부하는 제주 자연의 민오름,개척을 거부하는 제주 자연의 민오름,VJ,,https://map.kakao.com/?q=민오름(조천읍)
2533,민주필라테스 제주직영점,,WEST,EXPERIENCE,체험 활동 관광지,,제주시 애월읍,33.4886669,126.4181647,제주특별자치도 제주시 애월읍 일주서로 7209 (하귀1리) 3층 민주필라테스,https://api.cdn.visitjeju.net/photomng/imgpath/202512/22/74b779ec-1900-4b89-9b56-3397f249024d.webp,"제주 자연의 여유 속에서 STOTT PILATES® 기반 수업으로 몸의 균형과 회복을 돕는 웰니스 공간, 민주필라테스 제주점입니다.","제주 자연의 여유 속에서 STOTT PILATES® 기반 수업으로 몸의 균형과 회복을 돕는 웰니스 공간, 민주필라테스 제주점입니다.",VJ,,https://map.kakao.com/?q=민주필라테스 제주직영점
2534,바구스서핑스쿨 애월점,,WEST,EXPERIENCE,체험 활동 관광지,,제주시 애월읍,33.4515161,126.3070429,제주특별자치도 제주시 애월읍 곽지9길 21,https://api.cdn.visitjeju.net/photomng/imgpath/201907/04/be7bb87f-e5d7-4488-a12a-64a05c9151ee.webp,에메랄드빛 예쁜 바다로 유명한 애월 곽지해수욕장에서 배우는 서핑,에메랄드빛 예쁜 바다로 유명한 애월 곽지해수욕장에서 배우는 서핑,VJ,,https://map.kakao.com/?q=바구스서핑스쿨 애월점
2535,바농오름,,EAST,EXPERIENCE,체험 활동 관광지,,제주시 조천읍,33.4286921,126.6682969,제주특별자치도 제주시 조천읍 교래리 산 108,https://api.cdn.visitjeju.net/photomng/imgpath/201907/26/ac25890f-612d-4e4b-b5a6-d29a0410f5e4.webp,교래리의 바늘오름,교래리의 바늘오름,VJ,,https://map.kakao.com/?q=바농오름
2536,바늘오름,,EAST,NATURE,자연관광지,,제주시 조천읍,33.4537042,126.6540101,제주특별자치도 제주시 조천읍 교래리 산 108,https://tong.visitkorea.or.kr/cms/resource/44/3477944_image2_1.jpg,제주시 조천읍 교래리에 위치한 이 오름은 주변에 가시덤불이 많아 바늘오름 또는 제주 사투리로 바늘을 이르는 바농오름이라고도 한다.,"제주시 조천읍 교래리에 위치한 이 오름은 주변에 가시덤불이 많아 바늘오름 또는 제주 사투리로 바늘을 이르는 바농오름이라고도 한다. 오름은 삼나무로 뒤덮여 숲을 이루고 있고, 삼나무를 벗어나면 해송과 낙엽수림, 잡목이 우거져 숲을 이루고 있다. 원형 화구 안에는 풀밭을 이루고 있는 가운데 해송, 쥐똥나무, 찔레나무, 청미래덩굴, 윤노리나무 등이 식생하고, 말굽형 화구 안에는 보리수나무와 잡목 등이 우거져 자연림의 숲을 이루고 있다. 동쪽에 북동쪽으로 깊은 골이 패어 있는 곳에 상록수림이 형성되어 있다. 오름의 남동쪽에는 주로 해송이 있다. 정상에서는 억새가 피는 계절이면 억새가 정상을 뒤덮을 정도로 가득하다. 날이 좋을 때는 바늘 오름 정상에서 한라산의 모습이 아주 가깝게 보이기도 한다. 또한 남쪽에는 돌문화공원이 보이는데, 바늘 오름 인근에는 돌문화공원, 에코랜드 등 가볼 만한 곳이 많아 위치적으로도 좋다.",TOUR,,https://map.kakao.com/?q=바늘오름
2537,바다건너온아름다운것들,,EAST,COMMERCIAL,상업지구,,제주시 조천읍,33.5358308,126.635594,제주특별자치도 제주시 조천읍 조천5길 4,https://api.cdn.visitjeju.net/photomng/imgpath/202306/13/71948c61-9ba3-4656-b504-c62b88b5d639.webp,"사장님이 직접 큐레이션한 해외 빈티지, 앤티크 잡화점","사장님이 직접 큐레이션한 해외 빈티지, 앤티크 잡화점",VJ,,https://map.kakao.com/?q=바다건너온아름다운것들
2538,바다다이브,,SOUTH,LEISURE,레저·스포츠 관련 시설,,서귀포시 중앙동,33.2497702,126.568511,제주특별자치도 서귀포시 동홍로12번길 5,https://api.cdn.visitjeju.net/photomng/imgpath/202306/18/f2b2a012-f300-4030-88cb-a77a5292ae42.webp,푸른 제주 바다를 탐험하는 다이빙체험,푸른 제주 바다를 탐험하는 다이빙체험,VJ+TOUR,,https://map.kakao.com/?q=바다다이브
2539,바다상점,,WEST,COMMERCIAL,상업지구,,제주시 한림읍,33.3947961,126.2415901,제주특별자치도 제주시 한림읍 한림로 354,https://api.cdn.visitjeju.net/photomng/imgpath/202306/13/348175f0-1301-49fd-a60f-a28c4ae256df.webp,협재바다를 닮은 작은 소품 가게,협재바다를 닮은 작은 소품 가게,VJ,,https://map.kakao.com/?q=바다상점
2540,바다쓰기,,WEST,EXPERIENCE,체험 활동 관광지,,제주시 애월읍,33.4773333,126.4190548,제주특별자치도 제주시 애월읍 하귀1길 138,https://api.cdn.visitjeju.net/photomng/imgpath/202511/18/cd342b33-b8d5-43fb-a8c5-ac551b51a8a8.webp,해양쓰레기 업사이클링 클래스,해양쓰레기 업사이클링 클래스,VJ,,https://map.kakao.com/?q=바다쓰기
2541,바람모루공원,,SOUTH,NATURE,자연관광지,,서귀포시 대륜동,33.2531247,126.5173984,제주특별자치도 서귀포시 서호남로 19-42,https://api.cdn.visitjeju.net/photomng/imgpath/201909/02/66765853-ea67-489f-97fc-ce1c8e4a1882.webp,제주 혁신도시에 위치한 도심 속 힐링 공간,제주 혁신도시에 위치한 도심 속 힐링 공간,VJ,,https://map.kakao.com/?q=바람모루공원
2542,바람불어좋은날 천연염색 공방,,WEST,EXPERIENCE,체험 활동 관광지,,서귀포시 안덕면,33.2372398,126.2978859,제주특별자치도 서귀포시 안덕면 사계로 68,https://api.cdn.visitjeju.net/photomng/imgpath/202307/28/4ede283c-4a8f-42ff-9ee9-0654e8ead164.webp,산방산 바라보며 쪽빛 염색 체험하기,산방산 바라보며 쪽빛 염색 체험하기,VJ,,https://map.kakao.com/?q=바람불어좋은날 천연염색 공방
2543,바릇스파,,WEST,NATURE,자연관광지,,제주시 한림읍,33.3970766,126.244507,제주특별자치도 제주시 한림읍 한림로 392 3층,https://api.cdn.visitjeju.net/photomng/imgpath/202010/07/54dd96f1-6ac8-43d2-970e-b1e619769f19.webp,애월 바다를 바라보며 일상의 피로를 내려놓을 수 있는 아늑한 힐링 스파 공간.,애월 바다를 바라보며 일상의 피로를 내려놓을 수 있는 아늑한 힐링 스파 공간.,VJ,,https://map.kakao.com/?q=바릇스파
2544,바리메오름,,WEST,NATURE,자연관광지,,제주시 애월읍,33.3930648,126.3752995,제주특별자치도 제주시 애월읍 어음리 산1,https://tong.visitkorea.or.kr/cms/resource/66/3523666_image2_1.jpg,바리메 오름은 제주시 애월읍 어음리에 있는 오름으로 오름 중 높고 경사가 가파른 오름에 속한다.,"바리메 오름은 제주시 애월읍 어음리에 있는 오름으로 오름 중 높고 경사가 가파른 오름에 속한다. 오름 정상 분화구 모양이 절에서 쓰는 승려들의 공양 그릇 바리를 닮았다고 하여 바리메 오름으로 불리게 되었다. 오름의 서쪽으로는 목장이 들어서 있고, 나머지 경사면은 소나무가 무성히 자라고 있다. 경사가 있는 오름으로 둘레길처럼 운동화 차림보다는 등산화 차림이 편할 수 있다. 등산로를 따라 다양한 야생화와 피어있고 정상에는 다래 오름, 폭낭오름, 괴오름, 북돌아진 오름 등이 있어 크고 작은 오름들이 어울려 있는 진풍경을 만날 수 있다.",TOUR,,https://map.kakao.com/?q=바리메오름
2545,바이나흐튼 크리스마스 박물관,,WEST,CULTURE,문화시설,,서귀포시 안덕면,33.308956,126.3279,제주특별자치도 서귀포시 안덕면 평화로 654,https://api.cdn.visitjeju.net/photomng/imgpath/202112/22/77bb9cee-acbd-4d79-a002-deff69868de0.webp,"부부가 여행하며 모은 크리스마스 장식 전시, 독일의 바이나흐튼을 참고해 만든 크리스마스 박물관","부부가 여행하며 모은 크리스마스 장식 전시, 독일의 바이나흐튼을 참고해 만든 크리스마스 박물관",VJ,,https://map.kakao.com/?q=바이나흐튼 크리스마스 박물관
2546,바인드,,NORTH,COMMERCIAL,상업지구,,제주시 일도1동,33.513746,126.5253202,제주특별자치도 제주시 관덕로11길 7 (일도일동),https://tong.visitkorea.or.kr/cms/resource/65/4020365_image2_1.jpg,바인드(BIND)는 국내외 최신 스트릿 트렌드와 유니크한 디자이너 브랜드들을 제안하는 편집 브랜드입니다.,바인드(BIND)는 국내외 최신 스트릿 트렌드와 유니크한 디자이너 브랜드들을 제안하는 편집 브랜드입니다. 개성 넘치는 패션 아이템부터 소품까지 한데 모아 젊은 세대의 역동적이고 감각적인 라이프스타일을 지원합니다.,TOUR,,https://map.kakao.com/?q=바인드
2547,박수기정,,WEST,TRAIL,산책로·둘레길,,서귀포시 안덕면,33.237153,126.3587249,제주특별자치도 서귀포시 안덕면 난드르로 90-25,https://api.cdn.visitjeju.net/photomng/imgpath/202408/27/6d348a40-1685-4114-923e-b0f1472ae51f.webp,"대평리의 자연 병풍, 박수기정","대평리의 자연 병풍, 박수기정",VJ+TOUR,,https://map.kakao.com/?q=박수기정
2548,반지마을 제주 1호점,,NORTH,EXPERIENCE,체험 활동 관광지,,제주시 용담2동,33.5017139,126.5035859,제주특별자치도 제주시 월성로4길 17 3,https://api.cdn.visitjeju.net/photomng/imgpath/202306/18/f459248e-a9fc-4ec8-a391-d78b5e9a2bcf.webp,소중한 사람과 만드는 특별한 반지체험,소중한 사람과 만드는 특별한 반지체험,VJ,,https://map.kakao.com/?q=반지마을 제주 1호점
2549,발이오름,,WEST,NATURE,자연관광지,,제주시 애월읍,33.395872,126.3462877,제주특별자치도 제주시 애월읍 어음리 산 1,https://api.cdn.visitjeju.net/photomng/imgpath/201804/30/c14f0d90-29e9-42b6-a6cb-f489c4e0ca41.webp,바리때 형상을 하고 있는 발이오름,바리때 형상을 하고 있는 발이오름,VJ,,https://map.kakao.com/?q=발이오름
2550,발자국화석공원,,WEST,CULTURE,문화시설,,서귀포시 대정읍,33.21723,126.29294,제주특별자치도 서귀포시 대정읍 형제해안로 192,https://api.cdn.visitjeju.net/photomng/imgpath/202112/22/88a6a72e-9526-464b-9694-cb7fbb8a8129.webp,천연기념물 제464호로 지정된 발자국 화석 공원,천연기념물 제464호로 지정된 발자국 화석 공원,VJ+TOUR,,https://map.kakao.com/?q=발자국화석공원
2551,밤수지맨드라미,,EAST,CULTURE,문화시설,,제주시 우도면,33.520714,126.9484786,제주특별자치도 제주시 우도면 우도해안길 530,https://tong.visitkorea.or.kr/cms/resource/00/3553400_image2_1.jpg,"비행기를 타고 제주에 가서, 또 배를 타고 섬에서 섬으로 들어가면 만날 수 있는 제주 우도의 유일한 독립서점인 밤수지맨드라미이다.","비행기를 타고 제주에 가서, 또 배를 타고 섬에서 섬으로 들어가면 만날 수 있는 제주 우도의 유일한 독립서점인 밤수지맨드라미이다. 전형적인 제주 돌담으로 둘러싸인 건물 입구엔 책이라고 적힌 간판이 이곳이 책방이라는 걸 알려준다. 밤수지맨드라미는 제주 바닷속에 사는 멸종 위기 산호로, 책이 사라져 가는 현실이 산호꽃과 닮은 것 같다고 생각해 책방 이름을 지었다고 한다. 책방 내부엔 독립 서적이나 드로잉북, 채식 관련 책들이 구비되어 있다 책방 창문 너머로는 햇살이 쏟아지는 바다도 눈에 들어온다. 이곳 책방만의 개성을 담은 굿즈들도 판매하고 있으며 공간 한쪽은 카페처럼 운영돼 구매한 책을 여유롭게 읽어볼 수도 있다.",TOUR,,https://map.kakao.com/?q=밤수지맨드라미
2552,밧돌오름,,EAST,NATURE,자연관광지,,제주시 구좌읍,33.4607648,126.7599599,제주특별자치도 제주시 구좌읍 송당리 산 66-1,https://api.cdn.visitjeju.net/photomng/imgpath/202112/22/d70826d1-5608-4821-a0a2-2948909ad470.webp,안돌오름과 연결되어 있는 오름,안돌오름과 연결되어 있는 오름,VJ,,https://map.kakao.com/?q=밧돌오름
2553,방선문,,NORTH,NATURE,자연관광지,,제주시 아라동,33.4522839,126.5178168,제주특별자치도 제주시 종천길 39-1,https://api.cdn.visitjeju.net/photomng/imgpath/202112/22/a66a124f-9f1c-4490-9c71-2899539b21b7.webp,"영주 10경중의 한 곳, 신선이 머무는 곳 방선문계곡으로 오세요.","영주 10경중의 한 곳, 신선이 머무는 곳 방선문계곡으로 오세요.",VJ+TOUR,,https://map.kakao.com/?q=방선문
2554,방어축제의거리,,WEST,COMMERCIAL,상업지구,,서귀포시 대정읍,33.2197266,126.2511203,제주특별자치도 서귀포시 대정읍 신영로72번길 14,https://api.cdn.visitjeju.net/photomng/imgpath/202511/17/b5e216c7-a03a-45bd-bfb8-af818cbc3a12.webp,신선한 방어를 중심으로 조성된 모슬포의 특화거리,신선한 방어를 중심으로 조성된 모슬포의 특화거리,VJ,,https://map.kakao.com/?q=방어축제의거리
2555,방일리공원,,NORTH,NATURE,자연관광지,,제주시 노형동,33.4776751,126.4767377,제주특별자치도 제주시 정원로 50,https://api.cdn.visitjeju.net/photomng/imgpath/201804/30/261c6a2a-c842-410d-9dd9-8a39f2fd3740.webp,한라대학교 탐라도서관 바로 옆에 생긴 도심형 공원,한라대학교 탐라도서관 바로 옆에 생긴 도심형 공원,VJ,,https://map.kakao.com/?q=방일리공원
2556,배령연대,,WEST,CULTURE,문화시설,,제주시 한림읍,33.387947,126.22378,제주특별자치도 제주시 한림읍 금능리 1649,https://api.cdn.visitjeju.net/photomng/imgpath/201804/30/ddb2138b-4c09-4c0b-b386-b7ab5e51794b.webp,제주특별자치도 제주시 한림읍 금능리에 있는 조선 시대 명월진 소속의 연대.,제주특별자치도 제주시 한림읍 금능리에 있는 조선 시대 명월진 소속의 연대.,VJ,,https://map.kakao.com/?q=배령연대
2557,백년초농장박물관,,SOUTH,EXPERIENCE,체험 활동 관광지,,서귀포시 대륜동,33.244675,126.54399,제주특별자치도 서귀포시 태평로 200,https://api.cdn.visitjeju.net/photomng/imgpath/201908/28/5cc37683-aa6d-40d5-b01c-d783f0a6f823.webp,"눈으로 보고, 입으로 맛 보다","눈으로 보고, 입으로 맛 보다",VJ,,https://map.kakao.com/?q=백년초농장박물관
2558,백제사,,WEST,CULTURE,문화시설,,제주시 애월읍,33.4034138,126.4508866,제주특별자치도 제주시 애월읍 광령남6길 54,https://api.cdn.visitjeju.net/photomng/imgpath/201804/30/0b181426-b99f-4a34-a51d-7b8711057f40.webp,자연친화적인 한국의 사찰문화를 체험할 수 있는 도량이다.,자연친화적인 한국의 사찰문화를 체험할 수 있는 도량이다.,VJ,,https://map.kakao.com/?q=백제사
2559,백제사,,WEST,HISTORY,역사·유적·종교 시설,,제주시 애월읍,33.4488555,126.4242197,제주특별자치도 제주시 애월읍 광령남6길 54,https://tong.visitkorea.or.kr/cms/resource/31/3477831_image2_1.jpg,"백제사는 1,700여 년의 한국불교의 정통 법맥을 이어온 석가세존 태고보우국사를 종조로 모신 한국불교태고종 사찰이다.","백제사는 1,700여 년의 한국불교의 정통 법맥을 이어온 석가세존 태고보우국사를 종조로 모신 한국불교태고종 사찰이다. 불교의 생명 존중 사상과 자연 친화적인 한국의 사찰문화를 체험할 수 있도록 사부대중 누구에게나 열려 있는 도량이다. 백제사는 부처님의 가르침인 지혜와 자비를 바탕으로 불자 양성과 포교 및 청소년 교육을 위한 수행도량으로 설립되었다. 아름다운 제주의 청정한 자연과 수려한 경관을 느끼며 사찰에서의 고요한 휴식을 취할 수 있는 곳으로, 한국불교의 전통문화, 수행정신을 통해 참 존재를 찾아갈 수 있도록 템플스테이 등의 프로그램을 운영하고 있다.",TOUR,,https://map.kakao.com/?q=백제사
2560,백조일손지묘(백조일손지지),,WEST,CULTURE,문화시설,,서귀포시 대정읍,33.20672,126.2813,제주특별자치도 서귀포시 안덕면 사계리,https://api.cdn.visitjeju.net/photomng/imgpath/201804/30/e5578ff7-eaf4-445f-b75d-797593b45de1.webp,4.3항쟁시 억울하게 죽은 유골들을 모아 추모할 수 있도록 만든 묘,4.3항쟁시 억울하게 죽은 유골들을 모아 추모할 수 있도록 만든 묘,VJ,,https://map.kakao.com/?q=백조일손지묘(백조일손지지)
2561,뱅뱅와인마켓,,NORTH,COMMERCIAL,상업지구,,제주시 오라동,33.49222,126.5105595,제주특별자치도 제주시 사평2길 9,https://api.cdn.visitjeju.net/photomng/imgpath/202306/13/ec24f923-fb15-44f7-87f5-9b8990b6f8fe.webp,공항 인근에 위치한 대형 와인판매점,공항 인근에 위치한 대형 와인판매점,VJ,,https://map.kakao.com/?q=뱅뱅와인마켓
2562,뱅오흐디네흐,,SOUTH,COMMERCIAL,상업지구,,서귀포시 중앙동,33.2496508,126.5659155,제주특별자치도 서귀포시 동문로 52,https://api.cdn.visitjeju.net/photomng/imgpath/202306/13/9d4e708e-8257-4a82-b680-6d2fc42d2b3f.webp,저렴한 와인을 합리적인 가격에 구매할 수 있는 와인샵,저렴한 와인을 합리적인 가격에 구매할 수 있는 와인샵,VJ,,https://map.kakao.com/?q=뱅오흐디네흐
2563,버디,,SOUTH,COMMERCIAL,상업지구,,서귀포시 천지동,33.2492873,126.5613499,제주특별자치도 서귀포시 중앙로 53 (서귀동) 1층,https://tong.visitkorea.or.kr/cms/resource/28/4045028_image2_1.png,버디(BIRDY)는 골프의 즐거운 순간을 함께하는 동반자처럼 활기찬 감성의 골프 액세서리 및 패션 브랜드입니다.,버디(BIRDY)는 골프의 즐거운 순간을 함께하는 동반자처럼 활기찬 감성의 골프 액세서리 및 패션 브랜드입니다. 기분 좋아지는 컬러 배색과 위트 있는 디자인을 통해 필드 위 에너지를 북돋아 주는 아이템들을 선보입니다.,TOUR,,https://map.kakao.com/?q=버디
2564,번영로 명품도로,,EAST,LEISURE,레저·스포츠 관련 시설,,서귀포시 표선면,33.3889246,126.7885217,제주특별자치도 서귀포시 표선면 성읍리 3294,https://tong.visitkorea.or.kr/cms/resource/91/4068891_image2_1.jpg,"번영로 명품도로는 정의현 사거리부터 표선해수욕장 방면으로 6.5km 구간에 걸쳐 조성된 산책로로, 독특하게도 산책로 양 방향으로 도로를 끼고서…","번영로 명품도로는 정의현 사거리부터 표선해수욕장 방면으로 6.5km 구간에 걸쳐 조성된 산책로로, 독특하게도 산책로 양 방향으로 도로를 끼고서 나무와 풀, 꽃 등으로 조성되어 있는 길이다. 표선면 주민들의 노력으로 매년, 매 계절마다 새로운 꽃을 피우고 나무들이 우거지는데 차량이 적은 한적한 시간에 곳곳에 숨겨진 포토 스폿을 찾으며 거니는 것을 추천한다.",TOUR,,https://map.kakao.com/?q=번영로 명품도로
2565,벌스데이모모,,NORTH,COMMERCIAL,상업지구,,제주시 삼도2동,33.5126227,126.5198173,제주특별자치도 제주시 관덕로 4 1층 ,https://api.cdn.visitjeju.net/photomng/imgpath/202509/12/78329731-417e-41fb-84e0-6f3110e803b9.webp,커스텀 체험이 가능한 제주의 소품샵,커스텀 체험이 가능한 제주의 소품샵,VJ,,https://map.kakao.com/?q=벌스데이모모
2566,법환동 청소년문화의집,,SOUTH,CULTURE,문화시설,,서귀포시 대륜동,33.2355047,126.5141868,제주특별자치도 서귀포시 막숙포로 70-1,https://tong.visitkorea.or.kr/cms/resource/37/4072637_image2_1.jpg,법환동 청소년문화의집은 2005년에 개관했으며 지역 청소년들의 건전한 여가생활을 위해 다양한 문화 교육 활동과 청소년 활동 지원 사업을 운영하…,"법환동 청소년문화의집은 2005년에 개관했으며 지역 청소년들의 건전한 여가생활을 위해 다양한 문화 교육 활동과 청소년 활동 지원 사업을 운영하고 있다. 2층 규모로 150여 명을 수용할 수 있다. 1층에는 다목적홀, 도서열람실, 인터넷부스, 영상편집실, 탁구부스 시설이 있고, 2층에는 창작공방, 음악활동실, 댄스동아리방, 다용도활용실, 포켓볼부스 시설이 있어 청소년들이 다양한 활동을 즐길 수 있다.",TOUR,,https://map.kakao.com/?q=법환동 청소년문화의집
2567,법환포구,,SOUTH,CULTURE,문화시설,,서귀포시 대륜동,33.237774,126.51579,제주특별자치도 서귀포시 막숙포로37번길 2,https://api.cdn.visitjeju.net/photomng/imgpath/202111/15/c79af702-3c56-4f15-9438-cb34f383244b.webp,최영 장군이 막사를 쳤던 포구,최영 장군이 막사를 쳤던 포구,VJ+TOUR,,https://map.kakao.com/?q=법환포구
2568,법환해녀체험센터,,SOUTH,EXPERIENCE,체험 활동 관광지,,서귀포시 대륜동,33.2341727,126.5135735,제주특별자치도 서귀포시 최영로 10,https://api.cdn.visitjeju.net/photomng/imgpath/202408/26/1af82ca0-6e16-4735-b7c1-bd58ae27c39d.webp,국내 최남단 해안촌에서 해녀체험 즐기세요 ‘법환해녀체험센터’,국내 최남단 해안촌에서 해녀체험 즐기세요 ‘법환해녀체험센터’,VJ,관광지인지 확인(도서관·교회·골프 등),https://map.kakao.com/?q=법환해녀체험센터
2569,베네통,,NORTH,COMMERCIAL,상업지구,,제주시 일도1동,33.5142606,126.5263032,제주특별자치도 제주시 칠성로길 32-1 (일도일동),https://tong.visitkorea.or.kr/cms/resource/97/4020397_image2_1.jpg,베네통은 강렬한 컬러와 독창적인 디자인으로 전 세계인의 사랑을 받는 이탈리아 패션 브랜드입니다.,"베네통은 강렬한 컬러와 독창적인 디자인으로 전 세계인의 사랑을 받는 이탈리아 패션 브랜드입니다. 다양성과 사회적 메시지를 담은 개성 넘치는 의류를 선보이며, 밝고 활기찬 라이프스타일을 제안합니다.",TOUR,,https://map.kakao.com/?q=베네통
2570,베릿네오름,,SOUTH,NATURE,자연관광지,,서귀포시 중문동,33.2489454,126.4198219,제주특별자치도 서귀포시 중문상로17번길 51,https://api.cdn.visitjeju.net/photomng/imgpath/202112/22/3cb4f64f-a064-4be1-b667-e162fcb4ab0b.webp,가족과 함께 걷기 좋은길 베릿네오름,가족과 함께 걷기 좋은길 베릿네오름,VJ+TOUR,,https://map.kakao.com/?q=베릿네오름
2571,베베드피노 서귀포점,,SOUTH,COMMERCIAL,상업지구,,서귀포시 중앙동,33.2488204,126.5672914,제주특별자치도 서귀포시 동문로 70 (서귀동) 1층,https://tong.visitkorea.or.kr/cms/resource/43/4045943_image2_1.png,베베드피노는 북유럽 감성의 강렬한 컬러와 독창적인 캐릭터 디자인으로 유명한 프리미엄 아동복 브랜드입니다.,베베드피노는 북유럽 감성의 강렬한 컬러와 독창적인 캐릭터 디자인으로 유명한 프리미엄 아동복 브랜드입니다. 아이들의 상상력을 자극하는 위트 있는 디자인과 편안한 착용감을 통해 전 세계 부모님들에게 큰 인기를 얻고 있습니다.,TOUR,,https://map.kakao.com/?q=베베드피노 서귀포점
2572,베베드피노 제주노형점,,NORTH,COMMERCIAL,상업지구,,제주시 노형동,33.4894755,126.4750482,제주특별자치도 제주시 월랑로 47 (노형동),https://tong.visitkorea.or.kr/cms/resource/71/4042071_image2_1.jpg,베베드피노는 북유럽 감성의 강렬한 컬러와 독창적인 캐릭터 디자인으로 유명한 프리미엄 아동복 브랜드입니다.,베베드피노는 북유럽 감성의 강렬한 컬러와 독창적인 캐릭터 디자인으로 유명한 프리미엄 아동복 브랜드입니다. 아이들의 상상력을 자극하는 위트 있는 디자인과 편안한 착용감을 통해 전 세계 부모님들에게 큰 인기를 얻고 있습니다.,TOUR,,https://map.kakao.com/?q=베베드피노 제주노형점
2573,베스띠벨리 구제주점,,NORTH,COMMERCIAL,상업지구,,제주시 일도1동,33.5144851,126.5248502,제주특별자치도 제주시 중앙로 41 (일도일동),https://tong.visitkorea.or.kr/cms/resource/60/4045060_image2_1.png,베스띠벨리(BESTIBELLI)는 '가장 아름답다'는 이탈리아어 뜻처럼 여성의 우아함과 당당한 매력을 극대화하는 컨템포러리 브랜드입니다.,베스띠벨리(BESTIBELLI)는 '가장 아름답다'는 이탈리아어 뜻처럼 여성의 우아함과 당당한 매력을 극대화하는 컨템포러리 브랜드입니다. 세련된 테일러링과 감각적인 디테일의 의류를 통해 지적인 여성의 라이프스타일을 완성해줍니다.,TOUR,,https://map.kakao.com/?q=베스띠벨리 구제주점
2574,베케,,SOUTH,THEME,테마시설,,서귀포시 효돈동,33.2615141,126.6043917,제주특별자치도 서귀포시 효돈로 48,https://api.cdn.visitjeju.net/photomng/imgpath/202407/09/7a45de36-5ded-49fe-aa7e-05843698801b.webp,초록이 주는 여유로움...,초록이 주는 여유로움... 자연주의 정원 ‘베케’,VJ,,https://map.kakao.com/?q=베케
2575,벨집,,WEST,COMMERCIAL,상업지구,,서귀포시 안덕면,33.2515289,126.3344237,제주특별자치도 서귀포시 안덕면 일주서로 1717,https://api.cdn.visitjeju.net/photomng/imgpath/202306/13/bedca39e-dad1-4df0-be78-82d1c33114c8.webp,조용한 마을에 숨겨진 공방·소품 가게,조용한 마을에 숨겨진 공방·소품 가게,VJ,,https://map.kakao.com/?q=벨집
2576,별내린전망대,,SOUTH,NATURE,자연관광지,,서귀포시 예래동,33.24755,126.4168,제주특별자치도 서귀포시 색달동 2938-1,https://api.cdn.visitjeju.net/photomng/imgpath/201804/30/a68b4902-7d34-403f-833c-1f51ef6291c9.webp,"하천과 포구, 칠선녀 다리를 두루두루 내려다 볼수 있는 전망대","하천과 포구, 칠선녀 다리를 두루두루 내려다 볼수 있는 전망대",VJ,,https://map.kakao.com/?q=별내린전망대
2577,별도봉,,NORTH,NATURE,자연관광지,,제주시 화북동,33.519333,126.5529974,제주특별자치도 제주시 선반로 (화북일동),https://api.cdn.visitjeju.net/photomng/imgpath/201804/30/2deaa7b2-328c-4241-92f5-8d685db26894.webp,화북악이라고 부르는 곳으로 제주항과 앞바다 등이 한눈에 내려다보이는 오름,화북악이라고 부르는 곳으로 제주항과 앞바다 등이 한눈에 내려다보이는 오름,VJ+TOUR,,https://map.kakao.com/?q=별도봉
2578,별도연대,,NORTH,CULTURE,문화시설,,제주시 화북동,33.526237,126.56813,제주특별자치도 제주시 화북1동 1537,https://api.cdn.visitjeju.net/photomng/imgpath/201804/30/75b64b15-5593-460d-8b9a-8742242c5c8f.webp,외적의 침입을 막던 별도연대,외적의 침입을 막던 별도연대,VJ,,https://map.kakao.com/?q=별도연대
2579,별도포구,,NORTH,CULTURE,문화시설,,제주시 화북동,33.52501,126.564995,제주특별자치도 제주시 화북1동 4269-12,https://api.cdn.visitjeju.net/photomng/imgpath/201804/30/0bc328fe-e905-46a8-b2b9-78c0dfac6b5b.webp,"제주의 관문, 역사 속의 별도포구","제주의 관문, 역사 속의 별도포구",VJ,,https://map.kakao.com/?q=별도포구
2580,별헤는밤글램핑,,WEST,LEISURE,레저·스포츠 관련 시설,,제주시 애월읍,33.4433012,126.3965577,제주특별자치도 제주시 애월읍 광상로 348,https://tong.visitkorea.or.kr/cms/resource/96/2753696_image2_1.jpg,별헤는밤글램핑은 애월읍 유수암리 해발 200m에 위치해 있다.,"별헤는밤글램핑은 애월읍 유수암리 해발 200m에 위치해 있다. 5개 동의 글램핑과, 2개 동의 카라반 구성으로 되어 있으며 가까운 곳에 제주공항, 곽지해변, 협재해변, 이호테우 해변이 있고 해안도로를 따라 대형마트도 이용할 수 있다. 제주 서부권의 유명 여행지를 잇는 교통요지에 위치해 있어 캠핑과 관광을 동시에 즐길 수 있다. 카라반 내부는 침대를 비롯해 TV, 에어컨, 냉장고, 테이블, 소파가 있고 주방용품도 잘 갖춰 놓았다. 화장실과 샤워실도 내부에 있으며 넓은 공간을 자랑하는 돔 형태의 글램핑에는 침대, 에어컨, TV, 화장실, 샤워실 등이 있다. 아침이면 캠핑장 내 휴게실에서 조식을 무료로 제공해 주는 것도 장점이다. 밤이면 별이 쏟아지는 광경을 육안으로 감상할 수 있고 한치 잡이 배의 불빛과 밤바다를 마음껏 즐길 수 있다.",TOUR,,https://map.kakao.com/?q=별헤는밤글램핑
2581,보덕사(제주),,NORTH,NATURE,자연관광지,,제주시 이도2동,33.4917036,126.532492,제주특별자치도 제주시 독짓골8길 26,https://tong.visitkorea.or.kr/cms/resource/66/3407066_image2_1.jpg,"보덕사는 대한불교조계종 제23교구 본사 관음사의 말사로, 1943년 초가에 18평의 법당을 지음으로써 창건되었다.","보덕사는 대한불교조계종 제23교구 본사 관음사의 말사로, 1943년 초가에 18평의 법당을 지음으로써 창건되었다. 보덕사 대웅전에는 창건 당시 안봉려관이 해남 대흥사에서 모셔온 17세기의 목조여래좌상이 안치되어 있다. 이 불상은 문화재 자료로 가치를 인정받아 제주특별자치도 문화재자료로 지정되었고 전체 높이가 66cm로 큰 규모에 속한다. 근대 제주불교 중흥기에 선봉 스님이 각 사찰마다 모시고 다니면서 그곳 불사에 힘을 실어주었다는 일화로 유명하다. 보덕사 경내에는 1992년에 석조 지장보살상을 봉안하였는데, 이로써 지장도량으로 거듭나며 중생제도에 앞장서고 있다. 제주 불교 중흥의 맥을 면면히 이어오고 있는 보덕사는 현재에도 소원성취를 기원하는 많은 불자들의 귀의처로 끊임없는 발길이 이어지고 있다.",TOUR,,https://map.kakao.com/?q=보덕사(제주)
2582,보롬사진관,,EAST,EXPERIENCE,체험 활동 관광지,,제주시 구좌읍,33.5550778,126.7971713,제주특별자치도 제주시 구좌읍 해맞이해안로 474,https://api.cdn.visitjeju.net/photomng/imgpath/202607/21/83ff645d-873c-4118-a5b9-979fe8b85341.jpg,제주에서만 만날수 있는 야외 포토부스 보롬사진관,제주에서만 만날수 있는 야외 포토부스 보롬사진관,VJ,,https://map.kakao.com/?q=보롬사진관
2583,보름이,,SOUTH,NATURE,자연관광지,,서귀포시 서홍동,33.250164,126.54474,제주특별자치도 서귀포시 하논로 (서홍동),https://api.cdn.visitjeju.net/photomng/imgpath/201804/30/51a81bc6-5c24-42a2-868e-70277bc3ae7f.webp,제주도의 유일한 논을 가지고 있는 곳,제주도의 유일한 논을 가지고 있는 곳,VJ,,https://map.kakao.com/?q=보름이
2584,보메와산감귤체험농장,,EAST,EXPERIENCE,체험 활동 관광지,,제주시 조천읍,33.4844986,126.6801859,제주특별자치도 제주시 조천읍 미래로 53,https://tong.visitkorea.or.kr/cms/resource/86/3057386_image2_1.jpg,보메와산 감귤체험농장은 조천읍 와산리에 있는 감귤 따기 체험농장이다.,"보메와산 감귤체험농장은 조천읍 와산리에 있는 감귤 따기 체험농장이다. 감귤 따기는 8월부터 1월까지 체험할 수 있으며, 예약 없이 방문해도 체험할 수 있다. 감귤 따기 체험은 어린이와 어른 할 것 없이 즐거운 추억을 남길 수 있는 체험이다. 농장에서 직접 딴 감귤을 바로 먹어볼 수도 있고, 일정량을 가져갈 수도 있으며, 농장에서 재배한 신선한 감귤을 구입할 수도 있다. 보메와산 감귤 체험농장은 농장 곳곳에 포토존을 꾸며 놓았으며, 어린이들이 놀기 좋도록 놀이터도 운영한다. 건물 1층에는 체험 카페를 운영하고, 2층과 3층은 펜션으로 운영하고 있다. 체험 카페에서는 풋귤 청 담그기, 제주 백향과 청 만들기 등 체험을 진행하고 있으며 펜션 숙박객은 무료로 체험을 진행할 수 있다.",TOUR,,https://map.kakao.com/?q=보메와산감귤체험농장
2585,보목마을,,SOUTH,NATURE,자연관광지,,서귀포시 송산동,33.239218,126.6067616,제주특별자치도 서귀포시 보목포로 46 (보목동),https://tong.visitkorea.or.kr/cms/resource/82/4073982_image2_1.jpg,보목마을은 제주도 올레길 6코스의 쇠소깍과 외돌개의 사이에 위치한 작은 어촌 마을이다.,"보목마을은 제주도 올레길 6코스의 쇠소깍과 외돌개의 사이에 위치한 작은 어촌 마을이다. 보목마을의 옛 이름은 ‘볼레낭개’로 ‘볼레낭(보리수 나무)이 우거진 갯마을’이라고 해서 붙여진 이름이다. 서귀포시 중심에서 동남쪽으로 4㎞, 걸어서 30분 거리에 자리 잡고 있으며, 마을 포구 동편에 제지기오름이 있다. 제지기오름에서 보는 일출과 일몰이 아름다워 많은 이들이 찾는다고 한다.",TOUR,,https://map.kakao.com/?q=보목마을
2586,보목포구,,SOUTH,NATURE,자연관광지,,서귀포시 송산동,33.239265,126.606895,제주특별자치도 서귀포시 보목포로 46,https://api.cdn.visitjeju.net/photomng/imgpath/201907/17/64a9f815-4ef1-4fac-8adb-90588553ed7a.webp,보목포구로 자리물회 먹으로 옵써!,보목포구로 자리물회 먹으로 옵써!,VJ+TOUR,,https://map.kakao.com/?q=보목포구
2587,보미다,,SOUTH,COMMERCIAL,상업지구,,서귀포시 대륜동,33.2384705,126.5143114,"제주특별자치도 서귀포시 이어도로 936-1, 2층 201호",https://api.cdn.visitjeju.net/photomng/imgpath/202105/27/995d6bb2-1475-418a-9ffe-f7b7e7ed7fc8.webp,"보미다(bomida) : ‘낡다,녹슬다’의 제주방언 제주 서귀포에 있는 빈티지 토탈 의류전문샵","보미다(bomida) : ‘낡다,녹슬다’의 제주방언 제주 서귀포에 있는 빈티지 토탈 의류전문샵",VJ,,https://map.kakao.com/?q=보미다
2588,보통청춘기록실 청춘사진관,,WEST,NATURE,자연관광지,,제주시 한림읍,33.4439128,126.2937119,제주특별자치도 제주시 한림읍 귀덕11길 1,https://api.cdn.visitjeju.net/photomng/imgpath/201901/18/7c005eee-a6ec-418e-9fff-7e86e56a7c55.webp,자연스러운 사진을 찍을 수 있는 사진관,자연스러운 사진을 찍을 수 있는 사진관,VJ,,https://map.kakao.com/?q=보통청춘기록실 청춘사진관
2589,보헤미안 제주,,SOUTH,COMMERCIAL,상업지구,,서귀포시 중문동,33.2439591,126.4514333,제주특별자치도 서귀포시 이어도로 297 (하원동) 1층,https://api.cdn.visitjeju.net/photomng/imgpath/202308/29/dbfb7edb-b6b8-4ad9-91d9-1ddde51d8e85.webp,보헤미안 감성 소품과 제주먹거리를 판매하는 소품가게,보헤미안 감성 소품과 제주먹거리를 판매하는 소품가게,VJ,,https://map.kakao.com/?q=보헤미안 제주
2590,보홀 조이다이브,,SOUTH,EXPERIENCE,체험 활동 관광지,,서귀포시 대륜동,33.260882,126.5212066,제주특별자치도 서귀포시 중산간동로 8383,https://api.cdn.visitjeju.net/photomng/imgpath/201804/30/bf71bc52-2bf8-4757-b99a-f1b0999e7d1d.webp,서귀포 섬속의 섬에서 진행되는 스쿠버다이빙 체험&전문교육,서귀포 섬속의 섬에서 진행되는 스쿠버다이빙 체험&전문교육,VJ,,https://map.kakao.com/?q=보홀 조이다이브
2591,복신미륵,,NORTH,NATURE,자연관광지,,제주시 용담1동,33.5155646,126.5154402,제주특별자치도 제주시 동한두기길 7-6 (용담일동),https://tong.visitkorea.or.kr/cms/resource/42/3555142_image2_1.jpg,"제주의 복신미륵은 한 쌍의 미륵으로 조선시대에 쌓은 제주성을 중심으로 동쪽에 있는 것은 동자복, 서쪽에 있는 것은 서자복이라고 한다.","제주의 복신미륵은 한 쌍의 미륵으로 조선시대에 쌓은 제주성을 중심으로 동쪽에 있는 것은 동자복, 서쪽에 있는 것은 서자복이라고 한다.
동자복은 만수사 옛터인 민가 안에 자리하고 있으며, 마을의 평안과 여러 활동의 안전을 기원하는 석불로, 집안의 제액, 육아에 효험이 있다고 하여 제를 올렸으며, 제주성의 동쪽에서 성안을 수호하는 기능도 하였다.
서자복은 용화사 안에 자리하고 있으며 옛날 제주성의 서쪽에서 성 안을 수호하는 기능을 하였다 한다. 돌모자를 쓰고 있으며, 인자하게 내려다보는 눈, 우뚝한 코, 지그시 다문 입, 커다란 귀 등에서 자비로운 모습을 보여준다. 곁에는 남근을 상징하는 동자상이 서 있는데, 여기에 걸터앉아 치성을 드리면 아들을 낳는다고 믿고 있다. 매년 음력 2월 15일과 11월 15일이면 미륵을 위한 불공이 법당 안에서 행하여진다. 정확한 제작 시기는 알 수 없지만 고려시대로 추정하며, 고을을 수호하고 아들 낳기를 바라는 민간신앙과 불교의 결합을 보여주는 예이다.",TOUR,,https://map.kakao.com/?q=복신미륵
2592,본초족욕,,NORTH,EXPERIENCE,체험 활동 관광지,,제주시 연동,33.471491,126.4881721,제주특별자치도 제주시 은수길 65,https://api.cdn.visitjeju.net/photomng/imgpath/202207/06/84a15d14-8f23-4124-8a3e-a5333b89691c.webp,천연 족욕 테라피를 즐기면서 심신의 피로를 확 날려버릴 수 있는 곳,천연 족욕 테라피를 즐기면서 심신의 피로를 확 날려버릴 수 있는 곳,VJ,,https://map.kakao.com/?q=본초족욕
2593,봉골레산,,NORTH,NATURE,자연관광지,,제주시 추자면,33.9653581,126.2888663,제주특별자치도 제주시 추자면 대서5길 1,https://api.cdn.visitjeju.net/photomng/imgpath/201804/30/6255f852-b1d3-4ee5-976f-ce703601a830.webp,아름다운 추자도의 풍광이 펼쳐지는 상추자도 북쪽에 위치한 낮은 산,아름다운 추자도의 풍광이 펼쳐지는 상추자도 북쪽에 위치한 낮은 산,VJ,,https://map.kakao.com/?q=봉골레산
2594,봉구의간식 제주 애월점,,WEST,EXPERIENCE,체험 활동 관광지,,제주시 애월읍,33.4645163,126.3191719,제주특별자치도 제주시 애월읍 애월로 110,https://api.cdn.visitjeju.net/photomng/imgpath/202212/16/b2235b08-fea3-4526-9b73-00c7b77f65eb.webp,봉구의간식은 첨가물을 넣지 않은 천연 수제간식 전문점이다.,봉구의간식은 첨가물을 넣지 않은 천연 수제간식 전문점이다.,VJ,,https://map.kakao.com/?q=봉구의간식 제주 애월점
2595,봉목장,,NORTH,COMMERCIAL,상업지구,,제주시 이도2동,33.5010844,126.5365246,제주특별자치도 제주시 가령로 34 (이도이동) 지하 1층,https://api.cdn.visitjeju.net/photomng/imgpath/202607/22/ea97133a-9019-444b-8955-0a0124bc94f2.webp,"제주 신화와 자연을 담은 로컬 콘텐츠 기업, 봉목장","제주 신화와 자연을 담은 로컬 콘텐츠 기업, 봉목장",VJ,,https://map.kakao.com/?q=봉목장
2596,봉쥬르봉봉,,WEST,EXPERIENCE,체험 활동 관광지,,제주시 한림읍,33.3783242,126.2513044,제주특별자치도 제주시 한림읍 한림로 408-2,https://api.cdn.visitjeju.net/photomng/imgpath/201809/11/e3229dfb-ca34-481e-9491-631a4867ef72.webp,바다 마그넷 원데이클래스를 체험할 수 있는 봉쥬르봉봉,바다 마그넷 원데이클래스를 체험할 수 있는 봉쥬르봉봉,VJ,,https://map.kakao.com/?q=봉쥬르봉봉
2597,부대악오름,,EAST,NATURE,자연관광지,,제주시 조천읍,33.4673227,126.7014494,제주특별자치도 제주시 조천읍 선흘리 산 103,https://api.cdn.visitjeju.net/photomng/imgpath/201804/30/0cd143ec-71e7-45bc-b367-052f8b6be5d2.webp,일제시대 때 일본군 부대가 주둔했다 하여 붙여진 부대악,일제시대 때 일본군 부대가 주둔했다 하여 붙여진 부대악,VJ,,https://map.kakao.com/?q=부대악오름
2598,북받친밭 이덕구산전,,EAST,CULTURE,문화시설,,제주시 조천읍,33.384853,126.619545,제주특별자치도 제주시 조천읍 516로 1865,https://api.cdn.visitjeju.net/photomng/imgpath/201804/30/40f8193d-3cc3-4dd9-a356-c9f024a2cd39.webp,토벌대의 학살을 피해 숨어든 피난민들의 피난처,토벌대의 학살을 피해 숨어든 피난민들의 피난처,VJ,,https://map.kakao.com/?q=북받친밭 이덕구산전
2599,북앤북스,,NORTH,COMMERCIAL,상업지구,,제주시 노형동,33.4816323,126.4817186,제주특별자치도 제주시 1100로 3308 (노형동),https://tong.visitkorea.or.kr/cms/resource/44/4017444_image2_1.jpg,북앤북스는 책을 매개로 지식과 영감을 공유하는 따뜻한 문화 공간이자 서점 브랜드입니다.,북앤북스는 책을 매개로 지식과 영감을 공유하는 따뜻한 문화 공간이자 서점 브랜드입니다. 세심하게 큐레이션된 도서들을 통해 고객들이 새로운 세상을 발견하고 마음의 풍요를 채울 수 있도록 돕는 든든한 지식 파트너입니다.,TOUR,,https://map.kakao.com/?q=북앤북스
2600,북앤토이 뮤지엄,,WEST,EXPERIENCE,체험 활동 관광지,,서귀포시 안덕면,33.3190856,126.3457347,"제주특별자치도 서귀포시 안덕면 동광로 267-7 (동광리, 토이파크) 현 북앤토이 뮤지엄 (구 제주 토이파크 뮤지엄)",https://api.cdn.visitjeju.net/photomng/imgpath/202503/29/bc78608d-b909-456a-b35f-d38a1dd6672b.webp,남녀노소 모두에게 역사와 과학을 선물하자 북앤토이 뮤지엄 입니다,남녀노소 모두에게 역사와 과학을 선물하자 북앤토이 뮤지엄 입니다,VJ,,https://map.kakao.com/?q=북앤토이 뮤지엄
2601,북오름,,WEST,NATURE,자연관광지,,서귀포시 안덕면,33.306194,126.332054,제주특별자치도 서귀포시 안덕면 동광리 산 94,https://api.cdn.visitjeju.net/photomng/imgpath/202112/07/9e8e12c3-8fd1-43bd-8cab-4939179ca0d9.webp,안덕 곶자왈 지대에 위치한 북오름,안덕 곶자왈 지대에 위치한 북오름,VJ,,https://map.kakao.com/?q=북오름
2602,북촌포구,,EAST,CULTURE,문화시설,,제주시 조천읍,33.550053,126.69415,제주특별자치도 제주시 조천읍 북촌9길 26-1,https://api.cdn.visitjeju.net/photomng/imgpath/202112/22/a79ff111-9f91-4719-8acb-ad14f6eeffc2.webp,다려도를 한눈에 볼 수 있고 마을 풍어제를 지내는 신당을 볼 수 있는 곳,다려도를 한눈에 볼 수 있고 마을 풍어제를 지내는 신당을 볼 수 있는 곳,VJ,,https://map.kakao.com/?q=북촌포구
2603,북촌환해장성,,EAST,CULTURE,문화시설,,제주시 조천읍,33.536594,126.69666,제주특별자치도 제주시 조천읍 북촌리,https://api.cdn.visitjeju.net/photomng/imgpath/201804/30/ce54570c-698d-4c79-bc0a-0e6d03cd9ad0.webp,계속된 왜구의 침략으로 불안과 공포에 휩싸였던 그 시대의 삶을 느껴보자.,계속된 왜구의 침략으로 불안과 공포에 휩싸였던 그 시대의 삶을 느껴보자.,VJ,,https://map.kakao.com/?q=북촌환해장성
2604,북타임,,SOUTH,COMMERCIAL,상업지구,,서귀포시 서홍동,33.2811103,126.540806,제주특별자치도 서귀포시 중앙로 109 2층,https://api.cdn.visitjeju.net/photomng/imgpath/201810/19/3661cf0f-4ef7-47fa-b151-c5f924844767.webp,서귀포 중앙로터리 근처에 있는 있는 책방,서귀포 중앙로터리 근처에 있는 있는 책방,VJ,,https://map.kakao.com/?q=북타임
2605,불란지야시장,,SOUTH,COMMERCIAL,상업지구,,서귀포시 중문동,33.2502965,126.4240091,제주특별자치도 서귀포시 중문상로17번길 4 (중문동),https://tong.visitkorea.or.kr/cms/resource/88/2800688_image2_1.jpg,불란지야시장은 중문 오일장 초입에 자리하고 있는 곳이다.,"불란지야시장은 중문 오일장 초입에 자리하고 있는 곳이다. 불란지는 반딧불이의 제주 사투리로 중문에 어둠이 깔릴 때 불이 켜진다. 싱싱한 활어회부터 파전, 토스트, 두루치기에 고기 국수까지, 가격과 입맛에 따라 음식을 골라 먹을 수 있는 재미가 있는 곳이다. 야시장에는 8개 정도의 식당이 모여 있는데 실내보다는 야외 공간이 특히 인기 있다. 마음에 드는 야외 테이블에 자리 잡고 먹고 싶은 음식들을 각 식당에 주문한 뒤 먹으면 된다.",TOUR,,https://map.kakao.com/?q=불란지야시장
2606,불카분낭 (불타버린 나무),,EAST,CULTURE,문화시설,,제주시 조천읍,33.510834,126.70725,제주특별자치도 제주시 조천읍 선흘리 1136-2,https://api.cdn.visitjeju.net/photomng/imgpath/201804/30/4fb1ddfc-8807-4d78-acfe-d69109727216.webp,선흘리가 초토화되면서 같이 탔지만 지금껏 살아있는 나무,선흘리가 초토화되면서 같이 탔지만 지금껏 살아있는 나무,VJ,,https://map.kakao.com/?q=불카분낭 (불타버린 나무)
2607,불탑사5층석탑,,NORTH,CULTURE,문화시설,,제주시 삼양동,33.5291414,126.5979893,제주특별자치도 제주시 원당로16길 41,https://api.cdn.visitjeju.net/photomng/imgpath/201804/30/519f66e5-5697-466e-90e8-6721acd8f723.webp,보물 제1187호로 지정되어 보호받고 있는 제주도내 유일 고려시대 석탑,보물 제1187호로 지정되어 보호받고 있는 제주도내 유일 고려시대 석탑,VJ+TOUR,,https://map.kakao.com/?q=불탑사5층석탑
2608,붉은오름(성산읍),,EAST,NATURE,자연관광지,,서귀포시 성산읍,33.4266448,126.9323537,제주특별자치도 서귀포시 성산읍 섭지코지로 261,https://api.cdn.visitjeju.net/photomng/imgpath/201804/30/7edfaee5-46b6-47b3-b311-ede7a5ab2181.webp,오름 전체가 붉은송이로 형성되어 있는 곳,오름 전체가 붉은송이로 형성되어 있는 곳,VJ,,https://map.kakao.com/?q=붉은오름(성산읍)
2609,붉은오름(표선면),,EAST,TRAIL,산책로·둘레길,,서귀포시 표선면,33.3828211,126.7313785,제주특별자치도 서귀포시 표선면 남조로 1487-73,https://api.cdn.visitjeju.net/photomng/imgpath/202408/19/b8bc5382-40d5-4af7-8332-67d6ba623063.webp,"제주 힐링여행의 명소, 붉은오름","제주 힐링여행의 명소, 붉은오름",VJ,,https://map.kakao.com/?q=붉은오름(표선면)
2610,뷰 제주하늘,,EAST,LEISURE,레저·스포츠 관련 시설,,서귀포시 성산읍,33.4131403,126.8327167,제주특별자치도 서귀포시 성산읍 서성일로 397,https://api.cdn.visitjeju.net/photomng/imgpath/202306/19/ddea6e31-990e-4fa8-927a-4d2a63e554c9.webp,말과 함께 오름을 걷는 특별한 경험,말과 함께 오름을 걷는 특별한 경험,VJ+TOUR,,https://map.kakao.com/?q=뷰 제주하늘
2611,브라운브레스 제주칠성점,,NORTH,COMMERCIAL,상업지구,,제주시 일도1동,33.5140487,126.5255529,제주특별자치도 제주시 관덕로11길 12 (일도일동),https://tong.visitkorea.or.kr/cms/resource/73/4024473_image2_1.jpeg,브라운브레스(Brownbreath)는 '메시지를 전파한다'는 철학 아래 탄생한 대한민국 1세대 스트릿 패션 브랜드입니다.,브라운브레스(Brownbreath)는 '메시지를 전파한다'는 철학 아래 탄생한 대한민국 1세대 스트릿 패션 브랜드입니다. 탄탄한 품질의 가방과 의류를 통해 도시인들의 목소리와 문화를 대변하며 확고한 팬덤을 유지하고 있습니다.,TOUR,,https://map.kakao.com/?q=브라운브레스 제주칠성점
2612,브랭섬홀아시아 아이스링크,,WEST,EXPERIENCE,체험 활동 관광지,,서귀포시 대정읍,33.291267,126.2885061,제주특별자치도 서귀포시 대정읍 글로벌에듀로 234(3번게이트),https://api.cdn.visitjeju.net/photomng/imgpath/202407/23/e88a2515-c1f6-4d37-95f1-6a47c7ff2537.webp,제주 최초 국제 규격 실내 아이스링크장,제주 최초 국제 규격 실내 아이스링크장,VJ,,https://map.kakao.com/?q=브랭섬홀아시아 아이스링크
2613,브리더스파크,,EAST,EXPERIENCE,체험 활동 관광지,,제주시 구좌읍,33.433738,126.7772854,제주특별자치도 제주시 구좌읍 금백조로 902-102,https://api.cdn.visitjeju.net/photomng/imgpath/202306/19/9ba8fc24-e985-4d95-992a-035e6453324e.webp,우리나라 최대 & 최고 규모의 승마장,우리나라 최대 & 최고 규모의 승마장,VJ,,https://map.kakao.com/?q=브리더스파크
2614,블랙벨트 태권도장 제주노형,,NORTH,NATURE,자연관광지,,제주시 노형동,33.4834742,126.4740057,제주특별자치도 제주시 정존5길 9 2층,https://api.cdn.visitjeju.net/photomng/imgpath/202307/26/7f4efe9b-b733-4d6c-96c8-033db8493e3b.webp,심신을 단련하고 나를 재정비하는 휴가를 보낼 수 있는 블랙벨트 태권도장,심신을 단련하고 나를 재정비하는 휴가를 보낼 수 있는 블랙벨트 태권도장,VJ,,https://map.kakao.com/?q=블랙벨트 태권도장 제주노형
2615,블랙스톤 힐하우스 스파,,WEST,NATURE,자연관광지,,제주시 한림읍,33.355577,126.3056877,제주특별자치도 제주시 한림읍 한창로 925-122,https://api.cdn.visitjeju.net/photomng/imgpath/202010/07/63cccfd1-f566-4aa5-bdee-b96c470384c6.webp,"제주의 청정을 그대로 유지한 자연의 품에 안겨 그 속에서 휴식과 회복, 그로부터 신체 나이를 되돌리는 데 도움을 주는 자연주의 스파, 더힐하우…","제주의 청정을 그대로 유지한 자연의 품에 안겨 그 속에서 휴식과 회복, 그로부터 신체 나이를 되돌리는 데 도움을 주는 자연주의 스파, 더힐하우스스파가 바로 그곳이다. 더힐하우스스파는 블랙스톤 골프호텔 단지 내에 위치하고 있으며 편안한 분위기와 현대식 시설을 갖춘 전문 스파다.",VJ,,https://map.kakao.com/?q=블랙스톤 힐하우스 스파
2616,블랙야크 서귀포점,,SOUTH,COMMERCIAL,상업지구,,서귀포시 중앙동,33.2493323,126.5618088,제주특별자치도 서귀포시 중앙로 54 (서귀동),https://tong.visitkorea.or.kr/cms/resource/04/4020404_image2_1.jpg,"블랙야크는 한국의 아웃도어 브랜드로, 고기능성 소재를 활용한 제품을 판매합니다.","블랙야크는 한국의 아웃도어 브랜드로, 고기능성 소재를 활용한 제품을 판매합니다. 실용적인 디자인과 내구성으로 국내외에서 인기가 높습니다.",TOUR,,https://map.kakao.com/?q=블랙야크 서귀포점
2617,블랙야크 신제주점,,NORTH,COMMERCIAL,상업지구,,제주시 노형동,33.4876168,126.481358,제주특별자치도 제주시 도령로 25 (노형동),https://tong.visitkorea.or.kr/cms/resource/31/4020331_image2_1.jpg,"블랙야크는 한국의 아웃도어 브랜드로, 고기능성 소재를 활용한 제품을 판매합니다.","블랙야크는 한국의 아웃도어 브랜드로, 고기능성 소재를 활용한 제품을 판매합니다. 실용적인 디자인과 내구성으로 국내외에서 인기가 높습니다.",TOUR,,https://map.kakao.com/?q=블랙야크 신제주점
2618,블랙야크 제주점,,NORTH,COMMERCIAL,상업지구,,제주시 일도1동,33.5156672,126.5254223,제주특별자치도 제주시 관덕로11길 27-1 (일도일동),https://tong.visitkorea.or.kr/cms/resource/75/4024275_image2_1.jpeg,"블랙야크는 한국의 아웃도어 브랜드로, 고기능성 소재를 활용한 제품을 판매합니다.","블랙야크는 한국의 아웃도어 브랜드로, 고기능성 소재를 활용한 제품을 판매합니다. 실용적인 디자인과 내구성으로 국내외에서 인기가 높습니다.",TOUR,,https://map.kakao.com/?q=블랙야크 제주점
2619,블랙야크키즈 제주점,,NORTH,COMMERCIAL,상업지구,,제주시 노형동,33.482401,126.4835554,제주특별자치도 제주시 연북로 21 (노형동),https://tong.visitkorea.or.kr/cms/resource/30/4044230_image2_1.png,"블랙야크는 한국의 아웃도어 브랜드로, 고기능성 소재를 활용한 제품을 판매합니다.","블랙야크는 한국의 아웃도어 브랜드로, 고기능성 소재를 활용한 제품을 판매합니다. 실용적인 디자인과 내구성으로 국내외에서 인기가 높습니다.",TOUR,,https://map.kakao.com/?q=블랙야크키즈 제주점
2620,블리핸드메이드,,EAST,COMMERCIAL,상업지구,,제주시 조천읍,33.5195621,126.6191842,제주특별자치도 제주시 조천읍 신와로 105,https://api.cdn.visitjeju.net/photomng/imgpath/202306/13/1d6d2438-0620-4eca-9bde-cb92795a0d5c.webp,다양한 종류의 구체관절인형이 반기는 소품샵,다양한 종류의 구체관절인형이 반기는 소품샵,VJ,,https://map.kakao.com/?q=블리핸드메이드
2621,비너스 와코루 마더피아 신제주특별자치도점,,NORTH,COMMERCIAL,상업지구,,제주시 연동,33.4882962,126.4902514,제주특별자치도 제주시 신광로 43 (연동) 1층,https://tong.visitkorea.or.kr/cms/resource/70/4045070_image2_1.png,비너스는 한국 여성의 체형에 최적화된 디자인과 편안한 착용감을 추구하는 정통 란제리 브랜드입니다.,비너스는 한국 여성의 체형에 최적화된 디자인과 편안한 착용감을 추구하는 정통 란제리 브랜드입니다. 오랜 기술력을 바탕으로 한 뛰어난 보정력과 세련된 디자인을 통해 여성의 아름다움과 자신감을 완성합니다.,TOUR,,https://map.kakao.com/?q=비너스 와코루 마더피아 신제주특별자치도점
2622,비양도선착장,,WEST,NATURE,자연관광지,,제주시 한림읍,33.4190599,126.2625616,제주특별자치도 제주시 한림읍 한림해안로 192,https://tong.visitkorea.or.kr/cms/resource/68/3556268_image2_1.jpg,"제주의 또 다른 섬으로 불리는 비양도는 날아온 섬이라는 뜻을 가지고 있으며, 우리나라에서 유일하게 탄생에 대한 역사적 문헌이 남아있다.","제주의 또 다른 섬으로 불리는 비양도는 날아온 섬이라는 뜻을 가지고 있으며, 우리나라에서 유일하게 탄생에 대한 역사적 문헌이 남아있다. 천년의 섬이라 불리는 비양도는 아름다운 자연경관과 무한한 관광자원을 가지고 있다. 본 섬의 한림항에서 비양도로 들어가는 배를 탈 수 있다. 하루에 4번 정도 들어오고 나가는 배편이 있고, 한림항에서 15분 정도 소요된다. 기상에 따른 스케줄 변동이 있을 수 있기 때문에 미리 유선으로 확인하고 가는 편이 좋다. 섬 안의 해안 도로를 따라 걷다 보면 기암괴석을 볼 수 있는데, 애기업은돌과 코끼리 바위가 대표적이다. 또 뭍에서는 보기 드문 바닷물로 된 염습지 필랑못이 있으며, 작은 섬이기 때문에 트래킹 명소로도 주목받고 있다. 주로 두 가지 코스가 있는데, 비양도항에서 비양봉을 돌고 나오는 비양 오름길, 비양도 한 바퀴를 전부 둘러보는 비양도 한 바퀴 일주 코스로 나뉜다.",TOUR,,https://map.kakao.com/?q=비양도선착장
2623,비양도연평리야영지,,EAST,EXPERIENCE,체험 활동 관광지,,제주시 우도면,33.5151524,126.9568199,제주특별자치도 제주시 우도면 연평리 3,https://api.cdn.visitjeju.net/photomng/imgpath/202002/19/178947f2-5d79-4ccb-a026-9050b0a68616.webp,우도가 품은 작은 섬 비양도에 있는 야영지,우도가 품은 작은 섬 비양도에 있는 야영지,VJ,,https://map.kakao.com/?q=비양도연평리야영지
2624,비양도의비양나무자생지,,NORTH,NATURE,자연관광지,,제주시 이도2동,33.499622,126.53119,제주특별자치도 제주시 한림읍 협재리 산 89,https://api.cdn.visitjeju.net/photomng/imgpath/201804/30/a8c7b3b6-60f1-4ad8-88d5-66a0b920d229.webp,제주특별자치도 기념물 제48호로 지정된 한국에서 유일한 비양나무 자생군락지,제주특별자치도 기념물 제48호로 지정된 한국에서 유일한 비양나무 자생군락지,VJ,,https://map.kakao.com/?q=비양도의비양나무자생지
2625,비양등대,,WEST,NATURE,자연관광지,,제주시 한림읍,33.410194,126.22714,제주특별자치도 제주시 한림읍 협재리 산102,https://api.cdn.visitjeju.net/photomng/imgpath/202112/13/778445e7-e56c-4887-a25b-4e9e20dafc8a.webp,비양도의 비양오름 정상에 있는 무인등대,비양도의 비양오름 정상에 있는 무인등대,VJ,,https://map.kakao.com/?q=비양등대
2626,비양봉,,WEST,NATURE,자연관광지,,제주시 한림읍,33.4085746,126.2271121,제주특별자치도 제주시 한림읍 협재리,https://tong.visitkorea.or.kr/cms/resource/71/3585371_image2_1.jpg,비양봉은 한림읍 협재리 앞바다 비양도에 있는 기생화산이다.,"비양봉은 한림읍 협재리 앞바다 비양도에 있는 기생화산이다. 비양도는 제주의 화산체 중 가장 나중에 생긴 막내 섬으로, 작은 섬이고 3시간 정도면 충분히 둘러볼 수 있는 규모다. 서기 1002년 6월에 산이 바다 한가운데에서 솟아 나왔는데, 산꼭대기에서 네 개의 구멍이 뚫리고 붉은 물이 닷새 만에 그쳐 그 물이 엉겨 모두 돌이 되었다고 기록한 것으로 보아, 이 시기 비양봉에서 어떤 화산활동이 있었던 것으로 추정한다. 섬 중앙에는 대형 분화구와 소형 분화구가 있으며, 대형 분화구 사면에 낮고 작은 2개의 분화구가 딸려 있다. 오름 주변 해안에서는 대형의 굴뚝형 분기공인 애기 업은 돌과 초대형 화산탄 모양의 베개용암 등의 수중용암들을 볼 수 있다. 보통 비양봉으로 통하나 주민들 사이에서 암메라고 불리기도 한다. 비양봉 정상을 향해 계단을 오르다 보면 비양봉 전망대가 나오며, 이곳에서는 제주의 푸른 바다와 시내를 한눈에 볼 수 있다. 또, 등대에서 보는 제주의 노을은 장관을 연출하며 사진 명소로도 유명하다.",TOUR,,https://map.kakao.com/?q=비양봉
2627,비자림농원,,EAST,EXPERIENCE,체험 활동 관광지,,제주시 조천읍,33.5142094,126.718764,제주특별자치도 제주시 조천읍 선흘동1길 31-71,https://api.cdn.visitjeju.net/photomng/imgpath/201811/29/b467784f-a48d-46b9-97d7-2f58d2d2646d.webp,감귤 체험을 할 수 있는 곳,감귤 체험을 할 수 있는 곳,VJ,,https://map.kakao.com/?q=비자림농원
2628,비치미오름,,EAST,NATURE,자연관광지,,제주시 구좌읍,33.428295,126.764145,제주특별자치도 제주시 구좌읍 송당리 산 255-1,https://api.cdn.visitjeju.net/photomng/imgpath/202112/22/61178a20-a01b-4cf5-88e5-6a4bf7a911d4.webp,불러도 대답이 없지만 또 부르고 싶은 비치미오름,불러도 대답이 없지만 또 부르고 싶은 비치미오름,VJ,,https://map.kakao.com/?q=비치미오름
2629,비케이브,,EAST,NATURE,자연관광지,,제주시 조천읍,33.5084448,126.7200224,제주특별자치도 제주시 조천읍 동백로 122,https://api.cdn.visitjeju.net/photomng/imgpath/202311/22/cbf39af2-6ac1-4ebf-9224-3f30c31e0f84.webp,오마이걸 유아 숲의 아이 뮤직비디오 촬영지,오마이걸 유아 숲의 아이 뮤직비디오 촬영지,VJ,,https://map.kakao.com/?q=비케이브
2630,빈티지락,,EAST,COMMERCIAL,상업지구,,제주시 구좌읍,33.5520763,126.7909708,제주특별자치도 제주시 구좌읍 월정1길 1 (월정리) ,https://api.cdn.visitjeju.net/photomng/imgpath/202501/07/71e2aefc-4d08-46ce-b795-a883e072d9df.webp,제주도 구제 의류 빈티지샵,제주도 구제 의류 빈티지샵,VJ,,https://map.kakao.com/?q=빈티지락
2631,빈폴 제주점,,NORTH,COMMERCIAL,상업지구,,제주시 일도1동,33.5144061,126.5253215,제주특별자치도 제주시 관덕로11길 15 (일도일동),https://tong.visitkorea.or.kr/cms/resource/07/4020407_image2_1.jpg,빈폴은 삼성물산 패션부문이 운영하는 클래식 캐주얼 브랜드입니다.,"빈폴은 삼성물산 패션부문이 운영하는 클래식 캐주얼 브랜드입니다. 고급스러운 소재와 세련된 디자인으로 품격 있는 스타일을 제안하며, 전통과 현대적 감각이 조화된 패션 아이템을 선보입니다.",TOUR,,https://map.kakao.com/?q=빈폴 제주점
2632,빌레못동굴,,WEST,CULTURE,문화시설,,제주시 애월읍,33.408165,126.35178,제주특별자치도 제주시 애월읍 어음리 1391,https://api.cdn.visitjeju.net/photomng/imgpath/201804/30/e9938086-65e5-4d3e-b1bf-72924167a7cf.webp,"천연기념물 제342호, 총길이 11,749m의 세계에서 가장 긴 동굴","천연기념물 제342호, 총길이 11,749m의 세계에서 가장 긴 동굴",VJ,,https://map.kakao.com/?q=빌레못동굴
2633,빌리바이크,,EAST,EXPERIENCE,체험 활동 관광지,,제주시 우도면,33.492534,126.9518893,제주특별자치도 제주시 우도면 우도해안길 65,https://api.cdn.visitjeju.net/photomng/imgpath/202408/01/c4ef5c8c-374d-4e38-943e-c3bfb457b966.webp,최신형 스쿠터를 대여해 우도의 아름다움을 즐기자,최신형 스쿠터를 대여해 우도의 아름다움을 즐기자,VJ,,https://map.kakao.com/?q=빌리바이크
2634,빛의 섬 루미버스,,EAST,EXPERIENCE,체험 활동 관광지,,서귀포시 표선면,33.3243319,126.8431795,제주특별자치도 서귀포시 표선면 민속해안로 631-34 (표선리) 제주 민속촌(야간 개장),https://api.cdn.visitjeju.net/photomng/imgpath/202505/15/dc2ffedb-5810-4c3e-9273-5856ccb41cb9.webp,제주 설화를 모티브로 탄생한 로컬힙(Local-Hip) 컬쳐테인먼트 야간 테마파크,제주 설화를 모티브로 탄생한 로컬힙(Local-Hip) 컬쳐테인먼트 야간 테마파크,VJ+TOUR,,https://map.kakao.com/?q=빛의 섬 루미버스
2635,빠우사 PAUSA 명상요가,,EAST,EXPERIENCE,체험 활동 관광지,,제주시 조천읍,33.4578166,126.711838,제주특별자치도 제주시 조천읍 선교로 539,https://api.cdn.visitjeju.net/photomng/imgpath/202204/27/6bdb84d3-094d-48a6-b96b-31cd8b1057fb.webp,그림 명상과 요가를 진행하는 요가카페입니다.,그림 명상과 요가를 진행하는 요가카페입니다.,VJ,,https://map.kakao.com/?q=빠우사 PAUSA 명상요가
2636,뿔소라공원,,WEST,NATURE,자연관광지,,서귀포시 대정읍,33.2736876,126.1719632,제주특별자치도 서귀포시 대정읍 신도리 3125-5,https://api.cdn.visitjeju.net/photomng/imgpath/202407/23/86c7188e-d4d6-4163-99e7-da8889888fab.webp,낮에는 ‘돌고래’를 저녁에는 ‘일물’...,낮에는 ‘돌고래’를 저녁에는 ‘일물’... 뿔소라공원,VJ+TOUR,주소를 좌표로 다시 구함,https://map.kakao.com/?q=뿔소라공원
2637,쁘띠동백,,SOUTH,COMMERCIAL,상업지구,,서귀포시 남원읍,33.302706,126.6568975,제주특별자치도 서귀포시 남원읍 태위로 278,https://api.cdn.visitjeju.net/photomng/imgpath/202306/13/60692aa8-94cc-463c-85d2-7bc3ba47428c.webp,사장님의 손재주가 돋보이는 소품샵,사장님의 손재주가 돋보이는 소품샵,VJ,,https://map.kakao.com/?q=쁘띠동백
2638,쁘램요가 제주점,,NORTH,EXPERIENCE,체험 활동 관광지,,제주시 연동,33.4814949,126.490701,제주특별자치도 제주시 연북로 88,https://api.cdn.visitjeju.net/photomng/imgpath/201809/03/de9512db-18b8-4553-a593-6033a20df4ba.webp,제주 시내에서 만날 수 있는 쁘램 요가원의 테랍툴 요가를 소개한다.,제주 시내에서 만날 수 있는 쁘램 요가원의 테랍툴 요가를 소개한다. 이곳에서 체험할 수 있는 테랍툴 요가는 Therapy와 Tool의 합성어로 도구로 몸을 치유한다는 의미를 가지고 있다.,VJ,,https://map.kakao.com/?q=쁘램요가 제주점
2639,삐삐그루밍,,WEST,EXPERIENCE,체험 활동 관광지,,서귀포시 대정읍,33.2806298,126.2862131,제주특별자치도 서귀포시 대정읍 중산간서로 2269,https://api.cdn.visitjeju.net/photomng/imgpath/202212/15/961f48d9-d0cf-4269-aaa4-cb31cff107fe.webp,삐삐그루밍은 제주 영어교육도시 내에 위치한 반려견 놀이터다.,삐삐그루밍은 제주 영어교육도시 내에 위치한 반려견 놀이터다.,VJ,,https://map.kakao.com/?q=삐삐그루밍
2640,사가냥,,EAST,COMMERCIAL,상업지구,,제주시 조천읍,33.5439931,126.6588344,제주특별자치도 제주시 조천읍 신북로 453,https://api.cdn.visitjeju.net/photomng/imgpath/202306/13/eba6eedb-df8a-4185-bf34-b2299adeb27e.webp,고양이 덕후의 고양이소품 모음집,고양이 덕후의 고양이소품 모음집,VJ,,https://map.kakao.com/?q=사가냥
2641,사계항,,WEST,CULTURE,문화시설,,서귀포시 안덕면,33.237034,126.30206,제주특별자치도 서귀포시 안덕면 사계리,https://api.cdn.visitjeju.net/photomng/imgpath/201804/30/8b17ce9d-7c23-4589-9b1f-975e064d4899.webp,관광지와 가깝고 한적한 어촌마을 사계포구,관광지와 가깝고 한적한 어촌마을 사계포구,VJ,,https://map.kakao.com/?q=사계항
2642,사계해안,,WEST,CULTURE,문화시설,,서귀포시 안덕면,33.2336721,126.311389,제주 서귀포시 안덕면 사계리,https://api.cdn.visitjeju.net/photomng/imgpath/201807/04/a62307e1-f5db-4afe-b421-be203fd08a78.webp,서귀포 산방산 해안에 자리 잡은 용머리해안.,서귀포 산방산 해안에 자리 잡은 용머리해안. 수천 만 년 동안 층층이 쌓인 암벽으로 이루어진 용머리 해안은 서귀포에서도 손에 꼽히는 자연명소이다.,VJ,,https://map.kakao.com/?q=사계해안
2643,사계해안도로,,WEST,TRAIL,산책로·둘레길,,서귀포시 안덕면,33.21973,126.29425,제주특별자치도 서귀포시 안덕면 사계리,https://api.cdn.visitjeju.net/photomng/imgpath/202111/15/4fcaac11-7f36-41c7-99a8-416b7bda3fd6.webp,산방산과 형제섬을 즐길 수 있는 해안도로,산방산과 형제섬을 즐길 수 있는 해안도로,VJ,,https://map.kakao.com/?q=사계해안도로
2644,사라봉(모충사) 의병항쟁기념탑,,NORTH,NATURE,자연관광지,,제주시 건입동,33.5161734,126.5470457,제주특별자치도 제주시 사라봉길 75,https://tong.visitkorea.or.kr/cms/resource/89/3400689_image2_1.jpg,제주항 위로 보이는 사라봉에 오르면 제주성내를 한눈에 굽어볼 수 있다.,"제주항 위로 보이는 사라봉에 오르면 제주성내를 한눈에 굽어볼 수 있다. 남으로 한라산, 북으로 끝없이 펼쳐진 푸른빛 제주바다, 어느 방향으로나 조망이 아름다운 이 봉우리 아래에 제주 의병 항쟁 기념탑이 서 있다. 1909년 2월 25일 의병장 고사훈 등 10 명의 구국지사들이 발의하여, 1909년 3월 3일을 기해 관덕정 광장에 집결, 일본 관리를 축출하고 국권을 회복하고자 했으나 비밀이 탄로 나 실패로 끝나버린 제주 의병 운동을 기념하기 위해 세워졌다. 모충사 내에 하늘을 찌를 듯 우뚝 솟은 의병항쟁탑 앞에 서면, 일본 침략에 항거한 제주도민의 주체적 항쟁의지가 가슴에 와닿는다. 아래에 2기의 탑이 더 있는데, 하나는 1919년 7월 독립군 군자금 모금사건으로 체포되어 1920년 4월 대구형무소에서 옥사한 조봉호 순국 지사의 기념비이고, 또 하나는 1700년대 말, 제주도 구휼에 앞장섰던 김만덕 할머니의 추모비이다.

김만덕 할머니 (1739 ∼1812)는 가난한 선비의 딸로 태어나 40대에 이르러 큰 부자가 되었다. 1792년경 제주도에 큰 흉년이 들어 약 18,000명이 굶어 죽었는데 김만덕 할머니는 그때까지 번 돈으로 육지에서 식량을 사 와 사람들에게 나눠주었다. 할머니가 자식도 없이 74세로 죽자 나라에서는 벼슬을 내렸다. 추사 김정희는 그녀의 묘비에 찬양하는 글을 남겼으며, 당시 영의정 채제공은 전기를 기록하였다. 사라봉 공원 내에는 그의 묘비와 만덕관이 있다. 매년 한라문화제 때에는 모충사에서 의녀 김만덕 할머니를 기리는 ‘만덕제’가 거행되며 이때 제주도 일원에서 사회봉사에 공헌한 여성을 선정해 만덕봉사상을 수여하고 있다. 세 개의 탑 주위는 향나무, 소나무, 동백나무, 종려나무 등, 다양한 수종으로 아름답게 꾸며져 있어 사라봉과 함께 제주 시민의 소중한 휴식 공간으로 이용되고 있다.",TOUR,,https://map.kakao.com/?q=사라봉(모충사) 의병항쟁기념탑
2645,사라오름,,SOUTH,NATURE,자연관광지,,서귀포시 남원읍,33.371944,126.570915,제주특별자치도 서귀포시 남원읍 신례리 산 2-1,https://api.cdn.visitjeju.net/photomng/imgpath/202111/10/088edd31-403a-4eca-a0ee-3327c32ce43a.webp,노루떼가 뛰어노는 모습이 한 폭의 그림 같은 곳,노루떼가 뛰어노는 모습이 한 폭의 그림 같은 곳,VJ,,https://map.kakao.com/?q=사라오름
2646,사라오름,,SOUTH,NATURE,자연관광지,,서귀포시 남원읍,33.3642522,126.6050441,제주특별자치도 서귀포시 남원읍 신례리 산 2-1,https://tong.visitkorea.or.kr/cms/resource/60/3523460_image2_1.jpg,"한라산 고지대의 백록담 성판악 등반코스 남측에 자리한 오름으로, 서귀포시 남원읍과 제주시 조천읍의 군계에 걸쳐져 있다.","한라산 고지대의 백록담 성판악 등반코스 남측에 자리한 오름으로, 서귀포시 남원읍과 제주시 조천읍의 군계에 걸쳐져 있다. 오름분화구에 물이 고여있는 몇 안 되는 산정 화구호를 갖고 있는 오름이다. 제일 높은 표고에 위치한 산정화구호이며 화구호는 접시 모양으로 그리 깊지는 않다. 장마철에 이곳을 찾으면 분화구 가득 물을 품고 있는 신비로운 사라오름을 만나볼 수 있다. 물이 많이 차올라 데크가 잠기면 신발을 벗고 바지를 걷어 올려 건너야 할 정도다. 고지 1300m의 꽁꽁 언 호수와 설록의 모습 또한 장관이어서 많은 등산 마니아들이 찾는다. 이 산정 화구호 주변은 2011년 10월 13일 명승으로 지정받았다.",TOUR,,https://map.kakao.com/?q=사라오름
2647,사려니오름,,SOUTH,TRAIL,산책로·둘레길,,서귀포시 남원읍,33.3350666,126.6432356,제주특별자치도 서귀포시 남원읍 516로 1648-87,https://api.cdn.visitjeju.net/photomng/imgpath/201804/30/cd21b3f1-1e1a-4168-b325-2e344c5791d9.webp,볼록한 제주 오름들이 한눈에 보이는 사려니오름,볼록한 제주 오름들이 한눈에 보이는 사려니오름,VJ,,https://map.kakao.com/?q=사려니오름
2648,사수항,,NORTH,NATURE,자연관광지,,제주시 도두동,33.5096027,126.4795124,제주특별자치도 제주시 서해안로 319 (도두이동),https://tong.visitkorea.or.kr/cms/resource/47/3553747_image2_1.jpg,사수항은 제주 국제공항 바로 뒤편에 있는 작은 항이다.,"사수항은 제주 국제공항 바로 뒤편에 있는 작은 항이다. 항구의 역할보다는 아름다운 일몰과 카페거리 등 인근 관광지로 더 유명하다. 사수항을 지나는 해안도로를 따라가다 보면 말 모양의 등대가 있는 이호테우 등대와 무지개 해안도로를 만날 수 있다. 근처에는 제주만의 독특한 감성이 묻어나는 카페들이 즐비한 카페거리가 있어 함께 들러보기 좋다. 특히 일몰이 매우 아름다우며, 로맨틱한 분위기를 연출한다.",TOUR,,https://map.kakao.com/?q=사수항
2649,사쉬요가,,NORTH,NATURE,자연관광지,,제주시 이도2동,33.494112,126.5402179,제주특별자치도 제주시 남광로 44 1충 사쉬요가,https://api.cdn.visitjeju.net/photomng/imgpath/202412/11/16cfc00f-9585-4929-96c3-dcc95d5493de.webp,빈야사 요가와 명상을 주로하는 제주 시내 전문 요가원,빈야사 요가와 명상을 주로하는 제주 시내 전문 요가원,VJ,,https://map.kakao.com/?q=사쉬요가
2650,사슴책방,,EAST,COMMERCIAL,상업지구,,제주시 조천읍,33.4958502,126.6588722,제주특별자치도 제주시 조천읍 중산간동로 698-71,https://api.cdn.visitjeju.net/photomng/imgpath/201908/29/70bcad61-9dc1-42f6-a959-0d3109f6ebe0.webp,"일러스트 작가가 직접 운영하는 일러스트레이션, 그림 전문 서점","일러스트 작가가 직접 운영하는 일러스트레이션, 그림 전문 서점",VJ+TOUR,,https://map.kakao.com/?q=사슴책방
2651,사월의 꿩,,EAST,EXPERIENCE,체험 활동 관광지,,제주시 구좌읍,33.4281061,126.751044,제주특별자치도 제주시 구좌읍 번영로 2178,https://api.cdn.visitjeju.net/photomng/imgpath/202307/26/0b128a4f-f990-4fd0-88b7-3955ff3f79c6.webp,향토음식 장인이 만드는 유일무이 제주 보양식 꿩엿,향토음식 장인이 만드는 유일무이 제주 보양식 꿩엿,VJ,,https://map.kakao.com/?q=사월의 꿩
2652,사회복지법인 평화의마을,,WEST,COMMERCIAL,상업지구,,서귀포시 대정읍,33.2790874,126.292444,제주특별자치도 서귀포시 대정읍 중산간서로 2195-12,https://api.cdn.visitjeju.net/photomng/imgpath/201804/30/8324d9f8-c4e2-42df-a254-4eab0785743a.webp,제주 무항생흑돼지로 수제소시지와 햄을 생산하는 곳,제주 무항생흑돼지로 수제소시지와 햄을 생산하는 곳,VJ,,https://map.kakao.com/?q=사회복지법인 평화의마을
2653,산도스카발리오홀스파크,,WEST,EXPERIENCE,체험 활동 관광지,,서귀포시 안덕면,33.3336425,126.3701635,제주특별자치도 서귀포시 안덕면 산록남로 566,https://api.cdn.visitjeju.net/photomng/imgpath/202306/19/1dcec7fa-dedc-404f-9087-8e3a209a134d.webp,입문자와 숙련자 모두 즐기는 승마체험,입문자와 숙련자 모두 즐기는 승마체험,VJ,,https://map.kakao.com/?q=산도스카발리오홀스파크
2654,산방굴사,,WEST,CULTURE,문화시설,,서귀포시 안덕면,33.2375408,126.3133971,제주특별자치도 서귀포시 안덕면 산방로 218-12,https://api.cdn.visitjeju.net/photomng/imgpath/202111/12/0ff17322-5323-4be7-911f-c2c737e2cd9d.webp,불상이 있어 사찰로 불리는 아름다운 풍광을 가진 산방굴사,불상이 있어 사찰로 불리는 아름다운 풍광을 가진 산방굴사,VJ+TOUR,,https://map.kakao.com/?q=산방굴사
2655,산방산‧용머리해안 지질트레일,,WEST,LEISURE,레저·스포츠 관련 시설,,서귀포시 안덕면,33.249074,126.2985816,제주특별자치도 서귀포시 안덕면 사계북로41번길 192,https://tong.visitkorea.or.kr/cms/resource/37/2369537_image2_1.jpg,한국의 아름다운 길로 뽑혔을 만큼 놀라운 경치를 뽐내는 형제 해안로가 포함된 산방산 용머리해안 지질트레일은 80만년 지구의 시간을 품은 용머리…,"한국의 아름다운 길로 뽑혔을 만큼 놀라운 경치를 뽐내는 형제 해안로가 포함된 산방산 용머리해안 지질트레일은 80만년 지구의 시간을 품은 용머리해안과 산방산을 중심으로 주변 마을(사계리·화순리·덕수리)의 명소와 흥미로운 이야기를 담고 있다. 총 3개의 코스로 나눠어 있어, 경유지를 보고 더 매력을 느끼는 곳을 고르는 재미가 있다.
산방산 코스 중 가장 대중적인 코스인 A코스는 용머리해안 주차장에서 시작해 하멜전시관, 기후변화홍보관, 하멜기념비를 지나 다시 용머리해안 주차장으로 돌아오는 4㎞ 코스이다. 또한 B코스 해안 및 산방산 경관을 탐방하며 체험할 수 있으며, C코스는 해안의 지질을 중심으로 탐방할 수 있는 코스이다.",TOUR,,https://map.kakao.com/?q=산방산‧용머리해안 지질트레일
2656,산방산유람선,,WEST,EXPERIENCE,체험 활동 관광지,,서귀포시 안덕면,33.236904,126.33513,제주특별자치도 서귀포시 안덕면 화순해안로106번길 16,https://api.cdn.visitjeju.net/photomng/imgpath/201804/30/d6b0c350-b965-46b8-aeac-77dd4f0a403a.webp,"세계지질공원으로 인증된 산방산,용머리 해안을 산방산 유람선에서 감상하세요.","세계지질공원으로 인증된 산방산,용머리 해안을 산방산 유람선에서 감상하세요.",VJ+TOUR,,https://map.kakao.com/?q=산방산유람선
2657,산양리농어촌체험마을,,WEST,EXPERIENCE,체험 활동 관광지,,제주시 한경면,33.29395,126.23304,제주시 한경면 중산간서로 3169,https://api.cdn.visitjeju.net/photomng/imgpath/201804/30/fb199b13-ca08-488d-a65c-25d4e3d38706.webp,"건강한 밥상, 건강한 삶이 있는 건강장수마을","건강한 밥상, 건강한 삶이 있는 건강장수마을",VJ,,https://map.kakao.com/?q=산양리농어촌체험마을
2658,산지천,,NORTH,EXPERIENCE,체험 활동 관광지,,제주시 일도1동,33.5131712,126.5272515,제주특별자치도 제주시 건입동,https://api.cdn.visitjeju.net/photomng/imgpath/202112/01/32f7e2e5-ac49-4a9c-af42-13214b9bc2a3.webp,동문시장에서 제주항까지 이어진 내천,동문시장에서 제주항까지 이어진 내천,VJ+TOUR,,https://map.kakao.com/?q=산지천
2659,산지항로표지관리소,,NORTH,NATURE,자연관광지,,제주시 건입동,33.5212044,126.5455561,제주특별자치도 제주시 사라봉동길 108-1 (건입동),https://tong.visitkorea.or.kr/cms/resource/19/3061719_image2_1.jpg,제주항을 바라보는 사라봉 정상에는 해양수산부 제주해양수산관리단 산지항로표지관리사무소에서 무인으로 운영하는 산지 등대가 있다.,"제주항을 바라보는 사라봉 정상에는 해양수산부 제주해양수산관리단 산지항로표지관리사무소에서 무인으로 운영하는 산지 등대가 있다. 산지 등대는 제주항 및 부근 해역을 항해하는 선박의 안전 운항을 위하여 1916년 10월 무인 등대를 설치하여 84년간 운영하였으나, 노후되어 1999년 12월 폐지하고, 역사적 가치를 인정받아 원형 형태로 영구 보존하게 된 등대이다. 1917년 유인등대로 변경하여 운영하다가, 1999년 12월 등대 옆에 모양이 비슷한 등대를 새로 세워 무인으로 운영하고 있다. 산지항로표지관리소로 올라가는 담벼락에는 우도등대, 마라도등대, 영도등대 등 우리나라의 아름다운 등대 16경에 대한 전경과 설명문이 비치되어 있어 등대의 역사를 알 수 있도록 운영되고 있다.",TOUR,,https://map.kakao.com/?q=산지항로표지관리소
2660,산천단,,NORTH,CULTURE,문화시설,,제주시 아라동,33.44791,126.552986,제주특별자치도 제주시 아라일동 375-4,https://api.cdn.visitjeju.net/photomng/imgpath/201804/30/8f563396-883f-4572-8eb2-2d71d6ad2b4c.webp,우리나라에서 가장 오래된 노목인 곰솔과 함께한 산천단의 역사,우리나라에서 가장 오래된 노목인 곰솔과 함께한 산천단의 역사,VJ+TOUR,,https://map.kakao.com/?q=산천단
2661,산호레저,,EAST,EXPERIENCE,체험 활동 관광지,,제주시 우도면,33.49299,126.9511,제주특별자치도 제주시 우도면 우도해안길 73,https://api.cdn.visitjeju.net/photomng/imgpath/201804/30/d6a0d3b5-01d0-49d4-bc1d-feff4d5b41cc.webp,"ATV, 스쿠터, 전기자전거 대여 가능","ATV, 스쿠터, 전기자전거 대여 가능",VJ,,https://map.kakao.com/?q=산호레저
2662,산호해수욕장,,EAST,NATURE,자연관광지,,제주시 우도면,33.5023048,126.9432341,제주특별자치도 제주시 우도면 우도해안길 252,https://api.cdn.visitjeju.net/photomng/imgpath/202110/21/cebd9b74-fd3f-432e-8bce-489b86eec5c5.webp,"세계적으로 드문 홍조단괴로 이뤄진 해변, 천연기념물 제438호, 우도8경","세계적으로 드문 홍조단괴로 이뤄진 해변, 천연기념물 제438호, 우도8경",VJ,,https://map.kakao.com/?q=산호해수욕장
2663,살로몬 제주점,,NORTH,COMMERCIAL,상업지구,,제주시 삼도2동,33.5167693,126.5241764,제주특별자치도 제주시 탑동로 5 (삼도이동) 1층,https://tong.visitkorea.or.kr/cms/resource/78/4024278_image2_1.jpeg,살로몬(Salomon)은 프랑스 알프스에서 탄생한 글로벌 프리미엄 아웃도어 스포츠 브랜드입니다.,살로몬(Salomon)은 프랑스 알프스에서 탄생한 글로벌 프리미엄 아웃도어 스포츠 브랜드입니다. 고도의 기술력이 집약된 트레일 러닝화와 하이킹 기어 등을 통해 거친 자연 환경에서도 최상의 퍼포먼스를 내도록 돕습니다.,TOUR,,https://map.kakao.com/?q=살로몬 제주점
2664,삼각봉,,SOUTH,HISTORY,역사·유적·종교 시설,,서귀포시 서홍동,33.3616666,126.5291666,제주특별자치도 제주시 1100로 2070-61,https://api.cdn.visitjeju.net/photomng/imgpath/201804/30/47944e62-f36d-4ef1-ac1e-d63f1ddd1851.webp,한라산 관음사 코스 중 유난히 신비스러운 삼각봉,한라산 관음사 코스 중 유난히 신비스러운 삼각봉,VJ,,https://map.kakao.com/?q=삼각봉
2665,삼달리꽃밭에서,,EAST,THEME,테마시설,,서귀포시 성산읍,33.3674925,126.8650593,제주특별자치도 서귀포시 성산읍 삼달로 23,https://api.cdn.visitjeju.net/photomng/imgpath/202511/20/02ca5552-beab-4596-8526-e7d61ddbffa1.webp,사계절 내내 꽃이 피는 치유의 정원,사계절 내내 꽃이 피는 치유의 정원,VJ,,https://map.kakao.com/?q=삼달리꽃밭에서
2666,삼사석,,NORTH,CULTURE,문화시설,,제주시 화북동,33.521027,126.5741,제주특별자치도 제주시 화북일동 5749-85,https://api.cdn.visitjeju.net/photomng/imgpath/201804/30/1ecfaff8-353d-4a0d-a3ee-8024c7086987.webp,제주 삼신인(고.양.부)이 쏘았던 화살이 꽂혔던 돌멩이를 보관한 곳,제주 삼신인(고.양.부)이 쏘았던 화살이 꽂혔던 돌멩이를 보관한 곳,VJ,주소를 좌표로 다시 구함,https://map.kakao.com/?q=삼사석
2667,삼성스토어 서귀포,,SOUTH,COMMERCIAL,상업지구,,서귀포시 대천동,33.2495838,126.5059811,제주특별자치도 서귀포시 일주서로 17 (강정동),https://tong.visitkorea.or.kr/cms/resource/71/4042371_image2_1.png,삼성스토어는 삼성전자의 최신 혁신 가전과 모바일 제품을 직접 체험하고 전문가의 맞춤 상담을 받을 수 있는 프리미엄 전자 매장입니다.,삼성스토어는 삼성전자의 최신 혁신 가전과 모바일 제품을 직접 체험하고 전문가의 맞춤 상담을 받을 수 있는 프리미엄 전자 매장입니다. 차별화된 AI 기술과 편리한 연결 경험을 통해 고객의 일상을 더욱 스마트하게 바꿔주는 혁신적인 솔루션을 제안합니다.,TOUR,,https://map.kakao.com/?q=삼성스토어 서귀포
2668,삼성스토어 제주인화,,NORTH,COMMERCIAL,상업지구,,제주시 건입동,33.5071031,126.554775,제주특별자치도 제주시 연삼로 633 (건입동),https://tong.visitkorea.or.kr/cms/resource/67/4042267_image2_1.png,삼성스토어는 삼성전자의 최신 혁신 가전과 모바일 제품을 직접 체험하고 전문가의 맞춤 상담을 받을 수 있는 프리미엄 전자 매장입니다.,삼성스토어는 삼성전자의 최신 혁신 가전과 모바일 제품을 직접 체험하고 전문가의 맞춤 상담을 받을 수 있는 프리미엄 전자 매장입니다. 차별화된 AI 기술과 편리한 연결 경험을 통해 고객의 일상을 더욱 스마트하게 바꿔주는 혁신적인 솔루션을 제안합니다.,TOUR,,https://map.kakao.com/?q=삼성스토어 제주인화
2669,삼성패션아울렛 제주점,,NORTH,COMMERCIAL,상업지구,,제주시 일도1동,33.5147388,126.5261991,제주특별자치도 제주시 중앙로7길 14 (일도일동),https://tong.visitkorea.or.kr/cms/resource/15/4020415_image2_1.jpg,"삼성패션아울렛은 빈폴, 구호 등 삼성물산 패션부문의 유명 브랜드들을 합리적인 가격에 만날 수 있는 실속형 쇼핑 공간입니다.","삼성패션아울렛은 빈폴, 구호 등 삼성물산 패션부문의 유명 브랜드들을 합리적인 가격에 만날 수 있는 실속형 쇼핑 공간입니다. 검증된 품질의 패션 아이템들을 최상의 혜택과 함께 제공하여 고객의 지혜로운 소비를 돕습니다.",TOUR,,https://map.kakao.com/?q=삼성패션아울렛 제주점
2670,삼양방파제,,NORTH,NATURE,자연관광지,,제주시 삼양동,33.5232424,126.5764205,제주특별자치도 제주시 벌랑길,https://api.cdn.visitjeju.net/photomng/imgpath/201807/26/241fa67f-9e0b-4afb-9422-206d1b538733.webp,삼양3동 포구에 위치한 방파제,삼양3동 포구에 위치한 방파제,VJ,,https://map.kakao.com/?q=삼양방파제
2671,삼양해안도로,,NORTH,TRAIL,산책로·둘레길,,제주시 삼양동,33.52099,126.58382,제주특별자치도 제주시 삼양2동,https://api.cdn.visitjeju.net/photomng/imgpath/202112/23/d524c99e-fdc0-4f3a-8b7c-1dca5a1f3668.webp,짧지만 강렬한 아름다움,짧지만 강렬한 아름다움,VJ+TOUR,,https://map.kakao.com/?q=삼양해안도로
2672,삼의악오름,,NORTH,NATURE,자연관광지,,제주시 아라동,33.4398681,126.5620989,제주특별자치도 제주시 아라일동 산 24-2,https://tong.visitkorea.or.kr/cms/resource/72/3527472_image2_1.jpg,"삼의악오름은 산천단을 지나면 우측에 우뚝 선 오름으로, 정상에는 풀밭의 산정분화구를 이루고 있으며 화구 안부의 일부 사면에는 묘들이 있다.","삼의악오름은 산천단을 지나면 우측에 우뚝 선 오름으로, 정상에는 풀밭의 산정분화구를 이루고 있으며 화구 안부의 일부 사면에는 묘들이 있다. 원형의 산정분화구는 남쪽 사면으로 용암유출 흔적의 작은 골짜기를 이루며 이곳 상단부의 수풀 속에서는 샘이 솟아나고 있다. 동사면은 완만한 경사로 해송이 듬성듬성 식생하고, 남사면의 골짜기에는 자귀나무 등이 잡목들과 어우러져 있고, 그 주변에는 곰취, 기슭에는 산수국이 군락을 이루고 있다. 산천단 제주종합사격장 입구 남쪽 편 목장 안으로 진입하여 화구 능선을 따라 오름 남쪽 사면으로 쉽게 오를 수 있다. 분화구 아래 면에는 솟아나는 샘이 있다. 정상부에 오르면 사방팔방 막힘없이 탁 트인 풍경이 펼쳐져 가슴이 시원해진다. 샘이 솟아 나와 세미오름이라 부르던 것이, 지금은 한자의 음을 빌어 표기한 삼의양악(三義讓岳) 등으로 불린다.",TOUR,,https://map.kakao.com/?q=삼의악오름
2673,삼의악트레킹코스,,NORTH,TRAIL,산책로·둘레길,,제주시 아라동,33.43981,126.56199,제주특별자치도 제주시 아라동 산 24-2,https://api.cdn.visitjeju.net/photomng/imgpath/202112/23/ee61e994-10f3-485a-bb7c-95d8f8f44d61.webp,쉽게 도심을 벗어날 수 있는 트레킹코스,쉽게 도심을 벗어날 수 있는 트레킹코스,VJ,,https://map.kakao.com/?q=삼의악트레킹코스
2674,삼화포구,,NORTH,CULTURE,문화시설,,제주시 삼양동,33.5287466,126.5891889,제주특별자치도 제주시 서흘1길 26,https://api.cdn.visitjeju.net/photomng/imgpath/201804/30/cc61f2db-99f3-47ed-bf19-d7f80dce5371.webp,삼양과 화북 사이에 위치한 포구,삼양과 화북 사이에 위치한 포구,VJ,,https://map.kakao.com/?q=삼화포구
2675,상추자마을길,,NORTH,TRAIL,산책로·둘레길,,제주시 추자면,33.947014,126.3201,제주특별자치도 제주시 추자도 추자면,https://api.cdn.visitjeju.net/photomng/imgpath/201804/30/46be4cd6-f179-4d09-972b-8da72f8593e8.webp,상추자도의 제주올레길18-1코스의 초입,상추자도의 제주올레길18-1코스의 초입,VJ,,https://map.kakao.com/?q=상추자마을길
2676,상추자항,,NORTH,NATURE,자연관광지,,제주시 추자면,33.962449,126.2955716,제주특별자치도 제주시 추자면 추자로 39,https://api.cdn.visitjeju.net/photomng/imgpath/201804/30/57c915d5-6ac1-4edf-ac53-54634f1aef37.webp,굴비축제가 열리기도 하는 추자도의 항구,굴비축제가 열리기도 하는 추자도의 항구,VJ+TOUR,,https://map.kakao.com/?q=상추자항
2677,새미은총의동산,,WEST,NATURE,자연관광지,,제주시 한림읍,33.3482747,126.3237603,제주특별자치도 제주시 한림읍 새미소길 15,https://tong.visitkorea.or.kr/cms/resource/17/4088617_image2_1.jpg,새미 은총의 동산은 예수님의 탄생부터 최후의 만찬까지 12개의 주요 사건을 표현한 ‘예수님 생애 공원’과 ‘삼위일체 대성당'이 있는 곳으로…,"새미 은총의 동산은 예수님의 탄생부터 최후의 만찬까지 12개의 주요 사건을 표현한 ‘예수님 생애 공원’과 ‘삼위일체 대성당'이 있는 곳으로, 천주교 제주교구의 성지 순례 장소다. 전체 면적은 약 264,000㎡에 달하며 언제든 신자들이 찾아와 기도할 수 있도록 24시간 개방하고 있다. 또, 성 이시돌 목장 뒤를 순례지로 개발해 넓은 동산과 연못, 성모상과 대형 십자가 등을 볼 수 있게 했다. 야외에서는 동시에 약 5천여 명이 함께 야외 미사를 보거나, 각종 공연이나 행사 공간으로 사용할 수 있다. 최근 많은 사람들이 찾는 여행지로 각광받고 있으며 다양한 조형물과 산책로, 넓은 들판이 있어 종교인이 아니어도 힐링할 수 있는 곳이다.",TOUR,,https://map.kakao.com/?q=새미은총의동산
2678,새별 프렌즈,,WEST,EXPERIENCE,체험 활동 관광지,,제주시 애월읍,33.364338,126.3552026,제주특별자치도 제주시 애월읍 평화로 1529,https://api.cdn.visitjeju.net/photomng/imgpath/202410/16/ae46a29d-1a6b-427a-aebd-a938cf6263c0.webp,"새별오름 인근에 위치한 새별헤이요목장은 알파카, 말, 당나귀, 염소, 양들과 만날 수 있는 목장이다.","새별오름 인근에 위치한 새별헤이요목장은 알파카, 말, 당나귀, 염소, 양들과 만날 수 있는 목장이다. 귀여운 동물친구들과 즐거운 추억을 만들어보자.",VJ,,https://map.kakao.com/?q=새별 프렌즈
2679,새별프렌즈,,WEST,NATURE,자연관광지,,제주시 애월읍,33.3615848,126.3636735,제주특별자치도 제주시 애월읍 평화로 1529,https://tong.visitkorea.or.kr/cms/resource/02/3577302_image2_1.jpg,새별프렌즈는 제주 애월읍 새별오름 맞은편에 있는 목장이다.,"새별프렌즈는 제주 애월읍 새별오름 맞은편에 있는 목장이다. 제주공항, 중문 등 주요 관광지에서 가까워 접근성이 좋다. 제주도의 아름다운 자연경관과 함께 알파카, 말, 당나귀, 양, 흑염소, 토끼 등 다양한 동물들과 직접 교감을 나눌 수 있다. 당근 스틱을 구매하면 알파카와 당나귀에게 먹이 주기 체험을 할 수 있고 초원에서 승마체험을 할 수 있다. 다양한 체험 프로그램으로 가족 관광객들에게 인기가 많다. 마차를 타며 제주의 자연을 즐길 수 있고 자연을 배경으로 사진을 찍으며 힐링을 즐길 수 있다.",TOUR,,https://map.kakao.com/?q=새별프렌즈
2680,새섬,,SOUTH,NATURE,자연관광지,,서귀포시 송산동,33.2364727,126.5615906,제주특별자치도 서귀포시 남성중로 40,https://api.cdn.visitjeju.net/photomng/imgpath/201804/30/1d695dc7-0acc-4c09-8087-5b8773fda5af.webp,섬 속의 섬.,섬 속의 섬. 바다를 향한 산책,VJ+TOUR,,https://map.kakao.com/?q=새섬
2681,새시물,,WEST,NATURE,자연관광지,,제주시 한림읍,33.3650169,126.2711484,제주특별자치도 제주시 한림읍 상한로,https://api.cdn.visitjeju.net/photomng/imgpath/201812/17/876bcaff-ddb4-4a50-a018-e8bf3de0660d.webp,상명리 주민들의 식수로 쓰였던 마을 샘터,상명리 주민들의 식수로 쓰였던 마을 샘터,VJ,,https://map.kakao.com/?q=새시물
2682,새신오름,,WEST,NATURE,자연관광지,,제주시 한경면,33.2978565,126.237958,제주특별자치도 제주시 한경면 청수리 3361,https://tong.visitkorea.or.kr/cms/resource/85/3477985_image2_1.jpg,제주시 한경면 산양리 산양초등학교 북동쪽 지점 도로변에 위치한 오름으로 나지막한 언덕 형태를 띠고 있다.,"제주시 한경면 산양리 산양초등학교 북동쪽 지점 도로변에 위치한 오름으로 나지막한 언덕 형태를 띠고 있다. 오름 정상에는 마을에서 암메(암메창)라 부르는 둥그런 화구가 약 20m 정도의 평지에 있고, 화구 안에는 농경지와 초지, 그리고 묘지가 조성되어 있다. 이 오름은 문헌이나 묘비에 조소악으로 표기되어 있다. 새신 오름의 새신은 ‘새가 있는’이라는 뜻을 지닌 제주어로 초집을 덮는 새가 있는 오름이라는 데서 유래하였다. 한자를 차용하여 조소악 또는 신서악이라고도 한다. 소나무를 비롯하여 다양한 잡목과 수풀이 자리하고 있어 제주의 자연을 그대로 느끼게 해준다.",TOUR,,https://map.kakao.com/?q=새신오름
2683,색달포레스트,,SOUTH,EXPERIENCE,체험 활동 관광지,,서귀포시 예래동,33.3127202,126.4264672,제주특별자치도 서귀포시 산록남로1241번길 196-16,https://api.cdn.visitjeju.net/photomng/imgpath/202606/20/4bb89b5d-672e-4e76-b412-8a30b62647ff.webp,제주도 서귀포시 색달동에 위치한 휴양림입니다.,제주도 서귀포시 색달동에 위치한 휴양림입니다.,VJ,,https://map.kakao.com/?q=색달포레스트
2684,샛도리물,,NORTH,EXPERIENCE,체험 활동 관광지,,제주시 삼양동,33.5294857,126.5894095,제주특별자치도 제주시 삼양1동 1938-9,https://api.cdn.visitjeju.net/photomng/imgpath/201807/12/51fec2a5-00b6-4561-bbfa-cef43ce45c72.webp,용천수가 나오는 노천탕.,용천수가 나오는 노천탕.,VJ+TOUR,,https://map.kakao.com/?q=샛도리물
2685,생약누리,,SOUTH,EXPERIENCE,체험 활동 관광지,,서귀포시 영천동,33.3059049,126.571522,제주특별자치도 서귀포시 돈내코로 260 (상효동) 생약누리,https://api.cdn.visitjeju.net/photomng/imgpath/202308/17/934b8337-a2e0-4ed4-ade6-39ecc16ef9ed.webp,‘ ‘생약’과 세상을 의미하는 ‘누리’의 합성어로 다양한 전시와 체험프로그램을 통해 생약의 모든 것을 경험할 수 있는 복합문화공간,‘ ‘생약’과 세상을 의미하는 ‘누리’의 합성어로 다양한 전시와 체험프로그램을 통해 생약의 모든 것을 경험할 수 있는 복합문화공간,VJ+TOUR,,https://map.kakao.com/?q=생약누리
2686,생이기정,,WEST,NATURE,자연관광지,,제주시 한경면,33.315594,126.16737,제주특별자치도 제주시 한경면 용수리 산 60,https://api.cdn.visitjeju.net/photomng/imgpath/202112/02/a2ca30bb-ffdd-4442-8e77-18f119c19cbd.webp,올레 12코스에 위치한 절벽길,올레 12코스에 위치한 절벽길,VJ,,https://map.kakao.com/?q=생이기정
2687,샤이니숲길,,EAST,TRAIL,산책로·둘레길,,제주시 조천읍,33.4272161,126.6618459,제주특별자치도 제주시 조천읍 교래리 719-10,https://api.cdn.visitjeju.net/photomng/imgpath/202407/23/4eb8d5b6-db0f-41c5-a11d-2210ddeff79c.webp,나무 사이로 들어오는 빛이 아름다운 ‘샤이니숲길’,나무 사이로 들어오는 빛이 아름다운 ‘샤이니숲길’,VJ+TOUR,주소를 좌표로 다시 구함,https://map.kakao.com/?q=샤이니숲길
2688,샤카다이브,,SOUTH,EXPERIENCE,체험 활동 관광지,,서귀포시 남원읍,33.3252261,126.5961931,제주특별자치도 서귀포시 남원읍 일주동로 8034 (하례리) 1,https://api.cdn.visitjeju.net/photomng/imgpath/202505/16/8bd50796-2cb8-4200-b44a-eaa0a7ad1556.webp,제주 서귀포시에 위치한 다이빙샵 샤카다이브 입니다,제주 서귀포시에 위치한 다이빙샵 샤카다이브 입니다,VJ,,https://map.kakao.com/?q=샤카다이브
2689,샵제주 공항점,,WEST,COMMERCIAL,상업지구,,제주시 애월읍,33.4877605,126.3904307,제주특별자치도 제주시 애월읍 애월해안로 867,https://api.cdn.visitjeju.net/photomng/imgpath/202306/13/824d088b-8ea5-4994-b46f-be95a4c137de.webp,애월 바다보며 쉬어가기 좋은 기념품숍,애월 바다보며 쉬어가기 좋은 기념품숍,VJ,,https://map.kakao.com/?q=샵제주 공항점
2690,서건도,,SOUTH,LEISURE,레저·스포츠 관련 시설,,서귀포시 대천동,33.23007,126.49852,제주특별자치도 서귀포시 강정동 산 1,https://api.cdn.visitjeju.net/photomng/imgpath/201804/30/3ae2ce08-1b6d-4646-91c8-b93a520a455f.webp,"바다 걸어서 섬까지, 제주도에 있는 모세의 기적으로 제주의 숨은 명소.","바다 걸어서 섬까지, 제주도에 있는 모세의 기적으로 제주의 숨은 명소.",VJ+TOUR,,https://map.kakao.com/?q=서건도
2691,서건도,,SOUTH,NATURE,자연관광지,,서귀포시 대천동,33.2540292,126.4927119,제주특별자치도 서귀포시 강정동,https://tong.visitkorea.or.kr/cms/resource/36/3026836_image2_1.jpg,서건도는 제주월드컵경기장 인근해안에 위치하고 있다.,"서건도는 제주월드컵경기장 인근해안에 위치하고 있다. 서건도는 썩은섬이라고도 하는데 하루에 두 번 썰물때마다 걸어서 들어갈 수 있는 모세의 기적이 일어나는 섬이다. 바닷물이 갈라지면 서귀포 해안에서 걸어서 들어갈 수 있으며, 해안에서 섬까지 걸어가는 동안 조개와 낙지 등을 잡는 재미로 체험관광객들의 발길이 잦다. 서건도에 방문 예정이라면 바다갈라짐 시간표나 물 때를 확인해야 한다. 조수간만의 차에 의해 한 달에 10차례에 걸쳐 앞바다가 크게 갈라지는데 이 바다 갈라짐 현상은 보름이나 그믐에 규모가 특히 크며 사리기간에 가장 두드러지게 나타난다. 바다가 갈라지게 되면 좌우 10m 이상 넓어진 갯벌이 드러나 한꺼번에 많은 사람들이 서건도를 왕래하면서 신비감을 맛볼 수 있다. 이곳에서는 기원전 1세기경의 것으로 추정되는 토기 파편과 동물뼈,주거 흔적 등이 발견돼 고고학계의 관심을 끌기도 했다. 서건도는 수중화산으로 섬 자체만으로도 귀중한 가치를 가치를 가지고 있기도 하다. 또한, 조이동굴에서 기원한 풍부한 개울물이 서건도 앞 바닷가로 흘러드는데 이 조간대 지역을 너븐물이라고 부른다. 썩은섬 앞 바다에는 종종 돌고래떼가 출현하기도 한다.",TOUR,,https://map.kakao.com/?q=서건도
2692,서광동리 곶자왈 생태탐방로,,WEST,TRAIL,산책로·둘레길,,서귀포시 안덕면,33.2860495,126.3382707,제주특별자치도 서귀포시 안덕면 서광리 2510,https://api.cdn.visitjeju.net/photomng/imgpath/202112/23/7a5bda9e-8206-4072-abf6-491661ffec65.webp,서귀포 안덕면 서광리에 위치한 곶자왈 생태탐방로,서귀포 안덕면 서광리에 위치한 곶자왈 생태탐방로,VJ,주소를 좌표로 다시 구함,https://map.kakao.com/?q=서광동리 곶자왈 생태탐방로
2693,서광차밭,,WEST,NATURE,자연관광지,,서귀포시 안덕면,33.3059564,126.2893812,제주특별자치도 서귀포시 안덕면 신화역사로 15 (오설록티뮤지엄),https://tong.visitkorea.or.kr/cms/resource/41/3024741_image2_1.jpg,"제주 서광차밭은 서귀포시 서광리에 조성된 국내 최대 규모의 차 생산지로 서귀포의 도순다원, 한남다원과 함께 아모레퍼시픽그룹이 운영하는 다원 중…","제주 서광차밭은 서귀포시 서광리에 조성된 국내 최대 규모의 차 생산지로 서귀포의 도순다원, 한남다원과 함께 아모레퍼시픽그룹이 운영하는 다원 중의 하나이다. 드넓은 평야에 펼쳐진 차밭은 산방산 근처에 조성되어 있는데 차를 재배하기에 최적의 일조량 조건을 갖췄다. 오설록이 1983년부터 개간하여 현재는 우리나라의 광활한 유기농 차밭이 되었다. 차밭 주변에는 차 문화 박물관인 오설록 티뮤지엄, 추사 김정희 선생의 추사유배지, 제주의 특별한 숲 곶자왈 등이 인접하고 있어 이 지역 전체가 제주의 랜드마크로 거듭났다. 서광 다원은 산간 지대 개발의 성공 모델로 오설록티뮤지엄과 함께 제주녹차문화의 중심이 되고 있다.",TOUR,,https://map.kakao.com/?q=서광차밭
2694,서광카트체험장,,WEST,LEISURE,레저·스포츠 관련 시설,,서귀포시 안덕면,33.288638,126.321626,제주특별자치도 서귀포시 안덕면 서광리 771,https://tong.visitkorea.or.kr/cms/resource/55/3031555_image2_1.jpg,"서귀포 안덕면에 위치한 서광카트체험장은 제주신화월드, 소인국테마파크, 이상한 나라 엘리스, 카멜리아힐 등의 가는 길에 위치해 있다.","서귀포 안덕면에 위치한 서광카트체험장은 제주신화월드, 소인국테마파크, 이상한 나라 엘리스, 카멜리아힐 등의 가는 길에 위치해 있다. 화려한 인테리어와 큰 규모가 아니기 때문에 아이와 함께 이용하기 적당하다. 초등학생의 경우 혼자 탑승이 가능하고 유아는 2인승으로 보호자와 함께 탑승을 할 수 있다. 짜릿한 쾌속질주의 카트체험이 끝났다면 남녀노소 어린아이부터 성인까지 누구나 스트레스를 풀 수 있는 사격체험장도 있어서 안덕면에 있는 여러 관광지를 아이와 함께 방문할 계획이 있다면 서광카트체험장을 들러 보는 것을 추천한다.",TOUR,,https://map.kakao.com/?q=서광카트체험장
2695,서귀본향당,,SOUTH,CULTURE,문화시설,,서귀포시 정방동,33.2461676,126.5648386,제주특별자치도 서귀포시 이중섭로 23-11,https://api.cdn.visitjeju.net/photomng/imgpath/201804/30/457e8209-3034-41a0-a0b1-3beb5d2aa0b3.webp,·향토기념물유산 제3호 · 올레6코스 관광 전설 올레 보호,"·향토기념물유산 제3호
· 올레6코스
관광 전설 올레 보호",VJ,,https://map.kakao.com/?q=서귀본향당
2696,서귀진지,,SOUTH,NATURE,자연관광지,,서귀포시 송산동,33.243,126.5644,제주특별자치도 서귀포시 솔동산로11번길 8-18 (서귀동),https://tong.visitkorea.or.kr/cms/resource/11/4074011_image2_1.jpg,조선시대 대표적인 방어유적으로 3성 9진(三城九鎭)의 하나이다.,조선시대 대표적인 방어유적으로 3성 9진(三城九鎭)의 하나이다. 최초축성은 1439년대로 판단된다. 본래 홀로 천에 있었으나 조선 선조 23년(1590) 이옥 목사가 현재 위치로 옮겨 축성했다. 일제강점기에는 일본군의 관청으로 사용되다가 제주 4·3 사건 이후 이곳의 성담을 헐어 마을을 방어하는 축성용으로 사용하였고 이후에는 주거용 건축용도와 밧담으로 이용되어 지금에는 당시의 성담이었던 담들 이 ‘우잣담’과 ‘성굽담’으로 일부 남아 있다.,TOUR,,https://map.kakao.com/?q=서귀진지
2697,서귀포 궁도장(천지정),,SOUTH,EXPERIENCE,체험 활동 관광지,,서귀포시 대천동,33.2592301,126.4980473,제주특별자치도 서귀포시 중산간서로 97-40,https://api.cdn.visitjeju.net/photomng/imgpath/201804/30/a855c010-8e50-4225-836c-727765818ca7.webp,"겨울철 전지훈련장소로 최적인 궁도장, 천지정","겨울철 전지훈련장소로 최적인 궁도장, 천지정",VJ,,https://map.kakao.com/?q=서귀포 궁도장(천지정)
2698,서귀포 김정희 유배지,,WEST,CULTURE,문화시설,,서귀포시 대정읍,33.25022,126.27838,제주특별자치도 서귀포시 대정읍 추사로 44,https://api.cdn.visitjeju.net/photomng/imgpath/202112/15/ebd2fb84-3fb8-492a-bda9-81ec45534507.webp,추사 김정희의 예술혼이 남아 있는 곳,추사 김정희의 예술혼이 남아 있는 곳,VJ+TOUR,,https://map.kakao.com/?q=서귀포 김정희 유배지
2699,서귀포 다이브센터 스쿠버다이빙,,SOUTH,EXPERIENCE,체험 활동 관광지,,서귀포시 남원읍,33.2593111,126.6397522,제주특별자치도 서귀포시 남원읍 하례망장포로 65-13 2층,https://api.cdn.visitjeju.net/photomng/imgpath/202304/06/547cc3fb-16a7-41fb-b59e-f8f8c26448b4.webp,환상의 제주도 푸른 바다 속을 여행하는 스쿠버다이빙,환상의 제주도 푸른 바다 속을 여행하는 스쿠버다이빙,VJ,,https://map.kakao.com/?q=서귀포 다이브센터 스쿠버다이빙
2700,서귀포 알토산마을,,EAST,NATURE,자연관광지,,서귀포시 표선면,33.3085528,126.7803858,제주특별자치도 서귀포시 표선면 토산중앙로16번길 1,https://tong.visitkorea.or.kr/cms/resource/70/3477470_image2_1.jpg,"서귀포 알토산마을은 서귀포시 표선면에서 운영하는 농촌 체험 정보화 마을로, 마을의 북서쪽으로 한라산이 있고 바다가 인접해 있다.","서귀포 알토산마을은 서귀포시 표선면에서 운영하는 농촌 체험 정보화 마을로, 마을의 북서쪽으로 한라산이 있고 바다가 인접해 있다. 마을 북쪽에 있는 토산망이 바람막이 역할을 함으로써 표선면에서 가장 먼저 감귤 재배를 시작하여 타 마을로 보급한 선도 마을이다. 또한, 제주도에서는 유일하게 마을 전체가 해안에서 500m 이내에 자리 잡고 있으며, 마을 내 감귤 농장에서 바라보는 바다의 풍광이 아름답다. 서귀포시는 지역 주민들의 정보화 마인드 확산 및 이를 통한 소득 증대를 도모하기 위해 알토산마을을 정보화 마을로 지정하여, 정보화 마을 운영을 시작하였다. 2003년 3월 개관한 마을정보센터는 주로 지역 주민들을 대상으로 한 전자상거래 운영, 인터넷 정보 검색 등의 정보화 교육을 시행하고 있다.",TOUR,,https://map.kakao.com/?q=서귀포 알토산마을
2701,서귀포 예래생태마을,,SOUTH,NATURE,자연관광지,,서귀포시 예래동,33.254281,126.3978699,제주특별자치도 서귀포시 예래로 82 (상예동),https://tong.visitkorea.or.kr/cms/resource/50/4039350_image2_1.jpg,서귀포 예래생태마을은 빼어난 자연경관과 해안절경을 간직한 생태마을이다.,"서귀포 예래생태마을은 빼어난 자연경관과 해안절경을 간직한 생태마을이다. 전체 가구의 80%가 농가로, 감귤 산업과 어업을 주로 이루어지는 전통적인 농어촌 모습을 원형 그대로 간직하고 있다. 또한 자연환경이 잘 보전되어 있어 반딧불이를 비롯한 다양한 동·식물들이 자라고 있다. 많은 선사유적이 발굴되는 역사 깊은 마을로 문화유적이 마을 곳곳에 있는 등 생태문화 관광자원이 풍부한 마을이다. 또한 옛 지명을 그대로 사용하고 있어 토속적이면서도 포근한 고향의 맛을 느끼게 해 준다.",TOUR,,https://map.kakao.com/?q=서귀포 예래생태마을
2702,서귀포 용왕난드르마을,,WEST,NATURE,자연관광지,,서귀포시 안덕면,33.2354376,126.3670621,제주특별자치도 서귀포시 안덕면 대평감산로 8,https://tong.visitkorea.or.kr/cms/resource/62/3401762_image2_1.jpg,"‘바다로 뻗어 나간 들, 용왕이 나온 들’이라는 의미를 모아 용왕난드르마을이라 하는 이곳은 안덕계곡에서 아래쪽으로 내려오면 보이는 평온하고 따…","‘바다로 뻗어 나간 들, 용왕이 나온 들’이라는 의미를 모아 용왕난드르마을이라 하는 이곳은 안덕계곡에서 아래쪽으로 내려오면 보이는 평온하고 따스한 마을이다. 마을을 품고 있는 군산은 동해 용왕 아들이 스승님 은혜에 보답하기 위해 만들었다고 전해오고 있다. 또한 해안가를 따라 걸어도 좋고, 아기자기한 마을 길을 따라 다녀도 좋은 곳이다. 박수기정을 옆으로 포구가 있는데 빨간 등대의 소녀상은 보는 사람마다 제주의 등대 중 손에 꼽을 만한 등대라고 하는 곳이다.",TOUR,,https://map.kakao.com/?q=서귀포 용왕난드르마을
2703,서귀포 하논분화구,,SOUTH,NATURE,자연관광지,,서귀포시 서홍동,33.2543967,126.5462295,제주특별자치도 서귀포시 일주동로 8823 (하논분화구방문자센터),https://tong.visitkorea.or.kr/cms/resource/81/3025081_image2_1.jpg,하논마르는 한반도 유일의 마르형 분화구이다.,"하논마르는 한반도 유일의 마르형 분화구이다. 동서 방향으로 약 1.8㎞, 남북 방향으로 약 1.3㎞의 너비를 갖는 타원형 화산체로 분화구의 형태는 원형이며 해발 143.4m, 높이 88m이다. 하논은 논이 많다는 뜻의 제주 방언이다. 평탄하고 용천수가 나오는 하논 분화구 바닥에서 벼농사를 짓고 있는데 큰 논이란 뜻의 한 논이 변형되어 현재의 지명이 된 것으로 추정된다. 마르형 분화구는 용암 분출로 생선된 일반적인 화산 분화구와 달리 용암이나 화산재 분출 없이 깊은 지하의 가스 또는 증기가 지각의 틈을 따라 모여 폭발하여 생성된 분화구다. 하논의 마르 퇴적층에는 환경과 기후에 따라 그 특성을 달리하는 다양한 퇴적물이 지속적으로 유입·집적되어 학술 가치가 높다.
차로 5분 거리에 있는 걸매생태공원과 같이 둘러보기 좋다.",TOUR,,https://map.kakao.com/?q=서귀포 하논분화구
2704,서귀포무릉도원마을,,WEST,EXPERIENCE,체험 활동 관광지,,서귀포시 대정읍,33.2748,126.23539,제주특별자치도 서귀포시 대정읍 중산간서로 2868,https://api.cdn.visitjeju.net/photomng/imgpath/201804/30/4a5abae2-647f-4d98-b383-ea0613ae6326.webp,제주의 자연과 문화를 직접 체험할 수 있는 제주도의 무릉도원,제주의 자연과 문화를 직접 체험할 수 있는 제주도의 무릉도원,VJ,,https://map.kakao.com/?q=서귀포무릉도원마을
2705,서귀포문화원,,SOUTH,CULTURE,문화시설,,서귀포시 동홍동,33.2509974,126.5688304,제주특별자치도 서귀포시 동홍로 30 (동홍동) 서귀포 시민문화체육복합센터 1F,https://tong.visitkorea.or.kr/cms/resource/24/3548124_image2_1.jpg,"서귀포문화원은 1996년에 창립하여, 12년 만인 2008년 7월 행정시 통합으로 인한 남제주문화원과 통합문화원으로 새로운 출발을 시작하였다.","서귀포문화원은 1996년에 창립하여, 12년 만인 2008년 7월 행정시 통합으로 인한 남제주문화원과 통합문화원으로 새로운 출발을 시작하였다. 서귀포문화원은 성산 일출봉에서 대정 송악산까지 가파, 마라도를 아우르는 역사 유적의 연구 조사 활동, 조상의 숨결이 밴 유형무형의 문화재를 발굴 보존 전승하는 일을 하고 있다. 또, 문화예술교육사업의 목적으로 문화학교와 문화대학을 운영하고 있으며, 숨비소리합창단과 문화동아리도 육성하고 있다. 이 외에도 어르신동아리와 어르신문화콘텐츠를 운영하여 다양한 연령층이 문화를 즐길 수 있고, 문화예술 활동 및 지역문화의 창달을 위해 노력하고 있다.",TOUR,,https://map.kakao.com/?q=서귀포문화원
2706,서귀포시청소년수련관,,SOUTH,LEISURE,레저·스포츠 관련 시설,,서귀포시 대천동,33.2607119,126.498228,제주특별자치도 서귀포시 중산간서로 97-1 (강정동),https://tong.visitkorea.or.kr/cms/resource/52/3550252_image2_1.jpg,서귀포시 청소년들의 성장을 위한 열린 공간이다.,"서귀포시 청소년들의 성장을 위한 열린 공간이다. 청소년들이 자발적으로 참여할 수 있는 자치활동을 펼칠 수 있는 공간과 새로운 것을 배우고 느끼기 위한 프로그램을 운영한다. 청소년문화축제와 봉사활동 등 다양한 활동을 통해 건전한 가치관을 형성하고 자아실현을 이룰 수 있도록 한다. 더 나아가 생활권 내 수련시설로서 지역공동체 문화공간을 이루는데 목적이 있다. 주요 시설은 음악연습실, 난타실, 공연연습실, 강의실, 농구장 등을 갖추고 있다.",TOUR,,https://map.kakao.com/?q=서귀포시청소년수련관
2707,서귀포잠수함,,SOUTH,EXPERIENCE,체험 활동 관광지,,서귀포시 천지동,33.2392231,126.5586562,"제주특별자치도 서귀포시 남성중로 40 (서홍동, 유람선매표소) 서귀포잠수함",https://api.cdn.visitjeju.net/photomng/imgpath/202111/05/956a7a7f-9f3e-4cac-8923-be4cef5bc44b.webp,세계최대 연산호군락지와 해저 비경을 발견하는 잠수함체험,세계최대 연산호군락지와 해저 비경을 발견하는 잠수함체험,VJ+TOUR,,https://map.kakao.com/?q=서귀포잠수함
2708,서귀포해안,,SOUTH,NATURE,자연관광지,,서귀포시 대천동,33.2326298,126.4982811,제주특별자치도 서귀포시 서호동,https://api.cdn.visitjeju.net/photomng/imgpath/202111/17/e6e2895e-9073-4a46-956f-2e2e3a88e1d0.webp,서귀포시 호근동 일대에 펼쳐진 해안경승지,서귀포시 호근동 일대에 펼쳐진 해안경승지,VJ,,https://map.kakao.com/?q=서귀포해안
2709,서귀포해양도립공원,,SOUTH,NATURE,자연관광지,,서귀포시 천지동,33.2398207,126.5582788,제주특별자치도 서귀포시 남성중로 43 (서홍동),https://tong.visitkorea.or.kr/cms/resource/87/3035387_image2_1.jpg,제주특별자치도 서귀포시 해안을 중심으로 이루어진 해양 도립공원이다.,"제주특별자치도 서귀포시 해안을 중심으로 이루어진 해양 도립공원이다. 서귀포 70경 중의 하나인, 이곳은 서귀포시를 중심으로 동서로 약 칠십 리를 에워싼 해안 절벽과 파란 물결 위에 떠 있는 섬들과 어우러진 빼어난 미항으로 서귀포 관광의 진수로 잘 알려진 서귀포 해안 칠십 리 경승지이다. 경관이 아름답고 세계적 희귀종인 후박나무가 자라고 있으며, 천연기념물인 흑비둘기가 서식하는 남쪽 한계 지역이다. 또한 지질 구조적 특징인 주상 절리와 학술 가치가 큰 한국 특산 해산 생물 신종, 미기록종이 다수 출현하는 곳으로서 남방계 생물종 다양성을 대표한다. 해양 생태 자원 보존을 통해 생태적 질서를 유지하고, 자원 활용의 극대화로 새로운 관광 행태를 창출하고자 서귀포 해양시립공원이 2007년 1월 서귀포 해양도립공원으로 변경되었다. 특히, 일출과 일몰이 아름다운 곳으로 잘 알려졌다. 더구나 공원은 천지연 폭포 입구에 있어, 폭포의 아름다움에 흠뻑 취해서 돌아온 사람들에게는 간이역의 역할을 한다.",TOUR,,https://map.kakao.com/?q=서귀포해양도립공원
2710,서귀포홍리실내수영장,,SOUTH,LEISURE,레저·스포츠 관련 시설,,서귀포시 동홍동,33.2683061,126.5650157,제주특별자치도 서귀포시 지장샘로182번길 149 (동홍동),https://tong.visitkorea.or.kr/cms/resource/49/3031549_image2_1.jpg,제주도 서귀포홍리실내수영장은 2020년에 개장한 서귀포시 대표 수영 전문교육기관이다.,"제주도 서귀포홍리실내수영장은 2020년에 개장한 서귀포시 대표 수영 전문교육기관이다. 친환경 해수풀의 첨단 수질관리 여과 시스템을 도입하고, 수영장 내 데크 난방 설치와 30도 이상 물 온도를 유지하여 사계절 따뜻하게 수영을 즐길 수 있다. 1층 언덕에 있어서 통창으로 서귀포를 내려다보는 뷰가 아주 멋지다.
정규메인풀, 안전수심풀의 총 9개 레인에서 성인, 어린이, 유아수영 강습을 전문적으로 운영하고 있다. 서귀포홍리실내수영장은 선수 출신의 전문 지도자로부터 개인 수준에 따라 단계별 (초·증·상급) 성인수영 강습과 맞춤형 어린이 수영 강습, 유아수영 강습, SST 선수부, 개인 강습 등이 구성되어 있다. 또한, 부모님들을 위한 전용 관람석과 대형 모니터가 로비에 설치되어 있어 실시간 교육과정을 모니터링할 수 있다.",TOUR,,https://map.kakao.com/?q=서귀포홍리실내수영장
2711,서부두수산시장,,NORTH,COMMERCIAL,상업지구,,제주시 건입동,33.5170397,126.5300139,제주특별자치도 제주시 임항로 49 (건입동),https://tong.visitkorea.or.kr/cms/resource/68/3585668_image2_1.jpg,제주 국제공항에서 자동차로 15분 거리에 떨어져 있는 서부두 수산시장은 싱싱한 제철 생선을 저렴하게 만나볼 수 있는 수협 공판장이다.,"제주 국제공항에서 자동차로 15분 거리에 떨어져 있는 서부두 수산시장은 싱싱한 제철 생선을 저렴하게 만나볼 수 있는 수협 공판장이다. 매일 이른 아침이면 갓 잡은 생선이 부두를 통해 들어오며, 경매에 부쳐진다. 경매가 끝나면 제철 생선과 각종 먹거리를 구경할 수 있는데, 오전 일찍 가야만 만나볼 수 있다. 제주의 특산물인 은갈치부터 쥐치, 옥돔, 한치 등 다양한 생물을 판매한다. 근처에는 갓 잡은 생선들을 손질해 주는 회 센터가 많아 바로 먹거나, 선물하기에도 좋다.",TOUR,,https://map.kakao.com/?q=서부두수산시장
2712,서중천탐방로,,SOUTH,EXPERIENCE,체험 활동 관광지,,서귀포시 남원읍,33.3305697,126.6740675,제주특별자치도 서귀포시 남원읍 서성로 755,https://api.cdn.visitjeju.net/photomng/imgpath/202109/02/0144f969-7dcd-43e6-8cd5-8da30443bfd5.webp,"낙엽을 밟는 소리가 좋고, 서중천 계곡을 따라 흐르는 물소리가 좋은 곳이다.","낙엽을 밟는 소리가 좋고, 서중천 계곡을 따라 흐르는 물소리가 좋은 곳이다. 봄에는 참꽃나무, 여름엔 시원한 물, 가을에는 단풍이 겨울엔 설경이 좋은 곳이다. 서중천을 따라 천천히 걸어보자. 다른 사람들은 발견 못한 비경을 발견할 수도 있다.",VJ,,https://map.kakao.com/?q=서중천탐방로
2713,서쪽가게,,WEST,COMMERCIAL,상업지구,,제주시 한림읍,33.3933782,126.240665,제주특별자치도 제주시 한림읍 한림로 336,https://api.cdn.visitjeju.net/photomng/imgpath/201812/19/d002bee1-6c28-485f-a6d3-e088910af68b.webp,제주 협재해수욕장 인근에 위치한 빈티지 소품 숍,제주 협재해수욕장 인근에 위치한 빈티지 소품 숍,VJ,,https://map.kakao.com/?q=서쪽가게
2714,서프서프,,EAST,EXPERIENCE,체험 활동 관광지,,제주시 구좌읍,33.5553336,126.7966229,제주특별자치도 제주시 구좌읍 해맞이해안로 468,https://api.cdn.visitjeju.net/photomng/imgpath/202306/19/c539f1dd-755f-46cc-aaa3-edcf84775884.webp,입문자에게 딱 맞는 월정 서핑체험,입문자에게 딱 맞는 월정 서핑체험,VJ,,https://map.kakao.com/?q=서프서프
2715,서프앤조이,,NORTH,EXPERIENCE,체험 활동 관광지,,제주시 삼양동,33.5254186,126.5871267,제주특별자치도 제주시 선사로8길 12,https://api.cdn.visitjeju.net/photomng/imgpath/202406/17/1dd25dbd-68cd-4243-959a-e53c21c83376.webp,제주삼양해수욕장에 위치해 유소년부터 어르신까지 나이에 제한 없이 체험 가능한 서핑샵,제주삼양해수욕장에 위치해 유소년부터 어르신까지 나이에 제한 없이 체험 가능한 서핑샵,VJ,,https://map.kakao.com/?q=서프앤조이
2716,석예원 본초 족욕 성산점,,EAST,NATURE,자연관광지,,서귀포시 성산읍,33.4420815,126.9195588,제주특별자치도 서귀포시 성산읍 섭지코지로25번길 34 2층,https://tong.visitkorea.or.kr/cms/resource/69/3011969_image2_1.jpg,자연에서 추출된 천연 재료를 사용하여 여행의 피로를 풀 수 있는 셀프 족욕 테라피를 체험하는 곳이다.,"자연에서 추출된 천연 재료를 사용하여 여행의 피로를 풀 수 있는 셀프 족욕 테라피를 체험하는 곳이다. 천연 미용소금, 페퍼민트 오일과 한방의 본초족욕수를 활용한 셀프 족욕은 지친 몸과 마음을 잠시 쉬어가기에 충분하다. 생명체에 대한 양생, 치료, 예방에 제공되는 천연 약물을 본초라고 한다. 본초 족욕에서 사용되는 본초수는 한의학에서 사용되는 엄선된 한약재로 만들어진다. 예로부터 한의학에서는 두한족열 즉, ‘머리는 차게 하고 발은 따뜻하게 하라’고 하였다. 오장육부의 축소판이라고 잘 알려져 있는 발은 인간의 신체 전부가 발이다라고 불릴 만큼 중요한 신체이다. 족욕은 뭉친 근육을 풀어주고 체내 노폐물을 제거해 주며 혈액순환을 원활하게 해준다. 예약제로 운영하므로 사전 예약 후 방문하는 것이 좋다. 인근에는 섭지코지, 광치기해변 등의 관광지가 있다.",TOUR,,https://map.kakao.com/?q=석예원 본초 족욕 성산점
2717,선광사(제주),,SOUTH,NATURE,자연관광지,,서귀포시 남원읍,33.2727089,126.699559,제주특별자치도 서귀포시 남원읍 태위로510번길 42,https://tong.visitkorea.or.kr/cms/resource/29/3477329_image2_1.jpg,제주도 서귀포시에 위치한 선광사는 한국불교태고종 사찰이다.,"제주도 서귀포시에 위치한 선광사는 한국불교태고종 사찰이다. 선광사는 해안 석벽과, 자연의 신비로움을 간직한 해안 동굴들이 태고의 경이로움을 그대로 간직한 채 바다와 맞서고 있는 남원큰엉을 배경으로 하고 있다. 
선광사가 창건된 것은 1942년 보화 법인스님이 법당과 객실을 지으면서부터이다. 1945년에는 1차 중건 불사로 포교활동에 박차를 가했으나, 1948년 4·3사건의 여파로 선광사는 잠시 폐사가 된다. 그 후 4·3사건과 6·25전쟁 등 격동의 세월을 역사와 함께 보내고 나라가 어느 정도 안정을 되찾게 되자, 다시 중창 불사하여 현재 이 지역에서 보기 드물 정도의 사찰 면모를 갖추고 오늘에 이르고 있다.",TOUR,,https://map.kakao.com/?q=선광사(제주)
2718,선물가게 바나나 (제주공항점),,NORTH,COMMERCIAL,상업지구,,제주시 노형동,33.4781673,126.4684967,제주특별자치도 제주시 노형로 284 1층,https://api.cdn.visitjeju.net/photomng/imgpath/202607/10/f5f29226-6bc3-4360-8210-edb90a988c3e.webp,제주공항 10분거리에 위치한 제주 기념품샵 선물가게바나나 제주공항점입니다.,제주공항 10분거리에 위치한 제주 기념품샵 선물가게바나나 제주공항점입니다.,VJ,,https://map.kakao.com/?q=선물가게 바나나 (제주공항점)
2719,선물가게 바나나 서귀포중문점,,SOUTH,COMMERCIAL,상업지구,,서귀포시 예래동,33.2580339,126.4171258,제주특별자치도 서귀포시 일주서로 875,https://tong.visitkorea.or.kr/cms/resource/71/4072871_image2_1.jpg,선물가게 바나나는 서귀포 중문 관광단지 인근에 있어 관광하면서 좋으며 다양한 기념품과 선물을 구메 할 수 있다.,"선물가게 바나나는 서귀포 중문 관광단지 인근에 있어 관광하면서 좋으며 다양한 기념품과 선물을 구메 할 수 있다. 제주의 특징을 담은 여러 소품뿐만 아니라 자체 제작 소품부터 기념품들까지 다양하게 준비되어 있다. 또한 제주에서만 맛볼 수 있는 우도 땅콩샌드, 감귤초콜릿, 우유 샌드 등 맛있는 간식들과 제주 바다와 자연을 담은 액세서리도 구매할 수 있어 제주를 방문하는 관광객들에게 인기 있는 소품샵이다.",TOUR,,https://map.kakao.com/?q=선물가게 바나나 서귀포중문점
2720,선물고팡,,NORTH,COMMERCIAL,상업지구,,제주시 용담2동,33.5029868,126.5049379,제주특별자치도 제주시 월성로 15,https://api.cdn.visitjeju.net/photomng/imgpath/201904/03/b2902d77-e025-4627-9d02-ec62dc2c9f02.webp,공항까지 무료셔틀을 지원하는 공항 인근 기념품숍.,공항까지 무료셔틀을 지원하는 공항 인근 기념품숍.,VJ+TOUR,,https://map.kakao.com/?q=선물고팡
2721,선물고팡 협재점,,WEST,COMMERCIAL,상업지구,,제주시 한림읍,33.4063613,126.2562935,제주특별자치도 제주시 한림읍 한림로 545,https://api.cdn.visitjeju.net/photomng/imgpath/202306/13/f8db07ea-566d-4dac-b21d-550c8feb143d.webp,귀여운 캐릭터로 인기가 많은 기념품숍,귀여운 캐릭터로 인기가 많은 기념품숍,VJ,,https://map.kakao.com/?q=선물고팡 협재점
2722,선양빌리지돔,,EAST,LEISURE,레저·스포츠 관련 시설,,제주시 조천읍,33.4746739,126.643866,제주특별자치도 제주시 조천읍 와흘로 350,https://tong.visitkorea.or.kr/cms/resource/13/2752213_image2_1.jpg,선양빌리지돔은 제주시 조천읍 와흘리에 위치해 있는 펜션과 카라반이 함께 있는 캠핑장이다.,"선양빌리지돔은 제주시 조천읍 와흘리에 위치해 있는 펜션과 카라반이 함께 있는 캠핑장이다. 초록 잔디가 아름답고 카라반 앞에는 대형 화분도 진열해 두어 아름답다. 선양빌리지돔의 상징인 블루베리 나무들이 가득해 마음대로 따먹을 수 있다. 여름철엔 수영장을 설치 아이들에게 물놀이를 제공한다. 제주도 어디를 여행하든 이동하기 좋은 위치에 자리 잡고 있어 한라산은 자동차로 10분, 제주공항까지는 20분, 성산 일출봉은 30분, 서귀포시까지는 40분이면 도착이 가능하다.",TOUR,,https://map.kakao.com/?q=선양빌리지돔
2723,선임교,,SOUTH,NATURE,자연관광지,,서귀포시 천지동,33.247056,126.5547484,제주특별자치도 서귀포시 중문로105번길 37,https://tong.visitkorea.or.kr/cms/resource/47/3477147_image2_1.jpg,선임교는 서귀포시 중문동에 있는 천제연 폭포와 중문관광단지를 이어 주는 아치형 철제다리이다.,"선임교는 서귀포시 중문동에 있는 천제연 폭포와 중문관광단지를 이어 주는 아치형 철제다리이다. 선임교는 하늘에서 칠선녀가 내려온 다리라는 뜻으로 선녀다리, 구름다리, 칠선녀다리 등으로 부르기도 한다. 천제연의 제2단과 제3단 폭포 중간쯤에 위치한 오작교 형태의 다리이다. 다리 양쪽 옆면에 칠선녀의 전설을 살려 각각 다른 악기를 든 선녀들이 구름을 타고 하늘로 올라가는 모습이 조각된 일곱 선녀상이 있다. 야간 관광을 위해 난간 사이에 34개의 석등을 설치해 밤에는 색다른 분위기를 즐길 수 있다. 천제연 폭포를 찾는 관광객뿐만 아니라 제주 올레 8코스를 걷는 올레꾼들이 많이 찾는 관광 명소이다.",TOUR,,https://map.kakao.com/?q=선임교
2724,선족이오름(알선족이),,EAST,NATURE,자연관광지,,제주시 구좌읍,33.44329,126.75144,제주특별자치도 제주시 구좌읍 송당리 산 140-2,https://api.cdn.visitjeju.net/photomng/imgpath/201804/30/a706d39f-cc76-48f6-8d58-c4bc3242ebd4.webp,아기자기한 등성이가 아름다운 곳,아기자기한 등성이가 아름다운 곳,VJ,,https://map.kakao.com/?q=선족이오름(알선족이)
2725,선흘1리,,EAST,CULTURE,문화시설,,제주시 조천읍,33.51144,126.70519,제주특별자치도 제주시 조천읍 중산간동로 1280,https://api.cdn.visitjeju.net/photomng/imgpath/202112/23/beb83616-f6b0-472b-ac1d-09a6709d369a.webp,"가슴 아픈 역사와 문화, 광활한 자연의 집합체, 선흘 1리","가슴 아픈 역사와 문화, 광활한 자연의 집합체, 선흘 1리",VJ,,https://map.kakao.com/?q=선흘1리
2726,선흘2리마을,,EAST,NATURE,자연관광지,,제주시 조천읍,33.4569076,126.7142937,제주특별자치도 제주시 조천읍 선교로 569-36,https://tong.visitkorea.or.kr/cms/resource/62/3400662_image2_1.jpg,제주시 조천읍에 속하는 선흘 2리는 해발고도 200m~400m의 중산간 평지에 자리한 마을이다.,"제주시 조천읍에 속하는 선흘 2리는 해발고도 200m~400m의 중산간 평지에 자리한 마을이다. 선흘이란 이름은 잡풀이 우거진 넓은 돌밭, 즉 곶자왈에서 유래한 이름으로 추측된다. 마을 내에는 곶자왈 외에도 알밤 오름, 윗밤 오름, 우진 제비 오름, 거문 오름, 부대 오름, 민 오름, 부소 오름 등 다수의 오름이 분포한다. 특히 거문 오름은 유네스코가 선정한 세계 자연유산으로, 선흘 2리는 이를 보존하기 위한 세계 자연유산마을로 지정돼 다양한 생태활동이 이뤄진다. 화산섬인 제주에서만 볼 수 있는 빌레(너럭바위)와 습지가 어우러진 흐린 내 생태공원도 선흘 2리 마을의 절경으로 꼽힌다. 집들이 옹기종기 모여 앉은 마을 풍경과 계절마다 피고 지는 다양한 꽃들이 걷는 재미를 더한다.",TOUR,,https://map.kakao.com/?q=선흘2리마을
2727,설쿰바당,,WEST,NATURE,자연관광지,,서귀포시 안덕면,33.2356687,126.3125597,제주특별자치도 서귀포시 안덕면 사계리,https://api.cdn.visitjeju.net/photomng/imgpath/201808/08/5876b1fd-ab39-442c-b782-97b5c4b2f053.webp,제주 바람이 머물다 간 흔적이 고스란히 남아있는 해변,제주 바람이 머물다 간 흔적이 고스란히 남아있는 해변,VJ,,https://map.kakao.com/?q=설쿰바당
2728,섬반지,,WEST,COMMERCIAL,상업지구,,서귀포시 안덕면,33.2316275,126.297912,제주특별자치도 서귀포시 안덕면 산방로 366,https://api.cdn.visitjeju.net/photomng/imgpath/202306/30/5249ddb8-760c-4f29-9b28-ccc1e5e5209f.webp,개성이 하나하나 살아 있는 주얼리숍,개성이 하나하나 살아 있는 주얼리숍,VJ,,https://map.kakao.com/?q=섬반지
2729,섬생이,,NORTH,NATURE,자연관광지,,제주시 추자면,33.939816,126.31154,제주특별자치도 제주시 추자면 신양리 산 87,https://api.cdn.visitjeju.net/photomng/imgpath/201804/30/34d4c936-709e-48db-a7f8-bd1305bd9248.webp,풍경이 아름다운 추자도 남쪽 무인도,풍경이 아름다운 추자도 남쪽 무인도,VJ,,https://map.kakao.com/?q=섬생이
2730,섬타르 신제주점,,NORTH,COMMERCIAL,상업지구,,제주시 연동,33.4855108,126.4894461,제주특별자치도 제주시 연동6길 5 (연동) 1층,https://tong.visitkorea.or.kr/cms/resource/79/4024279_image2_1.jpeg,섬타르는 제주의 청정 재료로 구워낸 달콤한 수제 타르트 전문 디저트 브랜드입니다.,섬타르는 제주의 청정 재료로 구워낸 달콤한 수제 타르트 전문 디저트 브랜드입니다. 제주의 사계절을 담은 정성스러운 맛과 아름다운 패키지 디자인을 통해 제주를 찾는 여행객들에게 가장 달콤한 휴식과 선물을 제공합니다.,TOUR,,https://map.kakao.com/?q=섬타르 신제주점
2731,섯알오름,,WEST,HISTORY,역사·유적·종교 시설,,서귀포시 대정읍,33.2045051,126.281676,제주특별자치도 서귀포시 대정읍 상모리 1618,https://api.cdn.visitjeju.net/photomng/imgpath/201908/09/fac531a3-7e22-4230-a9e2-29dac004a002.webp,역사의 아픔을 간직한곳,역사의 아픔을 간직한곳,VJ+TOUR,,https://map.kakao.com/?q=섯알오름
2732,성김대건신부표착기념관,,WEST,CULTURE,문화시설,,제주시 한경면,33.3228915,126.1677386,제주특별자치도 제주시 한경면 용수1길 108,https://tong.visitkorea.or.kr/cms/resource/88/3396988_image2_1.jpg,이 곳은 한국 최초로 천주교를 널리 알리고자 했던 김대건신부의 의지가 담아 기념할 수 있게 만든 곳이다.,"이 곳은 한국 최초로 천주교를 널리 알리고자 했던 김대건신부의 의지가 담아 기념할 수 있게 만든 곳이다. 한적한 해안가 마을 용수리에 위치한 성김대건신부 표착기념관은 우리나라의 첫 신부인 성 김대건신부와 제주 천주교 교회의 역사를 엿볼 수 있는 곳이다. 성 김대건신부는 라파엘호를 타고 중국에서 우리나라에 천주교를 전파하러 오던 중 풍랑을 만나 제주도 용수리 해안에 표착하게 되었는데 그곳에서 한국 최초로 미사와 성체 성사를 한 신부이다. 기념관은 총 2층과 옥상전망대로 이루어져 있고 1층에는 영상이나 이미지를 볼 수 있는 공간, 2층에는 김대건 신부님의 업적 등을 소개하고 천주교가 들어오기까지의 험난한 과정을 알게 해주는 전시품들, 억압 당시 사용되었던 도구 등이 전시되어 있다. 건물의 가장 위층 옥상전망대에서는 멀리 차귀도가 보이고 용수리의 아담한 마을 풍경과 제주올레 12코스와 13코스를 잇는 용수포구가 한눈에 내려다 보인다. 기념관 옆에 작은 성당은 성 김대건 신부가 사제 서품을 받은 김가항 성당 모습을 재현했고, 지붕은 파도와 라파엘호를 형상화했다. 성당은 미사 시간을 제외하고는 누구나 자유롭게 관람이 가능하다.

(출처 : 제주 문화관광 홈페이지)",TOUR,,https://map.kakao.com/?q=성김대건신부표착기념관
2733,성널오름,,SOUTH,NATURE,자연관광지,,서귀포시 남원읍,33.37372,126.59245,제주특별자치도 서귀포시 남원읍 신례리,https://api.cdn.visitjeju.net/photomng/imgpath/201907/26/1c04315e-d3a4-4d31-8ed4-fdc016116a53.webp,널판지로 성을 쌓은것 처럼 보이는 바위 절벽,널판지로 성을 쌓은것 처럼 보이는 바위 절벽,VJ,,https://map.kakao.com/?q=성널오름
2734,성불오름,,EAST,NATURE,자연관광지,,제주시 구좌읍,33.42295,126.74975,제주 제주시 구좌읍 중산간동로 2532,https://api.cdn.visitjeju.net/photomng/imgpath/201907/26/44288dfd-8496-4e9e-bcc5-9d277469b6c7.webp,삼나무와 편백나무가 우거진 오름,삼나무와 편백나무가 우거진 오름,VJ,,https://map.kakao.com/?q=성불오름
2735,성불오름,,EAST,NATURE,자연관광지,,제주시 구좌읍,33.4594588,126.8086882,제주특별자치도 제주시 구좌읍 중산간동로 2532,https://tong.visitkorea.or.kr/cms/resource/23/3527023_image2_1.jpg,성불오름은 구좌읍 송당리에 있는 소화산체이다.,"성불오름은 구좌읍 송당리에 있는 소화산체이다. 성불오름이라는 이름은 오래전 이 오름에 있었던 성불암이라는 암자에서 비롯되었다는 설과, 오름의 모습이 승려가 불공을 올리는 모습을 떠올리게 하는 데서 붙여졌다는 설이 존재한다. 넓게 펼쳐진 마목장을 지나면 오름 입구가 나오며, 탐방로가 갈려져 있는데 어느 방향으로 가더라도 한 바퀴 돌아서 만나게 이루어져 있다. 이 오름은 말굽형 분화구를 지녔는데, 남쪽 봉우리에서 북쪽 봉우리에 이르는 등성마루에 둘러싸여 동향으로 살짝 파여있다.",TOUR,,https://map.kakao.com/?q=성불오름
2736,성산세화해안도로,,EAST,TRAIL,산책로·둘레길,,서귀포시 성산읍,33.4760505,126.9099403,제주특별자치도 서귀포시 성산읍 해맞이해안로 2636,https://api.cdn.visitjeju.net/photomng/imgpath/201804/30/bfc943f0-5372-4a9f-8d07-97c3793808db.webp,성산일출봉에서 종달리와 하도리를 지나 세화해변까지 이어지는 제주 동부 해안도로,성산일출봉에서 종달리와 하도리를 지나 세화해변까지 이어지는 제주 동부 해안도로,VJ,,https://map.kakao.com/?q=성산세화해안도로
2737,성산세화해안도로,,EAST,TRAIL,산책로·둘레길,,제주시 구좌읍,33.5100909,126.9065285,제주특별자치도 제주시 구좌읍 종달리 112-1 시작점,https://tong.visitkorea.or.kr/cms/resource/31/3355631_image2_1.jpg,"제주도 동쪽 끝자락의 해안을 따라 형성된 해안도로로, 구좌읍 세화리에서 서귀포시 성산읍 성산리까지 이어진다.","제주도 동쪽 끝자락의 해안을 따라 형성된 해안도로로, 구좌읍 세화리에서 서귀포시 성산읍 성산리까지 이어진다. 총 길이는 15.8㎞로 제주도 해안도로 중 가장 길이가 길며, 아름답기로 유명해 사람들이 많이 찾는다.
바다를 끼고 길게 이어지는 해안도로를 따라 자전거 전용도로가 마련돼 있어 드라이브를 즐기려는 관광객뿐만 아니라 자전거 타기와 하이킹을 하는 사람들도 많이 찾는다. 주변 관광지로는 외세의 침입에 대비해 조선 시대에 축조한 성곽인 별방진, 넓은 백사장과 맑은 바닷물을 자랑하는 하도해수욕장, 세화해수욕장 등이 있다.",TOUR,,https://map.kakao.com/?q=성산세화해안도로
2738,성산스쿠버,,EAST,EXPERIENCE,체험 활동 관광지,,서귀포시 성산읍,33.4609616,126.9334663,제주특별자치도 서귀포시 성산읍 일출로 258-5,https://api.cdn.visitjeju.net/photomng/imgpath/202306/19/51f1c895-032f-4b18-9e47-a1a0cb21511f.webp,미지의 성산포 해저 속으로 다이빙체험,미지의 성산포 해저 속으로 다이빙체험,VJ,,https://map.kakao.com/?q=성산스쿠버
2739,성산오조리해안,,EAST,NATURE,자연관광지,,서귀포시 성산읍,33.45794,126.8903,제주특별자치도 서귀포시 성산읍 한도로,https://api.cdn.visitjeju.net/photomng/imgpath/202111/25/ebe32fd6-4142-4a67-aa42-23e2e5b9a214.webp,제주에서 조개잡이 체험장으로 유명한 성산 오조리 해안,제주에서 조개잡이 체험장으로 유명한 성산 오조리 해안,VJ,,https://map.kakao.com/?q=성산오조리해안
2740,성산포 해녀물질공연장,,EAST,CULTURE,문화시설,,서귀포시 성산읍,33.4628689,126.9388907,제주특별자치도 서귀포시 성산읍 일출로 284-34,https://tong.visitkorea.or.kr/cms/resource/46/3024646_image2_1.jpg,성산포 해녀물질공연장은 실제 해녀들이 직접 공연하고 물에 들어가는 모습을 가까이서 만날 수 있어 색다르게 제주의 해녀를 만날 수 있는 공연이다.,"성산포 해녀물질공연장은 실제 해녀들이 직접 공연하고 물에 들어가는 모습을 가까이서 만날 수 있어 색다르게 제주의 해녀를 만날 수 있는 공연이다. 성산일출봉 인근 우뭇개 어장에서 활동하는 성산어촌계 소속 해녀들이 물질을 시연한다. 해녀물질공연은 해녀 소개와 바다 잠수, 해산물 채취, 기념 촬영, 해산물 판매, 시식 순으로 진행되며 제주 특유의 전통문화를 체험할 수 있는 특별한 공연이다. 성산일출봉 입장권으로 무료 관람할 수 있으며 제주 올레 1코스에 속하는 성산갑문, 우도와 함께 둘러보기 좋다.",TOUR,,https://map.kakao.com/?q=성산포 해녀물질공연장
2741,성산포JC공원,,EAST,NATURE,자연관광지,,서귀포시 성산읍,33.4548,126.9262,제주특별자치도 서귀포시 성산읍 고성리,https://tong.visitkorea.or.kr/cms/resource/86/3550586_image2_1.jpg,성산포 JC공원은 성산 일출봉을 한눈에 볼 수 있는 광치기해변의 연장선에 있다.,"성산포 JC공원은 성산 일출봉을 한눈에 볼 수 있는 광치기해변의 연장선에 있다. 바깥쪽으로는 걷기 좋은 산책로가 있고, 안쪽으로는 잔디가 깔린 초지가 있다. 바다를 바라보는 방향으로 돌로 만든 벤치가 있어서 잠깐 앉아 쉬었다 가기 좋다. 특히 제주 올레길 1코스에 포함돼 있어 올레길을 걷는 이들에게 좋은 쉼터가 되어주는 곳이다. 공원에서 성산 일출봉으로 걷다 보면 노란색으로 물든 유채꽃밭이 있다. 개인 사유지로 유료이지만 저 멀리 보이는 성산 일출봉과의 조화가 아름다워 들러보는 것도 좋다.",TOUR,,https://map.kakao.com/?q=성산포JC공원
2742,성산포유람선,,EAST,EXPERIENCE,체험 활동 관광지,,서귀포시 성산읍,33.4729844,126.9345186,제주특별자치도 서귀포시 성산읍 성산등용로 130-21,https://tong.visitkorea.or.kr/cms/resource/16/3396216_image2_1.jpg,섬 중의 섬 제주 우도에서 우도팔경과 세계적으로도 유명한 일출해양공원의 해안 비경을 대형 해상 유람선에 승선해서 관람해 볼 수 있다.,"섬 중의 섬 제주 우도에서 우도팔경과 세계적으로도 유명한 일출해양공원의 해안 비경을 대형 해상 유람선에 승선해서 관람해 볼 수 있다. 우리나라에서 하나밖에 없는 산호 모래 백사장인 서빈백사와 우도팔경, 갖가지 모양의 바위들과, 천연 동굴들을 감상할 수 있으며 보기만 하는 여행이 재미가 덜 하다면 씨월드 파라다이스 호에서 낚시 유람선을 타고 낚시 체험도 가능하다. 직접 낚싯대를 드리우고 짜릿한 손맛을 느껴보고, 내가 잡은 고기로 싱싱한 즉석회까지 맛볼 수 있다. 해상 유람선 관광은 제주도 여행에서 잊지 못할 추억으로 간직될 것이다.",TOUR,,https://map.kakao.com/?q=성산포유람선
2743,성산포항종합여객터미널,,EAST,NATURE,자연관광지,,서귀포시 성산읍,33.4725684,126.9323378,제주특별자치도 서귀포시 성산읍 성산등용로 112-7,https://api.cdn.visitjeju.net/photomng/imgpath/201804/30/e7f98ed3-20e7-469a-9fa7-80f894a08cf7.webp,제주특별자치도 서귀포시 성산읍에 있는 연안항,제주특별자치도 서귀포시 성산읍에 있는 연안항,VJ,,https://map.kakao.com/?q=성산포항종합여객터미널
2744,성산항,,EAST,TRAIL,산책로·둘레길,,서귀포시 성산읍,33.4721117,126.9331983,제주특별자치도 서귀포시 성산읍 성산등용로 129-21,https://api.cdn.visitjeju.net/photomng/imgpath/202111/12/9634d475-c353-49b6-8ee4-0bb11d035fd5.webp,섬 속의 섬을 향한 시작.,섬 속의 섬을 향한 시작. 푸른 바다의 아름다운 뱃길,VJ+TOUR,,https://map.kakao.com/?q=성산항
2745,성읍녹차동굴,,EAST,NATURE,자연관광지,,서귀포시 표선면,33.3817211,126.7912667,제주특별자치도 서귀포시 표선면 중산간동로 4772,https://api.cdn.visitjeju.net/photomng/imgpath/202311/22/77420ed9-af7c-4c21-b08c-110409dd31fa.webp,자연이 만들어 준 최고의 포토존,자연이 만들어 준 최고의 포토존,VJ+TOUR,,https://map.kakao.com/?q=성읍녹차동굴
2746,성읍목장,,EAST,EXPERIENCE,체험 활동 관광지,,서귀포시 표선면,33.404278,126.791985,제주특별자치도 서귀포시 표선면 성읍리 1734,https://api.cdn.visitjeju.net/photomng/imgpath/201804/30/d3665aa5-bb00-472d-9886-06e3337d9515.webp,4계절 내내 탁 트인 경관을 자랑해 사진 촬영 포인트로 유명한 성읍목장,4계절 내내 탁 트인 경관을 자랑해 사진 촬영 포인트로 유명한 성읍목장,VJ,,https://map.kakao.com/?q=성읍목장
2747,성읍민속마을,,EAST,EXPERIENCE,체험 활동 관광지,,서귀포시 표선면,33.4070607,126.7779787,제주특별자치도 서귀포시 표선면 서성일로 20,https://api.cdn.visitjeju.net/photomng/imgpath/202409/06/840e4c6b-c729-488b-bc2c-2bb946f85677.webp,문화유산과 조화롭게 살아가는 성읍주민들의 모습에서 제주의 옛모습을 엿보다,문화유산과 조화롭게 살아가는 성읍주민들의 모습에서 제주의 옛모습을 엿보다,VJ,,https://map.kakao.com/?q=성읍민속마을
2748,성읍민속마을,,EAST,NATURE,자연관광지,,서귀포시 표선면,33.3884302,126.7882138,제주특별자치도 서귀포시 표선면 성읍리 3294,https://tong.visitkorea.or.kr/cms/resource/64/3551564_image2_1.jpg,표선리에서 북쪽으로 8㎞쯤 가면 한라산 기슭 아래 성읍마을이 있다.,"표선리에서 북쪽으로 8㎞쯤 가면 한라산 기슭 아래 성읍마을이 있다. 성읍리는 원래 제주도가 방위상 3현으로 나뉘어 통치되었을 때(1410-1914) 정의현의 도읍지였던 마을로서 제주도 옛 민가의 특징을 잘 간직하고 있는 곳이다. 유형·무형의 많은 문화유산이 집단적으로 분포되어 있고, 옛 마을 형태의 민속경관이 잘 유지되어 그 옛 모습을 계속 유지하고자 민속마을로 지정·보호하고 있다. 이곳에서는 옛 민가, 향교, 옛 관공서, 돌하르방, 연자방아, 성터, 비석 등의 유형 문화유산과 중산간 지대 특유의 민요, 민속놀이, 향토음식, 민간공예, 제주방언 등의 무형 문화유산이 아직까지 전수되고 있다. 천연기념물인 느티나무, 팽나무 등은 오백 년 도읍지로서의 긍지를 엿볼 수 있다. 제주 초가를 가장 잘 보존하고 있는 성읍민속마을은 실제로 제주 초가에 살고 있는 성읍리 주민들과 제주의 전통 화장실인 ‘통시’를 만나볼 수도 있다. 특히 마을 내 고목과 돌담 그리고 옛 성벽 등이 어우러진 고풍스러운 모습은 오백 년 도읍지의 역사를 그대로 보여준다.",TOUR,,https://map.kakao.com/?q=성읍민속마을
2749,성읍승마장,,EAST,LEISURE,레저·스포츠 관련 시설,,서귀포시 표선면,33.398746,126.78733,제주특별자치도 서귀포시 표선면 번영로 2650,https://api.cdn.visitjeju.net/photomng/imgpath/201804/30/69a0bd54-97fa-49b5-b59e-5986b8e48ecf.webp,30년 전통 도내 최대 길이의 제주 최초 승마장,30년 전통 도내 최대 길이의 제주 최초 승마장,VJ+TOUR,,https://map.kakao.com/?q=성읍승마장
2750,섶섬,,SOUTH,NATURE,자연관광지,,서귀포시 송산동,33.230137,126.5992,제주특별자치도 서귀포시 보목동,https://api.cdn.visitjeju.net/photomng/imgpath/202111/19/9a1a3547-bd2a-45b0-b1e7-0928fd16086c.webp,"용이 되려는 꿈을 이루지 못하고 죽은 구렁이에 대한 전설이 전해지는 숲섬, '섶섬' · 서귀포시 보목동","용이 되려는 꿈을 이루지 못하고 죽은 구렁이에 대한 전설이 전해지는 숲섬, '섶섬'
· 서귀포시 보목동",VJ,,https://map.kakao.com/?q=섶섬
2751,세라믹팩토리아토,,SOUTH,EXPERIENCE,체험 활동 관광지,,서귀포시 동홍동,33.2784833,126.5644723,제주특별자치도 서귀포시 동홍로 349-1,https://api.cdn.visitjeju.net/photomng/imgpath/202306/19/66d5696e-c8a9-4e32-99f8-5cc94376e000.webp,하나뿐인 나만의 도자기를 만드는 체험,하나뿐인 나만의 도자기를 만드는 체험,VJ,,https://map.kakao.com/?q=세라믹팩토리아토
2752,세미오름(삼의양오름),,NORTH,NATURE,자연관광지,,제주시 아라동,33.43975,126.56141,제주특별자치도 제주시 아라일동 산 24-2,https://api.cdn.visitjeju.net/photomng/imgpath/201804/30/e6e06cbf-8094-45e5-93da-76469fe67d0f.webp,"뒤로는 한라산, 앞으로는 제주시내를 품고 있는 삼의양오름","뒤로는 한라산, 앞으로는 제주시내를 품고 있는 삼의양오름",VJ,주소를 좌표로 다시 구함,https://map.kakao.com/?q=세미오름(삼의양오름)
2753,세미오름(샘이오름),,EAST,NATURE,자연관광지,,제주시 조천읍,33.473663,126.66965,제주특별자치도 제주시 조천읍 대흘리 산 27-8,https://api.cdn.visitjeju.net/photomng/imgpath/201908/08/ff93f788-fdca-4e26-8743-8a11b444e4b2.webp,고운 오름에 샘이 나는 세미오름,고운 오름에 샘이 나는 세미오름,VJ,,https://map.kakao.com/?q=세미오름(샘이오름)
2754,세인트앤드류스 신세계사이먼프리미엄아울렛 제주점,,WEST,COMMERCIAL,상업지구,,서귀포시 안덕면,33.3049727,126.316352,제주특별자치도 서귀포시 안덕면 신화역사로304번길 38 B1층,https://tong.visitkorea.or.kr/cms/resource/15/4045015_image2_1.jpg,세인트앤드류스(St Andrews)는 골프의 발상지에서 영감을 받은 하이엔드 럭셔리 골프웨어 브랜드입니다.,세인트앤드류스(St Andrews)는 골프의 발상지에서 영감을 받은 하이엔드 럭셔리 골프웨어 브랜드입니다. 고전적인 품격과 최첨단 기능성을 조화시킨 디자인을 통해 필드 위에서 기품 있는 골퍼의 정체성을 가장 완벽하게 완성해줍니다.,TOUR,,https://map.kakao.com/?q=세인트앤드류스 신세계사이먼프리미엄아울렛 제주점
2755,세천포구,,SOUTH,NATURE,자연관광지,,서귀포시 남원읍,33.2696137,126.6741708,제주특별자치도 서귀포시 남원읍 위미리 799-2,https://tong.visitkorea.or.kr/cms/resource/46/3552546_image2_1.jpg,세천 포구는 서귀포시 남원읍 위미리에 있는 아주 작은 포구다.,"세천 포구는 서귀포시 남원읍 위미리에 있는 아주 작은 포구다. 위미리는 마치 소가 누워있는 형상을 보인다고 하여 이름 붙여졌으며, 마을은 그 꼬리 부분에 자리 잡고 있어 우미라고 불렸다. 위미리의 세천 포구는 곤냇골개라고도 불리는데, 곤내는 가는 내, 골은 마을을 일컫고 개는 포구를 의미한다. 보말이 많이 잡히고, 아름다운 풍광과 잔잔한 물살로 낚시꾼과 사진을 취미로 하는 이들이 종종 찾는 곳이다.",TOUR,,https://map.kakao.com/?q=세천포구
2756,세화리 농어촌체험휴양마을,,EAST,EXPERIENCE,체험 활동 관광지,,제주시 구좌읍,33.526992,126.8560322,제주특별자치도 제주시 구좌읍 세평항로 46-9,https://tong.visitkorea.or.kr/cms/resource/88/3498088_image2_1.jpg,제주특별자치도 제주시 구좌읍에 위치한 세화리 농어촌체험휴양마을은 2023년 세계관광기구 UNWTO에서 세계 관광 최우수 마을로 지정한 마을로…,"제주특별자치도 제주시 구좌읍에 위치한 세화리 농어촌체험휴양마을은 2023년 세계관광기구 UNWTO에서 세계 관광 최우수 마을로 지정한 마을로, 세계인류무형문화유산인 해녀와 국가중요농업유산 밭담이 있는 마을이다. 세화마을 주민 494명이 조합원으로 가입한 대한민국 최대 규모의 세화마을협동조합 주최 하에 '세계인류무형유산 해녀투어', '오름의 여왕 다랑쉬오름 웰니스 투어', '양PD와 함께하는 세화마을 투어', '해녀 바당식탁', '세화마을 3박 4일 살기 프로그램' 등 다양한 프로그램이 진행되고 있는 곳이기도 하다. 특히, 세화마을은 질그랭이 거점 센터가 있어 워케이션의 성지로도 유명하며, 방문자를 위한 마을 호텔도 운영 중이다.",TOUR,,https://map.kakao.com/?q=세화리 농어촌체험휴양마을
2757,세화리109,,EAST,COMMERCIAL,상업지구,,제주시 구좌읍,33.5211685,126.8619058,제주특별자치도 제주시 구좌읍 구좌로 109,https://api.cdn.visitjeju.net/photomng/imgpath/202306/13/3db61494-d2b0-461a-aecc-4c4a7a272261.webp,세화리 마을 어귀에 있는 감성소품샵,세화리 마을 어귀에 있는 감성소품샵,VJ,,https://map.kakao.com/?q=세화리109
2758,세화소품관,,EAST,NATURE,자연관광지,,제주시 구좌읍,33.5255845,126.8577029,제주특별자치도 제주시 구좌읍 해맞이해안로 1422-3,https://api.cdn.visitjeju.net/photomng/imgpath/202201/03/1a451353-9237-4e6e-a2c6-224835683430.webp,"세화 해수욕장 인근에 위치한 세화소품관은 악세서리, 엽서, 필통, 파우치, 캔들, 방향제, 그립톡, 마그넷 등등 다양하고 예쁜 아이템들로 볼거…","세화 해수욕장 인근에 위치한 세화소품관은 악세서리, 엽서, 필통, 파우치, 캔들, 방향제, 그립톡, 마그넷 등등 다양하고 예쁜 아이템들로 볼거리가 많은 소품샵이다.",VJ,,https://map.kakao.com/?q=세화소품관
2759,세화씨문방구,,EAST,COMMERCIAL,상업지구,,제주시 구좌읍,33.5243194,126.8599133,제주특별자치도 제주시 구좌읍 해맞이해안로 1450-1,https://api.cdn.visitjeju.net/photomng/imgpath/202306/30/7cae06e6-677a-419f-a41e-256608b29768.webp,일러스트 작가가 담아낸 제주 풍경,일러스트 작가가 담아낸 제주 풍경,VJ,,https://map.kakao.com/?q=세화씨문방구
2760,세화워케이션 질그랭이 거점센터,,EAST,EXPERIENCE,체험 활동 관광지,,제주시 구좌읍,33.5271846,126.8564043,제주특별자치도 제주시 구좌읍 해맞이해안로 1392 2층 숨비빌레파크 오피스,https://api.cdn.visitjeju.net/photomng/imgpath/202011/03/8566cf4a-bc03-4fb4-a5ad-334802f188e5.webp,구좌읍 세화리 마을주민 477명이 모여 만든 세화마을협동조합이 멋진 풍광의 세화리 바닷가에 질그랭이센터를 오픈했다.,"구좌읍 세화리 마을주민 477명이 모여 만든 세화마을협동조합이 멋진 풍광의 세화리 바닷가에 질그랭이센터를 오픈했다. 지상 4층 규모로 건축된 질그랭이센터는 1층은 세화리사무소가 업무를 보는 공간과 여행자센터가 있고, 2층에는 카페와 지구별가게, 3층은 공유오피공간과 세미나실이 있어 대관하고 있으며 4층은 세화밖거리(숙박시설)를 갖추고 있다.",VJ,관광지인지 확인(도서관·교회·골프 등),https://map.kakao.com/?q=세화워케이션 질그랭이 거점센터
2761,세화항구,,EAST,NATURE,자연관광지,,제주시 구좌읍,33.489597,126.831665,제주특별자치도 제주시 구좌읍 세화리,https://api.cdn.visitjeju.net/photomng/imgpath/201804/30/315de0be-5bce-4fde-a211-a0cc4d2bfbe6.webp,제주의 동쪽 바다에 있는 낚시 명소,제주의 동쪽 바다에 있는 낚시 명소,VJ,,https://map.kakao.com/?q=세화항구
2762,소금막해변,,EAST,TRAIL,산책로·둘레길,,서귀포시 표선면,33.3325902,126.8435582,제주특별자치도 서귀포시 표선면 일주동로5661번길 97,https://api.cdn.visitjeju.net/photomng/imgpath/202605/27/f3ff9ace-2d07-4717-ab7a-aa1091aabaea.webp,검은 현무암과 에메랄드빛 바다가 어우러진 제주 동쪽 해변,검은 현무암과 에메랄드빛 바다가 어우러진 제주 동쪽 해변,VJ+TOUR,,https://map.kakao.com/?q=소금막해변
2763,소남머리,,SOUTH,NATURE,자연관광지,,서귀포시 송산동,33.2442936,126.5691064,제주특별자치도 서귀포시 칠십리로 145,https://api.cdn.visitjeju.net/photomng/imgpath/201804/30/afd8969e-b934-4c07-8a8f-ed16a3db4419.webp,"바다, 숲, 개울 3가지를 한 곳에서 느낄 수 있는 곳","바다, 숲, 개울 3가지를 한 곳에서 느낄 수 있는 곳",VJ+TOUR,,https://map.kakao.com/?q=소남머리
2764,소라의성,,SOUTH,NATURE,자연관광지,,서귀포시 송산동,33.2451792,126.5769553,제주특별자치도 서귀포시 칠십리로214번길 17-17 (동홍동),https://tong.visitkorea.or.kr/cms/resource/64/3553964_image2_1.jpg,소라의성은 서귀포시 동홍동에 있는 건축물로 단순하면서도 곡선의 아름다움이 살아있다.,"소라의성은 서귀포시 동홍동에 있는 건축물로 단순하면서도 곡선의 아름다움이 살아있다. 소정방폭포 인근의 해안 절벽에 지어져 있어 절경을 감상할 수 있는 곳이다. 건축물 이름에서 유추할 수 있듯이 소라의 모양을 본떠 만들었고 1969년에 지어졌다. 설계자는 미상이나 학계 등의 다수 의견에 따르면 김중업의 작품으로 추정되고 있다. 현재 서귀포시에서 북카페로 운영하고 있으며 내부에서는 사진 및 그림 기획 전시를 열기도 한다. 카페 한쪽이 통유리로 되어있어 제주 해변을 감상하며 커피를 즐길 수 있다. 

(출처 : 비짓제주 홈페이지)",TOUR,,https://map.kakao.com/?q=소라의성
2765,소라의성 시민 북카페,,SOUTH,NATURE,자연관광지,,서귀포시 동홍동,33.2663197,126.5671727,제주특별자치도 서귀포시 칠십리로214번길 17-17,https://api.cdn.visitjeju.net/photomng/imgpath/201812/20/f6782432-d614-495f-b7ad-a93dfaba8eb0.webp,해안절벽에 지어진 아름다운 건축물,해안절벽에 지어진 아름다운 건축물,VJ,,https://map.kakao.com/?q=소라의성 시민 북카페
2766,소랑아시 소품샵&선물가게,,SOUTH,COMMERCIAL,상업지구,,서귀포시 예래동,33.255568,126.4148723,제주특별자치도 서귀포시 중문관광로 27,https://api.cdn.visitjeju.net/photomng/imgpath/202306/13/f8cdf2fe-7ea0-4616-9a3c-23b7bd60dbc9.webp,매주 신제품이 업데이트 되는 기념품숍,매주 신제품이 업데이트 되는 기념품숍,VJ+TOUR,,https://map.kakao.com/?q=소랑아시 소품샵&선물가게
2767,소소재간,,WEST,COMMERCIAL,상업지구,,제주시 한림읍,33.443859,126.2952118,제주특별자치도 제주시 한림읍 일주서로 5888,https://api.cdn.visitjeju.net/photomng/imgpath/202306/13/275c2aff-f602-4e1b-8472-c867b670e128.webp,통통한 아기해녀가 매력적인 소품 가게,통통한 아기해녀가 매력적인 소품 가게,VJ,,https://map.kakao.com/?q=소소재간
2768,소소한 상상점,,EAST,COMMERCIAL,상업지구,,제주시 구좌읍,33.5270006,126.8509414,제주특별자치도 제주시 구좌읍 평대9길 37-3,https://api.cdn.visitjeju.net/photomng/imgpath/202306/30/771a7cdc-c376-4dbe-a970-d370578c643d.webp,직접 그려 더욱 개성 있는 세화소품숍,직접 그려 더욱 개성 있는 세화소품숍,VJ,,https://map.kakao.com/?q=소소한 상상점
2769,소소한담,,WEST,COMMERCIAL,상업지구,,제주시 애월읍,33.4714955,126.3670126,제주특별자치도 제주시 애월읍 일주서로 6691,https://api.cdn.visitjeju.net/photomng/imgpath/202112/10/a32b1578-5071-41c8-858e-d94def79c614.webp,"제주 기념품, 먹거리, 전통주, 와인, 각종 제주 소품, 커피와인 만들기 등의 구매 및 체험이 가능","제주 기념품, 먹거리, 전통주, 와인, 각종 제주 소품, 커피와인 만들기 등의 구매 및 체험이 가능",VJ,,https://map.kakao.com/?q=소소한담
2770,소수산봉,,EAST,NATURE,자연관광지,,서귀포시 성산읍,33.4384876,126.9018207,제주특별자치도 서귀포시 성산읍 고성리 887,https://api.cdn.visitjeju.net/photomng/imgpath/201804/30/723f4cb4-fc35-4143-a188-dc1ea2b75aaa.webp,아름다운 일출봉과 광치기 해안을 볼 수 있는 곳,아름다운 일출봉과 광치기 해안을 볼 수 있는 곳,VJ,,https://map.kakao.com/?q=소수산봉
2771,소심한책방,,EAST,COMMERCIAL,상업지구,,제주시 구좌읍,33.49149,126.903114,제주특별자치도 제주시 구좌읍 종달동길 29-6,https://api.cdn.visitjeju.net/photomng/imgpath/201804/30/788d64cc-a617-42ad-96c8-5082e07389a6.webp,"동쪽 마을 끝자락, 작고 작은 동네 책방","동쪽 마을 끝자락, 작고 작은 동네 책방",VJ+TOUR,,https://map.kakao.com/?q=소심한책방
2772,소암기념관,,SOUTH,CULTURE,문화시설,,서귀포시 정방동,33.24504,126.56752,제주특별자치도 서귀포시 소암로 15,https://api.cdn.visitjeju.net/photomng/imgpath/201804/30/04faf6f6-d67e-4fbb-82a6-9b9f80c7942e.webp,소암 현중화 선생의 삶과 예술이 숨쉬는 문화공간,소암 현중화 선생의 삶과 예술이 숨쉬는 문화공간,VJ,,https://map.kakao.com/?q=소암기념관
2773,소울,,SOUTH,COMMERCIAL,상업지구,,서귀포시 대륜동,33.2364242,126.50804,제주특별자치도 서귀포시 이어도로 872,https://api.cdn.visitjeju.net/photomng/imgpath/202306/13/48175d37-b728-4eb8-969e-346cde1941fe.webp,답답한 마음을 풀어주는 소품샵,답답한 마음을 풀어주는 소품샵,VJ,,https://map.kakao.com/?q=소울
2774,속골유원지,,SOUTH,NATURE,자연관광지,,서귀포시 대륜동,33.240534,126.5262315,제주특별자치도 서귀포시 호근동 1645,https://tong.visitkorea.or.kr/cms/resource/19/3071719_image2_1.jpg,속골유원지는 서귀포여고 옆 호근동 바닷가 근처에 있으며 이곳에 가면 울창한 숲과 함께 수량이 매우 풍부하고 바다까지 이어진 깊은 계곡을 만날…,속골유원지는 서귀포여고 옆 호근동 바닷가 근처에 있으며 이곳에 가면 울창한 숲과 함께 수량이 매우 풍부하고 바다까지 이어진 깊은 계곡을 만날 수 있다. 계곡 주변에는 숲속을 거닐 수 있는 탐방로가 있으며 탐방로 주변에는 사람들이 쉬어갈 수 있도록 벤치와 팔각정 등이 설치되어 있다. 시원한 계곡에서 서귀포 바다와 범섬을 바라보는 풍경과 그 주변의 길게 뻗은 야자수들은 이국적인 느낌을 준다. 물이 깊지 않은 곳에서는 아이들이 물놀이를 할 수 있고 계곡 하류에는 계곡을 건널 수 있는 조그마한 돌다리가 있다. 이곳은 관광객보다는 서귀포 주민들만 찾던 제주도의 숨겨진 명소이다. 여름철 마을 단체에서 운영하는 시원한 계곡에 발을 담그고 바다를 바라보며 백숙을 먹을 수 있는 곳으로 유명하다. 속골은 제주 올레길 7코스와 이어지니 바다를 바라보며 잘 정비된 산책길을 거니는 것도 좋을 듯하다.,TOUR,,https://map.kakao.com/?q=속골유원지
2775,손끝에서,,EAST,COMMERCIAL,상업지구,,제주시 구좌읍,33.5239835,126.8548993,제주특별자치도 제주시 구좌읍 구좌로 33-11,https://api.cdn.visitjeju.net/photomng/imgpath/202207/05/775b66fc-7861-481e-939f-7236ccaa653a.webp,"소속 아티스트의 사진작품을 활용하여 아트상품을 제작, 사진을 구매하는 경험을 선물한다","소속 아티스트의 사진작품을 활용하여 아트상품을 제작, 사진을 구매하는 경험을 선물한다",VJ,,https://map.kakao.com/?q=손끝에서
2776,손지오름,,EAST,NATURE,자연관광지,,제주시 구좌읍,33.456177,126.81989,제주특별자치도 제주시 구좌읍 종달리 산 52,https://api.cdn.visitjeju.net/photomng/imgpath/202002/25/afeac110-d132-4b0a-98bb-24772504b779.webp,생김새가 한라산의 축소판이라 해서 한라산의 손자라는 의미로 ‘손지오름’이라 불린다.,"생김새가 한라산의 축소판이라 해서 한라산의 손자라는 의미로 ‘손지오름’이라 불린다. ‘손지’는 ‘손자’의 제주어 표현이다. 이 외에 손자봉, 손지악이란 이름도 같이 쓰인다. 관광객들이 많이 찾는 건너편 용눈이오름에 비해 손지오름은 규모도 작고 비교적 한산하다.",VJ+TOUR,,https://map.kakao.com/?q=손지오름
2777,솔동산로,,SOUTH,CULTURE,문화시설,,서귀포시 송산동,33.242863,126.563644,제주특별자치도 서귀포시 서귀동 솔동산로,https://api.cdn.visitjeju.net/photomng/imgpath/201804/30/433c5ff7-0f2f-4dce-8b21-7e3f77058ed9.webp,문화자원에 입힌 8가지 이야기,문화자원에 입힌 8가지 이야기,VJ,,https://map.kakao.com/?q=솔동산로
2778,솔티오렌지,,EAST,EXPERIENCE,체험 활동 관광지,,서귀포시 성산읍,33.3784681,126.8784858,제주특별자치도 서귀포시 성산읍 신산중앙로 36,https://api.cdn.visitjeju.net/photomng/imgpath/202307/26/d96518f9-aaec-44e4-96fa-b10d02ee041b.webp,제주 귤창고를 개조한 솔티 오렌지에서 따뜻포근한 터프팅의 매력을 느껴보자,제주 귤창고를 개조한 솔티 오렌지에서 따뜻포근한 터프팅의 매력을 느껴보자,VJ,,https://map.kakao.com/?q=솔티오렌지
2779,송계순집터,,WEST,CULTURE,문화시설,,서귀포시 대정읍,33.25089,126.27759,제주특별자치도 서귀포시 대정읍 안성리 1681-1,https://api.cdn.visitjeju.net/photomng/imgpath/201804/30/b0ff5a47-b970-4036-9fe7-18523014a073.webp,추사가 대정에 와서 처음 머문 집터,추사가 대정에 와서 처음 머문 집터,VJ,,https://map.kakao.com/?q=송계순집터
2780,송당곶자왈,,EAST,NATURE,자연관광지,,제주시 구좌읍,33.4908846,126.793777,제주특별자치도 제주시 구좌읍 한동리 산 65,https://api.cdn.visitjeju.net/photomng/imgpath/202407/25/6cb839ef-cb09-40f8-8438-cf24e5b4a67f.webp,제주의 허파이자 보물.,제주의 허파이자 보물. 송당곶자왈에서 힐링하세요,VJ,주소를 좌표로 다시 구함,https://map.kakao.com/?q=송당곶자왈
2781,송당리,,EAST,NATURE,자연관광지,,제주시 구좌읍,33.47106,126.78093,제주특별자치도 제주시 구좌읍 중산간동로 2218-3,https://api.cdn.visitjeju.net/photomng/imgpath/201804/30/638ee335-0363-4036-bba8-0a7ce6d5f10b.webp,소원비는 마을 송당마을.,소원비는 마을 송당마을.,VJ,,https://map.kakao.com/?q=송당리
2782,송령이골,,SOUTH,CULTURE,문화시설,,서귀포시 남원읍,33.318977,126.70537,제주특별자치도 서귀포시 남원읍 한신로143번길 99,https://api.cdn.visitjeju.net/photomng/imgpath/201804/30/11fada5b-01d3-4218-ae6c-dd66d65cb36f.webp,4.사건 당시 토벌대에게 사살된 무장대의 시신이 옮겨진 곳.,4.사건 당시 토벌대에게 사살된 무장대의 시신이 옮겨진 곳.,VJ,,https://map.kakao.com/?q=송령이골
2783,송아오름,,WEST,NATURE,자연관광지,,제주시 한경면,33.3372049,126.2381599,제주특별자치도 제주시 한경면 용금로 545,https://tong.visitkorea.or.kr/cms/resource/88/3477988_image2_1.jpg,송아오름은 제주시 한경면 조수리 한양동 사거리 남쪽 도로변에 있으며 완만한 사면의 등성마루는 심한 침식을 받아 원래의 형태를 정확히 파악할 수…,"송아오름은 제주시 한경면 조수리 한양동 사거리 남쪽 도로변에 있으며 완만한 사면의 등성마루는 심한 침식을 받아 원래의 형태를 정확히 파악할 수는 없으나 화구 남쪽이 터진 말굽형 분화구로 추정된다. 오름 전사면은 해송이 숲을 이루고 있으며 동쪽 기슭 도로변에는 예전에 식수로 이용했던 것으로 보이는 못이 있고 못가에는 수령이 백여년 이상으로 추정되는 팽나무 등 노거수목 2그루가 서 있다. 오름에 해송이 많아서 한자로 송악, 송화악이라고 표기하고 있는 것으로 보아 송아오름은 이에 비롯된 이름인 듯하다. 그러나 일부 사람들은 송아지 형체를 하고 있다 하여 송아오름이라 부른다고 한다.",TOUR,,https://map.kakao.com/?q=송아오름
2784,송악산둘레길,,WEST,TRAIL,산책로·둘레길,,서귀포시 대정읍,33.2077142,126.2909893,제주특별자치도 서귀포시 대정읍 송악관광로 421-1,https://api.cdn.visitjeju.net/photomng/imgpath/202408/19/ca998261-1788-40c9-880c-6f9f06d7e611.webp,제주의 자연과 역사를 담은 송악산 주변 걷기 좋은 코스,제주의 자연과 역사를 담은 송악산 주변 걷기 좋은 코스,VJ,,https://map.kakao.com/?q=송악산둘레길
2785,송악카트체험장,,WEST,LEISURE,레저·스포츠 관련 시설,,서귀포시 대정읍,33.20824,126.28927,제주특별자치도 서귀포시 대정읍 송악관광로 404,https://api.cdn.visitjeju.net/photomng/imgpath/201804/30/5b6db0ee-1a75-4702-80e4-4c060cb03c29.webp,송악산을 바라보며 카트체험하기,송악산을 바라보며 카트체험하기,VJ+TOUR,,https://map.kakao.com/?q=송악카트체험장
2786,송죽사 터,,WEST,CULTURE,문화시설,,서귀포시 대정읍,33.250626,126.27805,제주특별자치도 서귀포시 대정읍 안성리,https://api.cdn.visitjeju.net/photomng/imgpath/201804/30/f7e69853-4183-44d4-a190-841078cfa696.webp,정온의 절개를 소나무와 대나무에 비유하여 넋을 기린 송죽사 터,정온의 절개를 소나무와 대나무에 비유하여 넋을 기린 송죽사 터,VJ,,https://map.kakao.com/?q=송죽사 터
2787,쇠소깍 산물 관광농원,,SOUTH,EXPERIENCE,체험 활동 관광지,,서귀포시 남원읍,33.3252261,126.5961931,제주특별자치도 서귀포시 남원읍 하례로 90 (하례리) 쇠소깍산물관광농원,https://api.cdn.visitjeju.net/photomng/imgpath/202510/16/0ed364c4-992e-4f92-82f8-2a0b40ff2335.webp,"서귀포 효돈천 옆, 자연과 추억이 머무는 곳.","서귀포 효돈천 옆, 자연과 추억이 머무는 곳. 쇠소깍산물관광농원은 한라봉하우스 속 레트로박물관과 감성카페, 감귤따기 등 다양한 체험이 어우러진 복합 힐링공간입니다.",VJ,,https://map.kakao.com/?q=쇠소깍 산물 관광농원
2788,쇠소깍 테우 매표소,,SOUTH,EXPERIENCE,체험 활동 관광지,,서귀포시 효돈동,33.2540919,126.6222974,제주특별자치도 서귀포시 쇠소깍로 104,https://api.cdn.visitjeju.net/photomng/imgpath/202407/24/24fae6de-913a-4120-a5a3-25c00b97c6b9.webp,‘명승’ 쇠소깍에서 전통배체험 하세요,‘명승’ 쇠소깍에서 전통배체험 하세요,VJ,,https://map.kakao.com/?q=쇠소깍 테우 매표소
2789,쇠소깍해양레저타운,,SOUTH,EXPERIENCE,체험 활동 관광지,,서귀포시 효돈동,33.250526,126.62091,제주특별자치도 서귀포시 쇠소깍로 151-8 (하효동),https://api.cdn.visitjeju.net/photomng/imgpath/201804/30/0cb38e84-5d45-4453-b78e-05f1a5ad9396.webp,제주바다 후룸라이드 '쇠소깍 제트보트',제주바다 후룸라이드 '쇠소깍 제트보트',VJ,,https://map.kakao.com/?q=쇠소깍해양레저타운
2790,쇼룸오구팔,,EAST,COMMERCIAL,상업지구,,제주시 구좌읍,33.4933067,126.8989491,제주특별자치도 제주시 구좌읍 종달로5길 28,https://api.cdn.visitjeju.net/photomng/imgpath/202306/13/3f837050-2ff5-45cf-9f7a-df0de5191f6b.webp,작은 종달리 마을의 보석 같은 소품샵,작은 종달리 마을의 보석 같은 소품샵,VJ,,https://map.kakao.com/?q=쇼룸오구팔
2791,수망리 마흐니숲길,,SOUTH,EXPERIENCE,체험 활동 관광지,,서귀포시 남원읍,33.3252407,126.7144322,제주특별자치도 서귀포시 남원읍 남조로 534,https://api.cdn.visitjeju.net/photomng/imgpath/202109/01/2ddf5f46-7b08-4d62-a24e-f1ebf75cbc8c.webp,물영아리 맞은편 탐방로 입구부터 마흐니오름 정상까지는 편도 길이가 5.3km의 숲길이다.,물영아리 맞은편 탐방로 입구부터 마흐니오름 정상까지는 편도 길이가 5.3km의 숲길이다. 총 10킬로 조금 넘으니 중간에 쉴 때 마실 물이나 김밥을 싸고 가는 것을 추천한다. 10킬로면 3시간 ~ 4시간 정도 걸린다. 숲길 처음에 들어서면 물이 조금 있는 제주의 곶자왈을 만날 수 있다.,VJ,,https://map.kakao.com/?q=수망리 마흐니숲길
2792,수망리 마흐니숲길,,SOUTH,TRAIL,산책로·둘레길,,서귀포시 남원읍,33.379987,126.658416,제주특별자치도 서귀포시 남원읍 수망리 산203,https://tong.visitkorea.or.kr/cms/resource/92/3015592_image2_1.jpg,수망리 마흐니숲길은 물영아리오름(세계 람사르 습지) 맞은편 탐방로에서부터 마흐니오름 정상까지 편도 5.3㎞의 숲길이다.,"수망리 마흐니숲길은 물영아리오름(세계 람사르 습지) 맞은편 탐방로에서부터 마흐니오름 정상까지 편도 5.3㎞의 숲길이다. 입구부터 펼쳐지는 풍경은 평지가 대부분이지만 간혹 오르막도 있다. 총 10㎞ 조금 넘으니 중간에 쉴 때 마실 물이나 음식을 싸고 가는 것을 추천한다. 보통 성인 걸음으로 3~4시간 정도 걸린다. 오랫동안 사람 손길이 닿지 않는 원시림 코스가 이어진다. 
숲길 처음에 들어서면 제주의 곶자왈을 만날 수 있고 하늘이 보이지 않을 정도로 쭉쭉 벋은 울창한 삼나무 숲으로 이어져 청정자연이 뿜어내는 피톤치드를 가득 들이키며 몸과 마음이 정화되는 싱그러운 숲길 트레킹을 할 수 있다. 높은 습도 덕분에 바닥의 바위뿐 아니라 나무줄기에도 이끼가 덮여있고 나무 사이로 햇살이 갈라져 쏟아지는 모습도 장관이다. 이 삼나무 숲은 바람이 거센 제주에서 방풍을 위해 1970년대에 조성한 인공림이다. 제주 사람들은 삼나무를 대나무처럼 쑥쑥 자란다고 쑥대낭이라고도 부른다. 기분 좋게 삼나무 숲길을 한참 걷다 보면 숲의 풍광이 달라지며 마흐니오름 삼거리가 나온다. 여기서 마흐니오름 정상으로 가는 추천 길은 용암대지, 마흐니 수직굴, 정부인이씨묘, 마흐니 궤 등을 보며 오르는 좌측 코스를 추천한다. 곧게 뻗은 인공림의 나무들과는 달리 서로 뒤엉켜 있는 단풍나무부터 단풍나무와 때죽나무가 한 몸이 된 연리목도 보인다. 용암이 굳어 만들어진 마흐니 용암대지는 용암유로를 따라 흘러나온 용암이 편평하게 굳어져 만들어진 것으로 물장오리조면현무암 5~6매가 시루떡처럼 굳어진 용암류의 상부를 흐르는 물에 의한 풍화와 침식 작용으로 만들어진 용암단애를 관찰할 수 있다. 비가 내리면 용암단애에서는 폭포수를 이루로 하부에서는 소(沼)를 형성한다. 마흐니 오름 하부 의귀천의 짧은 구간에서 용암단애들로 이루어진 5단계의 폭포가 있으며 수십 차례의 용암 유출이 있었음을 알 수 있다. 마흐니 수직굴은 일반적인 용암동굴이 수평으로 발달하는 것과 달리 수직으로 발달하며 수직굴 직하부에서 남쪽(수망리 민오름)으로 수평굴이 형성되어 있어 ㄴ자 모양을 하고 있는 독특한 동굴이다. 동굴의 깊이는 약 20m이며 지표면에서의 직경은 약 2.7m이나 아래로 내려갈수록 직경이 커진다. 제주 명월진의 만호를 지낸 황한규의 정부인 이씨의 무덤(20세기 초반 제주 전통적인 무덤 양식)이 보이고 자연스럽게 자람 숲을 지나자 바닥에 제주조릿대가 나타나고 마흐니 궤로 향한다. 
울퉁불퉁한 길을 지나 구멍이 움푹 패어있는 웅덩이가 보이고 여기서 아래로 약 100m를 내겨가면 마흐니 궤가 나타난다. 궤는 제주어로 동굴을 의미한다. 마흐니 궤는 반원형으로 이루어져 있으며 폭이 약 10m, 높이 약 7~8m에 이르고, 깊이는 4m 정도 되는 바위굴로 마흐니 오름 남서쪽 의귀천 상류 계곡에 있다. 마실 물이 있으므로 이로 인하여 마을 사람들이 겨울철에 노루 사냥이나 나무를 벌채하기 위해 마흐니 궤 내부에서 며칠 동안 숙식하며 지냈다고 한다. 
숲길을 걷다 보면 잣성이라고 하는 제주도 특유의 목축 문화를 엿볼 수 있고 탐방로 풀들과 꽃 등 식생을 살피다 보면 어느새 마흐니오름 정상에 도착한다. 마흐니오름은 남원읍 수망리 산 203번지에 위치한 표고가 552m, 비고 47m인 말굽형 분화구이고 아쉽게도 우거진 나무 탓에 조망이 없다. 그저 잠시 쉬어갈 수 있는 벤치와 정상 표시가 전부이다. 마흐니오름은 마안이오름, 마하니오름 등으로 불리는데 마흐니의 원말은 머흐니로, 험하고 사납다 또는 험하고 거칠다는 의미라 한다. 1948년 제주 4·3사건 이전에는 이 오름의 굼부리에서 밭농사를 했고 1960년대 후반까지도 노루 사냥을 했던 곳이라는데 지금은 숲길뿐이다.",TOUR,,https://map.kakao.com/?q=수망리 마흐니숲길
2793,수목원테마공원(야시장길&LED공원),,NORTH,EXPERIENCE,체험 활동 관광지,,제주시 연동,33.4701135,126.4875915,제주특별자치도 제주시 은수길 69,https://api.cdn.visitjeju.net/photomng/imgpath/202007/01/e5e043b3-3d49-4e8a-ac64-cb78c540c62b.webp,수목원테마파크 소나무 군락지에서 열리는 야시장은 다른 야시장과는 분위기가 사뭇 다르다.,"수목원테마파크 소나무 군락지에서 열리는 야시장은 다른 야시장과는 분위기가 사뭇 다르다. 숲 속을 밝힌 LED 조명과 푸드트럭, 프리마켓, 포토존마다 아기자기한 콘텐츠가 넘친다.",VJ,,https://map.kakao.com/?q=수목원테마공원(야시장길&LED공원)
2794,수박빈티지,,NORTH,COMMERCIAL,상업지구,,제주시 삼도2동,33.5166587,126.5232394,제주특별자치도 제주시 관덕로7길 39 지하 1층,https://api.cdn.visitjeju.net/photomng/imgpath/202506/24/5d777278-a78a-4aad-b266-40c5e3abf085.webp,다양한 구제/새제품을 취급하는 빈티지 의류샵,다양한 구제/새제품을 취급하는 빈티지 의류샵,VJ+TOUR,,https://map.kakao.com/?q=수박빈티지
2795,수산저수지,,WEST,NATURE,자연관광지,,제주시 애월읍,33.470985,126.386505,제주특별자치도 제주시 애월읍 수산리 1,https://api.cdn.visitjeju.net/photomng/imgpath/201804/30/5ca7510a-5d1b-4230-ba64-95c098f242b2.webp,높다란 곰솔나무가 지켜주는 저수지,높다란 곰솔나무가 지켜주는 저수지,VJ+TOUR,,https://map.kakao.com/?q=수산저수지
2796,수악 (물오름),,SOUTH,NATURE,자연관광지,,서귀포시 남원읍,33.3252261,126.5961931,제주특별자치도 서귀포시 남원읍 516로 1042,https://api.cdn.visitjeju.net/photomng/imgpath/201804/30/480c3134-391b-4bf9-abd1-838577b7e97c.webp,가슴을 청아하게 물들이는 오름,가슴을 청아하게 물들이는 오름,VJ,,https://map.kakao.com/?q=수악 (물오름)
2797,수악(물오름),,SOUTH,NATURE,자연관광지,,서귀포시 남원읍,33.3246677,126.6094946,제주특별자치도 서귀포시 남원읍 516로 1042,https://tong.visitkorea.or.kr/cms/resource/92/3477492_image2_1.jpg,수악은 원추형 측화산이다.,"수악은 원추형 측화산이다. 지역 일대는 한라산 기슭 깊숙한 곳으로 가운데 선돌이 한 개 있다. 이 돌을 지역주민들은 장군이라고 부르며, 이 돌을 중심으로 하여 그 안 지경 일대가 안쪽에 군대가 진을 친 형태라 하여 ‘안진모루’, 그리고 장군 바깥 지경을 밖에 진을 친 형태라 하여 ‘밧진모루’, 연병장에 해당하는 지역이 ‘벵디왓’, 이들 군사들이 먹을 군량미를 쌓아놓은 듯하다 하여 ‘오름’이라 했는데, 한자표기화에 의해 ‘수악(水岳)’이라 표기하고 불리고 있다. 해송과 삼나무가 조림되어 울창한 숲을 이루고 있으며, 정상부에는 산불감시용 초소와 자연보호간판이 서 있다. 이 오름은 송이를 다량 채취하여 기층재로 사용되어 훼손되었으나, 현재는 삼나무 등을 식재하여 조림지로 복구되어 있다. 오름 북쪽 도로건너편에는 천연기념물로 지정 보호되고 있는 신례리 왕벚나무 자생지가 있다.",TOUR,,https://map.kakao.com/?q=수악(물오름)
2798,수월이못,,WEST,CULTURE,문화시설,,서귀포시 대정읍,33.258373,126.27856,제주특별자치도 서귀포시 대정읍 안성리 1747,https://api.cdn.visitjeju.net/photomng/imgpath/201804/30/0cae2963-a9cf-4312-92b7-9fff21d8b409.webp,힘 없는 마을사람들을 못살게 굴던 기생 수월의 집터를 깊게 파 빗물이 고여 이룬 못,힘 없는 마을사람들을 못살게 굴던 기생 수월의 집터를 깊게 파 빗물이 고여 이룬 못,VJ,,https://map.kakao.com/?q=수월이못
2799,수퍼플라워 제주,,EAST,EXPERIENCE,체험 활동 관광지,,제주시 구좌읍,33.5535978,126.7155939,제주특별자치도 제주시 구좌읍 동복로 85 (동복리) 지하 1층,https://api.cdn.visitjeju.net/photomng/imgpath/202510/24/d19a817a-3eaf-4eaf-9850-7216cf5e8398.webp,‘무한한 꽃의 세계’를 테마로 플라워 디저트와 특별한 꽃의 향연을 오감으로 경험할 수 있는 몰입형 공간입니다.,‘무한한 꽃의 세계’를 테마로 플라워 디저트와 특별한 꽃의 향연을 오감으로 경험할 수 있는 몰입형 공간입니다.,VJ,,https://map.kakao.com/?q=수퍼플라워 제주
2800,순례자의 교회,,WEST,HISTORY,역사·유적·종교 시설,,제주시 한경면,33.319828,126.18061,제주특별자치도 제주시 한경면 일주서로 3960-24,https://api.cdn.visitjeju.net/photomng/imgpath/202111/26/0a879436-8aa4-4237-920a-107ea9f79f16.webp,한경에 위치한 아주 작은 교회,한경에 위치한 아주 작은 교회,VJ+TOUR,관광지인지 확인(도서관·교회·골프 등),https://map.kakao.com/?q=순례자의 교회
2801,순례자의교회 길위에서묻다,,WEST,CULTURE,문화시설,,제주시 애월읍,33.446327,126.30273,제주특별자치도 제주시 애월읍 금성하안길 3,https://api.cdn.visitjeju.net/photomng/imgpath/201804/30/358e1d06-12fb-4334-acfc-2a6490e4c4da.webp,"내 영혼의 길, 순례자의 길을 가다.","내 영혼의 길, 순례자의 길을 가다.",VJ,관광지인지 확인(도서관·교회·골프 등),https://map.kakao.com/?q=순례자의교회 길위에서묻다
2802,술 익는 집,,EAST,EXPERIENCE,체험 활동 관광지,,서귀포시 표선면,33.3849217,126.7938338,제주특별자치도 서귀포시 표선면 중산간동로 4726,https://api.cdn.visitjeju.net/photomng/imgpath/202307/26/d6327662-ce00-4e41-860b-81dc28847c91.webp,제주의 얼이 살아 숨쉬는 고소리술을 대한민국 식품 명인인 김희숙 명인이 정성 다해 내리는 곳,제주의 얼이 살아 숨쉬는 고소리술을 대한민국 식품 명인인 김희숙 명인이 정성 다해 내리는 곳,VJ,,https://map.kakao.com/?q=술 익는 집
2803,"숨도, 귤림성",,SOUTH,THEME,테마시설,,서귀포시 대륜동,33.250103,126.53654,제주특별자치도 서귀포시 일주동로 8941 (호근동),https://api.cdn.visitjeju.net/photomng/imgpath/202112/13/cb11d55b-0162-44df-bc5c-10c5ff19a2a2.webp,용암의 신비를 담은 예술 정원,용암의 신비를 담은 예술 정원,VJ+TOUR,,"https://map.kakao.com/?q=숨도, 귤림성"
2804,숲속야영장 휴림,,WEST,EXPERIENCE,체험 활동 관광지,,제주시 애월읍,33.3701721,126.4819697,제주특별자치도 제주시 애월읍 광령남서길 40,https://api.cdn.visitjeju.net/photomng/imgpath/201804/30/77ea5d0c-8631-4734-9bae-29a7b1293b81.webp,"제주시 산림조합이 조성한 숲속 쉼터, 에코힐링파크","제주시 산림조합이 조성한 숲속 쉼터, 에코힐링파크",VJ,,https://map.kakao.com/?q=숲속야영장 휴림
2805,숲을걷다,,WEST,COMMERCIAL,상업지구,,제주시 애월읍,33.4491244,126.3045,제주특별자치도 제주시 애월읍 곽지1길 26-9,https://api.cdn.visitjeju.net/photomng/imgpath/202306/13/85774ac6-4c16-4a45-a46e-db7b8c676f1e.webp,곽지바다 앞 감성충전 소품숍,곽지바다 앞 감성충전 소품숍,VJ,,https://map.kakao.com/?q=숲을걷다
2806,쉬즈미스 구제주점,,NORTH,COMMERCIAL,상업지구,,제주시 일도1동,33.5146534,126.5251708,제주특별자치도 제주시 관덕로11길 17 (일도일동) 시티오브드림즈 2층,https://tong.visitkorea.or.kr/cms/resource/08/4020408_image2_1.jpg,쉬즈미스는 현대 여성의 지적이고 세련된 아름다움을 강조하는 여성 컨템포러리 브랜드입니다.,쉬즈미스는 현대 여성의 지적이고 세련된 아름다움을 강조하는 여성 컨템포러리 브랜드입니다. 미니멀하면서도 고급스러운 실루엣의 제품들을 통해 오피스 룩부터 격식 있는 모임까지 아우르는 완벽한 스타일을 선보입니다.,TOUR,,https://map.kakao.com/?q=쉬즈미스 구제주점
2807,쉼한모금,,SOUTH,NATURE,자연관광지,,서귀포시 예래동,33.2937432,126.4224782,제주특별자치도 서귀포시 산록남로 1258 (색달동),https://tong.visitkorea.or.kr/cms/resource/36/3391736_image2_1.jpg,제주다원 쉼한모금은 한라산 해발 500m 청정 지역인 제 2산록도로 1115번 도로상에 위치하고 있어 4계절 내내 멋진 제주의 풍광을 감상할…,"제주다원 쉼한모금은 한라산 해발 500m 청정 지역인 제 2산록도로 1115번 도로상에 위치하고 있어 4계절 내내 멋진 제주의 풍광을 감상할 수 있으며 방문객에게는 녹차와 커피 다식을 제공한다. 서쪽으로는 서귀포 문섬과 범섬, 월드컵경기장과 남쪽으로는 국제 컨벤션센터와 여미지식물원을 포함한 중문관광단지가 한눈에 내려다 보이고 수평선 아래로 대한민국 최남단인 마라도와 가파도 보이며 서남부지역으로는 우보악오름, 군산, 산방산, 단산, 모슬봉 등이 굽이치듯 대자연의 파노라마를 연출하여 가슴 시원한 전망을 즐길 수 있다.

(출처 : 제주관광공사 홈페이지)",TOUR,,https://map.kakao.com/?q=쉼한모금
2808,슈마커 플러스 제주연동점,,NORTH,COMMERCIAL,상업지구,,제주시 연동,33.4874521,126.4896152,제주특별자치도 제주시 신광로 52 (연동) 밸리스빌딩 1층,https://tong.visitkorea.or.kr/cms/resource/26/4023926_image2_1.jpg,슈마커는 전 세계 다양한 인기 신발 브랜드를 한눈에 만날 수 있는 국내 대표 슈즈 멀티숍입니다.,슈마커는 전 세계 다양한 인기 신발 브랜드를 한눈에 만날 수 있는 국내 대표 슈즈 멀티숍입니다. 운동화부터 샌들까지 폭넓은 카테고리의 제품을 합리적인 가격에 선보여 고객의 선택 폭을 넓혀줍니다.,TOUR,,https://map.kakao.com/?q=슈마커 플러스 제주연동점
2809,슈몽슈몽,,NORTH,EXPERIENCE,체험 활동 관광지,,제주시 외도동,33.4848464,126.4296413,제주특별자치도 제주시 우정로18길 11,https://api.cdn.visitjeju.net/photomng/imgpath/202308/23/5de063e9-dc1d-465a-9e9b-55eda17d82f2.webp,반려동물의 안전과 함께 스트레스를 최소화할 수 있도록 최선을 다하는 반려동물 미용샵이다.,반려동물의 안전과 함께 스트레스를 최소화할 수 있도록 최선을 다하는 반려동물 미용샵이다.,VJ,,https://map.kakao.com/?q=슈몽슈몽
2810,스노우피크 신제주점,,NORTH,COMMERCIAL,상업지구,,제주시 연동,33.489527,126.4898678,제주특별자치도 제주시 신광로 30 (연동) 1층,https://tong.visitkorea.or.kr/cms/resource/87/4024287_image2_1.jpeg,스노우피크는 '인생은 캠핑이다'라는 철학을 가진 일본의 프리미엄 아웃도어 및 캠핑 기어 브랜드입니다.,스노우피크는 '인생은 캠핑이다'라는 철학을 가진 일본의 프리미엄 아웃도어 및 캠핑 기어 브랜드입니다. 자연 속에서의 진정한 휴식을 위한 혁신적인 장비와 일상에서도 입을 수 있는 감성적인 아웃도어 의류를 선보입니다.,TOUR,,https://map.kakao.com/?q=스노우피크 신제주점
2811,스마일러펫,,WEST,COMMERCIAL,상업지구,,제주시 애월읍,33.46993,126.4159529,제주특별자치도 제주시 애월읍 상고길 47,https://api.cdn.visitjeju.net/photomng/imgpath/202212/15/1bb22f5c-8ea7-4718-a389-dbe695896060.webp,"스마일러펫은 악어, 파충류, 열대어, 육지거북을 관람할 수 있고, 토끼, 돼지, 염소 등 당근 주기 체험도 가능한 곳이다.","스마일러펫은 악어, 파충류, 열대어, 육지거북을 관람할 수 있고, 토끼, 돼지, 염소 등 당근 주기 체험도 가능한 곳이다.",VJ,,https://map.kakao.com/?q=스마일러펫
2812,스몰띵스벗,,NORTH,COMMERCIAL,상업지구,,제주시 이도2동,33.4984029,126.5281739,제주특별자치도 제주시 광양10길 23 3층,https://api.cdn.visitjeju.net/photomng/imgpath/202306/13/af558510-3132-4490-8ef3-0d1d1afe269a.webp,개성 강한 유리잔들이 모여있는 소품샵,개성 강한 유리잔들이 모여있는 소품샵,VJ,,https://map.kakao.com/?q=스몰띵스벗
2813,스위스마을 소락스위스,,EAST,NATURE,자연관광지,,제주시 조천읍,33.4932304,126.6769248,제주특별자치도 제주시 조천읍 함와로 566-27,https://api.cdn.visitjeju.net/photomng/imgpath/201804/30/a6ddfc1a-ed7e-4dc6-b346-dc549fd249d6.webp,제주에서 느껴보는 스위스 색채와 감성,제주에서 느껴보는 스위스 색채와 감성,VJ,,https://map.kakao.com/?q=스위스마을 소락스위스
2814,스위트몽키 바나나농장체험,,WEST,EXPERIENCE,체험 활동 관광지,,제주시 한경면,33.2948957,126.2358783,제주특별자치도 제주시 한경면 산양6길 6-9,https://api.cdn.visitjeju.net/photomng/imgpath/201906/19/924b5fbc-c50f-4bf1-98b2-2e88eb93190e.webp,청정제주에서 친환경 농법으로 키운 맛있고 건강한 무농약 바나나농장 체험 프로그램,청정제주에서 친환경 농법으로 키운 맛있고 건강한 무농약 바나나농장 체험 프로그램,VJ,,https://map.kakao.com/?q=스위트몽키 바나나농장체험
2815,스위트스킨케어톡톡,,SOUTH,EXPERIENCE,체험 활동 관광지,,서귀포시 예래동,33.2493465,126.4082155,제주특별자치도 서귀포시 중문관광로72번길 67,https://api.cdn.visitjeju.net/photomng/imgpath/202011/03/1d59eb9b-6be4-41ff-a534-150f5b08331a.webp,"스위트호텔 아로마는 추운 겨울여행으로 지친 다리와 몸을 따뜻하게 풀어주는 케어서비스를 제공하며, 중문관광단지에 위치해 쉽게 찾을 수 있다.","스위트호텔 아로마는 추운 겨울여행으로 지친 다리와 몸을 따뜻하게 풀어주는 케어서비스를 제공하며, 중문관광단지에 위치해 쉽게 찾을 수 있다. 중문관광단지 내에 위치한 스위트호텔 아로마는 주변에 호텔 롯데와 신라호텔, 하얏트 등과 근접해 있다. 그럼에도 특급호텔에서 이용할 수 있는 테라피와 비교해 가장 저렴한 이용료와 오랜 경험의 노하우에 따른 케어서비스로 젊은 고객들에게 인기가 높은 아로마 전문샵이다.",VJ,,https://map.kakao.com/?q=스위트스킨케어톡톡
2816,스케쳐스 서귀포점,,SOUTH,COMMERCIAL,상업지구,,서귀포시 정방동,33.2476976,126.5640284,제주특별자치도 서귀포시 이중섭로 4 (서귀동),https://tong.visitkorea.or.kr/cms/resource/81/4020081_image2_1.jpg,스케쳐스는 혁신적인 편안함과 트렌디한 디자인을 선보이는 글로벌 라이프스타일 슈즈 브랜드입니다.,스케쳐스는 혁신적인 편안함과 트렌디한 디자인을 선보이는 글로벌 라이프스타일 슈즈 브랜드입니다. 고도의 기술력이 집약된 워킹화와 러닝화를 통해 전 세계 고객들에게 가볍고 즐거운 보행 경험을 선사합니다.,TOUR,,https://map.kakao.com/?q=스케쳐스 서귀포점
2817,스케쳐스 신제주점,,NORTH,COMMERCIAL,상업지구,,제주시 연동,33.4862064,126.489735,제주특별자치도 제주시 신광로 68 (연동),https://tong.visitkorea.or.kr/cms/resource/38/4020338_image2_1.jpg,스케쳐스는 혁신적인 편안함과 트렌디한 디자인을 선보이는 글로벌 라이프스타일 슈즈 브랜드입니다.,스케쳐스는 혁신적인 편안함과 트렌디한 디자인을 선보이는 글로벌 라이프스타일 슈즈 브랜드입니다. 고도의 기술력이 집약된 워킹화와 러닝화를 통해 전 세계 고객들에게 가볍고 즐거운 보행 경험을 선사합니다.,TOUR,,https://map.kakao.com/?q=스케쳐스 신제주점
2818,스튜디오모비,,WEST,NATURE,자연관광지,,제주시 애월읍,33.4521446,126.3892699,제주특별자치도 제주시 애월읍 장전로 109-17,https://api.cdn.visitjeju.net/photomng/imgpath/202307/26/a871d3c3-5954-4130-8d2e-1737308f0e9d.webp,카메라 렌즈를 통해 제주 들여다 보기,카메라 렌즈를 통해 제주 들여다 보기,VJ,관광지인지 확인(도서관·교회·골프 등),https://map.kakao.com/?q=스튜디오모비
2819,스트라이크볼링센터,,NORTH,EXPERIENCE,체험 활동 관광지,,제주시 이도2동,33.4922677,126.5376385,제주특별자치도 제주시 남광로 10,https://api.cdn.visitjeju.net/photomng/imgpath/202507/04/5828ebb3-7dc4-4ef2-8222-36f0a9878979.webp,도내 최대규모인 24개의 레인을 갖춘 제주시내 볼링장,도내 최대규모인 24개의 레인을 갖춘 제주시내 볼링장,VJ,관광지인지 확인(도서관·교회·골프 등),https://map.kakao.com/?q=스트라이크볼링센터
2820,스트롱베리 소품샵 카페,,NORTH,COMMERCIAL,상업지구,,제주시 삼도2동,33.5144583,126.5231584,제주특별자치도 제주시 관덕로7길 14,https://api.cdn.visitjeju.net/photomng/imgpath/202306/30/e0f53cd0-7777-4772-8ebc-d3f417749899.webp,온통 딸기로 가득한 딸기 소품샵,온통 딸기로 가득한 딸기 소품샵,VJ,,https://map.kakao.com/?q=스트롱베리 소품샵 카페
2821,스파오 신제주점,,NORTH,COMMERCIAL,상업지구,,제주시 연동,33.4884518,126.4898241,제주특별자치도 제주시 신광로 42 (연동),https://tong.visitkorea.or.kr/cms/resource/69/4020369_image2_1.jpg,스파오는 트렌디한 디자인과 합리적인 가격을 자랑하는 대한민국 SPA 브랜드입니다.,스파오는 트렌디한 디자인과 합리적인 가격을 자랑하는 대한민국 SPA 브랜드입니다. 빠르게 변화하는 패션 트렌드를 반영해 남녀노소 누구나 즐길 수 있는 실용적이고 스타일리시한 의류를 선보입니다.,TOUR,,https://map.kakao.com/?q=스파오 신제주점
2822,스파오 제주중앙로점,,NORTH,COMMERCIAL,상업지구,,제주시 일도1동,33.513543,126.5249331,제주특별자치도 제주시 중앙로 53 (일도일동) 천년타워,https://tong.visitkorea.or.kr/cms/resource/14/4020414_image2_1.jpg,스파오는 트렌디한 디자인과 합리적인 가격을 자랑하는 대한민국 SPA 브랜드입니다.,스파오는 트렌디한 디자인과 합리적인 가격을 자랑하는 대한민국 SPA 브랜드입니다. 빠르게 변화하는 패션 트렌드를 반영해 남녀노소 누구나 즐길 수 있는 실용적이고 스타일리시한 의류를 선보입니다.,TOUR,,https://map.kakao.com/?q=스파오 제주중앙로점
2823,스포츠메카 신제주점,,NORTH,COMMERCIAL,상업지구,,제주시 연동,33.4903014,126.4910216,제주특별자치도 제주시 삼무로 39 (연동),https://tong.visitkorea.or.kr/cms/resource/37/4020337_image2_1.jpg,스포츠메카는 모든 종류의 운동 기구와 스포츠 용품을 한눈에 비교하고 구매할 수 있는 종합 스포츠 멀티숍입니다.,스포츠메카는 모든 종류의 운동 기구와 스포츠 용품을 한눈에 비교하고 구매할 수 있는 종합 스포츠 멀티숍입니다. 전문가의 맞춤 상담과 신뢰할 수 있는 품질의 제품 공급을 통해 고객의 건강한 스포츠 라이프를 뒷받침합니다.,TOUR,,https://map.kakao.com/?q=스포츠메카 신제주점
2824,스포츠메카 외도본점,,NORTH,COMMERCIAL,상업지구,,제주시 외도동,33.4922891,126.4266588,제주특별자치도 제주시 일주서로 7298 (외도일동) 1층,https://tong.visitkorea.or.kr/cms/resource/91/4024291_image2_1.jpeg,스포츠메카는 모든 종류의 운동 기구와 스포츠 용품을 한눈에 비교하고 구매할 수 있는 종합 스포츠 멀티숍입니다.,스포츠메카는 모든 종류의 운동 기구와 스포츠 용품을 한눈에 비교하고 구매할 수 있는 종합 스포츠 멀티숍입니다. 전문가의 맞춤 상담과 신뢰할 수 있는 품질의 제품 공급을 통해 고객의 건강한 스포츠 라이프를 뒷받침합니다.,TOUR,,https://map.kakao.com/?q=스포츠메카 외도본점
2825,스프링데일CC,,SOUTH,EXPERIENCE,체험 활동 관광지,,서귀포시 남원읍,33.32895,126.64069,제주특별자치도 서귀포시 남원읍 서성로 459번지,https://api.cdn.visitjeju.net/photomng/imgpath/201804/30/fdf007e8-838e-4f07-9de5-3fd54758c0be.webp,"해발400고지에 위치, 여름에는 시원하고 겨울에는 따듯한 기온의 골프장","해발400고지에 위치, 여름에는 시원하고 겨울에는 따듯한 기온의 골프장",VJ,,https://map.kakao.com/?q=스프링데일CC
2826,슬리핑라이언,,WEST,TRAIL,산책로·둘레길,,서귀포시 안덕면,33.2621473,126.3327229,제주특별자치도 서귀포시 안덕면 화순서동로 151,https://api.cdn.visitjeju.net/photomng/imgpath/202307/26/59790da9-8de2-401d-b311-cc0be9555936.webp,머릿속을 비우고 오감을 깨우는 제주 트레킹,머릿속을 비우고 오감을 깨우는 제주 트레킹,VJ,,https://map.kakao.com/?q=슬리핑라이언
2827,승희상회,,EAST,COMMERCIAL,상업지구,,제주시 구좌읍,33.4924926,126.8970535,제주특별자치도 제주시 구좌읍 종달로5길 32-1,https://api.cdn.visitjeju.net/photomng/imgpath/201812/20/0c0d2e39-fdff-4f79-95e7-8e01da7b8696.webp,어릴 적 추억을 떠올리게 하는 작은 가게,어릴 적 추억을 떠올리게 하는 작은 가게,VJ,,https://map.kakao.com/?q=승희상회
2828,시간여행자의 집,,WEST,COMMERCIAL,상업지구,,서귀포시 안덕면,33.291382,126.3278771,제주특별자치도 서귀포시 안덕면 평화로 654 2층,https://api.cdn.visitjeju.net/photomng/imgpath/202511/19/6f6e0504-f0de-4190-bf96-67a4b4e50fd9.webp,시간을 거슬러 만난 특별한 소품샵,시간을 거슬러 만난 특별한 소품샵,VJ,,https://map.kakao.com/?q=시간여행자의 집
2829,시인이생진시비거리,,EAST,COMMERCIAL,상업지구,,서귀포시 성산읍,33.467033,126.935946,제주 서귀포시 성산읍 성산리 305-1,https://tong.visitkorea.or.kr/cms/resource/40/4054640_image2_1.jpg,"성산일출봉을 오른편에, 우도를 왼편에 두고 탁 트인 바다를 바라보며 시 한 편을 읽는 시간이 펼쳐지는 곳이다.","성산일출봉을 오른편에, 우도를 왼편에 두고 탁 트인 바다를 바라보며 시 한 편을 읽는 시간이 펼쳐지는 곳이다. 시인이생진시비거리는 제주 서귀포시 성산포 우뭇개 동산 해안에 자리한 야외 시비 공원으로, 1975년부터 1978년까지 성산포 일대를 여행하며 쓴 81편의 연작시를 담은 시집 그리운 바다 성산포로 잘 알려진 이생진 시인을 기리기 위해 조성되었다. 
공원 내에는 성산포의 아름다움을 담은 이생진의 시 20편이 대리석에 새겨진 시비로 세워져 있다. 성산포 명예도민이 된 시인과 이 고장의 인연이 오롯이 담긴 공간으로, 가파른 해안 절벽과 낭떠러지가 펼쳐지는 우뭇개 동산에서 바라보는 성산일출봉과 우도의 풍경은 그 자체로 한 편의 시와 같다. 
우뭇개 해안 아래에서는 제주 해녀의 물질 시범을 관람할 수 있으며, 인근 성산일출봉, 우도와 연계한 여행 코스로도 즐겨 찾는다. 문학인들의 발걸음이 끊이지 않는 성산포의 대표 명소로 자리매김하고 있다.",TOUR,,https://map.kakao.com/?q=시인이생진시비거리
2830,신대산전망대,,NORTH,EXPERIENCE,체험 활동 관광지,,제주시 추자면,33.954597,126.34063,제주특별자치도 제주시 추자면 예초리,https://api.cdn.visitjeju.net/photomng/imgpath/201804/30/74cead99-fa88-45c8-a5f2-db3dd8e161b6.webp,신대산에 있는 전망대,신대산에 있는 전망대,VJ,,https://map.kakao.com/?q=신대산전망대
2831,신대해안,,NORTH,NATURE,자연관광지,,제주시 추자면,33.952915,126.33737,제주특별자치도 제주시 추자면 예초리 77,https://api.cdn.visitjeju.net/photomng/imgpath/201804/30/3e46c41d-b3c5-4234-a3ba-47e701207188.webp,추자 10경 중의 하나인 신대해안길,추자 10경 중의 하나인 신대해안길,VJ,,https://map.kakao.com/?q=신대해안
2832,신도포구,,WEST,CULTURE,문화시설,,서귀포시 대정읍,33.2767461,126.1697204,제주특별자치도 서귀포시 대정읍 신도리,https://api.cdn.visitjeju.net/photomng/imgpath/201804/30/79506f76-47b0-4a48-89a6-c5a1064a91c8.webp,도구리를 품속에 둔 신도포구,도구리를 품속에 둔 신도포구,VJ+TOUR,,https://map.kakao.com/?q=신도포구
2833,신비의도로,,NORTH,NATURE,자연관광지,,제주시 연동,33.4511084,126.4872373,제주특별자치도 제주시 1100로 2894-63,https://api.cdn.visitjeju.net/photomng/imgpath/201908/28/0701011a-e0fa-4f7f-89a2-b5cdc93ccf7d.webp,세워둔 차가 언덕 위로 올라가는 신비한 도깨비 도로,세워둔 차가 언덕 위로 올라가는 신비한 도깨비 도로,VJ+TOUR,,https://map.kakao.com/?q=신비의도로
2834,신산환해장성,,EAST,CULTURE,문화시설,,서귀포시 성산읍,33.38476,126.86652,제주특별자치도 서귀포시 성산읍 신산리,https://api.cdn.visitjeju.net/photomng/imgpath/201804/30/50b74127-5ff5-4df2-9579-2cb85952184d.webp,자연으로 빚은 성벽,자연으로 빚은 성벽,VJ,,https://map.kakao.com/?q=신산환해장성
2835,신산환해장성,,EAST,NATURE,자연관광지,,서귀포시 성산읍,33.3874,126.8817,제주특별자치도 서귀포시 성산읍 환해장성로 201,https://tong.visitkorea.or.kr/cms/resource/70/3553870_image2_1.jpg,배를 타고 들어오는 외적의 침입을 막기 위해 제주도에서는 해안선을 따라가며 성을 쌓았는데 이를 환해장성이라 한다.,"배를 타고 들어오는 외적의 침입을 막기 위해 제주도에서는 해안선을 따라가며 성을 쌓았는데 이를 환해장성이라 한다. 현재 성벽이 남아있는 곳으로는 온평리, 행원리, 한동리, 동복리, 북촌리, 애월리, 고내리 등 14곳이 있다. 김상헌이 지은 『남사록』에는 환해장성을 일러 ‘탐라의 만리장성’이라 부르고 있다. 그 시초로 조선 시대에 이르러서도 왜구의 잦은 침범을 막기 위해 여러 차례 증축되었다. 현재 남아 있는 신산 환해장성 성벽의 길이는 약 600m이다. 신산환해장성은 성산읍 신산리와 신풍리 경계에 위치한 신산 목장 남쪽 해안에 있다.

(출처 : 국가유산청 홈페이지)",TOUR,,https://map.kakao.com/?q=신산환해장성
2836,신양마을,,EAST,NATURE,자연관광지,,서귀포시 성산읍,33.438517,126.917515,제주특별자치도 서귀포시 성산읍 신양로 13,https://tong.visitkorea.or.kr/cms/resource/49/4068849_image2_1.jpg,신양마을은 가장 먼저 해가 뜨고 햇볕을 직선으로 받는 마을이라는 뜻으로 신양리라 하였다고 전해진다.,"신양마을은 가장 먼저 해가 뜨고 햇볕을 직선으로 받는 마을이라는 뜻으로 신양리라 하였다고 전해진다. 
드라마 올인 촬영지로 유명한 섭지코지와 성산일출봉, 성산 시내 등과 가까이에 위치한 유명한 관광지와 마을 내 신양해수욕장과 빼어난 해안 절경으로 한적한 휴양지 분위기를 함께 가진 아름다운 마을이다. 신양마을의 해변은 수심, 수온, 안전도 등 지형 조건과 바람의 여건이 좋아 세계적으로도 윈드서핑의 최적지로 꼽히고 있으며, 해수욕장에서 바라다보이는 성산일출봉의 장관은 가히 일품이다. 관광객들을 위한 민박과 펜션이 다수 있으며, 무엇보다 마을을 지켜온 사람들의 넉넉한 인심이 자랑거리다.",TOUR,,https://map.kakao.com/?q=신양마을
2837,신양포구,,EAST,CULTURE,문화시설,,서귀포시 성산읍,33.444576,126.9095,제주특별자치도 서귀포시 성산읍 고성리,https://api.cdn.visitjeju.net/photomng/imgpath/201804/30/c02b8788-97bb-4ab9-8cf2-2a9f4f53a792.webp,성산일충봉과 섭지코지가 한눈에 보이는 신양포구,성산일충봉과 섭지코지가 한눈에 보이는 신양포구,VJ,,https://map.kakao.com/?q=신양포구
2838,신양항,,NORTH,TRAIL,산책로·둘레길,,제주시 추자면,33.935432,126.32276,제주특별자치도 제주시 추자면 신양리,https://api.cdn.visitjeju.net/photomng/imgpath/201804/30/817c8693-511d-447d-a849-73ef62b967c6.webp,제주올레길 18-1코스의 시작과 끝을 함께하는 곳,제주올레길 18-1코스의 시작과 끝을 함께하는 곳,VJ,,https://map.kakao.com/?q=신양항
2839,신양해안도로,,EAST,TRAIL,산책로·둘레길,,서귀포시 성산읍,33.431046,126.91553,제주특별자치도 서귀포시 성산읍 신고로,https://api.cdn.visitjeju.net/photomng/imgpath/201804/30/98da2dff-d902-4b50-98e5-59710df01b6c.webp,성산일출봉을 배경으로 그림처럼 아름다운 풍경이 펼쳐지는 곳,성산일출봉을 배경으로 그림처럼 아름다운 풍경이 펼쳐지는 곳,VJ,,https://map.kakao.com/?q=신양해안도로
2840,신엄항,,WEST,NATURE,자연관광지,,제주시 애월읍,33.4729053,126.3502475,제주특별자치도 제주시 애월읍 애월해안로,https://api.cdn.visitjeju.net/photomng/imgpath/201807/26/52e3656d-0986-4f9a-bbee-619fcd698e50.webp,애월해안도로와 올레길 16코스 내에 위치한 포구이다.,애월해안도로와 올레길 16코스 내에 위치한 포구이다.,VJ,,https://map.kakao.com/?q=신엄항
2841,신창~차귀해안도로,,WEST,TRAIL,산책로·둘레길,,제주시 한경면,33.33567,126.16328,제주특별자치도 제주시 한경면 한경해안로 470,https://api.cdn.visitjeju.net/photomng/imgpath/201804/30/16e93d32-005e-48c0-a4f0-896c16e2c9e6.webp,붉은 낙조에 물든 해안을 볼수 있는 제주 일몰명소,붉은 낙조에 물든 해안을 볼수 있는 제주 일몰명소,VJ,,https://map.kakao.com/?q=신창~차귀해안도로
2842,신창리포구,,WEST,CULTURE,문화시설,,제주시 한경면,33.349598,126.18087,제주특별자치도 제주시 한경면 신창리,https://api.cdn.visitjeju.net/photomng/imgpath/201804/30/64b84bc9-aadb-4bb8-8c73-6799993476cb.webp,바다마을의 매력을 느낄 수 있는 포구,바다마을의 매력을 느낄 수 있는 포구,VJ,,https://map.kakao.com/?q=신창리포구
2843,신천리벽화마을,,EAST,CULTURE,문화시설,,서귀포시 성산읍,33.3442286,126.8497796,제주특별자치도 서귀포시 성산읍 신천서로 5,https://api.cdn.visitjeju.net/photomng/imgpath/201809/19/d14732fe-2ce7-4757-989a-897c1e8d3ad5.webp,신천리에 위치한 벽화마을,신천리에 위치한 벽화마을,VJ+TOUR,,https://map.kakao.com/?q=신천리벽화마을
2844,신촌 4·3 성터,,EAST,NATURE,자연관광지,,제주시 조천읍,33.5376989,126.6130985,제주특별자치도 제주시 조천읍 신촌리 (3403),https://tong.visitkorea.or.kr/cms/resource/79/3389779_image2_1.jpg,"신촌리는 제주4·3 당시 신촌회담이 열렸던 곳으로, 조천 만세운동 등 항일운동의 역사를 간직한 조천읍의 작은 바닷가 마을이다.","신촌리는 제주4·3 당시 신촌회담이 열렸던 곳으로, 조천 만세운동 등 항일운동의 역사를 간직한 조천읍의 작은 바닷가 마을이다. 신촌리 4·3 성터는 제주4·3 당시 돌을 쌓아 만든 성터로, 당시의 역사적 흔적을 살펴볼 수 있는 곳이다.
신촌리 4·3 성터는 닭머르해안 인근에 위치하며, 닭머르해안길은 해안누리길 50코스에 포함되어 있다. 해안길을 따라 주변 경관을 살펴보며 산책할 수 있으며, 역사적 흔적과 해안 풍경을 함께 둘러볼 수 있다.",TOUR,,https://map.kakao.com/?q=신촌 4·3 성터
2845,신촌포구,,EAST,NATURE,자연관광지,,제주시 조천읍,33.5371814,126.6188242,제주특별자치도 제주시 조천읍 신촌북3길 3,https://api.cdn.visitjeju.net/photomng/imgpath/202407/23/af8881f2-cc08-4d27-9a18-17e42b2bf231.webp,다이빙과 스노쿨링의 천국인 제주도의 핫 스팟중 하나인 신촌포구,다이빙과 스노쿨링의 천국인 제주도의 핫 스팟중 하나인 신촌포구,VJ,,https://map.kakao.com/?q=신촌포구
2846,신촌향사,,EAST,HISTORY,역사·유적·종교 시설,,제주시 조천읍,33.5365417,126.6206833,제주특별자치도 제주시 조천읍 신촌5길 27,https://tong.visitkorea.or.kr/cms/resource/44/3555044_image2_1.jpg,신촌향사는 조선시대 마을의 공무를 처리하던 곳이었다.,"신촌향사는 조선시대 마을의 공무를 처리하던 곳이었다. 조선 순조 5년(1805)에 이곳으로 옮겨지었다고 하며, 그 뒤로도 여러 차례 고쳐서 원래 형태에서 많이 바뀐 것으로 보이며, 침수에 대비하여 지대를 높이면서 본래의 분위기를 거의 잃었다. 신촌향사는 앞면이 7칸으로 제주도의 일반 민가보다 규모가 크고 가운데 있는 대청도 넓다. 그러나 구조와 양식 등은 민가와 거의 비슷하다. 우진각 지붕의 기와집이며, 전면퇴는 개방되어 있고 내진주에 세살문을 달았으나, 후면은 퇴기둥에 심벽을 치고 간마다 판장문을 달았다.",TOUR,,https://map.kakao.com/?q=신촌향사
2847,신풍 신천 바다목장,,EAST,EXPERIENCE,체험 활동 관광지,,서귀포시 성산읍,33.3559713,126.8637961,제주특별자치도 서귀포시 성산읍 일주동로 5417,https://tong.visitkorea.or.kr/cms/resource/48/3401548_image2_1.jpg,"신풍 신천 바다목장은 제주올레 3코스가 지나는 곳으로, 너른 초지와 탁 트인 바다 풍경이 어우러진 명소이다.","신풍 신천 바다목장은 제주올레 3코스가 지나는 곳으로, 너른 초지와 탁 트인 바다 풍경이 어우러진 명소이다. 과거에는 지역 주민들이 소유하며 말과 소 등의 가축을 방목하던 목장이었으나, 현재는 목장으로서의 기능을 상실한 상태이다. 이곳은 1980년대부터 감귤껍질을 건조하기 위해 넓은 부지에 펼쳐 놓으면서 색다른 풍경을 만들어 냈다. 특히 주황빛 감귤껍질이 초지 위를 가득 채운 모습이 장관을 이루며 많은 관광객의 발길을 끌었다. 현재는 넓게 펼쳐진 초원과 시원한 바다 경관을 감상할 수 있는 곳으로, 제주올레를 걷는 여행객들에게 사랑받는 구간이다.",TOUR,,https://map.kakao.com/?q=신풍 신천 바다목장
2848,신풍리 밭담길,,EAST,EXPERIENCE,체험 활동 관광지,,서귀포시 성산읍,33.3618401,126.8405958,제주특별자치도 서귀포시 성산읍 신풍하동로 39,https://api.cdn.visitjeju.net/photomng/imgpath/202007/10/e1d0f859-da10-40b4-bd6b-7b6ea506b101.webp,"성산읍 신풍리는 '새롭고 풍요로운 마을을 지향한다'는 뜻을 가지고 있는는 반농반어촌 마을로, 전통문화와 생활풍속이 오늘날까지 살아있는 '어멍아…","성산읍 신풍리는 '새롭고 풍요로운 마을을 지향한다'는 뜻을 가지고 있는는 반농반어촌 마을로, 전통문화와 생활풍속이 오늘날까지 살아있는 '어멍아방(어머니, 아버지)잔치마을'로 알려져 있다.",VJ+TOUR,,https://map.kakao.com/?q=신풍리 밭담길
2849,신풍리체험휴양마을,,EAST,EXPERIENCE,체험 활동 관광지,,서귀포시 성산읍,33.3619201,126.8405571,제주특별자치도 서귀포시 성산읍 신풍하동로 39,https://tong.visitkorea.or.kr/cms/resource/30/3401530_image2_1.jpg,'새롭고 풍요로운 마을'이라는 뜻의 신풍리는 고인돌을 비롯한 선사시대 유적이 산재해 있는 유서 깊은 마을이다.,"'새롭고 풍요로운 마을'이라는 뜻의 신풍리는 고인돌을 비롯한 선사시대 유적이 산재해 있는 유서 깊은 마을이다. 현재 제주도에서 가장 잘 운영되고 있는 농촌체험마을로서 토종돼지우리, 초가집, 혼례장 등 체험 시설도 잘 갖추어져 있다. 제주도의 전통문화와 생활 풍속이 오늘날까지 잘 살아있는 신풍리체험휴양마을에서는 제주 사투리도 배우고 전통 혼례도 체험할 수 있다. 농업에 대한 의존도가 높으면서도 마을 부근에 아담한 포구가 있어서 농촌과 어촌 체험이 동시에 가능하다. 또한 풍천초등학교 분교를 리모델링하여 게스트하우스와 초가집 형태의 원룸 숙소를 운영하여 숙박도 가능하다.",TOUR,,https://map.kakao.com/?q=신풍리체험휴양마을
2850,신화테마파크,,WEST,COMMERCIAL,상업지구,,서귀포시 안덕면,33.3065312,126.3075432,제주특별자치도 서귀포시 안덕면 신화역사로304번길 98,https://tong.visitkorea.or.kr/cms/resource/66/4042066_image2_1.png,신화테마파크는 제주 신화월드 내 위치하여 동화 같은 상상력과 즐거움을 선사하는 대한민국 대표 가족형 테마파크입니다.,신화테마파크는 제주 신화월드 내 위치하여 동화 같은 상상력과 즐거움을 선사하는 대한민국 대표 가족형 테마파크입니다. 다채로운 어트랙션과 이색적인 공연을 통해 남녀노소 누구나 잊지 못할 행복한 추억을 만드는 꿈의 전당입니다.,TOUR,,https://map.kakao.com/?q=신화테마파크
2851,신효생활개선회,,SOUTH,EXPERIENCE,체험 활동 관광지,,서귀포시 효돈동,33.2668492,126.6156145,제주특별자치도 서귀포시 효돈순환로 44,https://api.cdn.visitjeju.net/photomng/imgpath/201811/29/a3180862-cad8-45ea-8513-a8dd7a2d0dbf.webp,제주 감귤로 만든 건강한 먹거리 체험을 할 수 있는 곳,제주 감귤로 만든 건강한 먹거리 체험을 할 수 있는 곳,VJ,,https://map.kakao.com/?q=신효생활개선회
2852,신흥2리동백마을,,SOUTH,EXPERIENCE,체험 활동 관광지,,서귀포시 남원읍,33.3219399,126.7440155,제주특별자치도 서귀포시 남원읍 중산간동로 5830,https://api.cdn.visitjeju.net/photomng/imgpath/202508/20/f2a7d69a-0e58-447a-858a-dcfd3b07d18b.webp,서귀포시 신흥2리 제주동백마을에서는 제주 토종 동백나무에서 얻어진 동백을 이용한 동백비누 만들기와 주민들이 재래식으로 압착해 짜낸 동백기름을…,서귀포시 신흥2리 제주동백마을에서는 제주 토종 동백나무에서 얻어진 동백을 이용한 동백비누 만들기와 주민들이 재래식으로 압착해 짜낸 동백기름을 맛볼 수 있는 동백비빔밥 체험 프로그램을 운영하고 있다. 특히 제주동백마을에서 생산하는 동백기름은 지역민들이 낮에 감귤농사를 짓고 저녁에 동백마을 방앗간에 모여 좋은 동백열매 하나하나 손으로 골라내고 재래식으로 생산하고 있어 그 품질의 우수성을 인정받아 국내 대형 화장품 업체에도 납품할 정도라고 한다.,VJ,,https://map.kakao.com/?q=신흥2리동백마을
2853,심헌갤러리,,NORTH,CULTURE,문화시설,,제주시 아라동,33.4261379,126.5626925,제주특별자치도 제주시 아란14길 3,https://api.cdn.visitjeju.net/photomng/imgpath/201812/26/aba0d6c2-4499-4d4e-bdfd-e2e72f0a3e8d.webp,다양한 장르의 전시를 즐길 수 있는 문화공간,다양한 장르의 전시를 즐길 수 있는 문화공간,VJ,관광지인지 확인(도서관·교회·골프 등),https://map.kakao.com/?q=심헌갤러리
2854,쌍용동굴,,WEST,NATURE,자연관광지,,제주시 한림읍,33.3894949,126.2396825,제주특별자치도 제주시 한림읍 한림로 300,https://api.cdn.visitjeju.net/photomng/imgpath/201903/27/c2d75ff6-4d04-4017-85ec-e28fa341d7a0.webp,한림공원 내에 위치한 두 마리의 용이 빠져 나온 것 같다고 하여 이름 붙여진 쌍용굴,한림공원 내에 위치한 두 마리의 용이 빠져 나온 것 같다고 하여 이름 붙여진 쌍용굴,VJ+TOUR,,https://map.kakao.com/?q=쌍용동굴
2855,쌤소나이트 제주오라아울렛점,,NORTH,COMMERCIAL,상업지구,,제주시 오라동,33.4997537,126.5052058,제주특별자치도 제주시 서광로 82 (오라삼동) 1층,https://tong.visitkorea.or.kr/cms/resource/92/4024292_image2_1.jpeg,쌤소나이트는 내구성과 기능성이 뛰어난 글로벌 여행용 가방 브랜드입니다.,"쌤소나이트는 내구성과 기능성이 뛰어난 글로벌 여행용 가방 브랜드입니다. 여행, 출장 등 다양한 용도로 활용 가능하며, 세련된 디자인의 제품을 만나볼 수 있습니다.",TOUR,,https://map.kakao.com/?q=쌤소나이트 제주오라아울렛점
2856,쌤소나이트 칠성로점,,NORTH,COMMERCIAL,상업지구,,제주시 이도1동,33.5121435,126.5247429,제주특별자치도 제주시 중앙로 67 (이도일동),https://tong.visitkorea.or.kr/cms/resource/53/4017153_image2_1.jpg,쌤소나이트는 내구성과 기능성이 뛰어난 글로벌 여행용 가방 브랜드입니다.,"쌤소나이트는 내구성과 기능성이 뛰어난 글로벌 여행용 가방 브랜드입니다. 여행, 출장 등 다양한 용도로 활용 가능하며, 세련된 디자인의 제품을 만나볼 수 있습니다.",TOUR,,https://map.kakao.com/?q=쌤소나이트 칠성로점
2857,써스데이아일랜드 신세계사이먼프리미엄아울렛 제주점,,WEST,COMMERCIAL,상업지구,,서귀포시 안덕면,33.3049727,126.316352,제주특별자치도 서귀포시 안덕면 신화역사로304번길 38 B1층,https://tong.visitkorea.or.kr/cms/resource/17/4045017_image2_1.png,써스데이아일랜드는 자유로운 보헤미안 감성과 내추럴한 라이프스타일을 추구하는 캐주얼 브랜드입니다.,써스데이아일랜드는 자유로운 보헤미안 감성과 내추럴한 라이프스타일을 추구하는 캐주얼 브랜드입니다. 빈티지한 프린트와 핸드메이드 느낌의 디테일이 살아있는 의류를 통해 여행 같은 일상을 꿈꾸는 이들에게 사랑받습니다.,TOUR,,https://map.kakao.com/?q=써스데이아일랜드 신세계사이먼프리미엄아울렛 제주점
2858,씨에스아로마,,SOUTH,NATURE,자연관광지,,서귀포시 중문동,33.2429044,126.4204352,제주특별자치도 서귀포시 중문관광로 198,https://api.cdn.visitjeju.net/photomng/imgpath/202008/18/5cb24aa2-d6d3-452a-b700-4569a69a6162.webp,"씨에스호텔 베릿네 프라이빗 스파는 독채형 사우나로 도심에서 쌓인 심신의 피로를 치유해드리는 공간으로, 아름다운 밤 하늘의 별을 바라보며 여유로…","씨에스호텔 베릿네 프라이빗 스파는 독채형 사우나로 도심에서 쌓인 심신의 피로를 치유해드리는 공간으로, 아름다운 밤 하늘의 별을 바라보며 여유로운 시간을 즐길 수 있는 프라이빗한 공간이다.",VJ,,https://map.kakao.com/?q=씨에스아로마
2859,씨티오브드림즈 제주점,,NORTH,COMMERCIAL,상업지구,,제주시 일도1동,33.514656,126.525246,제주특별자치도 제주시 관덕로11길 17,https://api.cdn.visitjeju.net/photomng/imgpath/201804/30/c812febd-d47e-4284-8d07-b3b79c85c423.webp,"세계유명 도시, 꿈의 도시를 모티브로한 복합쇼핑몰","세계유명 도시, 꿈의 도시를 모티브로한 복합쇼핑몰",VJ,,https://map.kakao.com/?q=씨티오브드림즈 제주점
2860,씬오브제주,,WEST,EXPERIENCE,체험 활동 관광지,,제주시 애월읍,33.446687,126.3025484,제주특별자치도 제주시 애월읍 금성하안길 2,https://api.cdn.visitjeju.net/photomng/imgpath/202508/20/70c05452-b011-47f1-ae8e-a8b63e91ca16.webp,"제주의 풍경을 당신의 옷장에, 제주 로컬 자연염색 브랜드","제주의 풍경을 당신의 옷장에, 제주 로컬 자연염색 브랜드",VJ+TOUR,,https://map.kakao.com/?q=씬오브제주
2861,아꼬아,,NORTH,COMMERCIAL,상업지구,,제주시 삼도2동,33.5116455,126.5199386,제주특별자치도 제주시 서사로 9,https://api.cdn.visitjeju.net/photomng/imgpath/202306/30/61d08b72-c51f-42e5-b2c2-7c22a7fbbe2f.webp,아꼬운 상품이 가득한 제주감성 소품숍,아꼬운 상품이 가득한 제주감성 소품숍,VJ,,https://map.kakao.com/?q=아꼬아
2862,아꼬화,,NORTH,COMMERCIAL,상업지구,,제주시 일도2동,33.5056021,126.5386239,제주특별자치도 제주시 동광로 102,https://api.cdn.visitjeju.net/photomng/imgpath/201806/25/fe0a406f-6cbb-4e1e-9052-dc0798d44150.webp,남들과는 조금 다른 여행을 계획하고 있는 당신.,남들과는 조금 다른 여행을 계획하고 있는 당신. 사랑하는 사람과 두 손 꼭 잡고 제주행 비행기에 올라 일정을 체크하고 있는가. 완벽한 셀프웨딩촬영을 위해 제주시내의 꽃집을 찾고 있다면 아꼬화를 방문해보자.,VJ,,https://map.kakao.com/?q=아꼬화
2863,아꼼스냅,,WEST,EXPERIENCE,체험 활동 관광지,,제주시 애월읍,33.4789469,126.4084421,"제주특별자치도 제주시 애월읍 상하귀길 7 (하귀2리, 반석하귀타운) 101동115호",https://api.cdn.visitjeju.net/photomng/imgpath/202601/14/29a2d074-6521-4d62-b08a-197b432fc5eb.webp,제주의 전통적인 돌집과 정낭 세트와 함께하는 특별한 해녀스냅,제주의 전통적인 돌집과 정낭 세트와 함께하는 특별한 해녀스냅,VJ,,https://map.kakao.com/?q=아꼼스냅
2864,아난티 클럽 제주,,EAST,LEISURE,레저·스포츠 관련 시설,,제주시 구좌읍,33.5199412,126.7412425,제주특별자치도 제주시 구좌읍 선유로 445-55,https://api.cdn.visitjeju.net/photomng/imgpath/201804/30/b01615f5-445d-4f7a-a528-6a4bf14eccd7.webp,"전장 7,550야드,바다와 하늘, 숲이 하나로 어우러지는 친환경적인 골프장","전장 7,550야드,바다와 하늘, 숲이 하나로 어우러지는 친환경적인 골프장",VJ+TOUR,,https://map.kakao.com/?q=아난티 클럽 제주
2865,아날로그감귤밭,,NORTH,EXPERIENCE,체험 활동 관광지,,제주시 노형동,33.4580177,126.4621296,제주특별자치도 제주시 해안동 1184,https://api.cdn.visitjeju.net/photomng/imgpath/201804/30/d34297c8-684e-4885-8dfe-466743deb24e.webp,"감귤체험, 포토스팟, 아날로그 감성이 있는 곳","감귤체험, 포토스팟, 아날로그 감성이 있는 곳",VJ+TOUR,,https://map.kakao.com/?q=아날로그감귤밭
2866,아날로그타운,,EAST,COMMERCIAL,상업지구,,제주시 구좌읍,33.5117082,126.89066,제주특별자치도 제주시 구좌읍 하도9길 72,https://api.cdn.visitjeju.net/photomng/imgpath/202410/17/4d2d8a9d-b28e-46b2-b774-08d744a154c4.webp,"카페, 옷장, 잡화점 등 복합문화공간이 ‘한 곳에’","카페, 옷장, 잡화점 등 복합문화공간이 ‘한 곳에’",VJ,,https://map.kakao.com/?q=아날로그타운
2867,아디다스 서귀포점,,SOUTH,COMMERCIAL,상업지구,,서귀포시 중앙동,33.2484924,126.5649066,제주특별자치도 서귀포시 중정로 81 (서귀동),https://tong.visitkorea.or.kr/cms/resource/21/4017321_image2_1.jpg,"아디다스는 독일 글로벌 스포츠 브랜드로, 뛰어난 기술력과 트렌디한 디자인을 동시에 갖춘 제품을 선보입니다.","아디다스는 독일 글로벌 스포츠 브랜드로, 뛰어난 기술력과 트렌디한 디자인을 동시에 갖춘 제품을 선보입니다. 스포츠 의류, 신발, 액세서리 등 다양한 제품군으로 한국 시장에서도 큰 인기를 끌고 있습니다.",TOUR,,https://map.kakao.com/?q=아디다스 서귀포점
2868,아디다스 신제주점,,NORTH,COMMERCIAL,상업지구,,제주시 연동,33.4864913,126.4902107,제주특별자치도 제주시 신광로 63 (연동),https://tong.visitkorea.or.kr/cms/resource/72/4020372_image2_1.jpeg,"아디다스는 독일 글로벌 스포츠 브랜드로, 뛰어난 기술력과 트렌디한 디자인을 동시에 갖춘 제품을 선보입니다.","아디다스는 독일 글로벌 스포츠 브랜드로, 뛰어난 기술력과 트렌디한 디자인을 동시에 갖춘 제품을 선보입니다. 스포츠 의류, 신발, 액세서리 등 다양한 제품군으로 한국 시장에서도 큰 인기를 끌고 있습니다.",TOUR,,https://map.kakao.com/?q=아디다스 신제주점
2869,아디다스 제주점,,NORTH,COMMERCIAL,상업지구,,제주시 일도1동,33.5147446,126.5259409,제주특별자치도 제주시 중앙로7길 12 (일도일동),https://tong.visitkorea.or.kr/cms/resource/63/4045063_image2_1.png,"아디다스는 독일 글로벌 스포츠 브랜드로, 뛰어난 기술력과 트렌디한 디자인을 동시에 갖춘 제품을 선보입니다.","아디다스는 독일 글로벌 스포츠 브랜드로, 뛰어난 기술력과 트렌디한 디자인을 동시에 갖춘 제품을 선보입니다. 스포츠 의류, 신발, 액세서리 등 다양한 제품군으로 한국 시장에서도 큰 인기를 끌고 있습니다.",TOUR,,https://map.kakao.com/?q=아디다스 제주점
2870,아띠스떼21,,WEST,CULTURE,문화시설,,서귀포시 안덕면,33.307352,126.3379638,제주특별자치도 서귀포시 안덕면 동광본동로 14-5,https://api.cdn.visitjeju.net/photomng/imgpath/202307/26/49dcdf5e-d614-4610-b14b-59d9ef48044a.webp,그림을 그리며 행복을 찾는 곳,그림을 그리며 행복을 찾는 곳,VJ,,https://map.kakao.com/?q=아띠스떼21
2871,아라도예,,WEST,COMMERCIAL,상업지구,,제주시 애월읍,33.3701721,126.4819697,제주특별자치도 제주시 애월읍 광령6길 2,https://api.cdn.visitjeju.net/photomng/imgpath/202211/14/93d2b3b3-2c14-42a8-874e-0f14a9bcd71f.webp,김수현 작가의 제주식 분청사기,김수현 작가의 제주식 분청사기,VJ,,https://map.kakao.com/?q=아라도예
2872,아라동 치유의 숲,,NORTH,NATURE,자연관광지,,제주시 아라동,33.443987,126.555575,제주특별자치도 제주시 아라일동 산31-8,https://tong.visitkorea.or.kr/cms/resource/87/4061087_image2_1.jpg,아라동 치유의 숲은 제주대학교에서 관음사로 가는 길목에 위치해 있다.,"아라동 치유의 숲은 제주대학교에서 관음사로 가는 길목에 위치해 있다. 또한 아라동 문화역사 탐방로 2코스의 일부이며 소산오름 자락에서 마주할 수 있는 곳이다. 산림욕을 하며 피톤치드를 마실 수도 있고, 조용히 걷기도 좋다. 특히 건강에 좋은 맨발 걷기를 하는 사람도 많다. 이곳에서는 흡연, 야영, 취사가 불가하다.",TOUR,,https://map.kakao.com/?q=아라동 치유의 숲
2873,아랑조을거리,,SOUTH,TRAIL,산책로·둘레길,,서귀포시 천지동,33.2489036,126.5596148,제주특별자치도 서귀포시 천지로 2,https://api.cdn.visitjeju.net/photomng/imgpath/202311/22/1cb93e9f-a6b2-4981-b5a4-fb35e1f6d0cb.webp,서귀포 시내에 위치한 대표 먹자골목,서귀포 시내에 위치한 대표 먹자골목,VJ,,https://map.kakao.com/?q=아랑조을거리
2874,아레나 제주점,,NORTH,COMMERCIAL,상업지구,,제주시 일도1동,33.5147701,126.5263568,제주특별자치도 제주시 중앙로7길 16 (일도일동),https://tong.visitkorea.or.kr/cms/resource/94/4024294_image2_1.jpeg,아레나는 수영을 비롯한 다양한 스포츠 영역에서 전문적인 솔루션을 제공하는 글로벌 스포츠 브랜드입니다.,아레나는 수영을 비롯한 다양한 스포츠 영역에서 전문적인 솔루션을 제공하는 글로벌 스포츠 브랜드입니다. 뛰어난 내구성과 활동성을 갖춘 기능성 웨어를 통해 스포츠 애호가들이 최상의 기량을 발휘할 수 있도록 돕습니다.,TOUR,,https://map.kakao.com/?q=아레나 제주점
2875,아르떼 키즈파크 제주,,WEST,EXPERIENCE,체험 활동 관광지,,제주시 애월읍,33.3539314,126.3585151,제주특별자치도 제주시 애월읍 월각로 929 (봉성리) 아르떼 키즈파크 제주,https://api.cdn.visitjeju.net/photomng/imgpath/202405/09/6e5ad58b-6f74-4934-af1f-a1eef3905cf1.jpg,가보지 못한 자연 속 즐거운 놀이 세상 Joyful Nature,가보지 못한 자연 속 즐거운 놀이 세상 Joyful Nature,VJ+TOUR,,https://map.kakao.com/?q=아르떼 키즈파크 제주
2876,아름낭,,SOUTH,COMMERCIAL,상업지구,,서귀포시 대천동,33.258267,126.4946813,제주특별자치도 서귀포시 중산간서로157번길 26,https://api.cdn.visitjeju.net/photomng/imgpath/201804/30/70f125b4-6aa2-4233-aa74-2a8d0669742e.webp,1980년부터 제주도에 전통가구 공방을 설립한 뒤로 35년간 오직 친환경 수제품만 제작해온 목공예 브랜드,1980년부터 제주도에 전통가구 공방을 설립한 뒤로 35년간 오직 친환경 수제품만 제작해온 목공예 브랜드,VJ,,https://map.kakao.com/?q=아름낭
2877,아리따움 제주노형점,,NORTH,COMMERCIAL,상업지구,,제주시 노형동,33.4814221,126.4845668,제주특별자치도 제주시 원노형로 82 (노형동) 삼원빌딩 1층,https://tong.visitkorea.or.kr/cms/resource/61/4020361_image2_1.jpg,"아리따움은 아모레퍼시픽이 운영하는 뷰티 멀티 브랜드 스토어로, 라네즈, 마몽드, 아이오페 등 인기 화장품 브랜드를 한곳에서 만나볼 수 있습니다.","아리따움은 아모레퍼시픽이 운영하는 뷰티 멀티 브랜드 스토어로, 라네즈, 마몽드, 아이오페 등 인기 화장품 브랜드를 한곳에서 만나볼 수 있습니다. 다양한 K-뷰티 제품을 합리적인 가격에 제공하며, 트렌디한 뷰티 경험을 선사합니다.",TOUR,,https://map.kakao.com/?q=아리따움 제주노형점
2878,아리따움 제주서귀포점,,SOUTH,COMMERCIAL,상업지구,,서귀포시 중앙동,33.2494614,126.5622623,제주특별자치도 서귀포시 중앙로54번길 14 (서귀동),https://tong.visitkorea.or.kr/cms/resource/88/4041988_image2_1.jpeg,"아리따움은 아모레퍼시픽이 운영하는 뷰티 멀티 브랜드 스토어로, 라네즈, 마몽드, 아이오페 등 인기 화장품 브랜드를 한곳에서 만나볼 수 있습니다.","아리따움은 아모레퍼시픽이 운영하는 뷰티 멀티 브랜드 스토어로, 라네즈, 마몽드, 아이오페 등 인기 화장품 브랜드를 한곳에서 만나볼 수 있습니다. 다양한 K-뷰티 제품을 합리적인 가격에 제공하며, 트렌디한 뷰티 경험을 선사합니다.",TOUR,,https://map.kakao.com/?q=아리따움 제주서귀포점
2879,아무튼책방,,NORTH,COMMERCIAL,상업지구,,제주시 아라동,33.4854159,126.5439156,제주특별자치도 제주시 간월동로 12,https://api.cdn.visitjeju.net/photomng/imgpath/202306/13/9aede97e-e143-49a5-bba8-fa8dcb303118.webp,책방지기가 좋아하는 책들만 골라 모은 책방,책방지기가 좋아하는 책들만 골라 모은 책방,VJ,,https://map.kakao.com/?q=아무튼책방
2880,아식스 신제주점,,NORTH,COMMERCIAL,상업지구,,제주시 연동,33.4896693,126.491166,제주특별자치도 제주시 삼무로 42 (연동),https://tong.visitkorea.or.kr/cms/resource/69/4045069_image2_1.png,아식스는 과학적인 분석과 기술력을 바탕으로 최상의 퍼포먼스를 지원하는 글로벌 스포츠 브랜드입니다.,아식스는 과학적인 분석과 기술력을 바탕으로 최상의 퍼포먼스를 지원하는 글로벌 스포츠 브랜드입니다. 특히 뛰어난 쿠셔닝과 안정감을 제공하는 러닝화로 전 세계 러너들 사이에서 독보적인 지지를 받고 있습니다.,TOUR,,https://map.kakao.com/?q=아식스 신제주점
2881,아워키친 제주공항점,,NORTH,COMMERCIAL,상업지구,,제주시 노형동,33.483098,126.4772312,제주특별자치도 제주시 노형4길 23,https://api.cdn.visitjeju.net/photomng/imgpath/201812/04/ec7a4643-6ba5-4dd4-a446-762e42306aec.webp,제주도심 속 저렴한 리빙소품샵,제주도심 속 저렴한 리빙소품샵,VJ,,https://map.kakao.com/?q=아워키친 제주공항점
2882,아이더 신제주점,,NORTH,COMMERCIAL,상업지구,,제주시 연동,33.4860202,126.4917559,제주특별자치도 제주시 노연로 109 (연동) 1층,https://tong.visitkorea.or.kr/cms/resource/87/4022787_image2_1.jpeg,아이더는 프랑스 감성과 한국 기술을 결합한 프리미엄 아웃도어 브랜드입니다.,"아이더는 프랑스 감성과 한국 기술을 결합한 프리미엄 아웃도어 브랜드입니다. 뛰어난 기능성과 세련된 디자인을 선보이며, 도심과 자연을 아우르는 활동적인 라이프스타일을 추구하는 소비자에게 적합합니다.",TOUR,,https://map.kakao.com/?q=아이더 신제주점
2883,아이더 제주점,,NORTH,COMMERCIAL,상업지구,,제주시 일도1동,33.5138238,126.5248859,제주특별자치도 제주시 중앙로 49 (일도일동) 1층,https://tong.visitkorea.or.kr/cms/resource/64/4042264_image2_1.png,아이더는 프랑스 감성과 한국 기술을 결합한 프리미엄 아웃도어 브랜드입니다.,"아이더는 프랑스 감성과 한국 기술을 결합한 프리미엄 아웃도어 브랜드입니다. 뛰어난 기능성과 세련된 디자인을 선보이며, 도심과 자연을 아우르는 활동적인 라이프스타일을 추구하는 소비자에게 적합합니다.",TOUR,,https://map.kakao.com/?q=아이더 제주점
2884,아이리스촬영지(하얀등대),,EAST,NATURE,자연관광지,,서귀포시 표선면,33.319492,126.84776,제주특별자치도 서귀포시 표선면,https://api.cdn.visitjeju.net/photomng/imgpath/201804/30/6b8a3ff2-1e2a-4472-a9a6-db6f9acf552b.webp,"이병헌, 김태희 주연의 KBS 인기드라마 아이리스의 촬영지","이병헌, 김태희 주연의 KBS 인기드라마 아이리스의 촬영지",VJ,,https://map.kakao.com/?q=아이리스촬영지(하얀등대)
2885,아이바가든,,WEST,CULTURE,문화시설,,제주시 애월읍,33.4336187,126.4220643,제주특별자치도 제주시 애월읍 고성남서길 10,https://tong.visitkorea.or.kr/cms/resource/43/3552843_image2_1.jpg,"아이바가든은 제주 최대 규모의 몰입형 미디어아트 전시관으로, 빛과 영상이 어우러진 9개의 테마 공간에서 오감을 활용한 특별한 체험을 즐길 수…","아이바가든은 제주 최대 규모의 몰입형 미디어아트 전시관으로, 빛과 영상이 어우러진 9개의 테마 공간에서 오감을 활용한 특별한 체험을 즐길 수 있는 실내 관광지이다. 거대한 미디어아트 영상과 공간 연출을 통해 마치 작품 속에 들어온 듯한 몰입감 있는 경험을 선사하며, 다양한 테마 전시를 통해 신비로운 세계를 만날 수 있다. 제주공항에서 차량으로 약 20분 거리에 위치해 접근성이 좋고, 애월과 평화로 인근 관광지와 함께 둘러보기에도 편리하다. 또한 실내 전시관으로 운영되어 날씨의 영향을 받지 않아 비 오는 날에도 방문하기 좋은 제주 여행지이다.",TOUR,,https://map.kakao.com/?q=아이바가든
2886,아이에비뉴 신세계사이먼프리미엄아울렛 제주점,,WEST,COMMERCIAL,상업지구,,서귀포시 안덕면,33.3049727,126.316352,제주특별자치도 서귀포시 안덕면 신화역사로304번길 38,https://tong.visitkorea.or.kr/cms/resource/20/4042420_image2_1.png,아이에비뉴는 트렌디한 아이웨어와 전문적인 검안 서비스를 제공하는 안경 전문 편집숍입니다.,"아이에비뉴는 트렌디한 아이웨어와 전문적인 검안 서비스를 제공하는 안경 전문 편집숍입니다. 다양한 하우스 브랜드 안경테를 한눈에 비교할 수 있으며, 개개인의 라이프스타일에 맞춘 최적의 시야를 선사합니다.",TOUR,,https://map.kakao.com/?q=아이에비뉴 신세계사이먼프리미엄아울렛 제주점
2887,아이엠제주 탠저비,,NORTH,COMMERCIAL,상업지구,,제주시 연동,33.4896668,126.4909706,제주특별자치도 제주시 삼무로 40 (연동) 1층,https://tong.visitkorea.or.kr/cms/resource/97/4024897_image2_1.jpg,아이엠제주는 '나 자신이 제주'라는 자부심으로 제주의 진정한 가치를 상품에 담아내는 로컬 브랜드입니다.,아이엠제주는 '나 자신이 제주'라는 자부심으로 제주의 진정한 가치를 상품에 담아내는 로컬 브랜드입니다. 제주의 자연과 문화를 현대적으로 재해석한 다채로운 기념품과 특산물을 통해 고객들에게 제주의 생명력을 전달합니다.,TOUR,,https://map.kakao.com/?q=아이엠제주 탠저비
2888,아일랜드 터프팅,,NORTH,EXPERIENCE,체험 활동 관광지,,제주시 이도2동,33.498038,126.5314367,"제주특별자치도 제주시 동고산로 1, 3층",https://api.cdn.visitjeju.net/photomng/imgpath/202311/22/066617b1-0c1d-4e16-8676-f03c4d458119.webp,형형색색의 실들로 다양한 나만의 소품을 만들어 볼 수 있는 공방,형형색색의 실들로 다양한 나만의 소품을 만들어 볼 수 있는 공방,VJ,,https://map.kakao.com/?q=아일랜드 터프팅
2889,아일랜드 프로젝트 본점,,NORTH,COMMERCIAL,상업지구,,제주시 삼도1동,33.5046918,126.516408,제주특별자치도 제주시 전농로 29 (삼도일동),https://tong.visitkorea.or.kr/cms/resource/55/4022755_image2_1.jpg,아일랜드 프로젝트는 제주의 정체성을 현대적인 패션 감각으로 재해석한 로컬 기반의 시티 캐주얼 브랜드입니다.,아일랜드 프로젝트는 제주의 정체성을 현대적인 패션 감각으로 재해석한 로컬 기반의 시티 캐주얼 브랜드입니다.,TOUR,,https://map.kakao.com/?q=아일랜드 프로젝트 본점
2890,아일랜드플라워,,EAST,EXPERIENCE,체험 활동 관광지,,서귀포시 성산읍,33.4242279,126.8499471,제주특별자치도 서귀포시 성산읍 서성일로 602,https://api.cdn.visitjeju.net/photomng/imgpath/202306/19/e8a0f80d-d892-41e5-a615-c9dd91a86f05.webp,먹이주기 체험이 가능한 작은 동물원,먹이주기 체험이 가능한 작은 동물원,VJ,,https://map.kakao.com/?q=아일랜드플라워
2891,아일로 서귀포점,,SOUTH,COMMERCIAL,상업지구,,서귀포시 정방동,33.2482161,126.5652204,제주특별자치도 서귀포시 중정로 84 (서귀동),https://tong.visitkorea.or.kr/cms/resource/96/4024296_image2_1.jpeg,아일로(AILO)는 일상의 소중함을 패션과 소품으로 기록하는 라이프스타일 디자인 브랜드입니다.,아일로(AILO)는 일상의 소중함을 패션과 소품으로 기록하는 라이프스타일 디자인 브랜드입니다. 담백하고 따뜻한 감성의 제품들을 통해 고객들이 매일매일 새로운 즐거움을 발견하고 자신만의 공간을 가꿀 수 있도록 응원합니다.,TOUR,,https://map.kakao.com/?q=아일로 서귀포점
2892,아일로사,,EAST,EXPERIENCE,체험 활동 관광지,,제주시 조천읍,33.5480388,126.6925813,제주특별자치도 제주시 조천읍 북촌5길 6 (북촌리) 아일로사,https://api.cdn.visitjeju.net/photomng/imgpath/202505/26/7aba1571-b635-43d7-a18d-58a9a1f634ce.webp,장미 수국 농원,장미 수국 농원,VJ,,https://map.kakao.com/?q=아일로사
2893,아크테릭스 신세계사이먼프리미엄아울렛 제주점,,WEST,COMMERCIAL,상업지구,,서귀포시 안덕면,33.3049727,126.316352,제주특별자치도 서귀포시 안덕면 신화역사로304번길 38 B1층,https://tong.visitkorea.or.kr/cms/resource/31/4045031_image2_1.png,아크테릭스는 캐나다의 거친 환경 속에서 탄생한 최상급 아웃도어 기어 브랜드입니다.,아크테릭스는 캐나다의 거친 환경 속에서 탄생한 최상급 아웃도어 기어 브랜드입니다. 타협하지 않는 기술력과 혁신적인 디자인의 고어텍스 재킷 등을 통해 전문 산악인들에게 독보적인 신뢰를 받고 있습니다.,TOUR,,https://map.kakao.com/?q=아크테릭스 신세계사이먼프리미엄아울렛 제주점
2894,아트박스 서귀포점,,SOUTH,COMMERCIAL,상업지구,,서귀포시 중앙동,33.2481015,126.5631077,제주특별자치도 서귀포시 중정로61번길 4 (서귀동),https://tong.visitkorea.or.kr/cms/resource/32/4045032_image2_1.png,아트박스는 감각적인 디자인 문구와 다채로운 소품을 판매하는 대한민국 라이프스타일 브랜드입니다.,아트박스는 감각적인 디자인 문구와 다채로운 소품을 판매하는 대한민국 라이프스타일 브랜드입니다. 트렌디한 캐릭터 상품과 실용적인 생활용품을 합리적인 가격에 제공해 젊은 세대와 외국인 관광객에게 즐거운 쇼핑 경험을 선사합니다.,TOUR,,https://map.kakao.com/?q=아트박스 서귀포점
2895,아트박스 제주시청점,,NORTH,COMMERCIAL,상업지구,,제주시 이도2동,33.4988858,126.5300133,제주특별자치도 제주시 중앙로 232 (이도이동),https://tong.visitkorea.or.kr/cms/resource/48/4020348_image2_1.jpg,아트박스는 감각적인 디자인 문구와 다채로운 소품을 판매하는 대한민국 라이프스타일 브랜드입니다.,아트박스는 감각적인 디자인 문구와 다채로운 소품을 판매하는 대한민국 라이프스타일 브랜드입니다. 트렌디한 캐릭터 상품과 실용적인 생활용품을 합리적인 가격에 제공해 젊은 세대와 외국인 관광객에게 즐거운 쇼핑 경험을 선사합니다.,TOUR,,https://map.kakao.com/?q=아트박스 제주시청점
2896,아트박스 제주연동점,,NORTH,COMMERCIAL,상업지구,,제주시 연동,33.4877225,126.4909514,제주특별자치도 제주시 신대로14길 51 (연동),https://tong.visitkorea.or.kr/cms/resource/92/4042792_image2_1.jpg,아트박스는 감각적인 디자인 문구와 다채로운 소품을 판매하는 대한민국 라이프스타일 브랜드입니다.,아트박스는 감각적인 디자인 문구와 다채로운 소품을 판매하는 대한민국 라이프스타일 브랜드입니다. 트렌디한 캐릭터 상품과 실용적인 생활용품을 합리적인 가격에 제공해 젊은 세대와 외국인 관광객에게 즐거운 쇼핑 경험을 선사합니다.,TOUR,,https://map.kakao.com/?q=아트박스 제주연동점
2897,아트박스 제주칠성점,,NORTH,COMMERCIAL,상업지구,,제주시 일도1동,33.5134974,126.5252006,제주특별자치도 제주시 관덕로11길 1 (일도일동),https://tong.visitkorea.or.kr/cms/resource/35/4020135_image2_1.jpg,아트박스는 감각적인 디자인 문구와 다채로운 소품을 판매하는 대한민국 라이프스타일 브랜드입니다.,아트박스는 감각적인 디자인 문구와 다채로운 소품을 판매하는 대한민국 라이프스타일 브랜드입니다. 트렌디한 캐릭터 상품과 실용적인 생활용품을 합리적인 가격에 제공해 젊은 세대와 외국인 관광객에게 즐거운 쇼핑 경험을 선사합니다.,TOUR,,https://map.kakao.com/?q=아트박스 제주칠성점
2898,아트진,,SOUTH,EXPERIENCE,체험 활동 관광지,,서귀포시 대천동,33.2536072,126.5086306,"제주특별자치도 서귀포시 신서로48번길 31 (강정동, 명성 클리닉 빌딩) 4층 아트진",https://api.cdn.visitjeju.net/photomng/imgpath/202308/03/c1ac4a1a-236f-45ce-9a5b-ba1c0db7d99b.webp,색연필 보태니컬아트 화실,색연필 보태니컬아트 화실,VJ,,https://map.kakao.com/?q=아트진
2899,아틀리에1950,,NORTH,EXPERIENCE,체험 활동 관광지,,제주시 연동,33.4919423,126.4904629,제주특별자치도 제주시 신광로1길 44 4층,https://api.cdn.visitjeju.net/photomng/imgpath/202306/19/3eb3c776-7b41-48d0-bba8-9b701fe3f3ca.webp,삶을 예술로 만드는 특별한 공예 체험,삶을 예술로 만드는 특별한 공예 체험,VJ,,https://map.kakao.com/?q=아틀리에1950
2900,안경사랑 제주시,,NORTH,COMMERCIAL,상업지구,,제주시 이도1동,33.5106291,126.5237978,제주특별자치도 제주시 중앙로 88 (이도일동),https://tong.visitkorea.or.kr/cms/resource/90/4024190_image2_1.jpg,안경사랑은 이름처럼 안경을 아끼고 고객의 눈을 사랑하는 진심 어린 안 보건 서비스를 약속합니다.,안경사랑은 이름처럼 안경을 아끼고 고객의 눈을 사랑하는 진심 어린 안 보건 서비스를 약속합니다. 정직한 시력 검사와 꼼꼼한 피팅 과정을 통해 고객에게 세상에서 가장 편안하고 따뜻한 시야를 선물합니다.,TOUR,,https://map.kakao.com/?q=안경사랑 제주시
2901,안나네꽃마을,,NORTH,COMMERCIAL,상업지구,,제주시 노형동,33.4765121,126.4788415,제주특별자치도 제주시 한라대학로 79,https://api.cdn.visitjeju.net/photomng/imgpath/201806/28/ac2071e3-ea69-4f44-8359-67a7186a5d99.webp,제주국제공항과 가까운 곳에 자리 잡고 있어 여행 전후로 많은 사람들이 찾는 꽃집 안나네꽃마을.,제주국제공항과 가까운 곳에 자리 잡고 있어 여행 전후로 많은 사람들이 찾는 꽃집 안나네꽃마을.,VJ,,https://map.kakao.com/?q=안나네꽃마을
2902,"안녕, 상이 친구들",,NORTH,EXPERIENCE,체험 활동 관광지,,제주시 아라동,33.4261379,126.5626925,제주특별자치도 제주시 아란7길 47,https://api.cdn.visitjeju.net/photomng/imgpath/202212/15/88d9687f-703a-43be-acae-13801299687d.webp,"안녕, 상이 친구들은 배냇 미용, 대형견, 사나운 친구(긍정&훈육&행동교정) 전문 반려견 미용실이다.","안녕, 상이 친구들은 배냇 미용, 대형견, 사나운 친구(긍정&훈육&행동교정) 전문 반려견 미용실이다.",VJ,,"https://map.kakao.com/?q=안녕, 상이 친구들"
2903,안녕성산,,EAST,COMMERCIAL,상업지구,,서귀포시 성산읍,33.4618698,126.9344418,제주특별자치도 서귀포시 성산읍 일출로 270-1,https://api.cdn.visitjeju.net/photomng/imgpath/202306/13/ee270298-5057-46de-ad23-7e0f3295c2fe.webp,성산일출봉에서 가기 좋은 기념품샵,성산일출봉에서 가기 좋은 기념품샵,VJ+TOUR,,https://map.kakao.com/?q=안녕성산
2904,안녕제주,,NORTH,COMMERCIAL,상업지구,,제주시 노형동,33.4858072,126.484562,제주특별자치도 제주시 노연로 42 (노형동) 1층,https://tong.visitkorea.or.kr/cms/resource/25/4022325_image2_1.jpg,안녕제주는 제주의 맑은 자연과 정겨운 인사를 담아낸 로컬 라이프스타일 및 선물 브랜드입니다.,안녕제주는 제주의 맑은 자연과 정겨운 인사를 담아낸 로컬 라이프스타일 및 선물 브랜드입니다. 제주에서 나고 자란 식재료와 감성적인 디자인 소품을 통해 고객들에게 제주 여행의 따뜻한 여운을 전합니다.,TOUR,,https://map.kakao.com/?q=안녕제주
2905,안덕 월라봉,,WEST,NATURE,자연관광지,,서귀포시 안덕면,33.243644,126.349773,제주특별자치도 서귀포시 안덕면 감산리,https://tong.visitkorea.or.kr/cms/resource/50/3026650_image2_1.jpg,"월라봉은 제주특별자치도 서귀포시 안덕면 감산리에 위치한 오름으로, 달이 떠오르는 모습을 닮아 이름 붙여졌으며 다래나무가 많아 다래오름이라고도…","월라봉은 제주특별자치도 서귀포시 안덕면 감산리에 위치한 오름으로, 달이 떠오르는 모습을 닮아 이름 붙여졌으며 다래나무가 많아 다래오름이라고도 불린다. 북동쪽과 남서쪽에 형성된 두 개의 말굽형 화구를 지닌 기생화산으로, 탐방로와 목재데크가 잘 조성되어 있어 비교적 편안하게 정상까지 오를 수 있다. 정상에서는 산방산과 화순 앞바다, 형제섬, 군산, 대평마을 등 제주 남서부의 풍경을 한눈에 조망할 수 있으며, 인근에는 박수기정과 안덕계곡도 자리하고 있다. 또한 일제강점기 화순항 방어를 위해 조성된 진지동굴 7기가 남아 있어 아름다운 자연경관과 함께 제주의 근현대사를 돌아볼 수 있는 다크투어리즘 명소로도 알려져 있다.",TOUR,,https://map.kakao.com/?q=안덕 월라봉
2906,안성리수국길,,WEST,TRAIL,산책로·둘레길,,서귀포시 대정읍,33.2696992,126.2837741,제주특별자치도 서귀포시 대정읍 안성리,https://tong.visitkorea.or.kr/cms/resource/77/3585277_image2_1.jpg,안성리수국길은 관광지로 개발된 곳이 아니라 마을에 살고 계신 노부부께서 돌담에 심어 놓은 수국들이 멋진 장관을 이뤄 사람들이 방문하여 유명해진…,안성리수국길은 관광지로 개발된 곳이 아니라 마을에 살고 계신 노부부께서 돌담에 심어 놓은 수국들이 멋진 장관을 이뤄 사람들이 방문하여 유명해진 곳이다. 개발 지역이 아니기에 주차장이 따로 마련되어 있지 않아 수국이 피는 시기에 방문하면 혼잡할 수 있다. 수국 개화 시기에 따라 다르지만 6월 중순쯤 마을에 들어서면 양쪽 돌담 사이 쭉 피어있는 수국 풍경을 감상할 수 있다. 수국이 만개하는 시기에는 아름다운 순간을 담기 위해 웨딩 촬영으로도 많이 온다. 관광명소로 개발된 곳이 아닌 주민들이 사는 동네이기에 조용히 감상하는 것이 좋다.,TOUR,,https://map.kakao.com/?q=안성리수국길
2907,"안세미 (명도오름,明道岳)",,NORTH,NATURE,자연관광지,,제주시 봉개동,33.4670191,126.6064134,제주특별자치도 제주시 봉개동 산2 ,https://api.cdn.visitjeju.net/photomng/imgpath/201804/30/56d46cbe-82c4-45e1-bb1e-15507c9e73ba.webp,청정 자연을 담은 맑은 샘이 있는 오름,청정 자연을 담은 맑은 샘이 있는 오름,VJ,,"https://map.kakao.com/?q=안세미 (명도오름,明道岳)"
2908,안온점,,WEST,COMMERCIAL,상업지구,,제주시 한림읍,33.4031019,126.2522613,제주특별자치도 제주시 한림읍 한림로 492 (옹포리) 2층,https://api.cdn.visitjeju.net/photomng/imgpath/202210/24/6eebf390-9519-4d10-8602-98c7d7729de0.webp,빈티지 인테리어 소품 판매와 라탄공방 원데이 클래스 및 정규 클래스가 가능한 곳,빈티지 인테리어 소품 판매와 라탄공방 원데이 클래스 및 정규 클래스가 가능한 곳,VJ,,https://map.kakao.com/?q=안온점
2909,안의울림 싱잉볼 마음챙김 원데이,,WEST,EXPERIENCE,체험 활동 관광지,,제주시 애월읍,33.465411,126.3120385,제주특별자치도 제주시 애월읍 애월북서길 15 (애월리) ,https://api.cdn.visitjeju.net/photomng/imgpath/202409/25/4d84361a-2b07-4e14-bf1b-bd2f85091675.webp,"싱잉볼의사운드와 진동안에서 휴식, 명상, 쉼을 통한 힐링프로그램을 진행합니다.","싱잉볼의사운드와 진동안에서 휴식, 명상, 쉼을 통한 힐링프로그램을 진행합니다.",VJ+TOUR,,https://map.kakao.com/?q=안의울림 싱잉볼 마음챙김 원데이
2910,안친오름,,EAST,NATURE,자연관광지,,제주시 구좌읍,33.477615,126.78664,제주특별자치도 제주시 구좌읍 송당리 880-1,https://api.cdn.visitjeju.net/photomng/imgpath/201804/30/269c38de-679e-4343-a66d-7004229a23bb.webp,가볍게 언덕오르면 멋진 풍경을 볼 수 있는 오름,가볍게 언덕오르면 멋진 풍경을 볼 수 있는 오름,VJ+TOUR,,https://map.kakao.com/?q=안친오름
2911,"알밤(알바매기, 알밤오름)",,EAST,NATURE,자연관광지,,제주시 조천읍,33.4777041,126.7135515,제주특별자치도 제주시 조천읍 선흘남4길 229,https://api.cdn.visitjeju.net/photomng/imgpath/201804/30/e0756790-460f-492b-b00b-47cebe527fef.webp,오름 모양이 밤알같이 생겼다하여 붙여진 오름,오름 모양이 밤알같이 생겼다하여 붙여진 오름,VJ,,"https://map.kakao.com/?q=알밤(알바매기, 알밤오름)"
2912,알오름,,EAST,NATURE,자연관광지,,서귀포시 표선면,33.32773,126.77738,제주특별자치도 서귀포시 표선면 토산리 산 11,https://api.cdn.visitjeju.net/photomng/imgpath/201804/30/343f029d-bdb7-47f0-b006-b86310623cd7.webp,새알을 연상하게하는 알오름,새알을 연상하게하는 알오름,VJ,,https://map.kakao.com/?q=알오름
2913,알오름(성산읍),,EAST,NATURE,자연관광지,,서귀포시 성산읍,33.476498,126.89701,제주특별자치도 서귀포시 성산읍 시흥상동로,https://api.cdn.visitjeju.net/photomng/imgpath/201804/30/1756fc27-3220-4334-b509-cac66b2c3ba0.webp,제주 동부를 한눈에 볼 수 있는 알오름,제주 동부를 한눈에 볼 수 있는 알오름,VJ,,https://map.kakao.com/?q=알오름(성산읍)
2914,알작지,,NORTH,NATURE,자연관광지,,제주시 외도동,33.4959341,126.4391301,제주특별자치도 제주시 테우해안로 60,https://api.cdn.visitjeju.net/photomng/imgpath/202111/15/bf98865a-7600-4a90-b7c2-a227efe05fc3.webp,사르륵 사르륵 자갈이 부서지는 소리.,사르륵 사르륵 자갈이 부서지는 소리. 파도가 부서지는 풍경,VJ+TOUR,,https://map.kakao.com/?q=알작지
2915,알제이,,WEST,EXPERIENCE,체험 활동 관광지,,제주시 애월읍,33.4379055,126.4273838,제주특별자치도 제주시 애월읍 평화로 2590,https://api.cdn.visitjeju.net/photomng/imgpath/202109/16/21c7ab99-19e8-4041-a409-3a505d836700.webp,안녕하세요 제주도 마을체험을 진행 & 개발하는 알제이입니다,안녕하세요 제주도 마을체험을 진행 & 개발하는 알제이입니다,VJ,,https://map.kakao.com/?q=알제이
2916,알프스제주,,EAST,LEISURE,레저·스포츠 관련 시설,,서귀포시 표선면,33.3984265,126.8026813,제주특별자치도 서귀포시 표선면 서성일로 73,https://tong.visitkorea.or.kr/cms/resource/82/1618182_image2_1.jpg,알프스제주는 제주도 서귀포시 표선면 성읍리에 위치한 승마장이다.,"알프스제주는 제주도 서귀포시 표선면 성읍리에 위치한 승마장이다. 이곳에서는 제주승마체험과 말 먹이주기 체험을 통해 아이들이 자연과 교감할 수 있고, 넓은 초원에서 자유롭게 뛰놀며 즐거운 시간을 보낼 수 있다. 동시에 부모님은 편안하게 제주카페 공간에서 향긋한 커피 한 잔을 즐기며 여유를 느낄 수 있다. 승마체험은 남녀노소 누구나 도전해볼 수 있으며, 안전한 코스와 친절한 안내로 처음하는 사람들도 걱정없이 즐길 수 있다.",TOUR,,https://map.kakao.com/?q=알프스제주
2917,암퀘스트 농업회사법인 주식회사,,SOUTH,EXPERIENCE,체험 활동 관광지,,서귀포시 남원읍,33.3084826,126.7147813,제주특별자치도 서귀포시 남원읍 서의로 234,https://api.cdn.visitjeju.net/photomng/imgpath/202605/21/d1a6415e-ab01-450a-94fa-2395ef69b23b.webp,"100% 제주 감귤 원액을 인고의 시간으로 증류하여 본질을 담아내는 프리미엄 증류소, 암퀘스트입니다.","100% 제주 감귤 원액을 인고의 시간으로 증류하여 본질을 담아내는 프리미엄 증류소, 암퀘스트입니다. 세계가 인정한 명품 크래프트 스피릿 '탐모라'의 탄생 과정을 만나보세요.",VJ,,https://map.kakao.com/?q=암퀘스트 농업회사법인 주식회사
2918,앙리젤,,NORTH,EXPERIENCE,체험 활동 관광지,,제주시 노형동,33.483098,126.4772312,제주특별자치도 제주시 노형12길 23,https://api.cdn.visitjeju.net/photomng/imgpath/202212/15/689ad758-85d2-4093-915a-b689684554d4.webp,앙리젤은 노형에 위치한 프리미엄 펫 토탈샵이다.,앙리젤은 노형에 위치한 프리미엄 펫 토탈샵이다. 다른 곳에서는 쉽게 볼 수 없는 제품부터 국내산 재료로 만든 건강한 간식까지 구매 가능하다.,VJ,,https://map.kakao.com/?q=앙리젤
2919,애월스쿠버,,WEST,EXPERIENCE,체험 활동 관광지,,제주시 애월읍,33.4661668,126.3216797,제주특별자치도 제주시 애월읍 애월로13길 45,https://api.cdn.visitjeju.net/photomng/imgpath/202005/11/b37c628f-9b5e-4188-95b4-15fa4c60016c.webp,"애월스쿠버 체험다이빙, 초급자격증부터 고급과정까지 교육","애월스쿠버 체험다이빙, 초급자격증부터 고급과정까지 교육",VJ,,https://map.kakao.com/?q=애월스쿠버
2920,애월아안녕,,WEST,COMMERCIAL,상업지구,,제주시 애월읍,33.487621,126.3905865,제주특별자치도 제주시 애월읍 애월해안로 869,https://api.cdn.visitjeju.net/photomng/imgpath/202306/13/7dc77fd7-3bbc-4a91-abac-05dfbc0eb2ba.webp,작지만 알찬 제주 기념품 판매점,작지만 알찬 제주 기념품 판매점,VJ,,https://map.kakao.com/?q=애월아안녕
2921,애월연대,,WEST,CULTURE,문화시설,,제주시 애월읍,33.46564,126.31318,제주특별자치도 제주시 애월읍 애월리 1975,https://api.cdn.visitjeju.net/photomng/imgpath/201804/30/f1383d4d-d905-4d39-8afa-73158c4c5725.webp,횃불과 연기를 이용하여 정치·군사적으로 급한 소식을 전하던 통신수단 애월 연대,횃불과 연기를 이용하여 정치·군사적으로 급한 소식을 전하던 통신수단 애월 연대,VJ,,https://map.kakao.com/?q=애월연대
2922,애월읍소길리풋감마을,,WEST,EXPERIENCE,체험 활동 관광지,,제주시 애월읍,33.440056,126.380005,제주시 애월읍 소길1길 15,https://api.cdn.visitjeju.net/photomng/imgpath/201804/30/1929fd36-fbac-414d-aa01-b9d1110b5bbd.webp,옛 '올레'길이 그대로 살아 숨쉬는 마을,옛 '올레'길이 그대로 살아 숨쉬는 마을,VJ,,https://map.kakao.com/?q=애월읍소길리풋감마을
2923,애월이색체험알레스팜,,WEST,EXPERIENCE,체험 활동 관광지,,제주시 애월읍,33.43215,126.3206576,제주특별자치도 제주시 애월읍 중산간서로 5397,https://api.cdn.visitjeju.net/photomng/imgpath/202511/19/cb8cf273-8a72-4d10-855e-dbaa7f39a2ef.webp,다양한 체험 프로그램이 가득한 제주 감귤밭 농장,다양한 체험 프로그램이 가득한 제주 감귤밭 농장,VJ,,https://map.kakao.com/?q=애월이색체험알레스팜
2924,애월한담공원,,WEST,NATURE,자연관광지,,제주시 애월읍,33.4600288,126.3112645,제주특별자치도 제주시 애월읍 애월로 11,https://tong.visitkorea.or.kr/cms/resource/01/3056601_image2_1.jpg,애월읍 애월리에 있는 애월한담공원은 바다를 조망할 수 있는 해안가 공원이다.,"애월읍 애월리에 있는 애월한담공원은 바다를 조망할 수 있는 해안가 공원이다. 공원에는 1992년 8월에 설치한 물허벅여인상이 있고, 제주의 에메랄드빛 바다를 한눈에 담을 수 있다. 애월한담공원에는 무료 주차장이 설치되어 있어 편리하게 공원을 산책할 수 있으며, 공원 아래에는 애월 해안산책로가 잘 조성되어 있어 애월여행에서 빠질 수 없는 코스이다. 제주 올레길 15코스가 지나는 둘레길이 운영되고 있어 올레길 트레킹을 즐길 수 있으며, 공원이 애월 카페거리와 인접해 있어 산책 후 전망 좋은 카페에 들러 여유로운 시간을 보낼 수 있다.",TOUR,,https://map.kakao.com/?q=애월한담공원
2925,애월환해장성,,WEST,CULTURE,문화시설,,제주시 애월읍,33.4683273,126.3130121,제주특별자치도 제주시 애월읍 애월로3길 60,https://api.cdn.visitjeju.net/photomng/imgpath/201804/30/4eab2335-93af-405c-8ad4-45e4f813f301.webp,제주를 지키던 ‘제주의 만리장성’의 흔적이 남아있는 곳,제주를 지키던 ‘제주의 만리장성’의 흔적이 남아있는 곳,VJ,,https://map.kakao.com/?q=애월환해장성
2926,액티브파크 제주,,WEST,EXPERIENCE,체험 활동 관광지,,제주시 한림읍,33.3598575,126.2460727,제주특별자치도 제주시 한림읍 금능남로 76,https://api.cdn.visitjeju.net/photomng/imgpath/202409/24/a9758b25-edfb-43ad-b21a-51fb1022ac62.webp,"클라이밍 놀이시설의 세계적인 브랜드'클립앤클라임' 센터와 함께 키즈카페, 레저카트 등을 통해 액티브한 즐거움을 선사한다.","클라이밍 놀이시설의 세계적인 브랜드'클립앤클라임' 센터와 함께 키즈카페, 레저카트 등을 통해 액티브한 즐거움을 선사한다.",VJ,,https://map.kakao.com/?q=액티브파크 제주
2927,양키캔들 제주칠성로점,,NORTH,COMMERCIAL,상업지구,,제주시 일도1동,33.5154157,126.5257316,제주특별자치도 제주시 중앙로5길 9 (일도일동) 1층,https://tong.visitkorea.or.kr/cms/resource/45/4022745_image2_1.jpg,양키캔들(Yankee Candle)은 전 세계 향기 시장을 선도하는 글로벌 프리미엄 캔버스 향기 브랜드입니다.,양키캔들(Yankee Candle)은 전 세계 향기 시장을 선도하는 글로벌 프리미엄 캔버스 향기 브랜드입니다. 수백 가지의 다채로운 향기를 담은 향초와 디퓨저를 통해 고객의 공간에 안락한 분위기와 소중한 향의 기억을 채워줍니다.,TOUR,,https://map.kakao.com/?q=양키캔들 제주칠성로점
2928,어라운드폴리,,EAST,LEISURE,레저·스포츠 관련 시설,,서귀포시 성산읍,33.4157889,126.8359612,제주특별자치도 서귀포시 성산읍 서성일로 433,https://tong.visitkorea.or.kr/cms/resource/30/4073230_image2_1.jpg,어라운드폴리는 제주특별시 서귀포시 성산읍에 위치하고 있다.,어라운드폴리는 제주특별시 서귀포시 성산읍에 위치하고 있다. 기존의 호텔과 캠핑의 경계를 허물며 신개념 캠핑 문화를 선보이고 있다. 제주도 중산간의 아름다움과 개성 있는 숙소를 경험할 수 있다. 1인 캠핑 장비부터 가족 단위로 이용할 수 있는 캠핑 장비까지 캠핑을 처음 경험하는 사람도 쉽게 이용할 수 있도록 준비되어 있다.,TOUR,,https://map.kakao.com/?q=어라운드폴리
2929,어리목계곡,,NORTH,NATURE,자연관광지,,제주시 연동,33.3917738,126.4945012,제주특별자치도 제주시 1100로 2070-61,https://api.cdn.visitjeju.net/photomng/imgpath/201804/30/20d38426-f35f-4493-a6d3-1bbe78153ad1.webp,"한라산 속의 신비로운 계곡, 사제비동산, 만세동산, 윗세오름 대피소로 이어지는 어리목탐방로에 위치한 계곡","한라산 속의 신비로운 계곡, 사제비동산, 만세동산, 윗세오름 대피소로 이어지는 어리목탐방로에 위치한 계곡",VJ,,https://map.kakao.com/?q=어리목계곡
2930,어리목탐방안내소,,NORTH,CULTURE,문화시설,,제주시 연동,33.392979,126.495379,제주특별자치도 제주시 1100로 2070-61 (해안동),https://tong.visitkorea.or.kr/cms/resource/94/4073694_image2_1.jpg,"한라산 어리목탐방안내소는 한라산 어리목 탐방로 주차장, 어승생악 입구 옆에 있다.","한라산 어리목탐방안내소는 한라산 어리목 탐방로 주차장, 어승생악 입구 옆에 있다. 한라산 탐방 정보와 한라산의 탄생, 역사, 지질, 전설, 생태 등 이해를 돕기 위한 전시공간으로 이루어져 있다. 1~3전시실과 함께 어린이 체험학습장, 영상실, 포토존 등이 있다. 영상실에서는 한라산 및 제주 세계자연유산 홍보영상을 관람할 수 있고 탐방로 입구, 한라산 탐방로, 어리목 등에 설치된 실시간 CCTV 장면도 확인할 수 있다. 한라산 탐방로 가이드와 산행 안전 수칙, 한라산 보호 활동 등 등반과 환경 활동에 필요한 정보를 얻을 수 있어 산행 전 둘러보기 좋다.",TOUR,관광지인지 확인(도서관·교회·골프 등),https://map.kakao.com/?q=어리목탐방안내소
2931,어메이징크리 제주점,,NORTH,COMMERCIAL,상업지구,,제주시 연동,33.4815733,126.4882051,제주특별자치도 제주시 연북로 66 (연동),https://tong.visitkorea.or.kr/cms/resource/63/4042263_image2_1.png,어메이징크리(AMAZINGCRE)는 독창적인 3D 입체 디자인과 고기능성 소재로 골프웨어의 새로운 패러다임을 제시하는 브랜드입니다.,어메이징크리(AMAZINGCRE)는 독창적인 3D 입체 디자인과 고기능성 소재로 골프웨어의 새로운 패러다임을 제시하는 브랜드입니다. 필드 위 압도적인 존재감을 드러내는 강렬한 로고와 인체공학적 설계로 골퍼의 퍼포먼스를 극대화합니다.,TOUR,,https://map.kakao.com/?q=어메이징크리 제주점
2932,어바웃제주,,NORTH,COMMERCIAL,상업지구,,제주시 이호동,33.5026913,126.4568685,제주특별자치도 제주시 서해안로 66,https://api.cdn.visitjeju.net/photomng/imgpath/202306/13/d1492df0-a088-4e30-881f-0fa97eed1668.webp,이호테우 말 등대 근처 공방 겸 소품샵,이호테우 말 등대 근처 공방 겸 소품샵,VJ,,https://map.kakao.com/?q=어바웃제주
2933,어승생,,NORTH,NATURE,자연관광지,,제주시 연동,33.3856594,126.5067522,제주특별자치도 제주시 해안동 산220-12 (일대),https://tong.visitkorea.or.kr/cms/resource/72/3555172_image2_1.jpg,정상에는 둘레 약 250m가량의 원형 화구호(火口湖)가 있으나 늘 물이 고여있지는 않다.,"정상에는 둘레 약 250m가량의 원형 화구호(火口湖)가 있으나 늘 물이 고여있지는 않다. 남서쪽에는 외도천 상류, 동쪽에는 도근천 상류를 끼고 있다. 오름 정상에는 일제시대 일본군이 설치했던 화포 시설 잔해가 남아 있으며, 남사면 중턱에는 샘이 있다. ‘어승생오름’ 북쪽 기슭에 한밝저수지가 있는데, 명마의 산지로 이름났던 어승생에서 발원하는 물이 계곡을 타서 이곳에 모인다. 현재는 중산간 지대의 수원인 어승생저수지로 사용되고 있다. 민간에서는 어스승이, 어스싱이라고 한다. 어승생(御乘生)은 한자의 뜻 그대로 임금이 타는 말(御乘馬)이 낳기 때문에 붙인 것이라면 음독자로 어승생의 표기라 할 수 있는데, 민간의 어스승이, 어스싱이 등을 고려하면 음가자의 결합 표기라 할 수 있다.

(출처 : 제주 문화관광 홈페이지)",TOUR,,https://map.kakao.com/?q=어승생
2934,어승생악,,NORTH,NATURE,자연관광지,,제주시 연동,33.397373,126.49035,제주특별자치도 제주시 해안동 1100도로 555번지 (해안동 산220-12번지),https://api.cdn.visitjeju.net/photomng/imgpath/201804/30/8245b749-c9f5-42f6-99b9-acd1f639722e.webp,죽기 전에 꼭 가봐야 할 국내 최고의 여행지,죽기 전에 꼭 가봐야 할 국내 최고의 여행지,VJ,,https://map.kakao.com/?q=어승생악
2935,어코드 제주,,NORTH,COMMERCIAL,상업지구,,제주시 도두동,33.5101799,126.4816306,제주특별자치도 제주시 서해안로 342 (도두이동) 2층,https://tong.visitkorea.or.kr/cms/resource/00/4024300_image2_1.jpeg,어코드(ACCORD)는 '조화'라는 이름처럼 고객의 일상과 패션이 완벽하게 어우러지는 스타일을 제안하는 브랜드입니다.,어코드(ACCORD)는 '조화'라는 이름처럼 고객의 일상과 패션이 완벽하게 어우러지는 스타일을 제안하는 브랜드입니다. 정제된 실루엣과 고급스러운 소재를 사용하여 평범한 일상을 더욱 품격 있게 만들어주는 아이템들을 선보입니다.,TOUR,,https://map.kakao.com/?q=어코드 제주
2936,언더더씨 스쿠버다이빙,,SOUTH,EXPERIENCE,체험 활동 관광지,,서귀포시 송산동,33.244269,126.5671304,제주특별자치도 서귀포시 소암로12번길 9,https://api.cdn.visitjeju.net/photomng/imgpath/202306/19/051940a0-8a7a-4265-9a5e-70286223f479.webp,심해로 빠져드는 스쿠버 다이빙 체험,심해로 빠져드는 스쿠버 다이빙 체험,VJ,,https://map.kakao.com/?q=언더더씨 스쿠버다이빙
2937,언제라도 북스,,EAST,COMMERCIAL,상업지구,,제주시 구좌읍,33.5204746,126.8875582,제주특별자치도 제주시 구좌읍 문주란로5길 34-2,https://api.cdn.visitjeju.net/photomng/imgpath/201908/28/4b27f2e0-568a-4df1-8257-0f72118961e5.webp,바닷가와 가까운 조용한 마을에 자리 잡은 서점,바닷가와 가까운 조용한 마을에 자리 잡은 서점,VJ,,https://map.kakao.com/?q=언제라도 북스
2938,얼리스프링플라워,,NORTH,COMMERCIAL,상업지구,,제주시 이도2동,33.4875778,126.5345648,제주특별자치도 제주시 구남동2길 45-12,https://api.cdn.visitjeju.net/photomng/imgpath/201806/28/a8a01ddd-9803-46b7-b8b8-e01aa28bc467.webp,"작은 규모이지만 플라워 클래스와 웨딩, 화분, 가드닝을 모두 진행하고 있는 얼리스프링 플라워스튜디오.","작은 규모이지만 플라워 클래스와 웨딩, 화분, 가드닝을 모두 진행하고 있는 얼리스프링 플라워스튜디오.",VJ,,https://map.kakao.com/?q=얼리스프링플라워
2939,엄바위장승,,NORTH,CULTURE,문화시설,,제주시 추자면,33.952473,126.32899,제주특별자치도 제주시 추자면 예초리 산 52,https://api.cdn.visitjeju.net/photomng/imgpath/201804/30/dafdc92b-33c1-4ed1-9586-c322ce43b960.webp,억발장사라고도 불리는 장승으로 주민들이 소원을 비는 장승,억발장사라고도 불리는 장승으로 주민들이 소원을 비는 장승,VJ,주소를 좌표로 다시 구함,https://map.kakao.com/?q=엄바위장승
2940,엄브로 제주점,,NORTH,COMMERCIAL,상업지구,,제주시 연동,33.4860127,126.4902167,제주특별자치도 제주시 노연로 93 (연동),https://tong.visitkorea.or.kr/cms/resource/04/4045704_image2_1.jpg,엄브로는 영국의 축구 헤리티지를 기반으로 한 글로벌 스포츠 브랜드입니다.,"엄브로는 영국의 축구 헤리티지를 기반으로 한 글로벌 스포츠 브랜드입니다. 클래식한 감성에 현대적인 트렌드를 접목한 디자인의 의류와 용품을 선보이며, 스포츠와 일상을 아우르는 스포티한 룩을 제안합니다.",TOUR,,https://map.kakao.com/?q=엄브로 제주점
2941,업다이브,,SOUTH,EXPERIENCE,체험 활동 관광지,,서귀포시 효돈동,33.2510412,126.6197745,제주특별자치도 서귀포시 하효중앙로 6,https://api.cdn.visitjeju.net/photomng/imgpath/202605/08/9cf3c36a-8a2b-407c-bf31-e3fab3f4ef1d.jpg,친절한 부부강사가 운영하는 안전하고 즐거운 다이빙을 제공하는 전문 스킨스쿠버다이빙샵입니다.,친절한 부부강사가 운영하는 안전하고 즐거운 다이빙을 제공하는 전문 스킨스쿠버다이빙샵입니다.,VJ,,https://map.kakao.com/?q=업다이브
2942,엉덩물계곡,,SOUTH,TRAIL,산책로·둘레길,,서귀포시 예래동,33.2464,126.414536,제주특별자치도 서귀포시 중문관광로 192,https://api.cdn.visitjeju.net/photomng/imgpath/201804/30/1c3e9213-60c9-4669-adb1-5b805ff95982.webp,중문관광단지에 위치한 산책하기 좋은 계곡,중문관광단지에 위치한 산책하기 좋은 계곡,VJ+TOUR,,https://map.kakao.com/?q=엉덩물계곡
2943,엉또돌다카페앤농원,,SOUTH,NATURE,자연관광지,,서귀포시 대천동,33.2633394,126.4943532,제주특별자치도 서귀포시 월산로 30 (강정동),https://tong.visitkorea.or.kr/cms/resource/87/3071687_image2_1.jpg,엉또돌다카페&농원은 제주 서귀포 엉또폭포 근처에 위치한 감귤따기 체험 농장 겸 카페이다.,"엉또돌다카페&농원은 제주 서귀포 엉또폭포 근처에 위치한 감귤따기 체험 농장 겸 카페이다. ‘돌다’는 맛있다라는 제주도 방언이다. 감귤농원은 지대가 높은 곳에 위치해 제주 서귀포가 한눈에 보이고 전망이 좋다. 
넓은 농원 안에는 다양한 포토존이 있어 귤따기 체험을 하며 귤밭에서의 추억을 남길 수 있다. 감귤따기 체험시 귀여운 감귤모자와 감귤컨셉의 소품들을 무료로 대여해준다. 포토존은 체험객이 아니더라도 무료로 이용가능하다. 카페에서는 커피와 귤을 이용한 음료 등을 판매하며 귤과 제주특산품 등을 판매하고 있다. 
제주올레길 7 -1코스와도 가까워 올레길을 걷다가 잠시 들려도 좋다. 귤 수확시기인 10월말부터 1월말까지 유동적으로 운영하므로 사전에 운영 여부를 확인하고 방문하는 것이 좋겠다.",TOUR,,https://map.kakao.com/?q=엉또돌다카페앤농원
2944,엉또폭포,,SOUTH,NATURE,자연관광지,,서귀포시 대천동,33.2683552,126.4999688,제주특별자치도 서귀포시 염돈로 121-8 (강정동),https://api.cdn.visitjeju.net/photomng/imgpath/201907/29/ff2dec9d-fed7-4878-84ee-534ba4125ecf.webp,비가 가득 쏟아지면 위용스러운 자태를 드러내는 서귀포 70경 중 하나인 엉또 폭포,비가 가득 쏟아지면 위용스러운 자태를 드러내는 서귀포 70경 중 하나인 엉또 폭포,VJ+TOUR,,https://map.kakao.com/?q=엉또폭포
2945,엉알해안,,WEST,NATURE,자연관광지,,제주시 한경면,33.2995702,126.1674244,제주특별자치도 제주시 한경면 고산리 3427-33,https://api.cdn.visitjeju.net/photomng/imgpath/201804/30/cb8bd9a4-d0fb-48cb-8083-a43b027dcf97.webp,해안절벽과 낙조가 아름다운 해안,해안절벽과 낙조가 아름다운 해안,VJ+TOUR,,https://map.kakao.com/?q=엉알해안
2946,엉알해안산책로,,WEST,TRAIL,산책로·둘레길,,제주시 한경면,33.3079446,126.164135,제주특별자치도 제주시 한경면 노을해안로 1143,https://api.cdn.visitjeju.net/photomng/imgpath/201908/22/006f2cc3-0484-403a-90bb-a1df70964239.webp,화산재가 쌓여 이루어진 웅장한 지층과 낙조가 아름다운 산책로,화산재가 쌓여 이루어진 웅장한 지층과 낙조가 아름다운 산책로,VJ+TOUR,,https://map.kakao.com/?q=엉알해안산책로
2947,에브리바디빈티지,,NORTH,COMMERCIAL,상업지구,,제주시 이도1동,33.5105024,126.5234417,제주특별자치도 제주시 관덕로8길 31,https://api.cdn.visitjeju.net/photomng/imgpath/201812/19/5fe52f05-6041-4fda-80ef-13b157a17261.webp,중앙로 부근에 위치한 빈티지 가게,중앙로 부근에 위치한 빈티지 가게,VJ+TOUR,,https://map.kakao.com/?q=에브리바디빈티지
2948,에스마켓 서귀포점,,SOUTH,COMMERCIAL,상업지구,,서귀포시 중앙동,33.2480324,126.5627987,제주특별자치도 서귀포시 중정로61번길 1 (서귀동) 1층,https://tong.visitkorea.or.kr/cms/resource/04/4017304_image2_1.jpg,에스마켓은 전 세계 인기 브랜드의 신발을 한눈에 비교하고 실속 있게 구매할 수 있는 신발 전문 멀티숍입니다.,"에스마켓은 전 세계 인기 브랜드의 신발을 한눈에 비교하고 실속 있게 구매할 수 있는 신발 전문 멀티숍입니다. 운동화부터 샌들, 정장 구두까지 폭넓은 카테고리를 합리적인 가격과 최상의 서비스로 제공합니다.",TOUR,,https://map.kakao.com/?q=에스마켓 서귀포점
2949,에스마켓 신제주점,,NORTH,COMMERCIAL,상업지구,,제주시 연동,33.4873407,126.4902502,제주특별자치도 제주시 신광로 53 (연동) 1층,https://tong.visitkorea.or.kr/cms/resource/80/4017180_image2_1.jpg,에스마켓은 전 세계 인기 브랜드의 신발을 한눈에 비교하고 실속 있게 구매할 수 있는 신발 전문 멀티숍입니다.,"에스마켓은 전 세계 인기 브랜드의 신발을 한눈에 비교하고 실속 있게 구매할 수 있는 신발 전문 멀티숍입니다. 운동화부터 샌들, 정장 구두까지 폭넓은 카테고리를 합리적인 가격과 최상의 서비스로 제공합니다.",TOUR,,https://map.kakao.com/?q=에스마켓 신제주점
2950,에스마켓 제주칠성점,,NORTH,COMMERCIAL,상업지구,,제주시 일도1동,33.513746,126.5253202,제주특별자치도 제주시 관덕로11길 7 (일도일동) 1층,https://tong.visitkorea.or.kr/cms/resource/98/4042398_image2_1.jpg,에스마켓은 전 세계 인기 브랜드의 신발을 한눈에 비교하고 실속 있게 구매할 수 있는 신발 전문 멀티숍입니다.,"에스마켓은 전 세계 인기 브랜드의 신발을 한눈에 비교하고 실속 있게 구매할 수 있는 신발 전문 멀티숍입니다. 운동화부터 샌들, 정장 구두까지 폭넓은 카테고리를 합리적인 가격과 최상의 서비스로 제공합니다.",TOUR,,https://map.kakao.com/?q=에스마켓 제주칠성점
2951,에스콰이아 제주점,,NORTH,COMMERCIAL,상업지구,,제주시 일도1동,33.5157409,126.5254755,제주특별자치도 제주시 관덕로11길 29 (일도일동),https://tong.visitkorea.or.kr/cms/resource/09/4020409_image2_1.jpg,에스콰이아는 60년 이상의 전통을 자랑하는 대한민국 대표 제화 브랜드입니다.,에스콰이아는 60년 이상의 전통을 자랑하는 대한민국 대표 제화 브랜드입니다. 장인 정신이 깃든 정교한 구두 제작 기술과 현대적인 감각을 결합하여 편안하면서도 품격 있는 신발을 선보입니다.,TOUR,,https://map.kakao.com/?q=에스콰이아 제주점
2952,에어그라운드,,SOUTH,LEISURE,레저·스포츠 관련 시설,,서귀포시 남원읍,33.2820518,126.7465527,제주특별자치도 서귀포시 남원읍 남태해안로 439,https://tong.visitkorea.or.kr/cms/resource/47/4073247_image2_1.jpg,에어그라운드 캠핑장은 서귀포 남원읍 태흥포구 옆에 있는 카라반 캠핑장이다.,에어그라운드 캠핑장은 서귀포 남원읍 태흥포구 옆에 있는 카라반 캠핑장이다. 이곳 카라반은 둥글고 반짝이는 모양으로 최근 인기를 끌고 있는 에어스트림 모델로만 구성되어 있다. 뿐만 아니라 제법 넓은 잔디밭을 중간에 두고 빙 둘러 카라반이 배치되어 있어 사진 찍기를 좋아하는 사람들에게 특히 인기가 높다. 바로 앞이 바다이고 뒤로 한라산 자락이 보이는 캠핑장이다.,TOUR,,https://map.kakao.com/?q=에어그라운드
2953,에이플러스건강식품,,NORTH,COMMERCIAL,상업지구,,제주시 연동,33.4857448,126.4874566,제주특별자치도 제주시 노연로 70 (연동) 1층,https://tong.visitkorea.or.kr/cms/resource/02/4024302_image2_1.jpeg,에이플러스건강식품은 최상급(A+) 품질의 원료와 정직한 제조 공정을 통해 현대인의 건강 증진을 돕는 전문 브랜드입니다.,에이플러스건강식품은 최상급(A+) 품질의 원료와 정직한 제조 공정을 통해 현대인의 건강 증진을 돕는 전문 브랜드입니다. 믿을 수 있는 영양 정보를 바탕으로 맞춤형 건강 솔루션을 제안하여 고객의 활기찬 삶을 든든하게 지원합니다.,TOUR,,https://map.kakao.com/?q=에이플러스건강식품
2954,에잇세컨즈 서귀포점,,SOUTH,COMMERCIAL,상업지구,,서귀포시 중앙동,33.248264,126.5637216,제주특별자치도 서귀포시 중정로 69 (서귀동) 1층,https://tong.visitkorea.or.kr/cms/resource/14/4024414_image2_1.jpeg,"에잇세컨즈는 삼성물산이 운영하는 K-패션 SPA 브랜드로, 빠르게 변화하는 패션 트렌드를 반영합니다.","에잇세컨즈는 삼성물산이 운영하는 K-패션 SPA 브랜드로, 빠르게 변화하는 패션 트렌드를 반영합니다. 트렌디한 디자인의 제품을 합리적인 가격에 선보여 한국형 패스트패션 브랜드로 자리 잡고 있습니다.",TOUR,,https://map.kakao.com/?q=에잇세컨즈 서귀포점
2955,에잇세컨즈 제주중앙점,,NORTH,COMMERCIAL,상업지구,,제주시 일도1동,33.5152281,126.5253343,제주특별자치도 제주시 중앙로5길 6 (일도일동) 1층,https://tong.visitkorea.or.kr/cms/resource/50/4020350_image2_1.jpg,"에잇세컨즈는 삼성물산이 운영하는 K-패션 SPA 브랜드로, 빠르게 변화하는 패션 트렌드를 반영합니다.","에잇세컨즈는 삼성물산이 운영하는 K-패션 SPA 브랜드로, 빠르게 변화하는 패션 트렌드를 반영합니다. 트렌디한 디자인의 제품을 합리적인 가격에 선보여 한국형 패스트패션 브랜드로 자리 잡고 있습니다.",TOUR,,https://map.kakao.com/?q=에잇세컨즈 제주중앙점
2956,에코그린캠핑장,,WEST,LEISURE,레저·스포츠 관련 시설,,제주시 애월읍,33.4442751,126.3335354,제주특별자치도 제주시 애월읍 중산간서로 5587,https://tong.visitkorea.or.kr/cms/resource/40/2756240_image2_1.jpg,에코그린캠핑장은 제주특별자치도 제주시 애월읍에 위치하고 있다.,"에코그린캠핑장은 제주특별자치도 제주시 애월읍에 위치하고 있다. 제주공항 20km, 제주항 22km, 제주시내권 15분 거리, 제주캠핑에 최적화된 캠핑장이다. 6X7 넓은 데크사이트, 카라반과 캠핑카 수용이 가능하며 12X8 넓은 자갈사이트가 제주에서 가장 넓은 사이트를 자랑한다. 한 텐트규모에 따라 사이트 내 사이드 주차로 편안한 오토캠핑을 즐길 수 있다. 최대 수용 인원이 사용하여도 여유롭고, 청결한 시설로 캠퍼분들에 만족도를 높였다. 캠핑장 전체를 감싸고 있는 돌담과 관리동 건물에 쌓아진 돌담이 제주 감성을 더 한다.",TOUR,,https://map.kakao.com/?q=에코그린캠핑장
2957,에코승마아카데미,,EAST,EXPERIENCE,체험 활동 관광지,,제주시 조천읍,33.4180631,126.6534847,제주특별자치도 제주시 조천읍 비자림로 1065,https://api.cdn.visitjeju.net/photomng/imgpath/202306/19/a0bc3f37-c8d7-4b32-8b59-0bb59b815d86.webp,우거진 숲속에서 즐기는 승마 체험,우거진 숲속에서 즐기는 승마 체험,VJ,,https://map.kakao.com/?q=에코승마아카데미
2958,에코승마아카데미,,EAST,LEISURE,레저·스포츠 관련 시설,,제주시 조천읍,33.4344784,126.7188561,제주특별자치도 제주시 조천읍 비자림로 1065,https://tong.visitkorea.or.kr/cms/resource/25/3071825_image2_1.jpg,에코승마아카데미는 조천읍 사려니숲 근처에 위치한 승마장으로 제주도의 아름다운 자연 속에서 승마를 즐길 수 있는 곳으로도 유명하다.,"에코승마아카데미는 조천읍 사려니숲 근처에 위치한 승마장으로 제주도의 아름다운 자연 속에서 승마를 즐길 수 있는 곳으로도 유명하다. 이곳은 10여 년에 걸쳐 제주에서 수많은 승마인을 키워낸 곳으로, 초보자부터 고급 기승자까지 함께 승마를 즐길 수 있는 교육장이기도 하다. 특히 어린이가 말과 교감할 수 있는 체험 승마가 인기 있으며, 귀여운 말을 타고 힐링을 즐길 수 있는 게 강점이다. 이곳의 체험 승마 프로그램은 숲속 승마, 계곡 승마, 초원 승마가 있다. 실내 혹은 지정된 코스를 반복해서 돌지 않고 교래리의 숲과 계곡에서 승마를 체험할 수 있다. 목장 내에서 승마에 대한 기초 교육을 마치면 전문 강사의 안내를 받으며 말을 타고 제주의 숲과 계곡을 체험하게 된다. 하루 전날 전화예약이 필수이므로 참고하길 바란다.",TOUR,,https://map.kakao.com/?q=에코승마아카데미
2959,엠 할리데이 제주점,,NORTH,COMMERCIAL,상업지구,,제주시 일도1동,33.5128377,126.5244401,제주특별자치도 제주시 중앙로 60 (일도일동),https://tong.visitkorea.or.kr/cms/resource/62/4045062_image2_1.png,엠(M)은 미니멀한 감성과 모던한 라이프스타일을 지향하는 패션 및 디자인 브랜드입니다.,엠(M)은 미니멀한 감성과 모던한 라이프스타일을 지향하는 패션 및 디자인 브랜드입니다. 군더더기를 덜어낸 간결한 실루엣의 제품들을 통해 고객의 일상에 차분한 품격과 현대적인 감각을 더해줍니다.,TOUR,,https://map.kakao.com/?q=엠 할리데이 제주점
2960,여가하우스,,EAST,EXPERIENCE,체험 활동 관광지,,제주시 조천읍,33.504557,126.6357654,제주특별자치도 제주시 조천읍 조와로 360,https://api.cdn.visitjeju.net/photomng/imgpath/202011/03/8b33065e-a5f4-491b-abb1-9969ff855ae2.webp,제주시 동쪽 조천읍 와흘에 위치한 제주여가마을은 자신의 여가 분석과 유형별 체험 프로그램을 통해 자신만의 쉬는 법과 노는 법을 터득해 가는 흥…,"제주시 동쪽 조천읍 와흘에 위치한 제주여가마을은 자신의 여가 분석과 유형별 체험 프로그램을 통해 자신만의 쉬는 법과 노는 법을 터득해 가는 흥미로운 체험마을이다. 제주여가마을 본부가 있는 농촌마을 ‘와흘리’는 세계중요농업유산인 제주밭담의 전통성과 다양성을 잘 보존하여, 제주시가 추진하는 전통밭담을 활용한 힐링 제주 플랫폼 구축사업의 거점마을이기도 하다.",VJ,,https://map.kakao.com/?q=여가하우스
2961,여름문구사,,EAST,COMMERCIAL,상업지구,,제주시 구좌읍,33.5214,126.85893,제주특별자치도 제주시 구좌읍 구좌로 77,https://api.cdn.visitjeju.net/photomng/imgpath/201909/03/aec63deb-6533-4da0-a23f-ffb1e123be5a.webp,제주여행을 특별하게 기념할 수 있는 아기자기한 추억 보관소,제주여행을 특별하게 기념할 수 있는 아기자기한 추억 보관소,VJ,,https://map.kakao.com/?q=여름문구사
2962,여절악,,SOUTH,NATURE,자연관광지,,서귀포시 남원읍,33.3372665,126.7408476,제주특별자치도 서귀포시 남원읍 신흥리 산 18,https://api.cdn.visitjeju.net/photomng/imgpath/201804/30/fe4547d9-1f58-410c-8c9b-3ae160cea756.webp,정상에서 바라보는 말굽형 모양의 예절이오름,정상에서 바라보는 말굽형 모양의 예절이오름,VJ,,https://map.kakao.com/?q=여절악
2963,연대포구,,NORTH,CULTURE,문화시설,,제주시 외도동,33.49362,126.43473,제주특별자치도 제주시 외도2동,https://api.cdn.visitjeju.net/photomng/imgpath/201804/30/f1826ca7-3f4f-4deb-b922-632ada704ba1.webp,연대마을에 있는 한적한 포구,연대마을에 있는 한적한 포구,VJ,,https://map.kakao.com/?q=연대포구
2964,연대포구,,NORTH,NATURE,자연관광지,,제주시 외도동,33.4950293,126.4267094,제주특별자치도 제주시 외도이동,https://tong.visitkorea.or.kr/cms/resource/36/3553736_image2_1.jpg,연대포구는 ‘마지리포’라고도 불린다.,"연대포구는 ‘마지리포’라고도 불린다. 이곳은 예전 제주 포구의 모습 그대로를 가장 잘 보존하고 있는 포구 중 하나다. 포구의 모습뿐만 아니라 포구 근처에 해녀 탈의장과 물질에 사용했던 테왁이나 망사리 같은 도구들이 탈의장 한편에 보관되어 있다. 
연대포구에서는 산책도 즐길 수 있다. 포구가 있는 연대마을에서 외도 1동까지 산책로를 조성했으며, 외도동 해안에는 친수공원도 만들었다. 
제주에는 해안 산책로가 예쁜 곳이 많지만 그중에서도 연대 포구 해안 산책로는 동네 주민들이 적극 추천할 정도로 일몰이 예쁘고 산책로에서 보는 포구의 모습이 평화롭다.",TOUR,,https://map.kakao.com/?q=연대포구
2965,연미마을(오라동 4.3길),,NORTH,CULTURE,문화시설,,제주시 오라동,33.487057,126.50736,제주특별자치도,https://api.cdn.visitjeju.net/photomng/imgpath/201804/30/8943e671-5101-4a8d-8a3a-e5a6b6de606c.webp,4·28 평화협상 사흘만인 5월 1일 벌어진 오라리 방화사건,4·28 평화협상 사흘만인 5월 1일 벌어진 오라리 방화사건,VJ,,https://map.kakao.com/?q=연미마을(오라동 4.3길)
2966,연화못,,WEST,NATURE,자연관광지,,제주시 애월읍,33.446693,126.35397,제주특별자치도 제주시 애월읍 하가로,https://api.cdn.visitjeju.net/photomng/imgpath/201804/30/d30d5389-7bbe-48ea-a599-a2e6724733e7.webp,제주 서부의 숨은 비경 연화못,제주 서부의 숨은 비경 연화못,VJ,,https://map.kakao.com/?q=연화못
2967,연화못(하가못),,WEST,NATURE,자연관광지,,제주시 애월읍,33.4547464,126.34752,제주특별자치도 제주시 애월읍 하가로,https://tong.visitkorea.or.kr/cms/resource/92/3396892_image2_1.jpg,연꽃이 많은 연못이라는 뜻으로 지어진 연화못은 제주 유명한 명소인 더럭분교 인근에 있다.,"연꽃이 많은 연못이라는 뜻으로 지어진 연화못은 제주 유명한 명소인 더럭분교 인근에 있다. 넓이가 3,780여 평으로 봉천수에 의한 연못으로는 제주도에서 가장 넓으며 마을 안에 위치하고 있어 농업용수로 이용할 뿐만 아니라 연꽃, 수련, 소리쟁이, 쇠무릎 등과 각종 수생 식물을 비롯하여 어류 등 다양한 종이 서식하고 있다.",TOUR,,https://map.kakao.com/?q=연화못(하가못)
2968,열대과일농장 유진팡,,SOUTH,EXPERIENCE,체험 활동 관광지,,서귀포시 남원읍,33.3399178,126.7425157,제주특별자치도 서귀포시 원님로399번길 31-7,https://tong.visitkorea.or.kr/cms/resource/95/2976895_image2_1.jpg,유진팡은 서귀포시 남원읍 신흥리에 위치한 열대과일 농장이다.,"유진팡은 서귀포시 남원읍 신흥리에 위치한 열대과일 농장이다. '팡'은 제주어로 쉼터를 뜻하며, 방문객들이 편안하게 쉬어 갈 수 있기를 바라는 마음을 담고 있다. 국내에서 쉽게 접하기 어려운 열대과일을 재배하는 농장으로, 주요 재배 작물은 바나나, 파파야, 파인애플, 사탕수수, 망고스틴, 스타프루트 등의 열대 작물과 감귤, 세미향 등 제주 특산물이다. 이곳에서는 열대농장 투어와 동물 먹이 주기, 과일 시식 등 다양한 체험 프로그램을 운영하며, 바나나 따기 체험도 상시 가능하다. 체험을 통해 무농약 바나나를 직접 수확하고 후숙되는 과정도 함께 살펴볼 수 있다. 계절에 따라 겨울에는 감귤 따기, 봄에는 세미향과 금귤 따기 체험도 즐길 수 있다. 농장 곳곳에는 양쪽으로 동백나무가 이어진 동백꽃길과 동백팡 등 사진 촬영 명소가 마련되어 있으며, 겨울철에는 농장 체험과 함께 동백꽃도 감상할 수 있다.",TOUR,,https://map.kakao.com/?q=열대과일농장 유진팡
2969,열리해안길,,SOUTH,TRAIL,산책로·둘레길,,서귀포시 예래동,33.240032,126.38032,제주특별자치도 서귀포시 하예동,https://api.cdn.visitjeju.net/photomng/imgpath/201804/30/65b5390f-cd90-40ae-801f-b8057f59c0b8.webp,올레 8코스에 있는 해안길,올레 8코스에 있는 해안길,VJ,,https://map.kakao.com/?q=열리해안길
2970,열안지오름(봉개동),,NORTH,NATURE,자연관광지,,제주시 봉개동,33.4726124,126.60555,제주특별자치도 제주시 봉개동 778-2,https://tong.visitkorea.or.kr/cms/resource/61/3477961_image2_1.jpg,열안지오름은 제주시 봉개동에 위치한 오름이다.,"열안지오름은 제주시 봉개동에 위치한 오름이다. 화구는 침식되어 원래의 형태가 말굽형인지 원추형인지 구분이 곤란하나 전체적인 형태로 보아 말굽형 화구였던 것으로 추정된다. 경사진 북사면에는 해송이 숲을 이루고 있으나 남사면은 경작지의 경계에서부터 띠(새)가 덮인 풀밭 오름을 이루고, 남북사면 기슭에는 명도암 마을의 개척자 고이지의 묘가 있다.
열안지오름을 줄여서 보통 열안지라고 부르며, 한자명은 열안지악, 열안악,열안산 등으로 표기되어 있고, 산 모양이 기러기가 열을 지어 날아가는 형상이라는데 연유하여 붙여진 이름으로 열안지라고도 하고, 제비가 알을 품은 형국이라 하여 연난지라고도 한다.",TOUR,,https://map.kakao.com/?q=열안지오름(봉개동)
2971,열안지오름(오라동),,NORTH,NATURE,자연관광지,,제주시 오라동,33.4265967,126.5207167,제주특별자치도 제주시 산록북로 (오라이동),https://tong.visitkorea.or.kr/cms/resource/06/3556206_image2_1.jpg,열안지오름은 제주과학고등학교 서쪽 편에 위치하고 있는 표고 583m인 오라동을 대표하는 오름이다.,"열안지오름은 제주과학고등학교 서쪽 편에 위치하고 있는 표고 583m인 오라동을 대표하는 오름이다. 오름 전체가 해송과 편백나무 등이 울창한 숲으로 이루고 있고, 남동쪽에는 ‘열안지 물’이라는 샘물이 있다. 열안지의 지명은 ‘산 모양이 기러기가 줄을 지어 날아가는 형상’에서 유래했다. 제주 4·3 당시 열안지 오름 일대의 숲과 계곡은 오라리 주민들의 피신처이기도 했으며, 많은 주민들이 토벌대에 의해 희생된 눈물의 대지이기도 하다.

(표고는 583.2m, 비고는 113m, 둘레는 2,545m이며, 면적은 368,262㎡, 저경이 902m이다.)",TOUR,,https://map.kakao.com/?q=열안지오름(오라동)
2972,영남동,,SOUTH,CULTURE,문화시설,,서귀포시 대천동,33.288883,126.496925,제주특별자치도 서귀포시 산록남로 1966-34,https://api.cdn.visitjeju.net/photomng/imgpath/201804/30/4bbd3b5d-c88f-4b5f-84b4-af6b38c6ee96.webp,4·3 때 토벌대의 초토화작전으로 사라져버린 중산간 마을.,4·3 때 토벌대의 초토화작전으로 사라져버린 중산간 마을.,VJ,,https://map.kakao.com/?q=영남동
2973,영락리방파제,,WEST,COMMERCIAL,상업지구,,서귀포시 대정읍,33.2532435,126.1940354,-,https://api.cdn.visitjeju.net/photomng/imgpath/202407/23/48b13861-4a11-47b7-96ed-b5d78f5dd1f4.webp,돌고래를 만나는 경이로운 순간...,돌고래를 만나는 경이로운 순간... ‘영락리방파제’,VJ,,https://map.kakao.com/?q=영락리방파제
2974,영모원,,WEST,CULTURE,문화시설,,제주시 애월읍,33.47222,126.41828,제주특별자치도 제주시 애월읍 하귀리 1130-1,https://api.cdn.visitjeju.net/photomng/imgpath/201804/30/ef808dc3-dc35-4fa7-91bf-bfd7362b1738.webp,4·3희생자의 신위를 한 곳에 모심으로써 화해와 상생의 표본이 된 곳.,4·3희생자의 신위를 한 곳에 모심으로써 화해와 상생의 표본이 된 곳.,VJ,,https://map.kakao.com/?q=영모원
2975,영실기암,,SOUTH,EXPERIENCE,체험 활동 관광지,,서귀포시 중문동,33.2803978,126.4708767,제주특별자치도 서귀포시 중산간서로446번길 204-9,https://api.cdn.visitjeju.net/photomng/imgpath/201804/30/31f407a5-dd4a-4afd-8bab-eb81e7111e33.webp,한라산 영실코스에서 만날 수 있는 영실기암,한라산 영실코스에서 만날 수 있는 영실기암,VJ,,https://map.kakao.com/?q=영실기암
2976,영천악,,SOUTH,NATURE,자연관광지,,서귀포시 영천동,33.2847841,126.6047794,제주특별자치도 서귀포시 상효동 2318,https://api.cdn.visitjeju.net/photomng/imgpath/201804/30/282ace17-1408-44dc-9c49-dd2a8d4302d3.webp,마음의 여유를 찾는 영천악,마음의 여유를 찾는 영천악,VJ,주소를 좌표로 다시 구함,https://map.kakao.com/?q=영천악
2977,예래생태체험관,,SOUTH,EXPERIENCE,체험 활동 관광지,,서귀포시 예래동,33.2443642,126.3909914,제주특별자치도 서귀포시 예래로 213,https://api.cdn.visitjeju.net/photomng/imgpath/201901/18/e6be27c4-e60f-4ed9-88e9-4a7cf0c5a8e1.webp,예래생태마을의 자연과 문화를 느낄 수 있는 체험관,예래생태마을의 자연과 문화를 느낄 수 있는 체험관,VJ,,https://map.kakao.com/?q=예래생태체험관
2978,예래포구,,SOUTH,CULTURE,문화시설,,서귀포시 예래동,33.23357,126.374916,제주특별자치도 서귀포시 하예동,https://api.cdn.visitjeju.net/photomng/imgpath/201804/30/50975c14-58dc-4c88-a9c0-27209c11251a.webp,진황 등대에서 바라보는 송악산과 형제섬,진황 등대에서 바라보는 송악산과 형제섬,VJ+TOUR,,https://map.kakao.com/?q=예래포구
2979,예래해안로,,SOUTH,NATURE,자연관광지,,서귀포시 예래동,33.233536,126.37748,제주특별자치도 서귀포시 예래해안로,https://api.cdn.visitjeju.net/photomng/imgpath/201804/30/87f54009-5072-4cba-815b-bc58e0b1cc9b.webp,여유롭고 한적한 제주의 해안을 즐길 수 있는 곳,여유롭고 한적한 제주의 해안을 즐길 수 있는 곳,VJ,,https://map.kakao.com/?q=예래해안로
2980,예술공간 이아,,NORTH,CULTURE,문화시설,,제주시 삼도2동,33.510861,126.5219859,제주특별자치도 제주시 중앙로14길 21,https://api.cdn.visitjeju.net/photomng/imgpath/201808/08/afbe8c25-5b00-4068-9e63-de3e204535de.webp,원도심을 예술로 밝히는 복합예술공간,원도심을 예술로 밝히는 복합예술공간,VJ+TOUR,,https://map.kakao.com/?q=예술공간 이아
2981,예술상점꺄르르,,WEST,COMMERCIAL,상업지구,,서귀포시 안덕면,33.2338354,126.3104243,제주특별자치도 서귀포시 안덕면 사계남로216번길 29,https://api.cdn.visitjeju.net/photomng/imgpath/202306/30/b923aa18-a27b-4b3b-b7dd-a09a99901233.webp,다양한 자개모빌과 의류를 판매하는 소품샵,다양한 자개모빌과 의류를 판매하는 소품샵,VJ,,https://map.kakao.com/?q=예술상점꺄르르
2982,예초리,,NORTH,TRAIL,산책로·둘레길,,제주시 추자면,33.947014,126.3201,제주특별자치도 제주시 추자도 예초리,https://api.cdn.visitjeju.net/photomng/imgpath/201804/30/176e466e-2257-4fdf-a827-5a455166971b.webp,"묵리, 신양 2리와 함께 하추자도에 위치한 마을","묵리, 신양 2리와 함께 하추자도에 위치한 마을",VJ,,https://map.kakao.com/?q=예초리
2983,예초리기정길,,NORTH,TRAIL,산책로·둘레길,,제주시 추자면,33.955803,126.33822,제주특별자치도 제주시 추자면 예초리 산 1,https://api.cdn.visitjeju.net/photomng/imgpath/201804/30/0e2e9279-b38d-493f-a252-99f3446288ed.webp,예초리 바닷가를 따라 나 있는 절벽,예초리 바닷가를 따라 나 있는 절벽,VJ,,https://map.kakao.com/?q=예초리기정길
2984,예초리포구,,NORTH,CULTURE,문화시설,,제주시 추자면,33.9557594,126.3324318,제주특별자치도 제주시 추자면 추자로 753,https://api.cdn.visitjeju.net/photomng/imgpath/201804/30/5e778e37-96d2-4ce4-82c1-63d02740f93c.webp,하추자도의 동북쪽에 위치한 작은 마을 예초리 포구,하추자도의 동북쪽에 위치한 작은 마을 예초리 포구,VJ,,https://map.kakao.com/?q=예초리포구
2985,예초리해변,,NORTH,NATURE,자연관광지,,제주시 추자면,33.95313,126.33361,제주특별자치도 제주시 추자면 예초리,https://api.cdn.visitjeju.net/photomng/imgpath/201804/30/6701657b-2f41-464b-bf63-f24f7dbb7b99.webp,작은예초작지,작은예초작지,VJ,,https://map.kakao.com/?q=예초리해변
2986,오늘은 카트레이싱,,EAST,LEISURE,레저·스포츠 관련 시설,,서귀포시 표선면,33.3815694,126.7905189,제주특별자치도 서귀포시 표선면 중산간동로 4776,https://tong.visitkorea.or.kr/cms/resource/65/4073265_image2_1.jpg,오늘은 카트레이싱은 제주의 카트 체험장이다.,"오늘은 카트레이싱은 제주의 카트 체험장이다. 브레이크 페달을 밟으면서 방향에 맞게 핸들을 돌리면 되기에 조작 법이 아주 어려운 것은 아니나 다른 차와의 충분한 안전 거리를 확보하고 운전하는 것이 좋다. 일방통행으로 달리되, 정해져 있는 코스 주행 횟수가 따로 있는 것이 아니기 때문에 여유롭게 즐길 수 있다. 1층에는 기념품 가게, 2층에는 카페도 마련되어 있다. 녹차밭도 같이 운영하고 있기 때문에 경관이 좋아 관광객들이 많이 찾는 체험장이다.",TOUR,,https://map.kakao.com/?q=오늘은 카트레이싱
2987,오달콤제주함덕점,,EAST,COMMERCIAL,상업지구,,제주시 조천읍,33.5415842,126.6662548,제주특별자치도 제주시 조천읍 신북로 528,https://api.cdn.visitjeju.net/photomng/imgpath/202306/13/b83b5bef-eafa-4305-92e1-b966fd9c9b50.webp,"제주하면 생각나는 돌하르방, 말, 귤, 동백꽃을 주제로 만든 소품","제주하면 생각나는 돌하르방, 말, 귤, 동백꽃을 주제로 만든 소품",VJ,,https://map.kakao.com/?q=오달콤제주함덕점
2988,오레브 핫스프링 앤 스파,,SOUTH,NATURE,자연관광지,,서귀포시 대륜동,33.2665145,126.5323308,제주특별자치도 서귀포시 태평로 152,https://api.cdn.visitjeju.net/photomng/imgpath/202407/24/3f74483d-a13f-44c6-b409-320b0896e868.webp,제주 유일 보양온천 승인 받은 곳...,제주 유일 보양온천 승인 받은 곳... “힐링의 시간”,VJ,,https://map.kakao.com/?q=오레브 핫스프링 앤 스파
2989,오레브핫스프링앤스파,,SOUTH,NATURE,자연관광지,,서귀포시 대륜동,33.2432954,126.5382566,제주특별자치도 서귀포시 태평로 152 (호근동),https://tong.visitkorea.or.kr/cms/resource/11/3343511_image2_1.jpg,제주 서귀포에 위치한 오레브핫스프링앤스파는 제주에서 유일하게 행정안전부로부터 보양온천으로 지정된 프리미엄 온천 스파이다.,"제주 서귀포에 위치한 오레브핫스프링앤스파는 제주에서 유일하게 행정안전부로부터 보양온천으로 지정된 프리미엄 온천 스파이다. 지하 2,003m에서 솟아나는 탄산온천수는 유익한 광물질이 풍부하여 건강 증진과 심신의 피로 회복 효과를 발휘한다. 일식 바데풀, 야외 인피니티 풀, 8개의 노천탕, 아로마 사우나 등 다양한 수(水) 치료 시설을 갖추고 있어 모든 연령대의 방문객들이 건강과 즐거움을 동시에 누릴 수 있다. 또한, 7개의 특색 있는 찜질 스파와 핀란드 사우나, 편백나무 네이처 룸 등 다양한 찜질 및 사우나 경험을 제공한다. 가족과 함께 방문해 몸과 마음의 회복을 돕는 스파를 경험해 보는 것을 추천한다.",TOUR,,https://map.kakao.com/?q=오레브핫스프링앤스파
2990,오렌즈 제주시청점,,NORTH,COMMERCIAL,상업지구,,제주시 이도2동,33.4985204,126.5308803,제주특별자치도 제주시 중앙로 239 (이도이동) 1층,https://tong.visitkorea.or.kr/cms/resource/71/4042271_image2_1.png,오렌즈는 한국의 컬러렌즈 브랜드입니다.,오렌즈는 한국의 컬러렌즈 브랜드입니다. 다양한 컬러와 트렌디한 디자인으로 자연스러운 눈매 연출이 가능합니다. 안전한 품질과 편안한 착용감으로 전 세계에서 사랑받고 있습니다.,TOUR,,https://map.kakao.com/?q=오렌즈 제주시청점
2991,오르머,,EAST,COMMERCIAL,상업지구,,제주시 구좌읍,33.4567757,126.7718736,제주특별자치도 제주시 구좌읍 비자림로 1661-13,https://tong.visitkorea.or.kr/cms/resource/42/4093342_image2_1.jpg,제주 오름을 주제로 자체 제작한 여행 소품과 기념품을 선보이는 무인 소품숍이다.,"제주 오름을 주제로 자체 제작한 여행 소품과 기념품을 선보이는 무인 소품숍이다. 매장에는 제주 오름의 지형과 풍경, 탐방 경험에서 영감을 얻은 문구류와 의류, 모자, 가방, 스티커, 엽서 등이 진열되어 있으며, 오름을 기록하고 찾아다닐 때 활용할 수 있는 지도와 수첩도 살펴볼 수 있다. 직접 답사한 오름 가운데 100곳을 선별해 소개하는 콘텐츠를 제작하는 등 상품 판매와 함께 제주 오름의 특징과 탐방 문화를 알리고 있다. 소규모 돌집을 활용한 매장은 직원이 상주하지 않는 방식으로 운영되므로 상품 결제와 이용 안내를 현장에서 확인해야 한다. 인근의 비자림과 다랑쉬오름, 아부오름을 함께 둘러보며 제주 동부의 숲과 오름 풍경을 즐기기 좋다.",TOUR,,https://map.kakao.com/?q=오르머
2992,오름터 민속마을,,EAST,CULTURE,문화시설,,서귀포시 표선면,33.391445,126.80072,제주특별자치도 서귀포시 표선면 성읍정의현로 99,https://api.cdn.visitjeju.net/photomng/imgpath/201804/30/3ca0e429-d9f3-42dd-9550-2c5097f12c0a.webp,성읍민속마을 내에 위치한 제주도 전통 생활 모습을 볼 수 있는 곳,성읍민속마을 내에 위치한 제주도 전통 생활 모습을 볼 수 있는 곳,VJ,,https://map.kakao.com/?q=오름터 민속마을
2993,오림반,,SOUTH,CULTURE,문화시설,,서귀포시 남원읍,33.36067,126.59719,제주특별자치도 서귀포시 남원읍 신례리,https://api.cdn.visitjeju.net/photomng/imgpath/201908/21/9080f96f-9113-4b4a-82ea-95d60a9517de.webp,4․3 초기 무장대들이 훈련을 받았던 곳으로 추정되는 곳,4․3 초기 무장대들이 훈련을 받았던 곳으로 추정되는 곳,VJ,,https://map.kakao.com/?q=오림반
2994,오마이솔트,,WEST,COMMERCIAL,상업지구,,제주시 애월읍,33.4730448,126.3909537,제주특별자치도 제주시 애월읍 번대동길 66,https://api.cdn.visitjeju.net/photomng/imgpath/202409/26/f7a90909-16ea-4200-b9e1-e1bff73e9110.webp,"제주의 건강함을 담은 수제 먹거리, ‘오마이솔트’","제주의 건강함을 담은 수제 먹거리, ‘오마이솔트’",VJ,,https://map.kakao.com/?q=오마이솔트
2995,오백나한,,SOUTH,NATURE,자연관광지,,서귀포시 중문동,33.340366,126.480225,제주특별자치도 서귀포시 영실로 245 (하원동),https://api.cdn.visitjeju.net/photomng/imgpath/201804/30/2ff30b16-fd30-4cb5-b9e9-f626648d9ab2.webp,절벽위로 솟아난 돌기둥들이 마치 하늘로 승천하는 장군의 모습과 같다하여 오백나한이라고 불림,절벽위로 솟아난 돌기둥들이 마치 하늘로 승천하는 장군의 모습과 같다하여 오백나한이라고 불림,VJ,,https://map.kakao.com/?q=오백나한
2996,오백나한,,SOUTH,NATURE,자연관광지,,서귀포시 중문동,33.3545294,126.5027116,제주특별자치도 서귀포시 하원동,https://tong.visitkorea.or.kr/cms/resource/72/3528372_image2_1.jpg,"이곳은 백록담, 물장올과 함께 한라산 3대 성소 중의 하나로서 이 계곡에 돌기둥이 울창한 숲사이를 뚫고 서 있어 마치 장군이 서 있는 것 같기…","이곳은 백록담, 물장올과 함께 한라산 3대 성소 중의 하나로서 이 계곡에 돌기둥이 울창한 숲사이를 뚫고 서 있어 마치 장군이 서 있는 것 같기도 하고 나한불상이 공대하여 서 있는 것 같기도 하다. 서쪽 벽 역시 바위기둥이 한데 붙어 서 있어 마치 장삼으로 예장한 불이 공대하여 서 있는 것 같다. 이 바위를 모양에 따라 병풍바위라 부르고 동쪽 바위를 오백나한, 오백장군, 석라한, 영실기암이라 한다. 이 계곡의 웅장하고 둘러친 모습이 마치 석가여래가 불제자에게 설법하던 영산과 비슷하다 해서 영실이라고 불리워졌다고 하며, 이들 기암 괴석은 또한 억센 나한들과 같다하여 오백나한이라고 부른다. 동쪽 암벽에는 흰진달래, 섬바꽃, 어수리, 구상나무, 주목, 제주백회, 고채나무 등 특수 수종들이 한대성 원시림을 이루고, 서쪽 암벽에는 섬매자, 시로미, 주목, 병꽃 등 관목이 주수종을 이루면서 희귀식물이 자생하고 있으며, 계곡 하나를 사이에 두고 온대와 한대가 마주 보고 있는 특수 지역이기도 하다. 또, 지질학적으로도 서쪽 병풍바위는 잘 발달된 주상절리층이지만 동쪽의 기암은 모두 용암이 약대지층을 따라 분출하다가 그냥 굳어진 것으로 하나하나가 용암분출에 의해 형성된 것이다. 암석은 조면질안산암이며 이 절리대를 따라 용출된 지하수가 복류하여 강정천의 발원지가 되고 있다.",TOUR,,https://map.kakao.com/?q=오백나한
2997,오브젝트 선흘점,,EAST,COMMERCIAL,상업지구,,제주시 조천읍,33.5075381,126.6962909,제주특별자치도 제주시 조천읍 중산간동로 1175-1,https://api.cdn.visitjeju.net/photomng/imgpath/202306/14/82902f7d-7c45-4b8b-a7f7-0a45f31d9fba.webp,계절에 따라 귤따기 체험도 가능한 소품샵,계절에 따라 귤따기 체험도 가능한 소품샵,VJ,,https://map.kakao.com/?q=오브젝트 선흘점
2998,오브젝트 제주점,,EAST,COMMERCIAL,상업지구,,제주시 구좌읍,33.5534232,126.7156963,제주특별자치도 제주시 구좌읍 동복로 87,https://tong.visitkorea.or.kr/cms/resource/21/4045021_image2_1.png,오브젝트(Object)는 사물에 담긴 가치와 창작자의 정성을 존중하는 디자인 편집 브랜드입니다.,"오브젝트(Object)는 사물에 담긴 가치와 창작자의 정성을 존중하는 디자인 편집 브랜드입니다. 신진 작가들의 독창적인 소품과 디자인 문구를 큐레이션하여 소개하며, 일상 속 작은 사물로 삶의 기쁨을 찾는 문화를 제안합니다.",TOUR,,https://map.kakao.com/?q=오브젝트 제주점
2999,오븐이네쿠킹클래스,,NORTH,NATURE,자연관광지,,제주시 화북동,33.4949819,126.5645628,제주특별자치도 제주시 황사평길 75 제부속동 1층 제103호,https://api.cdn.visitjeju.net/photomng/imgpath/202511/20/5b6922db-657e-44e5-9b85-ec780c6568c1.webp,제주를 담은 화과자 만들기 클래스,제주를 담은 화과자 만들기 클래스,VJ,,https://map.kakao.com/?q=오븐이네쿠킹클래스
3000,오월에제주,,SOUTH,COMMERCIAL,상업지구,,서귀포시 중문동,33.242974,126.4322915,제주특별자치도 서귀포시 대포로 77,https://api.cdn.visitjeju.net/photomng/imgpath/202306/30/bd839d54-22a0-42a7-b192-078def1511bb.webp,나만 알고 싶은 핸드메이드 소품숍,나만 알고 싶은 핸드메이드 소품숍,VJ,,https://map.kakao.com/?q=오월에제주
3001,오조마을,,EAST,NATURE,자연관광지,,서귀포시 성산읍,33.4701956,126.922903,제주특별자치도 서귀포시 성산읍 오조로 85 (성산읍),https://tong.visitkorea.or.kr/cms/resource/40/3477340_image2_1.jpg,오조마을은 성산일출봉에 해가 뜨면 가장 먼저 빛을 받는다는 뜻에서 지명을 유래했다.,"오조마을은 성산일출봉에 해가 뜨면 가장 먼저 빛을 받는다는 뜻에서 지명을 유래했다. 사시사철 해상 유람선 관광과 낚시가 가능하고, 1996년도 해양수산부에서 지원한 어촌종합개발사업으로 민박 시설과 식당들을 갖췄다. 가족 단위 관광지로 적합하며, 해녀들이 직접 잡은 싱싱한 수산물을 맛볼 수 있다. 어둠이 걷히면서 초록빛 들판과 알록달록한 원색 지붕, 낮은 돌담이 모습을 드러내어 정겨운 풍경 속에서 조용히 산책하기 좋다. 축제식 오조양어장에서는 뱀장어, 숭어, 우럭, 넙치 등이 자연 서식하고, 양어장 북쪽에는 푸른 대나무와 울창한 소나무가 있는 식산봉이 자리 잡고 있다. 바다를 가로지며 걸을 수 있는 올레2코스 산책로를 따라 제주의 아름다운 자연 풍경을 한눈에 담을 수 있고, 중간에 식산봉으로 빠져 오름을 오르면 우도까지 조망할 수 있다.",TOUR,,https://map.kakao.com/?q=오조마을
3002,오조포구,,EAST,CULTURE,문화시설,,서귀포시 성산읍,33.462772,126.92111,제주특별자치도 서귀포시 성산읍 오조로80번길 47 일대,https://api.cdn.visitjeju.net/photomng/imgpath/202111/22/4b587b76-10bb-4205-9409-8ec39a1451eb.webp,성산일출봉과 오조리 연안습지를 바라보며 걸을 수 있는 조용한 마을 포구,성산일출봉과 오조리 연안습지를 바라보며 걸을 수 있는 조용한 마을 포구,VJ+TOUR,,https://map.kakao.com/?q=오조포구
3003,오케이 승마장,,EAST,LEISURE,레저·스포츠 관련 시설,,서귀포시 표선면,33.4027729,126.7831913,제주특별자치도 서귀포시 표선면 번영로 2595,https://tong.visitkorea.or.kr/cms/resource/75/1618175_image2_1.jpg,오케이승마장은 성읍민속마을 부근에 위치한 외승 전문 승마장이다.,"오케이승마장은 성읍민속마을 부근에 위치한 외승 전문 승마장이다. 초보자 기본 교육이 진행되며 기수가 동행한다. 수준별 마필과 코스를 보유하고 있어 승마체험이 처음이어도 안심하고 즐겁게 탈 수 있다. 10만 평의 광활한 초원, 작은 오름과 억새밭 삼나무가 우거진 새로운 세계에서 자연, 인간, 동물, 삼위일체로 호흡하는 승마만이 느낄 수 있는 체험을 경험할 수 있다.",TOUR,,https://map.kakao.com/?q=오케이 승마장
3004,오케이레저,,EAST,NATURE,자연관광지,,서귀포시 표선면,33.4027948,126.7831674,제주특별자치도 서귀포시 표선면 성읍민속로 306 제주서귀포 성읍리2031-2,https://api.cdn.visitjeju.net/photomng/imgpath/202508/07/67962a1f-5c91-48e6-91aa-04ae5699569c.webp,"자연 속 짜릿한 질주, ATV와 함께 스트레스 해소!","자연 속 짜릿한 질주, ATV와 함께 스트레스 해소!",VJ,,https://map.kakao.com/?q=오케이레저
3005,옥돔마을,,SOUTH,EXPERIENCE,체험 활동 관광지,,서귀포시 남원읍,33.2883796,126.7510101,제주특별자치도 서귀포시 남원읍 남태해안로 508,https://api.cdn.visitjeju.net/photomng/imgpath/202109/01/438c50ff-2006-4df0-8217-f2d16a7e2f74.webp,서귀포 남원읍 태흥2리.,서귀포 남원읍 태흥2리. 이곳에는 평일 오후 1시가 되면 태흥2리 옥돔경매장에 호루라기 소리가 들린다. 새벽에 하는 경매가 아니기 때문에 부담없이 경매를 볼 수 있다. 경매를 하고 바로 경매인에게 옥돔을 구매할 수 있어 싱싱한 제주산 옥돔을 찾는 사람들은 이곳에서 구매를 한다. 옥돔을 테마로 한 다양한 그림도 주변에 있어서 옥돔과 함께 사진을 찍어보자. 옥돔 경매장 바로 앞에는 경매장에서 구입한 옥돔으로 만든 요리를 판매하는 식당도 있다.,VJ,,https://map.kakao.com/?q=옥돔마을
3006,온평리 환해장성,,EAST,CULTURE,문화시설,,서귀포시 성산읍,33.418377,126.91146,제주특별자치도 서귀포시 성산읍 환해장성로 732,https://api.cdn.visitjeju.net/photomng/imgpath/201804/30/4a7fe0af-b3d9-48c8-9a9f-9e4fabebead7.webp,역사가 숨쉬는 환해장성,역사가 숨쉬는 환해장성,VJ,,https://map.kakao.com/?q=온평리 환해장성
3007,온평리포구,,EAST,CULTURE,문화시설,,서귀포시 성산읍,33.40161,126.90301,제주특별자치도 서귀포시 성산읍 온평리,https://api.cdn.visitjeju.net/photomng/imgpath/201804/30/918b67a4-a74d-4253-aa61-b11ba6c03aa9.webp,"제주올레 3코스 시작, 온평포구 · 서귀포시 성산읍 온평리 · 올레2코스","제주올레 3코스 시작, 온평포구
· 서귀포시 성산읍 온평리
· 올레2코스",VJ+TOUR,,https://map.kakao.com/?q=온평리포구
3008,올레바다,,SOUTH,COMMERCIAL,상업지구,,서귀포시 대륜동,33.23716,126.51119,제주특별자치도 서귀포시 이어도로 903-1,https://api.cdn.visitjeju.net/photomng/imgpath/201804/30/b05f513a-0b74-4c7e-b6e7-82023eb876e8.webp,"귤, 한라봉, 천혜향 등 직접 재배한 제주 특산 과일을 판매","귤, 한라봉, 천혜향 등 직접 재배한 제주 특산 과일을 판매",VJ,,https://map.kakao.com/?q=올레바다
3009,올레바당체험마을,,WEST,EXPERIENCE,체험 활동 관광지,,제주시 한림읍,33.4254747,126.2642096,제주특별자치도 제주시 한림읍 한림해안로 267-6,https://api.cdn.visitjeju.net/photomng/imgpath/202306/19/3346a943-f2df-4b2b-b425-a52aeeb6992c.webp,어린이도 쉽게 즐기는 바다낚시 체험장,어린이도 쉽게 즐기는 바다낚시 체험장,VJ,,https://map.kakao.com/?q=올레바당체험마을
3010,올레올레 서귀포올레시장점,,SOUTH,COMMERCIAL,상업지구,,서귀포시 중앙동,33.2499022,126.563243,제주특별자치도 서귀포시 중앙로54번길 35 (서귀동),https://tong.visitkorea.or.kr/cms/resource/84/4045984_image2_1.png,올레올레는 제주의 정취와 환대 문화를 상품에 담아낸 제주 로컬 라이프스타일 브랜드입니다.,올레올레는 제주의 정취와 환대 문화를 상품에 담아낸 제주 로컬 라이프스타일 브랜드입니다. 제주의 맑은 자연을 모티브로 한 디자인 굿즈와 특산물을 통해 여행의 설렘과 여운을 일상 속으로 전달합니다.,TOUR,,https://map.kakao.com/?q=올레올레 서귀포올레시장점
3011,올레캠프 본점 알파캠프,,SOUTH,TRAIL,산책로·둘레길,,서귀포시 대륜동,33.2524008,126.5095821,"제주특별자치도 서귀포시 김정문화로41번길 10-1(법환동, 탐라해오름 2층)",https://api.cdn.visitjeju.net/photomng/imgpath/201907/11/9f86a94a-f420-4928-a977-a2f57d86f29a.webp,알파캠프는 한달동안 제주도 올레길을 완주할 수 있도록 지원해주는 국내 유일의 트레킹 여행 지원캠프이다.,"알파캠프는 한달동안 제주도 올레길을 완주할 수 있도록 지원해주는 국내 유일의 트레킹 여행 지원캠프이다.
숙식과 교통은 물론 올레 전문가의 안내까지 제공하는 신개념 트레킹 캠프이다.",VJ,,https://map.kakao.com/?q=올레캠프 본점 알파캠프
3012,올레파머스,,EAST,COMMERCIAL,상업지구,,제주시 구좌읍,33.5567938,126.7942248,제주특별자치도 제주시 구좌읍 월정1길 70-4,https://api.cdn.visitjeju.net/photomng/imgpath/202306/14/7c775fd3-4cb4-4713-a43b-e57932888695.webp,바람 부는 월정리를 지키는 제주감성 기념품 가게,바람 부는 월정리를 지키는 제주감성 기념품 가게,VJ,,https://map.kakao.com/?q=올레파머스
3013,올리브영 서귀포광장점,,SOUTH,COMMERCIAL,상업지구,,서귀포시 천지동,33.2522392,126.5607541,제주특별자치도 서귀포시 서문로 1 (서귀동),https://tong.visitkorea.or.kr/cms/resource/48/4029048_image2_1.png,올리브영은 최신 K-뷰티 제품을 경험할 수 있는 헬스앤뷰티 전문 스토어입니다.,"올리브영은 최신 K-뷰티 제품을 경험할 수 있는 헬스앤뷰티 전문 스토어입니다. 스킨케어, 메이크업, 건강식품 등 다양하고 트렌디한 제품을 합리적인 가격에 판매하여, 외국인 관광객들 사이에서 특히 인기가 높습니다.",TOUR,,https://map.kakao.com/?q=올리브영 서귀포광장점
3014,올리브영 서귀포동광점,,WEST,COMMERCIAL,상업지구,,서귀포시 안덕면,33.3095758,126.3338829,제주특별자치도 서귀포시 안덕면 신화역사로 434,https://tong.visitkorea.or.kr/cms/resource/50/4029050_image2_1.png,올리브영은 최신 K-뷰티 제품을 경험할 수 있는 헬스앤뷰티 전문 스토어입니다.,"올리브영은 최신 K-뷰티 제품을 경험할 수 있는 헬스앤뷰티 전문 스토어입니다. 스킨케어, 메이크업, 건강식품 등 다양하고 트렌디한 제품을 합리적인 가격에 판매하여, 외국인 관광객들 사이에서 특히 인기가 높습니다.",TOUR,,https://map.kakao.com/?q=올리브영 서귀포동광점
3015,올리브영 서귀포혁신도시점,,SOUTH,COMMERCIAL,상업지구,,서귀포시 대륜동,33.2477134,126.5145787,제주특별자치도 서귀포시 일주동로 9155 (법환동),https://tong.visitkorea.or.kr/cms/resource/52/4029052_image2_1.png,올리브영은 최신 K-뷰티 제품을 경험할 수 있는 헬스앤뷰티 전문 스토어입니다.,"올리브영은 최신 K-뷰티 제품을 경험할 수 있는 헬스앤뷰티 전문 스토어입니다. 스킨케어, 메이크업, 건강식품 등 다양하고 트렌디한 제품을 합리적인 가격에 판매하여, 외국인 관광객들 사이에서 특히 인기가 높습니다.",TOUR,,https://map.kakao.com/?q=올리브영 서귀포혁신도시점
3016,올리브영 제주 타운,,NORTH,COMMERCIAL,상업지구,,제주시 이도2동,33.498915,126.5306982,제주특별자치도 제주시 광양11길 2 (이도이동),https://tong.visitkorea.or.kr/cms/resource/62/4029062_image2_1.jpg,올리브영은 최신 K-뷰티 제품을 경험할 수 있는 헬스앤뷰티 전문 스토어입니다.,"올리브영은 최신 K-뷰티 제품을 경험할 수 있는 헬스앤뷰티 전문 스토어입니다. 스킨케어, 메이크업, 건강식품 등 다양하고 트렌디한 제품을 합리적인 가격에 판매하여, 외국인 관광객들 사이에서 특히 인기가 높습니다.",TOUR,,https://map.kakao.com/?q=올리브영 제주 타운
3017,올리브영 제주나인몰점,,NORTH,COMMERCIAL,상업지구,,제주시 연동,33.480676,126.4947358,제주특별자치도 제주시 과원로 128 (연동) 나인몰 1층,https://tong.visitkorea.or.kr/cms/resource/61/4029061_image2_1.jpg,올리브영은 최신 K-뷰티 제품을 경험할 수 있는 헬스앤뷰티 전문 스토어입니다.,"올리브영은 최신 K-뷰티 제품을 경험할 수 있는 헬스앤뷰티 전문 스토어입니다. 스킨케어, 메이크업, 건강식품 등 다양하고 트렌디한 제품을 합리적인 가격에 판매하여, 외국인 관광객들 사이에서 특히 인기가 높습니다.",TOUR,,https://map.kakao.com/?q=올리브영 제주나인몰점
3018,올리브영 제주노형점,,NORTH,COMMERCIAL,상업지구,,제주시 노형동,33.4816323,126.4817186,제주특별자치도 제주시 1100로 3308 (노형동) 에코트윈,https://tong.visitkorea.or.kr/cms/resource/57/4029057_image2_1.jpg,올리브영은 최신 K-뷰티 제품을 경험할 수 있는 헬스앤뷰티 전문 스토어입니다.,"올리브영은 최신 K-뷰티 제품을 경험할 수 있는 헬스앤뷰티 전문 스토어입니다. 스킨케어, 메이크업, 건강식품 등 다양하고 트렌디한 제품을 합리적인 가격에 판매하여, 외국인 관광객들 사이에서 특히 인기가 높습니다.",TOUR,,https://map.kakao.com/?q=올리브영 제주노형점
3019,올리브영 제주삼화점,,NORTH,COMMERCIAL,상업지구,,제주시 삼양동,33.5140394,126.5803636,제주특별자치도 제주시 건주로 60 (도련일동),https://tong.visitkorea.or.kr/cms/resource/58/4029058_image2_1.jpg,올리브영은 최신 K-뷰티 제품을 경험할 수 있는 헬스앤뷰티 전문 스토어입니다.,"올리브영은 최신 K-뷰티 제품을 경험할 수 있는 헬스앤뷰티 전문 스토어입니다. 스킨케어, 메이크업, 건강식품 등 다양하고 트렌디한 제품을 합리적인 가격에 판매하여, 외국인 관광객들 사이에서 특히 인기가 높습니다.",TOUR,,https://map.kakao.com/?q=올리브영 제주삼화점
3020,올리브영 제주세화점,,EAST,COMMERCIAL,상업지구,,제주시 구좌읍,33.5232459,126.8524541,제주특별자치도 제주시 구좌읍 일주동로 3113,https://tong.visitkorea.or.kr/cms/resource/63/4029063_image2_1.png,올리브영은 최신 K-뷰티 제품을 경험할 수 있는 헬스앤뷰티 전문 스토어입니다.,"올리브영은 최신 K-뷰티 제품을 경험할 수 있는 헬스앤뷰티 전문 스토어입니다. 스킨케어, 메이크업, 건강식품 등 다양하고 트렌디한 제품을 합리적인 가격에 판매하여, 외국인 관광객들 사이에서 특히 인기가 높습니다.",TOUR,,https://map.kakao.com/?q=올리브영 제주세화점
3021,올리브영 제주아라일동점,,NORTH,COMMERCIAL,상업지구,,제주시 아라동,33.4851989,126.5361637,제주특별자치도 제주시 연북로 527 (아라일동),https://tong.visitkorea.or.kr/cms/resource/81/4029081_image2_1.jpg,올리브영은 최신 K-뷰티 제품을 경험할 수 있는 헬스앤뷰티 전문 스토어입니다.,"올리브영은 최신 K-뷰티 제품을 경험할 수 있는 헬스앤뷰티 전문 스토어입니다. 스킨케어, 메이크업, 건강식품 등 다양하고 트렌디한 제품을 합리적인 가격에 판매하여, 외국인 관광객들 사이에서 특히 인기가 높습니다.",TOUR,,https://map.kakao.com/?q=올리브영 제주아라일동점
3022,올리브영 제주연동신라점,,NORTH,COMMERCIAL,상업지구,,제주시 노형동,33.4861999,126.4855779,제주특별자치도 제주시 노연로 49 (노형동) 1층,https://tong.visitkorea.or.kr/cms/resource/15/4024415_image2_1.jpeg,올리브영은 최신 K-뷰티 제품을 경험할 수 있는 헬스앤뷰티 전문 스토어입니다.,"올리브영은 최신 K-뷰티 제품을 경험할 수 있는 헬스앤뷰티 전문 스토어입니다. 스킨케어, 메이크업, 건강식품 등 다양하고 트렌디한 제품을 합리적인 가격에 판매하여, 외국인 관광객들 사이에서 특히 인기가 높습니다.",TOUR,,https://map.kakao.com/?q=올리브영 제주연동신라점
3023,올리브영 제주외도점,,NORTH,COMMERCIAL,상업지구,,제주시 외도동,33.4855843,126.431112,제주특별자치도 제주시 우정로 79 (외도일동),https://tong.visitkorea.or.kr/cms/resource/83/4029083_image2_1.jpg,올리브영은 최신 K-뷰티 제품을 경험할 수 있는 헬스앤뷰티 전문 스토어입니다.,"올리브영은 최신 K-뷰티 제품을 경험할 수 있는 헬스앤뷰티 전문 스토어입니다. 스킨케어, 메이크업, 건강식품 등 다양하고 트렌디한 제품을 합리적인 가격에 판매하여, 외국인 관광객들 사이에서 특히 인기가 높습니다.",TOUR,,https://map.kakao.com/?q=올리브영 제주외도점
3024,올리브영 제주용담점,,NORTH,COMMERCIAL,상업지구,,제주시 용담2동,33.5168551,126.5031491,제주특별자치도 제주시 서해안로 620 (용담삼동),https://tong.visitkorea.or.kr/cms/resource/67/4029067_image2_1.png,올리브영은 최신 K-뷰티 제품을 경험할 수 있는 헬스앤뷰티 전문 스토어입니다.,"올리브영은 최신 K-뷰티 제품을 경험할 수 있는 헬스앤뷰티 전문 스토어입니다. 스킨케어, 메이크업, 건강식품 등 다양하고 트렌디한 제품을 합리적인 가격에 판매하여, 외국인 관광객들 사이에서 특히 인기가 높습니다.",TOUR,,https://map.kakao.com/?q=올리브영 제주용담점
3025,올리브영 제주월랑로점,,NORTH,COMMERCIAL,상업지구,,제주시 노형동,33.4891347,126.4754303,제주특별자치도 제주시 월랑로 43 (노형동),https://tong.visitkorea.or.kr/cms/resource/84/4029084_image2_1.jpg,올리브영은 최신 K-뷰티 제품을 경험할 수 있는 헬스앤뷰티 전문 스토어입니다.,"올리브영은 최신 K-뷰티 제품을 경험할 수 있는 헬스앤뷰티 전문 스토어입니다. 스킨케어, 메이크업, 건강식품 등 다양하고 트렌디한 제품을 합리적인 가격에 판매하여, 외국인 관광객들 사이에서 특히 인기가 높습니다.",TOUR,,https://map.kakao.com/?q=올리브영 제주월랑로점
3026,올리브영 제주일도이동점,,NORTH,COMMERCIAL,상업지구,,제주시 일도2동,33.5070302,126.5407164,제주특별자치도 제주시 고마로 81 (일도이동),https://tong.visitkorea.or.kr/cms/resource/59/4029059_image2_1.png,올리브영은 최신 K-뷰티 제품을 경험할 수 있는 헬스앤뷰티 전문 스토어입니다.,"올리브영은 최신 K-뷰티 제품을 경험할 수 있는 헬스앤뷰티 전문 스토어입니다. 스킨케어, 메이크업, 건강식품 등 다양하고 트렌디한 제품을 합리적인 가격에 판매하여, 외국인 관광객들 사이에서 특히 인기가 높습니다.",TOUR,,https://map.kakao.com/?q=올리브영 제주일도이동점
3027,올리브영 제주제원점,,NORTH,COMMERCIAL,상업지구,,제주시 연동,33.4870398,126.4902472,제주특별자치도 제주시 신광로 57 (연동) 1층,https://tong.visitkorea.or.kr/cms/resource/76/4029076_image2_1.png,올리브영은 최신 K-뷰티 제품을 경험할 수 있는 헬스앤뷰티 전문 스토어입니다.,"올리브영은 최신 K-뷰티 제품을 경험할 수 있는 헬스앤뷰티 전문 스토어입니다. 스킨케어, 메이크업, 건강식품 등 다양하고 트렌디한 제품을 합리적인 가격에 판매하여, 외국인 관광객들 사이에서 특히 인기가 높습니다.",TOUR,,https://map.kakao.com/?q=올리브영 제주제원점
3028,올리브영 제주중문점,,SOUTH,COMMERCIAL,상업지구,,서귀포시 예래동,33.2511966,126.4126391,제주특별자치도 서귀포시 중문관광로110번길 32 (색달동),https://tong.visitkorea.or.kr/cms/resource/55/4029055_image2_1.jpg,올리브영은 최신 K-뷰티 제품을 경험할 수 있는 헬스앤뷰티 전문 스토어입니다.,"올리브영은 최신 K-뷰티 제품을 경험할 수 있는 헬스앤뷰티 전문 스토어입니다. 스킨케어, 메이크업, 건강식품 등 다양하고 트렌디한 제품을 합리적인 가격에 판매하여, 외국인 관광객들 사이에서 특히 인기가 높습니다.",TOUR,,https://map.kakao.com/?q=올리브영 제주중문점
3029,올리브영 제주탑동점,,NORTH,COMMERCIAL,상업지구,,제주시 삼도2동,33.5170356,126.5230395,제주특별자치도 제주시 탑동로 15-1,https://api.cdn.visitjeju.net/photomng/imgpath/202306/14/24cd4ffe-07f3-4b61-9588-30c6dc080bf1.webp,제주 특화 상품을 판매하고 있는 드럭스토어,제주 특화 상품을 판매하고 있는 드럭스토어,VJ+TOUR,,https://map.kakao.com/?q=올리브영 제주탑동점
3030,올리브영 제주하귀점,,WEST,COMMERCIAL,상업지구,,제주시 애월읍,33.4842093,126.4086486,제주특별자치도 제주시 애월읍 하귀로 121,https://tong.visitkorea.or.kr/cms/resource/79/4029079_image2_1.jpg,올리브영은 최신 K-뷰티 제품을 경험할 수 있는 헬스앤뷰티 전문 스토어입니다.,"올리브영은 최신 K-뷰티 제품을 경험할 수 있는 헬스앤뷰티 전문 스토어입니다. 스킨케어, 메이크업, 건강식품 등 다양하고 트렌디한 제품을 합리적인 가격에 판매하여, 외국인 관광객들 사이에서 특히 인기가 높습니다.",TOUR,,https://map.kakao.com/?q=올리브영 제주하귀점
3031,올리브영 제주한라대점,,NORTH,COMMERCIAL,상업지구,,제주시 노형동,33.4782659,126.4754166,제주특별자치도 제주시 한라대학로 37 (노형동) 1층,https://tong.visitkorea.or.kr/cms/resource/93/4029093_image2_1.jpg,올리브영은 최신 K-뷰티 제품을 경험할 수 있는 헬스앤뷰티 전문 스토어입니다.,"올리브영은 최신 K-뷰티 제품을 경험할 수 있는 헬스앤뷰티 전문 스토어입니다. 스킨케어, 메이크업, 건강식품 등 다양하고 트렌디한 제품을 합리적인 가격에 판매하여, 외국인 관광객들 사이에서 특히 인기가 높습니다.",TOUR,,https://map.kakao.com/?q=올리브영 제주한라대점
3032,올리브영 제주함덕점,,EAST,COMMERCIAL,상업지구,,제주시 조천읍,33.5424885,126.6686201,제주특별자치도 제주시 조천읍 조함해안로 522,https://tong.visitkorea.or.kr/cms/resource/85/4029085_image2_1.png,올리브영은 최신 K-뷰티 제품을 경험할 수 있는 헬스앤뷰티 전문 스토어입니다.,"올리브영은 최신 K-뷰티 제품을 경험할 수 있는 헬스앤뷰티 전문 스토어입니다. 스킨케어, 메이크업, 건강식품 등 다양하고 트렌디한 제품을 합리적인 가격에 판매하여, 외국인 관광객들 사이에서 특히 인기가 높습니다.",TOUR,,https://map.kakao.com/?q=올리브영 제주함덕점
3033,올리브영 제주협재점,,WEST,COMMERCIAL,상업지구,,제주시 한림읍,33.3934133,126.240626,제주특별자치도 제주시 한림읍 한림로 336,https://tong.visitkorea.or.kr/cms/resource/94/4029094_image2_1.jpg,올리브영은 최신 K-뷰티 제품을 경험할 수 있는 헬스앤뷰티 전문 스토어입니다.,"올리브영은 최신 K-뷰티 제품을 경험할 수 있는 헬스앤뷰티 전문 스토어입니다. 스킨케어, 메이크업, 건강식품 등 다양하고 트렌디한 제품을 합리적인 가격에 판매하여, 외국인 관광객들 사이에서 특히 인기가 높습니다.",TOUR,,https://map.kakao.com/?q=올리브영 제주협재점
3034,올망,,WEST,COMMERCIAL,상업지구,,제주시 애월읍,33.364338,126.3552026,제주특별자치도 제주시 애월읍 어도봉남길 27,https://api.cdn.visitjeju.net/photomng/imgpath/202306/15/311c7092-60e9-4aa2-bd10-df9bd020435f.webp,제주 특산품을 활용한 간식거리부터 각종 기념품 그리고 나무 주방용품 및 자개 모빌과 같은 인테리어 소품까지 다양한 품목을 판매한다.,제주 특산품을 활용한 간식거리부터 각종 기념품 그리고 나무 주방용품 및 자개 모빌과 같은 인테리어 소품까지 다양한 품목을 판매한다.,VJ,,https://map.kakao.com/?q=올망
3035,옷귀마테마타운,,SOUTH,EXPERIENCE,체험 활동 관광지,,서귀포시 남원읍,33.3258417,126.6696618,제주특별자치도 서귀포시 남원읍 서성로 955-117,https://api.cdn.visitjeju.net/photomng/imgpath/202007/01/6e798540-6d3d-4050-a7f4-f01208ea4085.webp,"옷귀마테마타운은 의귀리의 깨끗하고 청정한 편백나무 숲과 비자나무 숲, 푸른 초원이 펼쳐진 장소에서 즐거운 체험승마를 경험할 수 있는 곳이다.","옷귀마테마타운은 의귀리의 깨끗하고 청정한 편백나무 숲과 비자나무 숲, 푸른 초원이 펼쳐진 장소에서 즐거운 체험승마를 경험할 수 있는 곳이다.",VJ,,https://map.kakao.com/?q=옷귀마테마타운
3036,옹포리포구,,WEST,NATURE,자연관광지,,제주시 한림읍,33.40058,126.255325,제주특별자치도 제주시 한림읍 옹포리,https://api.cdn.visitjeju.net/photomng/imgpath/201804/30/dedab2e5-7481-4f10-b02a-f4c466508ff7.webp,제주올레 14코스에 위치한 일몰이 아름다우며 항아리를 닮은 포구,제주올레 14코스에 위치한 일몰이 아름다우며 항아리를 닮은 포구,VJ,,https://map.kakao.com/?q=옹포리포구
3037,옹포천,,WEST,NATURE,자연관광지,,제주시 한림읍,33.40766,126.25742,제주특별자치도 제주시 한림읍 한림로 563,https://api.cdn.visitjeju.net/photomng/imgpath/201804/30/00cc6648-a7c0-43b0-9265-a9206e6b6b0c.webp,서부지역의 상수원,서부지역의 상수원,VJ,,https://map.kakao.com/?q=옹포천
3038,와그라운드,,EAST,EXPERIENCE,체험 활동 관광지,,제주시 조천읍,33.5275814,126.6580625,제주특별자치도 제주시 조천읍 함대로 194-2,https://api.cdn.visitjeju.net/photomng/imgpath/202509/08/f6c3397e-4054-4449-b519-bdc9cc76b357.webp,"와그라운드 제주도 함덕 >,수영, 캠핑체험, 불멍, 바베큐, 놀이터를 한 곳에서 즐기는 곳으로 잠은 집에서, 캠핑장 아니고 캠크닉장입니다.","와그라운드 제주도 함덕 >,수영, 캠핑체험, 불멍, 바베큐, 놀이터를 한 곳에서 즐기는 곳으로 잠은 집에서, 캠핑장 아니고 캠크닉장입니다.",VJ,,https://map.kakao.com/?q=와그라운드
3039,와우다이버스 스쿠버다이빙,,SOUTH,EXPERIENCE,체험 활동 관광지,,서귀포시 대륜동,33.2444824,126.5355615,제주특별자치도 서귀포시 태평로 119-1,https://api.cdn.visitjeju.net/photomng/imgpath/202306/19/1dfea596-b61f-425c-b9d4-dc58603cc27b.webp,편의를 최우선으로 고려하는 다이빙센터,편의를 최우선으로 고려하는 다이빙센터,VJ,,https://map.kakao.com/?q=와우다이버스 스쿠버다이빙
3040,와이드앵글 신제주점,,NORTH,COMMERCIAL,상업지구,,제주시 연동,33.4857111,126.4902044,제주특별자치도 제주시 노연로 94 (연동),https://tong.visitkorea.or.kr/cms/resource/59/4045059_image2_1.png,와이드앵글은 감각적인 디자인과 우수한 기능성을 겸비한 트렌디한 골프웨어 브랜드입니다.,와이드앵글은 감각적인 디자인과 우수한 기능성을 겸비한 트렌디한 골프웨어 브랜드입니다. 북유럽 감성의 심플한 실루엣과 스트레치 소재를 활용하여 필드 위에서 최상의 활동성과 세련미를 동시에 선사합니다.,TOUR,,https://map.kakao.com/?q=와이드앵글 신제주점
3041,와인점방 서귀포점,,SOUTH,COMMERCIAL,상업지구,,서귀포시 서홍동,33.2625878,126.5585209,제주특별자치도 서귀포시 중앙로 199,https://api.cdn.visitjeju.net/photomng/imgpath/202306/15/9672fda2-0df6-4ded-857f-c82683f3920b.webp,서귀포권 최대 와인 아울렛,서귀포권 최대 와인 아울렛,VJ,,https://map.kakao.com/?q=와인점방 서귀포점
3042,와키윌리 신세계사이먼프리미엄아울렛 제주점,,WEST,COMMERCIAL,상업지구,,서귀포시 안덕면,33.3049727,126.316352,제주특별자치도 서귀포시 안덕면 신화역사로304번길 38 B1층,https://tong.visitkorea.or.kr/cms/resource/54/4045354_image2_1.jpg,와키윌리는 위트 있는 디자인과 긍정적인 에너지를 지향하는 라이프스타일 및 패션 브랜드입니다.,와키윌리는 위트 있는 디자인과 긍정적인 에너지를 지향하는 라이프스타일 및 패션 브랜드입니다. 기분 좋아지는 컬러 배색과 유니크한 캐릭터 상품들을 통해 고객의 일상에 즐거운 포인트와 행복한 웃음을 전합니다.,TOUR,,https://map.kakao.com/?q=와키윌리 신세계사이먼프리미엄아울렛 제주점
3043,와흘본향당,,EAST,CULTURE,문화시설,,제주시 조천읍,33.50232,126.63907,제주특별자치도 제주시 조천읍 와흘리 1274-1,https://api.cdn.visitjeju.net/photomng/imgpath/201804/30/f7739c09-f512-4608-a8bc-bbfa73f3b133.webp,"마을 전체의 안녕을 지켜주고 생업, 산육, 치병 등의 기원을 들어주는 마을공동체의 성소(聖所)","마을 전체의 안녕을 지켜주고 생업, 산육, 치병 등의 기원을 들어주는 마을공동체의 성소(聖所)",VJ,,https://map.kakao.com/?q=와흘본향당
3044,요가 베르데 원데이클래스,,EAST,EXPERIENCE,체험 활동 관광지,,제주시 구좌읍,33.4844346,126.7870743,제주특별자치도 제주시 구좌읍 비자림로 1999-6,https://api.cdn.visitjeju.net/photomng/imgpath/202506/24/23f3ab17-e320-45f1-af97-2965d33965a9.webp,제주 자연 속에서 요가 원데이 클래스를 운영하는 요가원,제주 자연 속에서 요가 원데이 클래스를 운영하는 요가원,VJ,,https://map.kakao.com/?q=요가 베르데 원데이클래스
3045,용눈이오름,,EAST,NATURE,자연관광지,,제주시 구좌읍,33.45993,126.831635,제주특별자치도 제주시 구좌읍 종달리 산28,https://api.cdn.visitjeju.net/photomng/imgpath/202408/22/5c9c469a-8832-4ca2-b866-d95889652311.webp,"능선의 아름다움을 뽐내는 오름, 김영갑 작가가 사랑한 오름","능선의 아름다움을 뽐내는 오름, 김영갑 작가가 사랑한 오름",VJ+TOUR,,https://map.kakao.com/?q=용눈이오름
3046,용담포구,,NORTH,CULTURE,문화시설,,제주시 용담2동,33.51841,126.500786,제주특별자치도 제주시 용담3동,https://api.cdn.visitjeju.net/photomng/imgpath/201908/20/0e250cd2-c9a4-4059-910c-151fabb76329.webp,용담 마을 주민들이 닦아 만든 포구,용담 마을 주민들이 닦아 만든 포구,VJ,,https://map.kakao.com/?q=용담포구
3047,용두암해안도로카페거리,,NORTH,TRAIL,산책로·둘레길,,제주시 용담2동,33.519577,126.492165,제주특별자치도 제주시 용담3동,https://api.cdn.visitjeju.net/photomng/imgpath/202111/30/6fda3d54-3bf3-4fb6-aae5-c4580e953087.webp,낭만스러운 노을을 감상할 수 있는 곳,낭만스러운 노을을 감상할 수 있는 곳,VJ,,https://map.kakao.com/?q=용두암해안도로카페거리
3048,용둠벙전망대,,NORTH,NATURE,자연관광지,,제주시 추자면,33.956703,126.29697,제주특별자치도 제주시 추자면 영흥리,https://api.cdn.visitjeju.net/photomng/imgpath/201804/30/3b559768-8044-4881-adb8-218577e63d09.webp,나바론 절벽의 위용을 한 눈에 감상하는 전망대,나바론 절벽의 위용을 한 눈에 감상하는 전망대,VJ,,https://map.kakao.com/?q=용둠벙전망대
3049,용수항,,WEST,CULTURE,문화시설,,제주시 한경면,33.323494,126.16516,제주특별자치도 제주시 한경면 용수리,https://api.cdn.visitjeju.net/photomng/imgpath/201804/30/91e620bb-d588-4bf7-92d0-bddaf8df7591.webp,"어촌마을의 소규모 포구, 용수항","어촌마을의 소규모 포구, 용수항",VJ+TOUR,,https://map.kakao.com/?q=용수항
3050,용연낚시,,NORTH,COMMERCIAL,상업지구,,제주시 용담2동,33.513515,126.51328,제주특별자치도 제주시 용담2동 465,https://api.cdn.visitjeju.net/photomng/imgpath/201804/30/8d7173f1-8d7a-4b69-aee8-c5305e9322bc.webp,제주공항근처에 위치한 낚시용품 전문점이다.,제주공항근처에 위치한 낚시용품 전문점이다.,VJ,,https://map.kakao.com/?q=용연낚시
3051,용연카누클럽,,NORTH,EXPERIENCE,체험 활동 관광지,,제주시 용담2동,33.5156106,126.5139903,제주특별자치도 제주시 흥운길 79,https://api.cdn.visitjeju.net/photomng/imgpath/201804/30/237dcb8f-6d24-42c9-982e-728ec2ba33c7.webp,"태양, 물, 바람과 함께하는 제주의 카누생태관광","태양, 물, 바람과 함께하는 제주의 카누생태관광",VJ,,https://map.kakao.com/?q=용연카누클럽
3052,우도 등대,,EAST,NATURE,자연관광지,,제주시 우도면,33.4920855,126.9665932,제주특별자치도 제주시 우도면 우도봉길 105 (우도면) 부근,https://tong.visitkorea.or.kr/cms/resource/35/3554035_image2_1.jpg,"우도 등대는 제주 최초로 빛을 밝힌 등대로, 1906년 3월 처음 불을 밝혔다.","우도 등대는 제주 최초로 빛을 밝힌 등대로, 1906년 3월 처음 불을 밝혔다. 2003년 12월, 높이 16m의 원형 콘크리트 등대를 신축하였고, 국내 기술로 개발한 대형 회전식 등명기를 설치해 50㎞ 밖에서도 확인 가능한 불빛을 비추고 있다. 주변에는 우리나라 최초로 등대를 테마로 한 등대 공원을 조성하여 지역 경제 발전에 기여하고 있다. 등대 공원에서는 홍보 전시실 및 항로 표지 3D체험관과 세계 7대 불가사의 중 하나인 파로스 등대 등 국내외 유명한 등대 모형 14점을 전시하여 우도봉에 오른 관광객들에게 즐거움을 더해주고 있다. 또한, 우리나라 최초로 등대를 테마로 한 등대공원을 조성하여 해양관광상품을 개발하고, 지역경제 발전 기여를 위해 노력하고 있다.",TOUR,,https://map.kakao.com/?q=우도 등대
3053,우도 봉수대,,EAST,CULTURE,문화시설,,제주시 우도면,33.524593,126.952644,제주특별자치도 제주시 우도면 연평리 798,https://api.cdn.visitjeju.net/photomng/imgpath/201804/30/c8169250-41b3-4bdb-9624-379d84a96307.webp,우도의 바람을 느낄 수 있는 곳,우도의 바람을 느낄 수 있는 곳,VJ,,https://map.kakao.com/?q=우도 봉수대
3054,우도i,,EAST,COMMERCIAL,상업지구,,제주시 우도면,33.5033191,126.9556775,제주특별자치도 제주시 우도면 우도해안길 814,https://api.cdn.visitjeju.net/photomng/imgpath/201804/30/1cfe3e8f-40bc-4532-9280-cabc852b93fc.webp,우도의 아름다운 바다와 풍경을 담은 핸드메이드 기념품샵,우도의 아름다운 바다와 풍경을 담은 핸드메이드 기념품샵,VJ,,https://map.kakao.com/?q=우도i
3055,우도등대,,EAST,NATURE,자연관광지,,제주시 우도면,33.50332,126.95568,제주특별자치도 제주시 우도면 우도봉길 105,https://api.cdn.visitjeju.net/photomng/imgpath/202111/05/5523b328-d4fa-435e-be54-9df46fcc3ad3.webp,섬속의 섬 우도에 위치한 등대의 풍경,섬속의 섬 우도에 위치한 등대의 풍경,VJ,,https://map.kakao.com/?q=우도등대
3056,우도마을,,EAST,NATURE,자연관광지,,제주시 우도면,33.5119222,126.9648094,제주특별자치도 제주시 우도면 우도비양길 119,https://tong.visitkorea.or.kr/cms/resource/50/3411150_image2_1.jpg,우도는 소가 누워있는 모양을 닮았다고 해서 일찍부터 소섬 또는 쉐섬으로 불리웠다.,"우도는 소가 누워있는 모양을 닮았다고 해서 일찍부터 소섬 또는 쉐섬으로 불리웠다. 완만한 경사와 옥토, 풍부한 어장, 우도팔경 등 천혜의 자연조건을 갖춘 관광지로써 한해 약 200만 명의 관광객이 찾는 제주의 대표적인 부속섬이다. 물소가 머리를 내민 모양이라 우도라 부르는데, 우도8경 등 수려한 자연경관과 청정해역으로 많은 관광객들이 찾고 있는 곳이다. 또한 최근에 영화 '시월애'와 '인어공주' 등의 촬영지로 알려지면서 세인들의 관심이 더욱 높아지고 있다.",TOUR,,https://map.kakao.com/?q=우도마을
3057,우도보물섬레져,,EAST,EXPERIENCE,체험 활동 관광지,,제주시 우도면,33.508338,126.9441293,제주특별자치도 제주시 우도면 우도해안길 336,https://api.cdn.visitjeju.net/photomng/imgpath/201804/30/cd085250-d01b-477c-acfc-5e6e39475462.webp,"ATV, 스쿠터, 전기자전거 이용 가능","ATV, 스쿠터, 전기자전거 이용 가능",VJ,,https://map.kakao.com/?q=우도보물섬레져
3058,우도잠수함,,EAST,EXPERIENCE,체험 활동 관광지,,서귀포시 성산읍,33.472928,126.9345061,제주특별자치도 서귀포시 성산읍 성산등용로 130-21,https://tong.visitkorea.or.kr/cms/resource/07/4104107_image2_1.jpg,"잠수함을 타고 바닷속으로 내려가면 제주 대표 어종인 자리돔을 비롯해 노란 바탕에 파란 줄무늬가 돋보이는 범돔, 회색 바탕에 검은 줄무늬를 가진…","잠수함을 타고 바닷속으로 내려가면 제주 대표 어종인 자리돔을 비롯해 노란 바탕에 파란 줄무늬가 돋보이는 범돔, 회색 바탕에 검은 줄무늬를 가진 돌돔, 화려한 색감으로 바다의 공작새라 불리는 쏠베감펭, 얼룩말을 연상시키는 줄도화돔 등 다양한 해양 생물을 만나볼 수 있다. 수많은 물고기가 무리를 지어 헤엄치는 모습과 신비로운 해저경관을 감상하며, 평소 쉽게 경험하기 어려운 특별한 바닷속 여행을 즐길 수 있다.
우도 잠수함은 아름다운 해저 생태를 소개하는 것 뿐만 아니라, 점차 사라져가는 제주의 고유한 해녀 문화를 알리기 위해 제주 해녀의 물질을 재현한 수중 퍼포먼스도 선보이고 있다.
잠수함 안에서 해녀의 물질 모습을 직점 관람하며 제주만의 전통과 문화를 특별한 방식으로 만날 수 있다.
또한 우도 앞바다 수심 30m에서 와인을 숙송하는 특별한 해저와인 프로젝트도 진행하고 있으며 바닷속에서 숙성된 해저 와인을 매일 두 차례 회차별 한 병씩 총 2병을 추첨을 통해 증정하는 이벤트를 운영하고 있다.",TOUR,,https://map.kakao.com/?q=우도잠수함
3059,우도천진항,,EAST,NATURE,자연관광지,,제주시 우도면,33.4919931,126.9504349,제주특별자치도 제주시 우도면 연평리 1737-15,https://tong.visitkorea.or.kr/cms/resource/24/3556224_image2_1.jpg,"제주의 동쪽 끝, 해가 가장 먼저 떠오르는 섬이자 제주의 부속 섬 중 가장 큰 우도는 볼거리와 즐길 거리가 가득해 관광객들로 북적이는 여행지다.","제주의 동쪽 끝, 해가 가장 먼저 떠오르는 섬이자 제주의 부속 섬 중 가장 큰 우도는 볼거리와 즐길 거리가 가득해 관광객들로 북적이는 여행지다. 걷기에는 섬 크기가 커서 자동차를 가지고 입도하거나 입도 후 전동 스쿠터나 소형 전기차, 버스로 여행하는 것이 좋다. 우도에는 2개의 선착장이 있는데, 천진항과 하우목동항이 바로 그곳이다. 천진항은 우도의 관문 항구이자 전동 스쿠터 등 대여 업체가 많아 보통 이곳에서 내리는 관광객이 많다. 성산항과 종달항에서 천진항까지는 10~15분 정도가 소요된다.",TOUR,,https://map.kakao.com/?q=우도천진항
3060,우뭇개해안,,EAST,NATURE,자연관광지,,서귀포시 성산읍,33.46229,126.939029,제주특별자치도 서귀포시 성산읍 성산리,https://tong.visitkorea.or.kr/cms/resource/72/4058172_image2_1.jpg,우뭇개해안은 제주 대표 관광지 성산일출봉의 동쪽 절벽 아래편에 위치한 해안가다.,"우뭇개해안은 제주 대표 관광지 성산일출봉의 동쪽 절벽 아래편에 위치한 해안가다. 이곳은 다른 해변들과 다르게 검은빛 모래밭을 볼 수 있어 입소문을 타고 떠오르는 곳이다. 용암이 바다에 닿아 표면이 검게 변한 뒤, 폭발과 파도에 마모되어 새카만 모래밭의 해안가가 형성되었다. 본래 화산섬이었던 성산일출봉에서 특별히 만나볼 수 있는 이색적인 바다 전경이며 특히, 성산일출봉 등반코스와 다르게 표를 구매하지 않고 무료로 탐방할 수 있어 가볍게 방문하기 좋다.​",TOUR,,https://map.kakao.com/?q=우뭇개해안
3061,우생당,,NORTH,COMMERCIAL,상업지구,,제주시 일도1동,33.5129944,126.5238266,제주특별자치도 제주시 관덕로 42,https://api.cdn.visitjeju.net/photomng/imgpath/201804/30/bf98c799-4d65-4944-80a7-9b893ff83855.webp,1945년부터 운영하고 있는 제주시내 서점,1945년부터 운영하고 있는 제주시내 서점,VJ,,https://map.kakao.com/?q=우생당
3062,우포토시네마카페,,WEST,NATURE,자연관광지,,서귀포시 대정읍,33.2252947,126.2659767,제주특별자치도 서귀포시 대정읍 상모로 216-2,https://api.cdn.visitjeju.net/photomng/imgpath/202109/13/cf037d40-1c3c-4638-82e0-502264f6282b.webp,대한민국의 영화 사진계를 이끌어 온 우명률 사진작가가 고향인 제주에 내려와 오픈한 시네마갤러리 카페,대한민국의 영화 사진계를 이끌어 온 우명률 사진작가가 고향인 제주에 내려와 오픈한 시네마갤러리 카페,VJ,,https://map.kakao.com/?q=우포토시네마카페
3063,운진항,,WEST,NATURE,자연관광지,,서귀포시 대정읍,33.2095277,126.258311,제주특별자치도 서귀포시 대정읍 하모리,https://tong.visitkorea.or.kr/cms/resource/09/3551609_image2_1.jpg,운진항은 대한민국 최남단 섬인 마라도와 청보리 축제로 유명한 가파도로 가는 여객선이 드나드는 항구다.,"운진항은 대한민국 최남단 섬인 마라도와 청보리 축제로 유명한 가파도로 가는 여객선이 드나드는 항구다. 운진항에서 출발한 여객선은 10분이면 가파도, 25분이면 마라도에 도착한다. 크기는 작으나, 매년 60만 명 이상의 관광객이 제주의 아름다운 부속 섬을 방문하기 위해 이곳 운진항을 찾는다. 평소에도 관광객으로 활기찬 항구지만, 특히 가파도 청보리 축제가 열리는 봄이면 배편이 자주 매진되니 사전에 예약하는 것을 추천한다.",TOUR,,https://map.kakao.com/?q=운진항
3064,웁스마이독,,WEST,EXPERIENCE,체험 활동 관광지,,서귀포시 안덕면,33.240297,126.3003502,제주특별자치도 서귀포시 안덕면 사계로 112,https://api.cdn.visitjeju.net/photomng/imgpath/202308/23/aba725e4-4a6f-4b02-a00e-2dd4d1d476d0.webp,위트있는 테마와 퀄리티 있는 소재로 제작 된 웁스!마이독은 세계적인 명문 디자인 스쿨 런던 CENTRAL ST.MARTINS 출신 디자이너 S…,위트있는 테마와 퀄리티 있는 소재로 제작 된 웁스!마이독은 세계적인 명문 디자인 스쿨 런던 CENTRAL ST.MARTINS 출신 디자이너 STEPHANIE SOHN이 중심이 되어 숙련된 제품 디자이너들이 드림팀을 이룬 글로벌 반려견 용품 브랜드다.,VJ,,https://map.kakao.com/?q=웁스마이독
3065,워너비제주,,EAST,COMMERCIAL,상업지구,,제주시 구좌읍,33.5538524,126.808447,제주특별자치도 제주시 구좌읍 행원로9길 8-1,https://api.cdn.visitjeju.net/photomng/imgpath/202306/30/0eb718e4-38dd-4bf9-a5d6-2a6bdd0b8b59.webp,직접 주운 조개로 만든 모빌과 귀여운 향초를 파는 소품샵,직접 주운 조개로 만든 모빌과 귀여운 향초를 파는 소품샵,VJ,,https://map.kakao.com/?q=워너비제주
3066,워터월드 제주,,SOUTH,THEME,테마시설,,서귀포시 대륜동,33.2464668,126.5090074,제주특별자치도 서귀포시 월드컵로 33 제주월드컵경기장,https://api.cdn.visitjeju.net/photomng/imgpath/202408/20/e6659df2-a33d-47bc-a332-a9889039906b.webp,'세상의 모든 물' 을 모아 놓은 제주 최대의 워터미디어테마파크,'세상의 모든 물' 을 모아 놓은 제주 최대의 워터미디어테마파크,VJ+TOUR,,https://map.kakao.com/?q=워터월드 제주
3067,원당봉,,NORTH,NATURE,자연관광지,,제주시 삼양동,33.5292607,126.5979702,제주특별자치도 제주시 원당로16길 41,https://api.cdn.visitjeju.net/photomng/imgpath/202112/02/c5c35729-abc6-4076-915b-8153f8e42aa4.webp,만물이 소생하는 제주도 오름 원당봉,만물이 소생하는 제주도 오름 원당봉,VJ,,https://map.kakao.com/?q=원당봉
3068,원당사지,,NORTH,NATURE,자연관광지,,제주시 삼양동,33.5290561,126.5984743,제주특별자치도 제주시 원당로16길 41 (삼양일동),https://tong.visitkorea.or.kr/cms/resource/19/3477919_image2_1.jpg,제주시에 위치한 원당사지는 보물로 지정된 제주 불탑사 오층석탑이 남아 있는 절터이다.,"제주시에 위치한 원당사지는 보물로 지정된 제주 불탑사 오층석탑이 남아 있는 절터이다. 고려시대에 탐라가 원나라의 지배 아래에 있을 때 원나라 사람들이 세운 절 중의 하나가 원당사였다. 원나라 기황후가 고려의 풍수가들까지 동원하여 명당자리에 절을 지어 불공을 드리기 위하여 세웠다는 전설이 있다. 원당사는 없어졌지만, 17세기 중엽까지 존속되었던 것으로 보이며 당시 경내에 있던 석탑은 그대로 남아 고려시대 사찰의 면모를 보여주고 있으며, 원당사지에는 불탑사가 자리하고 있다.",TOUR,,https://map.kakao.com/?q=원당사지
3069,원더플레이스 제주 칠성로점,,NORTH,COMMERCIAL,상업지구,,제주시 일도1동,33.5146534,126.5251708,제주특별자치도 제주시 관덕로11길 17 (일도일동) 시티오브드림 1층,https://tong.visitkorea.or.kr/cms/resource/37/4020137_image2_1.jpg,원더플레이스는 국내외 핫한 스트릿 브랜드와 신진 디자이너 브랜드를 한데 모은 라이프스타일 편집 브랜드입니다.,"원더플레이스는 국내외 핫한 스트릿 브랜드와 신진 디자이너 브랜드를 한데 모은 라이프스타일 편집 브랜드입니다. 유니크한 패션 아이템부터 소품까지, 즐거운 놀이터처럼 개성 넘치는 쇼핑 경험을 선사합니다.",TOUR,,https://map.kakao.com/?q=원더플레이스 제주 칠성로점
3070,원동,,WEST,CULTURE,문화시설,,제주시 애월읍,33.402027,126.3803,제주특별자치도 제주시 애월읍 소길리 1364 일대,https://api.cdn.visitjeju.net/photomng/imgpath/201804/30/ebf6fb32-03a9-4bac-9da3-e3d0f48eef71.webp,1948년 군인들에 의해 마을 주민 30여 명이 집단학살을 당한 곳.,1948년 군인들에 의해 마을 주민 30여 명이 집단학살을 당한 곳.,VJ,,https://map.kakao.com/?q=원동
3071,월나봉(도래오름),,WEST,NATURE,자연관광지,,서귀포시 안덕면,33.245667,126.3499,제주특별자치도 서귀포시 안덕면 감산리 1148 일대,https://api.cdn.visitjeju.net/photomng/imgpath/201804/30/af356159-ad9d-4e3a-a8fb-2829d599b82f.webp,제주 서부일대의 전쟁유적지를 느낄 수 있는 오름,제주 서부일대의 전쟁유적지를 느낄 수 있는 오름,VJ,,https://map.kakao.com/?q=월나봉(도래오름)
3072,월대천,,NORTH,NATURE,자연관광지,,제주시 외도동,33.4935086,126.4360616,제주특별자치도 제주시 월대6길 5,https://api.cdn.visitjeju.net/photomng/imgpath/201807/11/6f93e824-34f9-4c29-b09b-f4127cc60771.webp,제주 도심 속 시원한 용천수가 흐르는 곳,제주 도심 속 시원한 용천수가 흐르는 곳,VJ,,https://map.kakao.com/?q=월대천
3073,월라봉(효돈),,SOUTH,NATURE,자연관광지,,서귀포시 효돈동,33.2705143,126.6046518,제주특별자치도 서귀포시 월라봉로 76-40,https://api.cdn.visitjeju.net/photomng/imgpath/201811/14/d8dbcdbe-9c21-4645-bd06-a8d5555c65e1.webp,서귀포시 신효동에 위치한 오름,서귀포시 신효동에 위치한 오름,VJ,,https://map.kakao.com/?q=월라봉(효돈)
3074,월라사,,SOUTH,CULTURE,문화시설,,서귀포시 효돈동,33.2687804,126.6101134,제주특별자치도 서귀포시 효돈순환로 415,https://api.cdn.visitjeju.net/photomng/imgpath/201811/14/d7e84aa7-4505-4ba2-84be-351aad77e154.webp,서귀포시 신효동에 있는 사찰,서귀포시 신효동에 있는 사찰,VJ,,https://map.kakao.com/?q=월라사
3075,월령포구,,WEST,LEISURE,레저·스포츠 관련 시설,,제주시 한림읍,33.37863,126.21653,제주특별자치도 제주시 한림읍 월평리,https://api.cdn.visitjeju.net/photomng/imgpath/202407/27/30eddf18-822b-4cd2-a93d-f5f723f4989d.webp,맑은 바다를 만날 수 있는 최고의 스노쿨링 명소,맑은 바다를 만날 수 있는 최고의 스노쿨링 명소,VJ+TOUR,,https://map.kakao.com/?q=월령포구
3076,월영사(제주),,WEST,NATURE,자연관광지,,제주시 애월읍,33.4778338,126.4140193,제주특별자치도 제주시 애월읍 하귀동남2길 40-16,https://tong.visitkorea.or.kr/cms/resource/11/3477811_image2_1.jpg,"월영사는 한국불교 태고종 사찰로, 애월읍 상귀리 파군봉에 위치하고 있다.","월영사는 한국불교 태고종 사찰로, 애월읍 상귀리 파군봉에 위치하고 있다. 월영사가 자리 잡고 있는 파군봉은 해발 고려 시대 여몽연합군의 상륙부대를 맞아 삼별초가 항전했던 전적지다. 이곳에서 삼별초가 대파되었다고 전해져 파군봉이라 불린다. 월영사는 1936년 완주 위봉사의 상귀리 포교당으로 설립되어, 1945년 무렵에는 귀이사라는 이름으로 변경했으나 1948년 제주 4·3사건으로 모두 소실되었다. 4·3사건의 상흔을 이겨내고 옛 사찰의 명맥을 이으며, 지학 스님에 의해서 월영사가 창건된 후 여러 번의 불사를 거쳐 오늘날에 이르고 있다. 이 사찰에는 대웅전과 법당, 요사, 종각 등이 갖추어져 있으며, 법당 내부에는 조선시대 불상이자 제주특별자치도 문화재 자료인 목조여래좌상이 봉안되어 있다.",TOUR,,https://map.kakao.com/?q=월영사(제주)
3077,월정리해안도로,,EAST,TRAIL,산책로·둘레길,,제주시 구좌읍,33.556572,126.79497,제주특별자치도 제주시 구좌읍 월정리 652-4,https://api.cdn.visitjeju.net/photomng/imgpath/202112/08/0a46a73f-294a-45f1-b201-6b9b0e2388cf.webp,풍차와 애매랄드 빛 바다를 보며 드라이브를 즐기기 좋은 곳,풍차와 애매랄드 빛 바다를 보며 드라이브를 즐기기 좋은 곳,VJ+TOUR,,https://map.kakao.com/?q=월정리해안도로
3078,월정바즐서핑앤패들보드,,EAST,EXPERIENCE,체험 활동 관광지,,제주시 구좌읍,33.5553225,126.7942488,제주특별자치도 제주시 구좌읍 월정3길 47,https://api.cdn.visitjeju.net/photomng/imgpath/202507/04/0ad57efc-0f88-420d-9e87-d6a2d7ddc767.webp,"월정리 해수욕장에서 서핑, 배들보드 강습을 전문으로 하는 곳","월정리 해수욕장에서 서핑, 배들보드 강습을 전문으로 하는 곳",VJ,,https://map.kakao.com/?q=월정바즐서핑앤패들보드
3079,월정사(제주),,NORTH,NATURE,자연관광지,,제주시 오라동,33.4667616,126.5100973,제주특별자치도 제주시 아연로 216-5 (오라이동),https://tong.visitkorea.or.kr/cms/resource/08/1618608_image2_1.jpg,"월정사는 제주 최초의 불교 선원으로서, 제주 4·3사건 당시 제주도민과 함께 근대사의 아픔을 겪었던 사찰이자 대한불교 조계종 본사 관음사의 말…","월정사는 제주 최초의 불교 선원으로서, 제주 4·3사건 당시 제주도민과 함께 근대사의 아픔을 겪었던 사찰이자 대한불교 조계종 본사 관음사의 말사이다. 전하는 말에 따르면 월정사 자리는 1871년 무렵 토굴을 마련하고 수행하던 승려가 머물렀던 곳이라고 한다. 1938년 10월 1일 월정사에 조선불교 중앙선리참구원 제1지방 분원이 마련되어 제주 최초의 선원이 탄생했음을 알리는 기록이 남아 있다. 이 제주 선원은 1940년대까지 존속했으며 참여한 승려의 수는 10명 이내로 기록되어 있다. 1960년대 승려들의 노력으로 월정사 터에 난민 보건 주택을 짓고 법당으로 사용하면서 사찰의 명맥을 유지하였다. 1970년대 지문스님에 의해 대웅전과 요사가 신축되면서부터 월정사를 본격적으로 재건했다. 계속된 불사에 힘입어 2001년 10월 25일 전통 사찰로 지정되었으며 현재 월정사에는 2002년 12월 제주도 문화유산자료로 지정된 소조여래좌상과 목조보살입상이 보존되고 있다.",TOUR,,https://map.kakao.com/?q=월정사(제주)
3080,월정스캔들,,EAST,COMMERCIAL,상업지구,,제주시 구좌읍,33.5564165,126.8013584,제주특별자치도 제주시 조천읍 함와로 566-29 (와산리) 209동 1층 (스위스마을),https://api.cdn.visitjeju.net/photomng/imgpath/202306/30/c60e2588-f4c4-4f6e-b28d-39e4b1d691aa.webp,은은한 제주의 향기를 품은 캔들 공방,은은한 제주의 향기를 품은 캔들 공방,VJ,,https://map.kakao.com/?q=월정스캔들
3081,월정퀵서프,,EAST,EXPERIENCE,체험 활동 관광지,,제주시 구좌읍,33.5547934,126.7986457,제주특별자치도 제주시 구좌읍 해맞이해안로 486,https://api.cdn.visitjeju.net/photomng/imgpath/202306/19/8df43240-4a5a-4c2a-b1fa-f2a9bb4e8b8f.webp,에메랄드빛 월정해변에서 즐기는 서핑,에메랄드빛 월정해변에서 즐기는 서핑,VJ,,https://map.kakao.com/?q=월정퀵서프
3082,월정투명카약,,EAST,LEISURE,레저·스포츠 관련 시설,,제주시 구좌읍,33.563833,126.7787263,제주특별자치도 제주시 구좌읍 월정리 1400-33,https://api.cdn.visitjeju.net/photomng/imgpath/202407/23/cb7baccf-9f8e-43dc-b0e0-d9c5dbb3f2fb.webp,바닷속을 직접 배안에서 볼 수 있는 카약체험,바닷속을 직접 배안에서 볼 수 있는 카약체험,VJ+TOUR,주소를 좌표로 다시 구함,https://map.kakao.com/?q=월정투명카약
3083,월평포구,,SOUTH,CULTURE,문화시설,,서귀포시 대천동,33.2346522,126.4647889,제주특별자치도 서귀포시 말질로 462,https://api.cdn.visitjeju.net/photomng/imgpath/201804/30/725adee7-e31e-4937-9c49-0b18e3c49492.webp,달빛을 품은 작은 포구.,달빛을 품은 작은 포구. 월평포구,VJ+TOUR,,https://map.kakao.com/?q=월평포구
3084,웨스트우드 구제주점,,NORTH,COMMERCIAL,상업지구,,제주시 일도1동,33.5133299,126.5262592,제주특별자치도 제주시 관덕로 65 (일도일동),https://tong.visitkorea.or.kr/cms/resource/88/4020088_image2_1.jpg,웨스트우드는 합리적인 가격과 뛰어난 기능성을 자랑하는 실용주의 아웃도어 브랜드입니다.,"웨스트우드는 합리적인 가격과 뛰어난 기능성을 자랑하는 실용주의 아웃도어 브랜드입니다. 등산, 캠핑 등 아웃도어 활동은 물론 일상생활에서도 편안하게 입을 수 있는 다양한 기능성 의류를 제안합니다.",TOUR,,https://map.kakao.com/?q=웨스트우드 구제주점
3085,웨스트우드 신제주점,,NORTH,COMMERCIAL,상업지구,,제주시 연동,33.4870581,126.4908601,제주특별자치도 제주시 연동7길 31 (연동),https://tong.visitkorea.or.kr/cms/resource/69/4042069_image2_1.jpg,웨스트우드는 합리적인 가격과 뛰어난 기능성을 자랑하는 실용주의 아웃도어 브랜드입니다.,"웨스트우드는 합리적인 가격과 뛰어난 기능성을 자랑하는 실용주의 아웃도어 브랜드입니다. 등산, 캠핑 등 아웃도어 활동은 물론 일상생활에서도 편안하게 입을 수 있는 다양한 기능성 의류를 제안합니다.",TOUR,,https://map.kakao.com/?q=웨스트우드 신제주점
3086,위미1리어촌체험마을,,SOUTH,EXPERIENCE,체험 활동 관광지,,서귀포시 남원읍,33.2710356,126.6587527,제주특별자치도 서귀포시 남원읍 위미해안로 43,https://tong.visitkorea.or.kr/cms/resource/18/3400618_image2_1.jpg,"마을 전체가 감귤밭에 둘러싸인 농촌 마을이자, 1종 어항인 위미항이 있는 어촌 마을이기도 하다.","마을 전체가 감귤밭에 둘러싸인 농촌 마을이자, 1종 어항인 위미항이 있는 어촌 마을이기도 하다. 앞 바다에는 지귀도라는 무인도가 떠 있는데, 이 섬은 마을 해녀들이 연중 해산물을 채취하는 '바다 밭'일 뿐만 아니라, 제주도 전역에 몇 군데 안되는 관광 유어장으로 지정되어 외지인들도 스쿠버다이빙이나 작살 다이빙을 체험할 수 있다. 또한, 이 마을에는 농구, 족구 등을 즐길 수 있는 해양 소공원이 조성돼 있으며, 마을 가까이에는 제주도 제일의 해안 경승지로 꼽히는 남원 큰엉해안이 자리 잡고 있다. 서귀포와 성산포 사이를 잇는 일주 도로가 마을 한복판을 관통하기 때문에 찾아가기도 쉽다.",TOUR,,https://map.kakao.com/?q=위미1리어촌체험마을
3087,위미동백나무군락,,SOUTH,NATURE,자연관광지,,서귀포시 남원읍,33.302706,126.6568975,제주특별자치도 서귀포시 남원읍 위미중앙로300번길 15,https://api.cdn.visitjeju.net/photomng/imgpath/202111/11/46260762-c3e3-4d89-b57f-c1accd8e3a54.webp,"현맹춘(1858-1933) 할머니가 모진바람을 막기 위하여 한라산의 동백을 따다 심어 자라 군락지를 이룬곳, 제주도 기념물 제 39 호","현맹춘(1858-1933) 할머니가 모진바람을 막기 위하여 한라산의 동백을 따다 심어 자라 군락지를 이룬곳, 제주도 기념물 제 39 호",VJ,,https://map.kakao.com/?q=위미동백나무군락
3088,위미동백나무군락,,SOUTH,NATURE,자연관광지,,서귀포시 남원읍,33.2728748,126.6749991,제주특별자치도 서귀포시 남원읍 위미중앙로300번길 15,https://tong.visitkorea.or.kr/cms/resource/76/3557976_image2_1.jpg,위미동백나무군락은 황무지를 옥토로 가꾸기 위하여 정성을 쏟은 현맹춘 할머니의 얼이 깃든 곳이다.,"위미동백나무군락은 황무지를 옥토로 가꾸기 위하여 정성을 쏟은 현맹춘 할머니의 얼이 깃든 곳이다. 17세 되던 해 이 마을로 시집온 현맹춘(1858-1933) 할머니는 해초 캐기와 품팔이 등 근면하고 검소한 생활로 어렵게 모은 돈으로 이곳 황무지를 사들였다. 그리고 모진 바람을 막기 위하여 한라산의 동백 씨앗을 따다가 뿌린 것이 오늘날에 이르러 숲을 이루었다. 사철 푸른 동백과 가을이면 풍요로움이 가득한 감귤원과 함께 제주의 정취를 물씬 풍긴다. 동백나무는 차나무과의 상록소교목이다. 나무껍질은 회갈색이고 새순은 갈색이다. 잎은 어긋나고 타원형 또는 장타원형이고, 물결 모양의 톱니가 있으며, 표면은 짙은 녹색이고 뒷면은 황록색이다. 꽃은 늦가을부터 이른 봄에 걸쳐서 붉게 피며, 열매는 둥글고 지름이 익으면 세 개로 갈라진다.",TOUR,,https://map.kakao.com/?q=위미동백나무군락
3089,위미웨이,,SOUTH,TRAIL,산책로·둘레길,,서귀포시 남원읍,33.2717087,126.6634414,"제주특별자치도 서귀포시 남원읍 위미중앙로196번길 6-13 (위미리, 제주해양경비안전서 위미출장소) 위미항",https://api.cdn.visitjeju.net/photomng/imgpath/202405/03/4ca6b4d1-e833-4df5-ad78-e7c7ff92b97e.PNG,제주특별자치도 국가어항인 서귀포 남원읍 위미항에 만들어진 수변트레킹 코스,제주특별자치도 국가어항인 서귀포 남원읍 위미항에 만들어진 수변트레킹 코스,VJ,,https://map.kakao.com/?q=위미웨이
3090,위미항,,SOUTH,NATURE,자연관광지,,서귀포시 남원읍,33.302706,126.6568975,제주특별자치도 서귀포시 남원읍 위미중앙로196번길 22-24,https://api.cdn.visitjeju.net/photomng/imgpath/201804/30/e2e0ac1d-9203-422c-aabc-1700b1a55a18.webp,제주의 벚꽃이 가장 먼저 피는 따뜻한 곳,제주의 벚꽃이 가장 먼저 피는 따뜻한 곳,VJ,,https://map.kakao.com/?q=위미항
3091,위트사이다,,NORTH,COMMERCIAL,상업지구,,제주시 삼도2동,33.5130363,126.5200576,제주특별자치도 제주시 관덕로 7,https://api.cdn.visitjeju.net/photomng/imgpath/202306/30/d8778acb-5a2b-464a-acd7-f67183f6e992.webp,행복과 귀여움을 판매하는 소품,행복과 귀여움을 판매하는 소품,VJ,,https://map.kakao.com/?q=위트사이다
3092,윗밤오름,,EAST,NATURE,자연관광지,,제주시 조천읍,33.47828,126.71444,제주특별자치도 제주시 조천읍 선흘리 산 84,https://api.cdn.visitjeju.net/photomng/imgpath/201804/30/902829d3-dfcc-4b98-97f2-364b24f9e5b9.webp,가뭄이 와도 마르지 않는 샘이 있는 웃밤오름,가뭄이 와도 마르지 않는 샘이 있는 웃밤오름,VJ,,https://map.kakao.com/?q=윗밤오름
3093,윗세누운오름,,SOUTH,NATURE,자연관광지,,서귀포시 예래동,33.3586527,126.4607188,제주특별자치도 제주시 애월읍 1100로 1579-25,https://api.cdn.visitjeju.net/photomng/imgpath/201804/30/b3a29197-5b94-46f5-bd5e-dab9e9d429d5.webp,길게 누워있다고 하여 붙여진 누운오름,길게 누워있다고 하여 붙여진 누운오름,VJ,,https://map.kakao.com/?q=윗세누운오름
3094,윗세오름,,WEST,NATURE,자연관광지,,제주시 애월읍,33.3608207,126.5199599,제주특별자치도 제주시 애월읍 광령리,https://tong.visitkorea.or.kr/cms/resource/14/3527014_image2_1.jpg,"한라산 정상 밑에 서쪽으로 웃세오름 대피소 주변에 영실등산 코스를 따라서 세 개의 오름이 서로 이어져 있는데, 이 오름들은 세오름(삼형제오름)…","한라산 정상 밑에 서쪽으로 웃세오름 대피소 주변에 영실등산 코스를 따라서 세 개의 오름이 서로 이어져 있는데, 이 오름들은 세오름(삼형제오름)에 비해 위쪽에 있다고 하여 윗세오름이라고 부르게 되었다. 윗세오름은 한라산 서쪽 등줄기로서 남북의 분수령을 이루며 서귀포시와 제주시의 경계가 되고 있으며, 윗세오름은 각각 독자적인 호칭을 가지고 있는데, 위로 부터 남사면에 붉은 흙이 드러나 있는 것이 붉은오름, 가운데 길게 가로누운 것이 누운오름, 막내격인 작은 오름이 족은오름 또는 새끼오름이라고 부른다. 이들은 삼형제에 빗대어 맏이를 큰오름, 둘째를 샛오름, 막내를 족은오름이라고도 한다. 웃세오름은 봄철 철쭉과 진달래꽃이 필때는 꽃바다를 이루어 아름다운 모습을 볼 수 있다. 붉은오름과 누은오름사이 남쪽 등산로변에 노루샘이 있어 등반객이 많이 이용하고 있다.",TOUR,,https://map.kakao.com/?q=윗세오름
3095,윗세오름(웃세오름),,WEST,NATURE,자연관광지,,제주시 애월읍,33.3701721,126.4819697,제주특별자치도 제주시 애월읍 광령리 산 183-1,https://api.cdn.visitjeju.net/photomng/imgpath/202111/01/3502011d-a44b-439a-b1e2-91e4c2c8415b.webp,"한라산을 제외하고 가장 높은 오름, 어리목, 영실, 돈내코 탐방로와 연결","한라산을 제외하고 가장 높은 오름, 어리목, 영실, 돈내코 탐방로와 연결",VJ,,https://map.kakao.com/?q=윗세오름(웃세오름)
3096,윗세족은오름,,WEST,NATURE,자연관광지,,제주시 애월읍,33.409966,126.398865,제주특별자치도 제주시 애월읍 평화로,https://api.cdn.visitjeju.net/photomng/imgpath/201804/30/fdc8ca9c-c974-4fb0-9fe1-0f160c84270a.webp,3개의 웃세오름 중 막내인 족은오름,3개의 웃세오름 중 막내인 족은오름,VJ,,https://map.kakao.com/?q=윗세족은오름
3097,유건에오름,,EAST,NATURE,자연관광지,,서귀포시 성산읍,33.413593,126.84679,제주특별자치도 서귀포시 성산읍 난산리 2302,https://api.cdn.visitjeju.net/photomng/imgpath/201804/30/41f004c3-afb6-450a-9848-8e76a26fcd55.webp,북쪽과 서쪽의 봉우리가 이어져 1km의 능선을 이루고 있는 오름,북쪽과 서쪽의 봉우리가 이어져 1km의 능선을 이루고 있는 오름,VJ,,https://map.kakao.com/?q=유건에오름
3098,유니클로 제주이도점,,NORTH,COMMERCIAL,상업지구,,제주시 이도2동,33.4912167,126.5362246,제주특별자치도 제주시 구남로8길 1 (이도이동),https://tong.visitkorea.or.kr/cms/resource/25/4017325_image2_1.jpg,유니클로는 기본기 충실한 제품을 선보이는 글로벌 SPA 패션 브랜드입니다.,"유니클로는 기본기 충실한 제품을 선보이는 글로벌 SPA 패션 브랜드입니다. 히트텍, 에어리즘 등 계절별 기능성 제품을 합리적인 가격에 제공하며, 심플한 디자인으로 남녀노소 누구나 즐길 수 있는 일상복을 제안합니다.",TOUR,,https://map.kakao.com/?q=유니클로 제주이도점
3099,유동룡미술관,,WEST,CULTURE,문화시설,,제주시 한림읍,33.3403492,126.2709132,제주특별자치도 제주시 한림읍 용금로 906-10,https://api.cdn.visitjeju.net/photomng/imgpath/202302/24/cc407d41-94aa-4d74-8b32-43af37d10e60.webp,세계적인 건축가로 알려진 예술가 이타미 준(유동룡)의 흔적을 따라가며 나의 '오리지널리티’를 찾는 복합문화공간,세계적인 건축가로 알려진 예술가 이타미 준(유동룡)의 흔적을 따라가며 나의 '오리지널리티’를 찾는 복합문화공간,VJ+TOUR,,https://map.kakao.com/?q=유동룡미술관
3100,유리멘탈스튜디오,,WEST,EXPERIENCE,체험 활동 관광지,,제주시 한경면,33.3412645,126.2286517,제주특별자치도 제주시 한경면 낙수로12길,https://api.cdn.visitjeju.net/photomng/imgpath/201809/11/44211b70-3832-416d-9566-a89b90855573.webp,스테인드글라스로 캔들 홀더와 모빌 소품을 만드는 원데이클래스를 운영하는 곳,스테인드글라스로 캔들 홀더와 모빌 소품을 만드는 원데이클래스를 운영하는 곳,VJ,관광지인지 확인(도서관·교회·골프 등),https://map.kakao.com/?q=유리멘탈스튜디오
3101,유리바닥보트,,WEST,LEISURE,레저·스포츠 관련 시설,,서귀포시 안덕면,33.2385082,126.336399,제주특별자치도 서귀포시 안덕면 화순해안로106번길 8 (화순리) 1층 유리바닥보트,https://api.cdn.visitjeju.net/photomng/imgpath/202412/04/3e5177c4-f205-4aa2-a125-c8fd518e1dff.webp,세상에 없던 새로운 체험형 보트투어 유리바닥보트,세상에 없던 새로운 체험형 보트투어 유리바닥보트,VJ+TOUR,,https://map.kakao.com/?q=유리바닥보트
3102,유민 아르누보 뮤지엄,,EAST,CULTURE,문화시설,,서귀포시 성산읍,33.4300919,126.9272996,제주특별자치도 서귀포시 성산읍 섭지코지로 107,https://api.cdn.visitjeju.net/photomng/imgpath/202111/11/33488824-a83e-4a89-8dc1-80459214a256.webp,유민 아르누보 뮤지엄은 1890년대부터 약 20년간 유럽 전역에서 일어났던 공예&디자인 운동인 아르누보의 유리 공예 작품을 전시하고 있다.,유민 아르누보 뮤지엄은 1890년대부터 약 20년간 유럽 전역에서 일어났던 공예&디자인 운동인 아르누보의 유리 공예 작품을 전시하고 있다.,VJ+TOUR,,https://map.kakao.com/?q=유민 아르누보 뮤지엄
3103,유수암농촌체험휴양마을협의회,,WEST,EXPERIENCE,체험 활동 관광지,,제주시 애월읍,33.4413679,126.4029559,제주특별자치도 제주시 애월읍 유수암평화길 14,https://api.cdn.visitjeju.net/photomng/imgpath/202112/14/1d8ac54d-f951-4178-bbad-afde346809dc.webp,중산간 마을에서 보기드문 용천수를 간직한 마을,중산간 마을에서 보기드문 용천수를 간직한 마을,VJ,,https://map.kakao.com/?q=유수암농촌체험휴양마을협의회
3104,유수암마을,,WEST,NATURE,자연관광지,,제주시 애월읍,33.4413793,126.4030877,제주특별자치도 제주시 애월읍 유수암평화길 14 (애월읍),https://tong.visitkorea.or.kr/cms/resource/25/3477725_image2_1.jpg,유수암마을은 제주공항에서 남서쪽으로 15km 떨어진 지점에 위치하고 있으며 중산간 마을이다.,"유수암마을은 제주공항에서 남서쪽으로 15km 떨어진 지점에 위치하고 있으며 중산간 마을이다. 형제봉 오름들과 맑게 솟아 흐르는 유수암물, 무환자나무 및 팽나무 군락지와 어우러져 천혜의 자연환경을 갖추고 있는 자연생태우수마을이다. 마을 주민들과 함께 할 수 있는 농촌 체험학습을 진행하고, 두부, 오메기떡, 빙떡, 건강색깔수제비, 감귤쨈만들기와 같은 전통음식체험과 전통 초가집 줄놓기, 활쏘기, 녹차밭 승마체험, 목공교실 등 전통문화체험을 다양하게 운영하고 있다. 소박하게 꾸며져 있어 편히 쉬어 갈 수 있는 팜스테이도 있다.",TOUR,,https://map.kakao.com/?q=유수암마을
3105,유에서유,,WEST,COMMERCIAL,상업지구,,제주시 한림읍,33.4131317,126.2623411,제주특별자치도 제주시 한림읍 한성길 4-1,https://api.cdn.visitjeju.net/photomng/imgpath/202407/24/15e1733b-ace9-49bd-b846-b7eeec3bb0ea.webp,제대로 된 빈티지가 탐난다면...,제대로 된 빈티지가 탐난다면... ‘유에서유’,VJ,,https://map.kakao.com/?q=유에서유
3106,유진팡 열대광일농장,,SOUTH,EXPERIENCE,체험 활동 관광지,,서귀포시 남원읍,33.3395648,126.7426623,제주특별자치도 서귀포시 남원읍 원님로399번길 31-7,https://api.cdn.visitjeju.net/photomng/imgpath/202302/14/fe775700-6ba1-4e7b-8dea-dc2b4fdd1b1b.webp,제주에서 즐기는 이색적인 열대과일농장체험,제주에서 즐기는 이색적인 열대과일농장체험,VJ,,https://map.kakao.com/?q=유진팡 열대광일농장
3107,유채꽃재배단지,,EAST,NATURE,자연관광지,,서귀포시 성산읍,33.449998,126.9224688,제주특별자치도 서귀포시 성산읍 일출로,https://api.cdn.visitjeju.net/photomng/imgpath/201901/02/050a8da8-7bd9-4542-b3c3-38cd8573f4ab.webp,"유채꽃과 성산일출봉, 바다를 배경으로 사진찍을 수 있는 곳","유채꽃과 성산일출봉, 바다를 배경으로 사진찍을 수 있는 곳",VJ+TOUR,,https://map.kakao.com/?q=유채꽃재배단지
3108,유캔들잇 스튜디오,,NORTH,EXPERIENCE,체험 활동 관광지,,제주시 연동,33.4893062,126.4863269,제주특별자치도 제주시 제원1길 29,https://api.cdn.visitjeju.net/photomng/imgpath/202308/23/e7c66d01-f61d-4de7-b68a-ead3e2aa5552.webp,"유캔들잇 스튜디오는 캔들 공방으로, 원데이클래스를 통해 다양한 캔들을 경험할 수 있다.","유캔들잇 스튜디오는 캔들 공방으로, 원데이클래스를 통해 다양한 캔들을 경험할 수 있다.",VJ,관광지인지 확인(도서관·교회·골프 등),https://map.kakao.com/?q=유캔들잇 스튜디오
3109,유캠프,,NORTH,NATURE,자연관광지,,제주시 오라동,33.4610584,126.5109911,제주특별자치도 제주시 애조로 1216,https://api.cdn.visitjeju.net/photomng/imgpath/202303/07/a89d061a-824e-4e97-8757-46bba728f77a.webp,제주 최고의 실내외 테니스장,제주 최고의 실내외 테니스장,VJ,,https://map.kakao.com/?q=유캠프
3110,유타골프 제주점,,NORTH,COMMERCIAL,상업지구,,제주시 연동,33.4815487,126.4893992,제주특별자치도 제주시 연북로 76 (연동),https://tong.visitkorea.or.kr/cms/resource/79/4024479_image2_1.jpeg,유타골프(UTAA)는 파격적인 디자인과 예술적인 감성으로 골프웨어의 고정관념을 깨는 프리미엄 골프 브랜드입니다.,유타골프(UTAA)는 파격적인 디자인과 예술적인 감성으로 골프웨어의 고정관념을 깨는 프리미엄 골프 브랜드입니다. 화려한 그래픽과 입체적인 실루엣의 의류를 통해 필드 위에서 독보적인 존재감을 드러내고자 하는 골퍼들에게 사랑받습니다.,TOUR,관광지인지 확인(도서관·교회·골프 등),https://map.kakao.com/?q=유타골프 제주점
3111,유화당,,SOUTH,COMMERCIAL,상업지구,,서귀포시 정방동,33.2451937,126.5638931,제주특별자치도 서귀포시 태평로 409-2,https://api.cdn.visitjeju.net/photomng/imgpath/202303/02/211e210a-79df-4543-a7d5-435f24430032.webp,유화당,유화당,VJ,,https://map.kakao.com/?q=유화당
3112,육시우영,,WEST,CULTURE,문화시설,,제주시 애월읍,33.45789,126.35208,제주특별자치도 제주시 애월읍 하가리,https://api.cdn.visitjeju.net/photomng/imgpath/201804/30/0ccbec08-c5d1-4390-b5c6-770532de4b97.webp,4.3사건 당시 하가리 주민들을 공개적으로 집단학살한 곳.,4.3사건 당시 하가리 주민들을 공개적으로 집단학살한 곳.,VJ,,https://map.kakao.com/?q=육시우영
3113,율랜드 다이브센터,,SOUTH,EXPERIENCE,체험 활동 관광지,,서귀포시 송산동,33.2415286,126.6031469,제주특별자치도 서귀포시 칠십리로 490,https://api.cdn.visitjeju.net/photomng/imgpath/202104/20/3f0ce3b6-48de-49b9-b368-17855d42449a.webp,"서귀포 스쿠버다이빙 체험,투어 및 교육 전문업체","서귀포 스쿠버다이빙 체험,투어 및 교육 전문업체",VJ,관광지인지 확인(도서관·교회·골프 등),https://map.kakao.com/?q=율랜드 다이브센터
3114,이니스프리 제주롯데시티점,,NORTH,COMMERCIAL,상업지구,,제주시 연동,33.4897881,126.4868213,제주특별자치도 제주시 삼무로 2 (연동),https://tong.visitkorea.or.kr/cms/resource/54/4017154_image2_1.jpg,이니스프리는 자연에서 얻은 성분으로 피부 본연의 아름다움을 지키는 K-뷰티 브랜드입니다.,"이니스프리는 자연에서 얻은 성분으로 피부 본연의 아름다움을 지키는 K-뷰티 브랜드입니다. 제주 청정 원료를 활용한 친환경 화장품을 합리적인 가격에 제공하며, 지속 가능한 아름다움을 추구해 외국인 관광객에게도 인기가 높습니다.",TOUR,,https://map.kakao.com/?q=이니스프리 제주롯데시티점
3115,이니스프리 제주시청점,,NORTH,COMMERCIAL,상업지구,,제주시 이도2동,33.4981944,126.5302192,제주특별자치도 제주시 광양14길 3 (이도이동),https://tong.visitkorea.or.kr/cms/resource/39/4020139_image2_1.jpg,이니스프리는 자연에서 얻은 성분으로 피부 본연의 아름다움을 지키는 K-뷰티 브랜드입니다.,"이니스프리는 자연에서 얻은 성분으로 피부 본연의 아름다움을 지키는 K-뷰티 브랜드입니다. 제주 청정 원료를 활용한 친환경 화장품을 합리적인 가격에 제공하며, 지속 가능한 아름다움을 추구해 외국인 관광객에게도 인기가 높습니다.",TOUR,,https://map.kakao.com/?q=이니스프리 제주시청점
3116,이니스프리제주하우스,,WEST,COMMERCIAL,상업지구,,서귀포시 안덕면,33.3063942,126.2905203,제주특별자치도 서귀포시 안덕면 신화역사로 23,https://api.cdn.visitjeju.net/photomng/imgpath/202111/08/53bdb996-da7e-4f7f-89ce-2918101f517b.webp,체험과 스토리가 있는 미식이 있는 이니스프리 코스메틱 및 카페,체험과 스토리가 있는 미식이 있는 이니스프리 코스메틱 및 카페,VJ+TOUR,,https://map.kakao.com/?q=이니스프리제주하우스
3117,이도씨동물의료센터,,SOUTH,EXPERIENCE,체험 활동 관광지,,서귀포시 대천동,33.2539899,126.5070093,제주특별자치도 서귀포시 신서귀로97번길 51,https://api.cdn.visitjeju.net/photomng/imgpath/202308/29/aa776aa4-53ab-4a23-98d1-8e7e293483c8.webp,이도씨동물의료센터는 서귀포시에 위치한 병원이다.,이도씨동물의료센터는 서귀포시에 위치한 병원이다.,VJ,관광지인지 확인(도서관·교회·골프 등),https://map.kakao.com/?q=이도씨동물의료센터
3118,이로이로공방,,EAST,EXPERIENCE,체험 활동 관광지,,제주시 구좌읍,33.5157049,126.8864438,제주특별자치도 제주시 구좌읍 하도7길 16-11,https://api.cdn.visitjeju.net/photomng/imgpath/201809/11/387e747c-78d7-4483-9f3c-7e5d5daae98b.webp,"제주시 동쪽에 위치한 하도리 마을 내, 프랑스자주 원데이클래스 체험을 진행하는 공방","제주시 동쪽에 위치한 하도리 마을 내, 프랑스자주 원데이클래스 체험을 진행하는 공방",VJ,,https://map.kakao.com/?q=이로이로공방
3119,이미지호 제주 2호점,,NORTH,NATURE,자연관광지,,제주시 연동,33.4905191,126.4940872,제주특별자치도 제주시 삼무로3길 18,https://api.cdn.visitjeju.net/photomng/imgpath/202406/24/21f06c22-63c8-485d-975a-5273042a00c0.webp,"당신의 베스트 컬러를 찾아주는 컬러 선택의 기준, 퍼스널컬러 이미지 호 입니다.","당신의 베스트 컬러를 찾아주는 컬러 선택의 기준, 퍼스널컬러 이미지 호 입니다.",VJ,,https://map.kakao.com/?q=이미지호 제주 2호점
3120,이상한나라의 앨리스,,WEST,THEME,테마시설,,서귀포시 안덕면,33.2889437,126.3218702,제주특별자치도 서귀포시 안덕면 중산간서로 1881,https://api.cdn.visitjeju.net/photomng/imgpath/201804/30/da5f701f-96f3-43a3-8fd7-76393194bc52.webp,거울 형상반사로 광장처럼 느껴지며 스릴 넘치는 고대 이집트 피라미드 내부를 쉽게 탈출치 못하는 입체적 거울미로.,거울 형상반사로 광장처럼 느껴지며 스릴 넘치는 고대 이집트 피라미드 내부를 쉽게 탈출치 못하는 입체적 거울미로.,VJ+TOUR,,https://map.kakao.com/?q=이상한나라의 앨리스
3121,이상한선물가게앨리스,,NORTH,COMMERCIAL,상업지구,,제주시 노형동,33.4578982,126.4844724,제주특별자치도 제주시 1100로 3045 (노형동) 블루동,https://tong.visitkorea.or.kr/cms/resource/04/4092704_image2_1.jpg,이상한선물가게앨리스는 제주 여행의 기억을 선물로 담아가는 제주 소품숍이다.,"이상한선물가게앨리스는 제주 여행의 기억을 선물로 담아가는 제주 소품숍이다. 약 500평 규모의 2층 공간에 10,000종 이상의 상품이 있다. 각종 제주도기념품, 제주굿즈, 제주 작가의 작품, 인형, 인기 캐릭터 상품, 제주키링, 제주마그넷, 제주문구, 리빙소품, 제주초콜릿, 제주식품, 제주주류, 제주의류까지 한 공간에서 천천히 구경할 수 있다. 또한 유아부터 성인까지 즐길 수 있는 실내·실외 프로그램도 즐길 수 있다.",TOUR,,https://map.kakao.com/?q=이상한선물가게앨리스
3122,이솝 제주,,NORTH,COMMERCIAL,상업지구,,제주시 삼도2동,33.5177046,126.5233152,제주특별자치도 제주시 탑동로2길 3 (삼도이동),https://tong.visitkorea.or.kr/cms/resource/76/4041976_image2_1.png,이솝(Aesop)은 과학적인 연구와 최고급 식물성 성분을 바탕으로 한 글로벌 스킨케어 브랜드입니다.,"이솝(Aesop)은 과학적인 연구와 최고급 식물성 성분을 바탕으로 한 글로벌 스킨케어 브랜드입니다. 정제된 패키지와 독창적인 아로마, 철학이 담긴 공간 디자인을 통해 오감을 만족시키는 품격 있는 뷰티 경험을 선사합니다.",TOUR,,https://map.kakao.com/?q=이솝 제주
3123,이승악,,SOUTH,NATURE,자연관광지,,서귀포시 남원읍,33.36066,126.597206,제주특별자치도 서귀포시 남원읍 신례리 산 12-19,https://api.cdn.visitjeju.net/photomng/imgpath/202002/25/8da4a41f-6e2f-447b-9ea6-b184ce903f07.webp,이승이오름은 살쾡이를 닮아서 이승이란 이름을 갖게 되었지만 정확한 생김새를 확인하기는 수월치 않다.,이승이오름은 살쾡이를 닮아서 이승이란 이름을 갖게 되었지만 정확한 생김새를 확인하기는 수월치 않다. 능선에 울창하게 자라난 나무들 때문이다.,VJ,,https://map.kakao.com/?q=이승악
3124,이안도자공방,,EAST,EXPERIENCE,체험 활동 관광지,,제주시 조천읍,33.4888943,126.6786433,제주특별자치도 제주시 조천읍 미래로 2-60 1층,https://api.cdn.visitjeju.net/photomng/imgpath/202508/19/16da9361-a3f1-4a59-8c41-a19f114d0c12.webp,흙을 빚으며 힐링할 수 있는 도자공방,흙을 빚으며 힐링할 수 있는 도자공방,VJ,,https://map.kakao.com/?q=이안도자공방
3125,이유있는술집,,EAST,COMMERCIAL,상업지구,,제주시 조천읍,33.5403077,126.6671364,제주특별자치도 제주시 조천읍 함덕16길 15,https://api.cdn.visitjeju.net/photomng/imgpath/202511/20/0c9dbbda-5c24-461c-9eb3-36617c77aad7.webp,대한민국의 전통주를 판매하는 바틀샵,대한민국의 전통주를 판매하는 바틀샵,VJ,,https://map.kakao.com/?q=이유있는술집
3126,이음새농장,,SOUTH,EXPERIENCE,체험 활동 관광지,,서귀포시 남원읍,33.275292,126.6686352,제주특별자치도 서귀포시 남원읍 위미리 4137-1,https://api.cdn.visitjeju.net/photomng/imgpath/202010/07/274d18fe-d03a-434d-a837-851bc9e67ea4.webp,쪽빛 하늘 아래 감귤밭에 직접 만든 쪽빛 손수건을 널었다.,"쪽빛 하늘 아래 감귤밭에 직접 만든 쪽빛 손수건을 널었다. 내 친구는 감물 염색으로 만든 조그만 파우치를 말렸다. 전통 감귤밭에서 감귤따기체험, 전통 감물염색체험을 통해 자신만의 작품을 만들어 볼 수 있는 곳이 있다. 제주의 천연 염색 기법을 그대로 활용한 서귀포시 남원읍 위미리에 위치한 천연염색체험장 '이음새' 교육농장이다.",VJ,,https://map.kakao.com/?q=이음새농장
3127,이제주숍,,NORTH,COMMERCIAL,상업지구,,제주시 이도2동,33.4994261,126.5405872,제주특별자치도 제주시 연삼로 473,https://api.cdn.visitjeju.net/photomng/imgpath/201909/26/1acb9594-7176-4fbb-b8e6-7c9d37350761.webp,제주특별자치도가 운영하는 제주시내 특산품전시판매장,제주특별자치도가 운영하는 제주시내 특산품전시판매장,VJ+TOUR,,https://map.kakao.com/?q=이제주숍
3128,이호-내도 해안도로,,NORTH,TRAIL,산책로·둘레길,,제주시 외도동,33.4961622,126.4413081,제주특별자치도 제주시 테우해안로 60,https://api.cdn.visitjeju.net/photomng/imgpath/201809/19/22a8ff96-4ae3-4e3f-862e-d6abb3686df2.webp,이호테우해변에서부터 알작지까지 바다를 감상할 수 있는 드라이브 코스.,이호테우해변에서부터 알작지까지 바다를 감상할 수 있는 드라이브 코스.,VJ,,https://map.kakao.com/?q=이호-내도 해안도로
3129,이후북스,,NORTH,COMMERCIAL,상업지구,,제주시 삼도2동,33.5126109,126.5212526,제주특별자치도 제주시 관덕로4길 3,https://api.cdn.visitjeju.net/photomng/imgpath/202306/15/c65dfe0d-e136-44c1-9af6-4f081066b44f.webp,여러 주제를 담은 독립출판물을 만나볼 수 있는 곳,여러 주제를 담은 독립출판물을 만나볼 수 있는 곳,VJ+TOUR,,https://map.kakao.com/?q=이후북스
3130,인터뷰책방,,SOUTH,COMMERCIAL,상업지구,,서귀포시 대륜동,33.2611169,126.5242501,제주특별자치도 서귀포시 중산간동로 8353,https://api.cdn.visitjeju.net/photomng/imgpath/202306/15/8aacf404-8e7b-46c8-b4cb-d06a35187d20.webp,제주와 자연에 큰 관심을 두는 책방지기의 영향으로 제주관련 서적이 많은 독립서점,제주와 자연에 큰 관심을 두는 책방지기의 영향으로 제주관련 서적이 많은 독립서점,VJ,,https://map.kakao.com/?q=인터뷰책방
3131,인투다이브,,SOUTH,EXPERIENCE,체험 활동 관광지,,서귀포시 천지동,33.2468807,126.5527981,제주특별자치도 서귀포시 남성중로 169,https://api.cdn.visitjeju.net/photomng/imgpath/202306/19/74eb8990-b529-4d70-a2d4-3ace4462f102.webp,모든 다이빙을 배울 수 있는 전문센터,모든 다이빙을 배울 수 있는 전문센터,VJ,,https://map.kakao.com/?q=인투다이브
3132,인한복,,NORTH,COMMERCIAL,상업지구,,제주시 노형동,33.48196,126.473465,제주특별자치도 제주시 정존3길 1-3,https://api.cdn.visitjeju.net/photomng/imgpath/201804/30/17247f07-baf3-429e-84db-4ed795a461f6.webp,인한복은 한복체험 서비스를 제공한다.,인한복은 한복체험 서비스를 제공한다.,VJ,,https://map.kakao.com/?q=인한복
3133,일레븐프리다이빙 제주센터,,SOUTH,EXPERIENCE,체험 활동 관광지,,서귀포시 예래동,33.259137,126.4049584,제주특별자치도 서귀포시 색달로 8,https://api.cdn.visitjeju.net/photomng/imgpath/202306/19/142d42c8-9914-4158-ae7c-824cf8d2dab7.webp,바다를 유영하는 색다른 다이빙 체험,바다를 유영하는 색다른 다이빙 체험,VJ,관광지인지 확인(도서관·교회·골프 등),https://map.kakao.com/?q=일레븐프리다이빙 제주센터
3134,일출나라(이쁜선물가게),,EAST,COMMERCIAL,상업지구,,서귀포시 성산읍,33.4629581,126.9361592,제주특별자치도 서귀포시 성산읍 일출로 284-13,https://api.cdn.visitjeju.net/photomng/imgpath/202306/15/3e29526c-b867-4b86-9482-7691e26566d9.webp,"초콜릿이나 과일칩 같은 먹거리부터 술이나 음료 등의 마실 거리, 모자 등 각종 상품을 판매하는 기념품샵","초콜릿이나 과일칩 같은 먹거리부터 술이나 음료 등의 마실 거리, 모자 등 각종 상품을 판매하는 기념품샵",VJ,,https://map.kakao.com/?q=일출나라(이쁜선물가게)
3135,일출랜드 아트센터,,EAST,EXPERIENCE,체험 활동 관광지,,서귀포시 성산읍,33.3833933,126.84245,제주특별자치도 서귀포시 성산읍 중산간동로 4150-30,https://api.cdn.visitjeju.net/photomng/imgpath/202002/24/0a302cd6-2523-4934-96ce-d7ac536b6f5a.webp,일출랜드 아트센터는 쪽 염색을 체험하는 전문 공간이다.,일출랜드 아트센터는 쪽 염색을 체험하는 전문 공간이다. 이곳의 쪽 염색이 특별한 이유는 쪽풀을 직접 재배하기 때문이다. 쪽은 3~4월에 씨를 뿌려 키운 후 7~8월에 수확하는데 60~70cm 정도 자란 풀을 수작업으로 발효시켜 염료로 만든다. 쪽은 빛깔도 아름답지만 살균과 항균력이 높아 예부터 귀한 옷과 문서를 염색하는데 많이 쓰였다고 한다. 천연 염색은 수고로움을 동반하지만 정성이 더해질수록 더욱 진하고 깊은 색을 얻을 수 있다.,VJ,관광지인지 확인(도서관·교회·골프 등),https://map.kakao.com/?q=일출랜드 아트센터
3136,일출봉유채밭,,EAST,NATURE,자연관광지,,서귀포시 성산읍,33.460248,126.928174,제주특별자치도 서귀포시 성산읍 성산리 397,https://tong.visitkorea.or.kr/cms/resource/41/4064241_image2_1.jpg,성산 일출봉 부근의 유채꽃 명소로 성산 일출봉과 광치기 해변 사이에 조성되어 있다.,"성산 일출봉 부근의 유채꽃 명소로 성산 일출봉과 광치기 해변 사이에 조성되어 있다. 보통 12월부터 3월까지 만개한 유채꽃을 볼 수 있으며 밭 멀리 바다와 한라산이 보여 풍경이 아름다워 포토스팟으로 인기가 많다. 유채꽃 피는 시기는 해마다 다르므로, 시기를 확인하고 방문해야 한다. 상시 개방되어 있으나 유채꽃을 관광하려면 일몰 전에 방문하는 것을 추천한다.",TOUR,,https://map.kakao.com/?q=일출봉유채밭
3137,잃어버린 마을 다랑쉬마을,,EAST,CULTURE,문화시설,,제주시 구좌읍,33.470287,126.8238,제주특별자치도 제주시 구좌읍 다랑쉬로 406-25,https://api.cdn.visitjeju.net/photomng/imgpath/201804/30/1403f4d5-c410-4a1b-aabc-8ccb070de8a8.webp,4․3사건으로 마을이 전소되어 잃어버린 북제주군 구좌읍 다랑쉬마을 터,4․3사건으로 마을이 전소되어 잃어버린 북제주군 구좌읍 다랑쉬마을 터,VJ,,https://map.kakao.com/?q=잃어버린 마을 다랑쉬마을
3138,잃어버린 마을 자리왓,,WEST,CULTURE,문화시설,,제주시 애월읍,33.40464,126.32806,제주특별자치도 제주시 애월읍 봉성리 1410 일대,https://api.cdn.visitjeju.net/photomng/imgpath/201804/30/cf54027f-9577-4a9d-ae40-e5e40172a8f6.webp,토벌대의 초토화작전으로 사라진 마을터.,토벌대의 초토화작전으로 사라진 마을터.,VJ,,https://map.kakao.com/?q=잃어버린 마을 자리왓
3139,잃어버린 마을 종남마을,,EAST,CULTURE,문화시설,,제주시 조천읍,33.474056,126.70725,제주특별자치도,https://api.cdn.visitjeju.net/photomng/imgpath/201804/30/badd6bdf-9564-448f-a850-22e809a4ec62.webp,와산리 재건 이후 당시 4·3 때 잃어버린 마을 중에서 유일하게 집 담이 남아있는 마을,와산리 재건 이후 당시 4·3 때 잃어버린 마을 중에서 유일하게 집 담이 남아있는 마을,VJ,,https://map.kakao.com/?q=잃어버린 마을 종남마을
3140,입산봉(삿갓오름),,EAST,NATURE,자연관광지,,제주시 구좌읍,33.54863,126.756676,제주특별자치도 제주시 구좌읍 김녕리 1033-1,https://api.cdn.visitjeju.net/photomng/imgpath/201804/30/bd1d1ddc-de1a-4580-b483-79fcaef25049.webp,망자들의 안식처 입산봉,망자들의 안식처 입산봉,VJ,주소를 좌표로 다시 구함,https://map.kakao.com/?q=입산봉(삿갓오름)
3141,자구내포구,,WEST,CULTURE,문화시설,,제주시 한경면,33.30922,126.165474,제주특별자치도 제주시 한경면 노을해안로 1161,https://api.cdn.visitjeju.net/photomng/imgpath/201804/30/37083c08-e2af-49e0-9ec4-7343c5097272.webp,해가 지는 모습을 한눈에 담는 포구,해가 지는 모습을 한눈에 담는 포구,VJ+TOUR,,https://map.kakao.com/?q=자구내포구
3142,"자배봉(자배오름,망오름)",,SOUTH,NATURE,자연관광지,,서귀포시 남원읍,33.3013529,126.6770139,제주특별자치도 서귀포시 남원읍  위미리 산 132-1,https://api.cdn.visitjeju.net/photomng/imgpath/201804/30/8cc86f90-a532-47ca-8c95-129a2a2be5ec.webp,생태숲과 유적지를 가지고 있는 자배봉,생태숲과 유적지를 가지고 있는 자배봉,VJ,,"https://map.kakao.com/?q=자배봉(자배오름,망오름)"
3143,잠수교육연구협회,,WEST,LEISURE,레저·스포츠 관련 시설,,제주시 한림읍,33.4426981,126.2785256,제주특별자치도 제주시 한림읍 한림해안로 621,https://api.cdn.visitjeju.net/photomng/imgpath/202511/20/6af4f534-b3df-406d-88e2-25ee79385c4f.webp,해녀문화보존을 위해 힘쓰는 잠수교육연구협회,해녀문화보존을 위해 힘쓰는 잠수교육연구협회,VJ,,https://map.kakao.com/?q=잠수교육연구협회
3144,장생의숲길,,NORTH,TRAIL,산책로·둘레길,,제주시 봉개동,33.439373,126.62845,제주특별자치도 제주시 명림로 584,https://api.cdn.visitjeju.net/photomng/imgpath/201804/30/c5bb20e3-5687-41fe-8525-ba595df90501.webp,숲의 다양한 모습과 풍경들을 보여주는 장생의 숲길,숲의 다양한 모습과 풍경들을 보여주는 장생의 숲길,VJ+TOUR,,https://map.kakao.com/?q=장생의숲길
3145,장전리 왕벚꽃거리,,WEST,COMMERCIAL,상업지구,,제주시 애월읍,33.44326,126.390686,제주특별자치도 제주시 애월읍 광상로 403,https://api.cdn.visitjeju.net/photomng/imgpath/202112/03/b3c4382e-6579-4f10-a9f9-56906625021a.webp,봄 벚꽃소식과 함께 축제의 장이 열리는 장전리,봄 벚꽃소식과 함께 축제의 장이 열리는 장전리,VJ,,https://map.kakao.com/?q=장전리 왕벚꽃거리
3146,재주도좋아·반짝반짝 지구상회,,WEST,COMMERCIAL,상업지구,,제주시 한림읍,33.4288317,126.2894701,제주특별자치도 제주시 한림읍 귀덕6길 192,https://tong.visitkorea.or.kr/cms/resource/42/3539042_image2_1.jpg,재주도좋아는 비치코밍을 통해 바다를 사랑하는 사람들과 만나고 끊임없이 밀려와 쌓여가는 바다쓰레기 문제를 문화예술로 함께 해결해보고자 한다.,"재주도좋아는 비치코밍을 통해 바다를 사랑하는 사람들과 만나고 끊임없이 밀려와 쌓여가는 바다쓰레기 문제를 문화예술로 함께 해결해보고자 한다. 반짝반짝 지구상회는 재주도좋아가 운영하는 공간으로, 이곳에서는 해안에 떠밀려 온 바다쓰레기를 이용하여 업사이클링 제품을 제작하고, 환경예술교육, 전시, 소규모 공연과 문화 행사 등 다양한 형태의 비치코밍 프로젝트를 진행한다. 매년 해양정화활동과 업싸이클링 워크숍, 해변 전시, 중고장터, 음악 공연이 결합된 ‘비치코밍 페스티벌_바라던 바다’를 개최하고 있다.",TOUR,,https://map.kakao.com/?q=재주도좋아·반짝반짝 지구상회
3147,"저지오름(닥몰오름,새오름)",,WEST,NATURE,자연관광지,,제주시 한경면,33.333008,126.25095,제주특별자치도 제주시 한경면 저지리 산 51,https://api.cdn.visitjeju.net/photomng/imgpath/201907/24/4d60c3e1-77b5-469d-b883-710cbf67585f.webp,비양도와 한라산이 보이는 저지리의 아름다운 오름,비양도와 한라산이 보이는 저지리의 아름다운 오름,VJ+TOUR,,"https://map.kakao.com/?q=저지오름(닥몰오름,새오름)"
3148,전이수갤러리 걸어가는늑대들,,NORTH,CULTURE,문화시설,,제주시 이도2동,33.4951677,126.5513174,"제주특별자치도 제주시 연북로 707, 1-2층",https://api.cdn.visitjeju.net/photomng/imgpath/202508/19/38f4c98a-f1b6-4656-9da0-89da5222bf34.webp,순수한 시선이 담긴 작품을 만날 수 있는 제주시 도심 속 특별한 갤러리,순수한 시선이 담긴 작품을 만날 수 있는 제주시 도심 속 특별한 갤러리,VJ+TOUR,,https://map.kakao.com/?q=전이수갤러리 걸어가는늑대들
3149,절물오름(큰대나),,NORTH,NATURE,자연관광지,,제주시 봉개동,33.433804,126.62747,제주특별자치도 제주시 명림로 584 일대,https://api.cdn.visitjeju.net/photomng/imgpath/201804/30/0a4318cb-b970-466a-87e1-203bef781edd.webp,절물 약수터의 물이 용출되는 절물오름,절물 약수터의 물이 용출되는 절물오름,VJ,,https://map.kakao.com/?q=절물오름(큰대나)
3150,절부암,,WEST,NATURE,자연관광지,,제주시 한경면,33.3236376,126.1671318,제주특별자치도 제주시 한경면 용수3길 22,https://api.cdn.visitjeju.net/photomng/imgpath/201804/30/88c44134-1cf3-49f0-b1e8-b8f389672cf8.webp,슬픈 이야기가 전해지는 제주기념물 제9호,슬픈 이야기가 전해지는 제주기념물 제9호,VJ+TOUR,,https://map.kakao.com/?q=절부암
3151,정관장 광양점,,NORTH,COMMERCIAL,상업지구,,제주시 이도1동,33.5012909,126.52971,제주특별자치도 제주시 동광로 5 (이도일동),https://tong.visitkorea.or.kr/cms/resource/33/4020333_image2_1.jpg,120년 전통을 자랑하는 정관장은 한국인의 건강과 면역력 강화를 위해 홍삼을 연구하고 개발한 프리미엄 브랜드입니다.,"120년 전통을 자랑하는 정관장은 한국인의 건강과 면역력 강화를 위해 홍삼을 연구하고 개발한 프리미엄 브랜드입니다. 철저한 품질 관리와 과학적 제조 기술로 세계적인 신뢰를 얻고 있으며, 건강 선물용으로도 외국인 관광객에게 큰 인기를 끌고 있습니다.",TOUR,,https://map.kakao.com/?q=정관장 광양점
3152,정관장 노형점,,NORTH,COMMERCIAL,상업지구,,제주시 노형동,33.4870315,126.477578,제주특별자치도 제주시 월랑로 13 (노형동),https://tong.visitkorea.or.kr/cms/resource/67/4045067_image2_1.png,120년 전통을 자랑하는 정관장은 한국인의 건강과 면역력 강화를 위해 홍삼을 연구하고 개발한 프리미엄 브랜드입니다.,"120년 전통을 자랑하는 정관장은 한국인의 건강과 면역력 강화를 위해 홍삼을 연구하고 개발한 프리미엄 브랜드입니다. 철저한 품질 관리와 과학적 제조 기술로 세계적인 신뢰를 얻고 있으며, 건강 선물용으로도 외국인 관광객에게 큰 인기를 끌고 있습니다.",TOUR,,https://map.kakao.com/?q=정관장 노형점
3153,정관장 서사라점,,NORTH,COMMERCIAL,상업지구,,제주시 삼도1동,33.5086922,126.5196644,제주특별자치도 제주시 서사로 40 (삼도일동) 1층,https://tong.visitkorea.or.kr/cms/resource/35/4020335_image2_1.jpg,120년 전통을 자랑하는 정관장은 한국인의 건강과 면역력 강화를 위해 홍삼을 연구하고 개발한 프리미엄 브랜드입니다.,"120년 전통을 자랑하는 정관장은 한국인의 건강과 면역력 강화를 위해 홍삼을 연구하고 개발한 프리미엄 브랜드입니다. 철저한 품질 관리와 과학적 제조 기술로 세계적인 신뢰를 얻고 있으며, 건강 선물용으로도 외국인 관광객에게 큰 인기를 끌고 있습니다.",TOUR,,https://map.kakao.com/?q=정관장 서사라점
3154,정관장 연동점,,NORTH,COMMERCIAL,상업지구,,제주시 연동,33.4896425,126.4922183,제주특별자치도 제주시 삼무로 52 (연동),https://tong.visitkorea.or.kr/cms/resource/31/4045731_image2_1.jpg,120년 전통을 자랑하는 정관장은 한국인의 건강과 면역력 강화를 위해 홍삼을 연구하고 개발한 프리미엄 브랜드입니다.,"120년 전통을 자랑하는 정관장은 한국인의 건강과 면역력 강화를 위해 홍삼을 연구하고 개발한 프리미엄 브랜드입니다. 철저한 품질 관리와 과학적 제조 기술로 세계적인 신뢰를 얻고 있으며, 건강 선물용으로도 외국인 관광객에게 큰 인기를 끌고 있습니다.",TOUR,,https://map.kakao.com/?q=정관장 연동점
3155,정관장 일도점,,NORTH,COMMERCIAL,상업지구,,제주시 이도2동,33.5013087,126.5431693,제주특별자치도 제주시 고마로 150 (이도이동),https://tong.visitkorea.or.kr/cms/resource/84/4042384_image2_1.png,120년 전통을 자랑하는 정관장은 한국인의 건강과 면역력 강화를 위해 홍삼을 연구하고 개발한 프리미엄 브랜드입니다.,"120년 전통을 자랑하는 정관장은 한국인의 건강과 면역력 강화를 위해 홍삼을 연구하고 개발한 프리미엄 브랜드입니다. 철저한 품질 관리와 과학적 제조 기술로 세계적인 신뢰를 얻고 있으며, 건강 선물용으로도 외국인 관광객에게 큰 인기를 끌고 있습니다.",TOUR,,https://map.kakao.com/?q=정관장 일도점
3156,정모시쉼터,,SOUTH,NATURE,자연관광지,,서귀포시 송산동,33.2447048,126.5709423,제주특별자치도 서귀포시 칠십리로 156-8,https://api.cdn.visitjeju.net/photomng/imgpath/201807/31/28c80858-41aa-4e21-b41b-1f981146e9c4.webp,정방폭포로 흐르는 물줄기가 지나가는 쉼터,정방폭포로 흐르는 물줄기가 지나가는 쉼터,VJ+TOUR,,https://map.kakao.com/?q=정모시쉼터
3157,정물오름,,WEST,NATURE,자연관광지,,제주시 한림읍,33.33764,126.33035,제주특별자치도 제주시 한림읍 금악리 산 52-1,https://api.cdn.visitjeju.net/photomng/imgpath/201804/30/3b0de630-53e5-4271-a3f4-f8d7296dbe9f.webp,넓고 푸른 정물오름에서 맑고 깨끗한 생명수를 마셔보자,넓고 푸른 정물오름에서 맑고 깨끗한 생명수를 마셔보자,VJ+TOUR,,https://map.kakao.com/?q=정물오름
3158,정의향교,,EAST,CULTURE,문화시설,,서귀포시 표선면,33.4112985,126.7819256,제주특별자치도 서귀포시 표선면 성읍서문로 14,https://api.cdn.visitjeju.net/photomng/imgpath/201804/30/73eff29e-70db-4ac1-a6bf-1b9288e982a4.webp,제주특별자치도 서귀포시 표선면 성읍리에 있는 조선시대의 향교,제주특별자치도 서귀포시 표선면 성읍리에 있는 조선시대의 향교,VJ,,https://map.kakao.com/?q=정의향교
3159,정의향교,,EAST,HISTORY,역사·유적·종교 시설,,서귀포시 표선면,33.3869056,126.800085,제주특별자치도 서귀포시 표선면 성읍서문로 14,https://tong.visitkorea.or.kr/cms/resource/53/3384553_image2_1.jpg,정의향교는 1971년 제주특별자치도 유형문화유산으로 지정되었고 향교재단에서 관리하고 있다.,"정의향교는 1971년 제주특별자치도 유형문화유산으로 지정되었고 향교재단에서 관리하고 있다. 1423년 정의현청을 고성리에서 진사리(지금의 성읍리)로 옮겨 설치할 때 함께 성안으로 들어왔다. 그 후 여러 차례 개축과 이건을 거듭하다가 1849년 방어사 장인식이 조정에 주청하여 지금의 위치로 옮겨 세웠다.
향교는 훌륭한 유학자의 위패를 모시고 제사를 지내며 지방민의 교육과 교화를 위해 설립된 고려, 조선시대의 국립 지방 교육기관이다. 정의향교는 약간 높은 지역에 자리 잡고 있으며, 현재 대성전, 명륜당, 수선당, 수호사, 내삼문, 협문, 동재가 복원되어 있다. 대부분의 향교 건물이 남향이고, 제주향교와 함께 동쪽을 향하고 있으며, 배향 공간인 대성전과 강학 공간인 명륜당이 좌우로 나란히 배치되어 있다.
정의향교에는 현재 전패가 보관되어 있다. 대성전에는 5성, 10철, 송조6현과 한국의 18현의 위패가 봉안되어 있으며 해마다 봄가을에 석전을 봉행한다. 향교 앞에는 10개의 송덕비가 줄지어 서 있고 향교 안에도 5개의 송덕비가 있다. 주변에 가볼 만한 곳으로는 성읍민속마을과 보름왓, 백약이오름이 있다.",TOUR,,https://map.kakao.com/?q=정의향교
3160,정의현 일관헌,,EAST,CULTURE,문화시설,,서귀포시 표선면,33.38825,126.800995,제주특별자치도 서귀포시 표선면 성읍리 690,https://api.cdn.visitjeju.net/photomng/imgpath/201804/30/1651977f-df94-4cac-8203-468838cd3b4b.webp,지방문화재 7호로 지정된 정의 현감이 정사를 보던 곳,지방문화재 7호로 지정된 정의 현감이 정사를 보던 곳,VJ,,https://map.kakao.com/?q=정의현 일관헌
3161,정의현성,,EAST,NATURE,자연관광지,,서귀포시 표선면,33.385228,126.8021127,제주특별자치도 서귀포시 표선면 성읍리 성읍민속마을 공영주차장 인근,https://tong.visitkorea.or.kr/cms/resource/50/3551950_image2_1.jpg,서귀포시 표선면에 있는 조선 시대의 성곽이다.,"서귀포시 표선면에 있는 조선 시대의 성곽이다. 본래 이 성은 지금의 성산읍 고성리에 있었지만, 우도와 가까워서 새벽과 밤에 북과 나발 소리가 들리고 여러 번 태풍으로 흉년이 들었을 뿐만 아니라 왜적이 침범했기 때문에 세종 5년(1423) 9월에 안무사 정간이 진사리로 이전하여 축성했다. 당시 성의 둘레는 2,520척, 높이 13척이었다. 동, 서, 남에 각각 문이 있었으며, 문 위에는 초루가 있었다. 정의현성 안에는 110호에 달하는 가옥이 있고 성 밖으로도 많은 가옥이 있었으며 관아 문밖에 12개의 돌하르방을 세워 성안으로 출입하는 사람들을 감시하고 성을 지키는 수문장 역할을 했다.
1986년부터 정의현의 읍성 복원과 보수를 시작했다. 복원 과정에서 정의현감이 업무를 보던 일관헌은 1975년 옛 건물을 헐어내고 새롭게 증축해 제주도 유형문화재 제7호로 지정되었다. 또한 성읍민속마을 주변에 왜구의 침입으로부터 현청 등을 보호하는 성도 복원되었다.",TOUR,,https://map.kakao.com/?q=정의현성
3162,정주항,,EAST,NATURE,자연관광지,,제주시 조천읍,33.531406,126.66637,제주특별자치도 제주시 조천읍 함덕리,https://api.cdn.visitjeju.net/photomng/imgpath/201804/30/de8307e7-f674-4b98-8396-808e620859ef.webp,낭만적인 검은 화산 돌이 있는 정주항,낭만적인 검은 화산 돌이 있는 정주항,VJ,,https://map.kakao.com/?q=정주항
3163,제9연대 본부 옛터,,WEST,CULTURE,문화시설,,서귀포시 대정읍,33.229523,126.26302,제주특별자치도 서귀포시 대정읍 상모리 3392-3 동쪽 일대,https://api.cdn.visitjeju.net/photomng/imgpath/201804/30/775e8585-51cd-4b76-8138-2379211d9fec.webp,모슬포의 역사를 보여주는 곳.,모슬포의 역사를 보여주는 곳.,VJ,,https://map.kakao.com/?q=제9연대 본부 옛터
3164,제라진어드벤쳐,,EAST,LEISURE,레저·스포츠 관련 시설,,제주시 조천읍,33.4871759,126.7159706,제주특별자치도 제주시 조천읍 선교로 33,https://tong.visitkorea.or.kr/cms/resource/63/2754963_image2_1.jpg,"제주의 말들과 노루, 꿩이 자유롭게 뛰어노는 429,752㎡(13만 평) 규모의 초원과 숲에서 자연 그대로의 제주를 느낄 수 있는 국내 유일의…","제주의 말들과 노루, 꿩이 자유롭게 뛰어노는 429,752㎡(13만 평) 규모의 초원과 숲에서 자연 그대로의 제주를 느낄 수 있는 국내 유일의 오프로드 투어를 제공한다. 스릴 넘치는 오프로드 투어부터 RC카를 통한 미니멀한 제주 투어까지, 오직 제주에서만 가능한 순간들을 경험할 수 있다. 제주 오프로드 코스 설계의 특별한 점은, 세계 자연유산에 인접한 원시 자연 그대로를 재현했다는 것이다. 가급적 ‘말이 다녔던 길을 따라’ 체험코스를 설계했다. 완만한 능선과 골짜기가 중첩된 지형은 액티비티를 만끽할 최적의 조건이며, 6.5km에 달하는 다이내믹한 코스는 특별한 체험의 시간을 선사한다. 또한 체험 코스 중간에서 포토타임을 가질 수 있어 잊지 못할 추억을 남길 수 있다. ‘바퀴 달린 집’ 촬영 이후 더 유명해졌다.",TOUR,,https://map.kakao.com/?q=제라진어드벤쳐
3165,제라진오프로드,,EAST,NATURE,자연관광지,,제주시 조천읍,33.4872096,126.7162685,제주특별자치도 제주시 조천읍 선교로 33,https://api.cdn.visitjeju.net/photomng/imgpath/202407/26/e9a97a7e-07b1-498f-87f2-ca8c436211c8.webp,제주 유일 오프로드 투어....,제주 유일 오프로드 투어.... “광대한 자연을 즐기자”,VJ,,https://map.kakao.com/?q=제라진오프로드
3166,제라펫,,NORTH,EXPERIENCE,체험 활동 관광지,,제주시 용담1동,33.5078807,126.5134968,제주특별자치도 제주시 용담로20길 28,https://api.cdn.visitjeju.net/photomng/imgpath/202212/15/94399bc4-07db-40bd-bb99-4b16603f1b85.webp,제라펫은 제주 공항 근처에 위치한 반려견 미용실이다.,제라펫은 제주 공항 근처에 위치한 반려견 미용실이다.,VJ,,https://map.kakao.com/?q=제라펫
3167,제로스테이션,,NORTH,EXPERIENCE,체험 활동 관광지,,제주시 건입동,33.5147335,126.5292798,제주특별자치도 제주시 산지로 25 2층,https://api.cdn.visitjeju.net/photomng/imgpath/202112/17/374c08e3-922a-477c-bd52-782ee3ed68f8.webp,제로스테이션은 산지천에 위치한 카페이자 길과 여행을 사랑하는 사람들을 위한 공간이다.,"제로스테이션은 산지천에 위치한 카페이자 길과 여행을 사랑하는 사람들을 위한 공간이다. 이곳은 제로포인트트레일의 참여자를 위한 베이스캠프 역할을 하고 있다. 제로포인트트레일은 해발 0m인 제주 해안가에서 출발해 해발 1,947m인 한라산 정상까지 차량, 동력의 힘을 빌리지 않고 오로지 참가자의 두 발로 정상까지 오르는 트레킹 프로그램이다.",VJ,,https://map.kakao.com/?q=제로스테이션
3168,제로포인트트레일,,NORTH,LEISURE,레저·스포츠 관련 시설,,제주시 건입동,33.5147677,126.5292195,제주특별자치도 제주시 산지로 25 (건입동),https://tong.visitkorea.or.kr/cms/resource/01/2718801_image2_1.jpg,기존의 일반적인 한라산 등산이 해발 650~750m 인근의 탐방로 입구에서 출발한다면 제로포인트트레일은 한라산을 해발 0m에서 1947m 까지…,"기존의 일반적인 한라산 등산이 해발 650~750m 인근의 탐방로 입구에서 출발한다면 제로포인트트레일은 한라산을 해발 0m에서 1947m 까지 동력의 힘을 빌리지 않고 온전히 참가자의 두 다리로 오르는 총장 31㎞ 의 Sea To Summit 트레킹 챌린지 프로그램이다. 첫마음, 한계의 도전, 자신과의 싸움, 리스타트 등의 핵심가치를 가지고 있으며 20대에서 60대까지 폭넓은 참가자 연령층을 가지고 있다. 완주하신 참가자께는 완주 인증서가 발급되며 제로포인트트레일의 공식 운영처인 제로스테이션에 완주 기념 명패가 영구 부착된다.",TOUR,,https://map.kakao.com/?q=제로포인트트레일
3169,제스토리,,SOUTH,COMMERCIAL,상업지구,,서귀포시 대륜동,33.2360926,126.5149193,제주특별자치도 서귀포시 막숙포로 60,https://api.cdn.visitjeju.net/photomng/imgpath/202512/09/0e118293-83f4-4041-8add-5e70d12a6fc9.webp,올레 7코스 법환 포구에서 쉬어가기,올레 7코스 법환 포구에서 쉬어가기,VJ+TOUR,,https://map.kakao.com/?q=제스토리
3170,제원하늘농원,,EAST,NATURE,자연관광지,,제주시 조천읍,33.5029783,126.6664495,제주특별자치도 제주시 조천읍 대흘북길 72-5,https://tong.visitkorea.or.kr/cms/resource/49/3510949_image2_1.jpg,"제원하늘농원은 26,046㎡(8,500평) 규모의 노지와 하우스 시설을 갖추고 농림축산식품부의 무농약, GAP, 저탄소 인증을 받은 감귤농원이…","제원하늘농원은 26,046㎡(8,500평) 규모의 노지와 하우스 시설을 갖추고 농림축산식품부의 무농약, GAP, 저탄소 인증을 받은 감귤농원이다. 4월 말에서 5월 초 감귤꽃을 시작으로 8월~9월 풋귤, 10월 노지귤, 12월~2월 황금향, 레드향, 천혜향 등을 만나볼 수 있다. 계절에 따라 감귤마말레이드, 감귤케이크, 풋귤청, 하귤청 등을 직접 만들어보는 푸드테라피 프로그램을 다양하게 진행하고 있으며, 감귤밭에서의 싱잉볼 명상과 소원을 담은 후우링 만들기 등의 소리치유를 통해 심신이 지친 이들을 위한 쉼과 휴식의 공간으로 열어가고 있다.",TOUR,,https://map.kakao.com/?q=제원하늘농원
3171,제이샵 라운지제이,,NORTH,COMMERCIAL,상업지구,,제주시 도두동,33.510641,126.4834761,제주특별자치도 제주시 서해안로 360,https://api.cdn.visitjeju.net/photomng/imgpath/202407/09/58321f39-94e1-4c74-9e8f-32da6d0a0aa4.webp,"항공사 최초 팝업스토어 ‘제이샵 라운지제이’, 제주에서 만나다.","항공사 최초 팝업스토어 ‘제이샵 라운지제이’, 제주에서 만나다.",VJ,,https://map.kakao.com/?q=제이샵 라운지제이
3172,제이앤승마클럽,,NORTH,EXPERIENCE,체험 활동 관광지,,제주시 노형동,33.4460514,126.4688305,제주특별자치도 제주시 해안마을7길 211,https://api.cdn.visitjeju.net/photomng/imgpath/202306/19/11bf504f-de2c-4a5a-a211-0bc5fe5ce866.webp,승마의 기초부터 심화까지 배워가는 곳,승마의 기초부터 심화까지 배워가는 곳,VJ,,https://map.kakao.com/?q=제이앤승마클럽
3173,제이어스,,NORTH,COMMERCIAL,상업지구,,제주시 이도2동,33.500313,126.53004,제주특별자치도 제주시 중앙로 217,https://api.cdn.visitjeju.net/photomng/imgpath/201804/30/66b4b30e-75ce-462e-8d1b-41d350a9cd70.webp,"(주)제이어스는 (재)제주테크노파크가 전액 출자한 별도법인으로서, (재)제주테크노파크에서 추진하는 브랜드의 사업운영 및 관리를 담당하며 자체…","(주)제이어스는 (재)제주테크노파크가 전액 출자한 별도법인으로서, (재)제주테크노파크에서 추진하는 브랜드의 사업운영 및 관리를 담당하며 자체 화장품 브랜드인 '제이듀'와 '에코시아'를 보유하고 있습니다.",VJ,,https://map.kakao.com/?q=제이어스
3174,제이엠그랑블루요트,,SOUTH,LEISURE,레저·스포츠 관련 시설,,서귀포시 중문동,33.238244,126.4396058,제주특별자치도 서귀포시 대포로 172-7 (대포동),https://tong.visitkorea.or.kr/cms/resource/49/2571149_image2_1.bmp,"주식회사 제이엠 그랑블루요트는 대포포구에 위치한 요트투어 관광지로 47인승, 44인승 요트를 보유하여 동시에 최대 91명까지 승선이 가능하다.…","주식회사 제이엠 그랑블루요트는 대포포구에 위치한 요트투어 관광지로 47인승, 44인승 요트를 보유하여 동시에 최대 91명까지 승선이 가능하다.일반투어 소요시간은 1시간으로 대포항에서 출항하여 월평동굴 및 주상절리를 항해하는 차별화된 코스를 운영하고 있다.요트투어를 하는 동안 비경관람, 세일링, 낚시가 가능하다. 계절별 특별메뉴(동절기-어묵, 컵라면/하절기-과일)와 와인, 생맥주, 쿠키, 원두커피가 제공된다.노래방 시설, 화장실 등 편의시설이 완비되어 있다.",TOUR,,https://map.kakao.com/?q=제이엠그랑블루요트
3175,제이제이 필라테스요가,,WEST,EXPERIENCE,체험 활동 관광지,,제주시 한림읍,33.386623,126.2471087,제주특별자치도 제주시 한림읍 일주서로 5043,https://api.cdn.visitjeju.net/photomng/imgpath/202506/24/19c0ac55-489c-4203-a8cd-364a3f19bf1d.webp,실내 및 야외 바다 요가를 체험할 수 있는 요가원,실내 및 야외 바다 요가를 체험할 수 있는 요가원,VJ,,https://map.kakao.com/?q=제이제이 필라테스요가
3176,제이홀스클럽,,NORTH,EXPERIENCE,체험 활동 관광지,,제주시 노형동,33.4500613,126.4717897,제주특별자치도 제주시 월산남길 284,https://api.cdn.visitjeju.net/photomng/imgpath/202307/26/d0a644d5-7d00-4260-8947-ee03550d216f.webp,공항에서 차로 20분 거리에 위치해 있는 승마장,공항에서 차로 20분 거리에 위치해 있는 승마장,VJ,,https://map.kakao.com/?q=제이홀스클럽
3177,제일모직아울렛 노형점,,NORTH,COMMERCIAL,상업지구,,제주시 노형동,33.4870115,126.4818141,제주특별자치도 제주시 도령로 22 (노형동),https://tong.visitkorea.or.kr/cms/resource/30/4020330_image2_1.jpg,제일모직아울렛은 삼성물산 패션부문의 고품격 브랜드들을 합리적인 가격에 만날 수 있는 실속형 쇼핑 공간입니다.,"제일모직아울렛은 삼성물산 패션부문의 고품격 브랜드들을 합리적인 가격에 만날 수 있는 실속형 쇼핑 공간입니다. 빈폴, 갤럭시 등 검증된 품질의 패션 아이템들을 부담 없는 가격으로 제공하여 고객의 합리적인 소비를 돕습니다.",TOUR,,https://map.kakao.com/?q=제일모직아울렛 노형점
3178,제일토산품,,NORTH,COMMERCIAL,상업지구,,제주시 삼도2동,33.512978,126.52185,제주특별자치도 제주시 관덕로 22-1,https://api.cdn.visitjeju.net/photomng/imgpath/201804/30/676ab72b-2007-4f76-95e1-33bd1798f044.webp,관덕정과 지하상가 인근에 위치한 관광특산품점,관덕정과 지하상가 인근에 위치한 관광특산품점,VJ,,https://map.kakao.com/?q=제일토산품
3179,제주 꿈바당어린이도서관,,NORTH,CULTURE,문화시설,,제주시 연동,33.480735,126.5002152,제주특별자치도 제주시 연오로 140,https://api.cdn.visitjeju.net/photomng/imgpath/202002/20/a7b89ea8-1d50-44eb-8322-6130fccf62e0.webp,꿈바당 어린이 도서관은 원래 대통령이 제주도를 방문할 때 묵어가던 지방 공간이었다.,"꿈바당 어린이 도서관은 원래 대통령이 제주도를 방문할 때 묵어가던 지방 공간이었다. 1984년 건립된 이후 전두환과 노태우, 김영삼 전 대통령이 총 11회에 걸쳐 이용했으며 1996년 경호시설에서 해제되면서 한때 제주도지사 관사로 사용되기도 했다. 2014년 도민 품으로 돌아온 건물은 여러 논의 끝에 2017년 꿈바당 어린이 도서관으로 새롭게 탈바꿈했다.",VJ,관광지인지 확인(도서관·교회·골프 등),https://map.kakao.com/?q=제주 꿈바당어린이도서관
3180,제주 다이브,,SOUTH,EXPERIENCE,체험 활동 관광지,,서귀포시 대천동,33.242176,126.50496,제주특별자치도 서귀포시 월드컵로 84,https://api.cdn.visitjeju.net/photomng/imgpath/201804/30/9f38133c-b11e-4422-9076-cb0b702c12cd.webp,스쿠버 체험 및 전문 교육을 받을 수 있는 제주 다이브,스쿠버 체험 및 전문 교육을 받을 수 있는 제주 다이브,VJ,,https://map.kakao.com/?q=제주 다이브
3181,제주 더팔팔농장,,EAST,EXPERIENCE,체험 활동 관광지,,서귀포시 성산읍,33.38571,126.871056,제주특별자치도 서귀포시 성산읍 독자봉로60번길 20,https://api.cdn.visitjeju.net/photomng/imgpath/201804/30/89879137-8d83-430b-85bb-ffef19786a88.webp,"무화과, 한라봉, 레몬, 알로에 등을 하우스재배하고 있는 체험 농장","무화과, 한라봉, 레몬, 알로에 등을 하우스재배하고 있는 체험 농장",VJ,,https://map.kakao.com/?q=제주 더팔팔농장
3182,제주 동백마을,,SOUTH,NATURE,자연관광지,,서귀포시 남원읍,33.3203652,126.745169,제주특별자치도 서귀포시 남원읍 한신로531번길 22-1,https://tong.visitkorea.or.kr/cms/resource/45/3543045_image2_1.jpg,"제주 동백마을은 서귀포시 남원읍에 중산간 마을로 300년의 역사를 가진 설촌터이자, 도 지정 기념물로 지정된 동백나무 군락지를 중심으로 동백을…","제주 동백마을은 서귀포시 남원읍에 중산간 마을로 300년의 역사를 가진 설촌터이자, 도 지정 기념물로 지정된 동백나무 군락지를 중심으로 동백을 테마로 한 마을사업을 하고 있는 곳이다. 마을 곳곳에 토종 동백나무와 수령이 300~400년 된 동백나무를 볼 수 있으며, 마을 공동사업으로 운영하는 동백방앗간에서 생산한 동백기름을 판매하고 있다. 동백 이야기를 담은 동백 공예체험, 마을에서 직접 생산한 식용동백기름을 이용한 동백 음식 체험, 생동백기름을 이용한 천연비누체험도 가능하다. 동백마을에서 주민들이 가꿔 더욱 아름다운 나무도 보고, 고사리 파스타 만들기 체험도 경험할 수 있다.",TOUR,,https://map.kakao.com/?q=제주 동백마을
3183,제주 명도암참살이마을,,NORTH,NATURE,자연관광지,,제주시 봉개동,33.491679,126.5948707,제주특별자치도 제주시 명림로 268-71,https://tong.visitkorea.or.kr/cms/resource/39/3400739_image2_1.jpg,"제주 명도암참살이마을은 제주시 봉개동에 위치한 중산간 농촌마을로, 1604년경 조선시대 유학자인 명도암 김징용 선생이 유학을 전파한 데서 그…","제주 명도암참살이마을은 제주시 봉개동에 위치한 중산간 농촌마을로, 1604년경 조선시대 유학자인 명도암 김징용 선생이 유학을 전파한 데서 그 이름이 유래되었다. 마을 주변은 노루가 서식하고 약 16개의 오름이 둘러싼 자연환경으로, 자연연못과 습지가 잘 발달한 것이 특징이다. 이곳은 드넓은 목장과 초지가 어우러져 양 떼가 뛰노는 이국적인 풍경을 자아내며, 자연 그대로의 삶을 지향하는 ‘참살이’ 철학을 바탕으로 한 조용하고 평화로운 농촌 마을이다. 또한 마을 전체에서 연중 채소를 생산하여 신선하고 건강한 먹거리를 제공하는 친환경 농업 마을로 알려져 있다. 옛 자연환경과 생활 방식이 잘 보존되어 있어 제주의 중산간 마을 특유의 정취를 느낄 수 있는 곳이다.",TOUR,,https://map.kakao.com/?q=제주 명도암참살이마을
3184,제주 바다하늘다이브센터,,NORTH,EXPERIENCE,체험 활동 관광지,,제주시 외도동,33.4942873,126.4436208,제주특별자치도 제주시 내도9길 8-2,https://api.cdn.visitjeju.net/photomng/imgpath/202604/30/46a5db41-b03e-41d6-be8c-f7966ad9ce45.webp,"제주 바다와 하늘을 배경으로, PADI 5스타 여성코스디렉트 및 최고의 강사진과 함께 스킨스쿠버를 체험할 수 있는 다이브 센터(제주공항 10분…","제주 바다와 하늘을 배경으로, PADI 5스타 여성코스디렉트 및 최고의 강사진과 함께 스킨스쿠버를 체험할 수 있는 다이브 센터(제주공항 10분거리 위치 )",VJ,관광지인지 확인(도서관·교회·골프 등),https://map.kakao.com/?q=제주 바다하늘다이브센터
3185,제주 샘주,,WEST,EXPERIENCE,체험 활동 관광지,,제주시 애월읍,33.4102243,126.3758566,제주특별자치도 제주시 애월읍 애원로 283,https://api.cdn.visitjeju.net/photomng/imgpath/202306/20/01c36323-f972-467d-ad87-b22b97b460ee.webp,알고 마시면 더 맛난 제주전통주 체험,알고 마시면 더 맛난 제주전통주 체험,VJ,,https://map.kakao.com/?q=제주 샘주
3186,제주 서핑도 실내서핑장,,WEST,LEISURE,레저·스포츠 관련 시설,,제주시 애월읍,33.4472922,126.4325584,제주특별자치도 제주시 애월읍 광령평화3길 21,https://tong.visitkorea.or.kr/cms/resource/88/3464488_image2_1.jpg,제주 서핑도는 제주도 최초 실내서핑장으로 변화무쌍한 제주도 날씨에 구애받지 않고 남녀노소 누구나 365일 온수풀로 실내에서 액티비티 서핑 체험…,제주 서핑도는 제주도 최초 실내서핑장으로 변화무쌍한 제주도 날씨에 구애받지 않고 남녀노소 누구나 365일 온수풀로 실내에서 액티비티 서핑 체험을 즐길 수 있는 경험을 제공하며 인공 파도를 지속적으로 만들어 냄으로서 쉬지 않고 다수의 인원이 동시에 서핑을 즐길 수 있는 워터 익스트림 스포츠이다. 실내서핑장 바닥은 트램폴린 재질이여서 넘어져도 큰 타격감이 없어 누구나 안전하게 서핑 체험 즐길 수 있다.경험 많고 자격증 보유의 전문 강사들이 배치되어 안전 하고 즐겁게 체험을 즐길 수 있다.,TOUR,,https://map.kakao.com/?q=제주 서핑도 실내서핑장
3187,제주 수울,,NORTH,COMMERCIAL,상업지구,,제주시 용담1동,33.5120378,126.518764,제주특별자치도 제주시 서문로 72-1,https://api.cdn.visitjeju.net/photomng/imgpath/202302/20/4f65e20e-a2d0-4726-884e-bfe340148ef4.webp,제주도 전통주 로컬술 전문 바틀샵 & 오프라인 쇼룸,제주도 전통주 로컬술 전문 바틀샵 & 오프라인 쇼룸,VJ+TOUR,,https://map.kakao.com/?q=제주 수울
3188,제주 전농로 벚꽃거리,,NORTH,CULTURE,문화시설,,제주시 삼도2동,33.506634,126.522415,제주 제주시 삼도1동,https://api.cdn.visitjeju.net/photomng/imgpath/202111/23/70c1a9a6-337b-4e9f-8798-7a91e6089d36.webp,매년 봄 왕벚꽃 축제가 열리는 구도심 제주의 거리,매년 봄 왕벚꽃 축제가 열리는 구도심 제주의 거리,VJ+TOUR,,https://map.kakao.com/?q=제주 전농로 벚꽃거리
3189,제주 중앙지하상가,,NORTH,COMMERCIAL,상업지구,,제주시 일도1동,33.5131743,126.5246997,제주특별자치도 제주시 중앙로 지하 60,https://api.cdn.visitjeju.net/photomng/imgpath/202110/27/2740ecca-2ec9-49a3-bee2-8e97ac2581e3.webp,제주도 유일한 지하상가이자 쇼핑 중심지,제주도 유일한 지하상가이자 쇼핑 중심지,VJ+TOUR,,https://map.kakao.com/?q=제주 중앙지하상가
3190,제주 청수리마을,,WEST,NATURE,자연관광지,,제주시 한경면,33.317565,126.2476737,제주특별자치도 제주시 한경면 대한로 1036,https://tong.visitkorea.or.kr/cms/resource/39/2754539_image2_1.jpg,청수리 마을은 제주 생태계의 보고인 곶자왈 지역으로 다양한 야생식물과 야생화가 자생하고 있는 곳이다.,"청수리 마을은 제주 생태계의 보고인 곶자왈 지역으로 다양한 야생식물과 야생화가 자생하고 있는 곳이다. 운문산 반딧불이의 최대 서식지인 청수리 마을은 청정한 환경을 지키고자 마을의 자원을 가꾸며 살아가는 마을이다. 
‘맑고 깨끗한 물’이라는 데서 붙여진 청수리는 제주시에서 서쪽으로 약 45㎞에 위치해 있으며, 북쪽은 한림읍, 서쪽은 낙천리, 남쪽은 산양리로 에워 싸여 있다. 친환경 농업경영과 곶자왈 보전 등 환경오염을 걱정하고 자연보호를 실천하고 있기 때문에 믿을 수 있는 농산물과 깨끗한 자연환경을 자랑하며, 이러한 자연자원과 역사문화자원을 바탕으로 다양한 프로그램들을 개발하여 농촌체험관광의 메카로 거듭나 도민은 물론 국내외 관광객의 방문이 끊이지 않고 있다.",TOUR,,https://map.kakao.com/?q=제주 청수리마을
3191,제주 캘리아트,,NORTH,EXPERIENCE,체험 활동 관광지,,제주시 삼도2동,33.5097314,126.5217403,제주특별자치도 제주시 남성로23길 6,https://api.cdn.visitjeju.net/photomng/imgpath/202306/20/4981e972-1e30-4634-b31d-0fa70039c6d8.webp,나를 담아내 더 값진 우드버닝 체험,나를 담아내 더 값진 우드버닝 체험,VJ,,https://map.kakao.com/?q=제주 캘리아트
3192,제주 탑동해변공연장,,NORTH,CULTURE,문화시설,,제주시 삼도2동,33.5179061,126.5243032,제주특별자치도 제주시 중앙로 2,https://tong.visitkorea.or.kr/cms/resource/44/3411244_image2_1.jpg,아름다운 제주 해변 풍광과 함께 시원한 바다 내음을 맡으며 다양한 무대 공연을 관람할 수 있는 야외 공연장이다.,"아름다운 제주 해변 풍광과 함께 시원한 바다 내음을 맡으며 다양한 무대 공연을 관람할 수 있는 야외 공연장이다. 공연장의 구조를 갖춘 최초의 야외 공연장으로서 수준 높은 공연이 가능한 곳이다. 지상 3층의 공연장 건물과 노천 객석 2,500여석 규모로 전국 유일의 바닷가에 인접한 공연장으로 국내 최초의 야외 공연장이다. 주변에 조망할 수 있는 바다와 항구가 있고, 공연장 옆에는 광장이 있어서 다양한 여가 활동을 즐기는 제주 시민을 만날 수 있다. 

(출처 : 제주 문화관광 홈페이지)",TOUR,,https://map.kakao.com/?q=제주 탑동해변공연장
3193,제주 토이 승마장,,WEST,EXPERIENCE,체험 활동 관광지,,서귀포시 안덕면,33.3185031,126.345191,제주특별자치도 서귀포시 안덕면 동광로 265-14,https://api.cdn.visitjeju.net/photomng/imgpath/202306/20/dec98270-99e0-43a4-a0ca-c07813188378.webp,푸른 초원을 거닐며 즐기는 승마체험,푸른 초원을 거닐며 즐기는 승마체험,VJ,,https://map.kakao.com/?q=제주 토이 승마장
3194,제주4.3유적지 표선 한모살,,EAST,CULTURE,문화시설,,서귀포시 표선면,33.328445,126.83669,제주특별자치도 제주시 표선면 표선리,https://api.cdn.visitjeju.net/photomng/imgpath/201804/30/6dbe5d52-33ab-447c-83e5-c78b505514a6.webp,"4·3 당시 표선면, 남원면 일대 주민들이 희생됐던 일상적인 총살장","4·3 당시 표선면, 남원면 일대 주민들이 희생됐던 일상적인 총살장",VJ,,https://map.kakao.com/?q=제주4.3유적지 표선 한모살
3195,제주고산리유적,,WEST,CULTURE,문화시설,,제주시 한경면,33.30418,126.166345,제주특별자치도 제주시 한경면 노을해안로 1100,https://api.cdn.visitjeju.net/photomng/imgpath/202007/30/0c05a480-d165-4c0f-937a-e784f86581d9.webp,우리나라!,"우리나라! 신석기시대 최초(最初), 최고(最古), 최애(最愛) 유적, 제주 고산리 유적!",VJ+TOUR,,https://map.kakao.com/?q=제주고산리유적
3196,제주고속(주),,NORTH,NATURE,자연관광지,,제주시 연동,33.4907938,126.4916803,제주특별자치도 제주시 신대로10길 47,https://api.cdn.visitjeju.net/photomng/imgpath/202511/18/aad2f47f-1afa-466b-8533-b272ecbc124b.webp,제주-육지를 잇는 자동차운송,제주-육지를 잇는 자동차운송,VJ,,https://map.kakao.com/?q=제주고속(주)
3197,제주공룡랜드,,WEST,THEME,테마시설,,제주시 애월읍,33.44299,126.43244,제주특별자치도 제주시 애월읍 광령평화2길 1,https://api.cdn.visitjeju.net/photomng/imgpath/201804/30/40435eca-cbbd-437c-bfca-eae473f0b46d.webp,모든 이들이 재미있게 즐길 수 있는 제주 최대 종합체험 테마파크,모든 이들이 재미있게 즐길 수 있는 제주 최대 종합체험 테마파크,VJ,,https://map.kakao.com/?q=제주공룡랜드
3198,제주곶밭,,SOUTH,COMMERCIAL,상업지구,,서귀포시 예래동,33.2646707,126.3785282,제주특별자치도 서귀포시 일주서로 1262 (상예동) 적벽돌 2층 건물,https://api.cdn.visitjeju.net/photomng/imgpath/202607/24/ddeffc3e-2689-417b-a68b-a9d1a9980fce.jpg,제주의 자연을 담은 술을 빚는 제주곶밭 양조장 / 양조 체험 클래스가 가능한 곳,제주의 자연을 담은 술을 빚는 제주곶밭 양조장 / 양조 체험 클래스가 가능한 곳,VJ,,https://map.kakao.com/?q=제주곶밭
3199,제주과학탐구체험관,,NORTH,CULTURE,문화시설,,제주시 오라동,33.4266497,126.5314547,제주특별자치도 제주시 산록북로 421-1 (오라이동),https://tong.visitkorea.or.kr/cms/resource/58/3585158_image2_1.jpg,제주과학 탐구체험관은 제주시 오라동 제주 미래 교육연구원에 위치하고 있다.,"제주과학 탐구체험관은 제주시 오라동 제주 미래 교육연구원에 위치하고 있다. 다양한 과학 체험을 할 수 있는 곳으로 1층 역동의 큐브는 물리, 역학적인 체험 전시물, 2층 발견의 큐브는 도입수학, 생명과학, 지구과학, 3층 도약의 큐브는 드론, 우주, 로봇, 스마트, 에너지, 시공간과 관련된 체험 전시물로 구성되어 있다. 이 외에도 유아 체험관, 3D 영상관과 천체투영실, 물품 보관함, 도서관을 갖추고 있으며 시설 사용료는 무료이다.",TOUR,,https://map.kakao.com/?q=제주과학탐구체험관
3200,제주관광공사 성산면세점,,EAST,COMMERCIAL,상업지구,,서귀포시 성산읍,33.4725684,126.9323378,"제주특별자치도 서귀포시 성산읍 성산등용로 112-7, 성산포항종합여객터미널 내",https://api.cdn.visitjeju.net/photomng/imgpath/202502/24/90079d73-5ac5-42f6-b779-e3cc77e7a5fb.webp,제주특별자치도 출자 지방공기업인 제주관광공사에서 운영하는 내국인 전용 면세점,제주특별자치도 출자 지방공기업인 제주관광공사에서 운영하는 내국인 전용 면세점,VJ,,https://map.kakao.com/?q=제주관광공사 성산면세점
3201,제주교래자연휴양림야영장,,EAST,TRAIL,산책로·둘레길,,제주시 조천읍,33.4180631,126.6534847,제주특별자치도 제주시 조천읍 남조로 2023,https://api.cdn.visitjeju.net/photomng/imgpath/202508/19/f16affa0-2ff6-47ec-b641-f368e863d8fa.webp,곶자왈 숲속에서 즐기는 힐링과 체험,곶자왈 숲속에서 즐기는 힐링과 체험,VJ,,https://map.kakao.com/?q=제주교래자연휴양림야영장
3202,제주교육박물관,,NORTH,CULTURE,문화시설,,제주시 이도2동,33.49451,126.53802,제주특별자치도 제주시 오복 4길 25,https://api.cdn.visitjeju.net/photomng/imgpath/201804/30/b63b7e04-a250-4c18-b995-75c578a8802e.webp,제주교육의 흐름을 알 수 있는 박물관,제주교육의 흐름을 알 수 있는 박물관,VJ+TOUR,,https://map.kakao.com/?q=제주교육박물관
3203,제주그림,,SOUTH,COMMERCIAL,상업지구,,서귀포시 효돈동,33.2631103,126.6090828,제주특별자치도 서귀포시 효돈로 94,https://api.cdn.visitjeju.net/photomng/imgpath/202107/28/707467c2-e3c9-468e-bfc6-714cc8826f3f.webp,제주의 잘 알려지지 않은 문화유산을 제품을 통해 이야기한다.,제주의 잘 알려지지 않은 문화유산을 제품을 통해 이야기한다.,VJ,,https://map.kakao.com/?q=제주그림
3204,제주글램핑 (무한자미향),,EAST,EXPERIENCE,체험 활동 관광지,,제주시 구좌읍,33.48201,126.753845,제주특별자치도 제주시 구좌읍 중산간동로 1921,https://api.cdn.visitjeju.net/photomng/imgpath/201804/30/7322c6a5-b401-4552-830a-000950e01a2b.webp,국내 최대 럭셔리 글램핑 복합 휴양시설 제주글램핑 (무한자미향),"국내 최대 럭셔리 글램핑 복합 휴양시설

제주글램핑 (무한자미향)",VJ,,https://map.kakao.com/?q=제주글램핑 (무한자미향)
3205,제주금능레저-투명카약,,WEST,EXPERIENCE,체험 활동 관광지,,제주시 한림읍,33.3911311,126.2362647,제주특별자치도 제주시 한림읍 금능길 119-10,https://api.cdn.visitjeju.net/photomng/imgpath/201804/30/df33fa41-5bb6-4276-a369-e77f1a885ba7.webp,애월&한담의 에메랄드빛 아름다운 제주바다를 가장 가까이 즐기는 법!,애월&한담의 에메랄드빛 아름다운 제주바다를 가장 가까이 즐기는 법!,VJ,,https://map.kakao.com/?q=제주금능레저-투명카약
3206,제주김치스쿨,,NORTH,COMMERCIAL,상업지구,,제주시 도두동,33.5024496,126.464173,제주특별자치도 제주시 서해안로 136 (도두일동),https://tong.visitkorea.or.kr/cms/resource/53/4024253_image2_1.jpeg,제주김치스쿨은 제주의 청정 식재료와 전통 김치 문화를 결합하여 한국의 맛을 전파하는 식문화 체험 브랜드입니다.,제주김치스쿨은 제주의 청정 식재료와 전통 김치 문화를 결합하여 한국의 맛을 전파하는 식문화 체험 브랜드입니다. 직접 김치를 담그는 체험 교육과 깊은 맛의 제품 판매를 통해 우리 전통 음식의 우수성과 즐거움을 알립니다.,TOUR,,https://map.kakao.com/?q=제주김치스쿨
3207,제주난타,,NORTH,CULTURE,문화시설,,제주시 아라동,33.445293,126.54792,제주특별자치도 제주시 선돌목동길 56-26,https://api.cdn.visitjeju.net/photomng/imgpath/201804/30/eda5b67a-89f8-4821-8d6d-e53acafa3ee3.webp,천만관객 돌파!,천만관객 돌파! 한국이 만들고 세계가 감동한 난타! 두드림 그 이상의 드라마 난타!,VJ,,https://map.kakao.com/?q=제주난타
3208,제주냥이,,EAST,COMMERCIAL,상업지구,,제주시 구좌읍,33.5335231,126.8397033,제주특별자치도 제주시 구좌읍 해맞이해안로 1178-1,https://api.cdn.visitjeju.net/photomng/imgpath/202306/15/a9a760df-72f0-4fb5-8af7-5f4865b3f577.webp,캐릭터의 실제 모델인 치즈냥이가 반겨주는 제주 소품샵,캐릭터의 실제 모델인 치즈냥이가 반겨주는 제주 소품샵,VJ,,https://map.kakao.com/?q=제주냥이
3209,제주농업생태원,,SOUTH,THEME,테마시설,,서귀포시 남원읍,33.288095,126.60703,제주특별자치도 서귀포시 남원읍 중산간동로 7413,https://api.cdn.visitjeju.net/photomng/imgpath/202002/25/d0a3946a-0f2c-4bd5-beb1-e7dfea773941.webp,서귀포 중산간에 자리한 서귀포농업기술센터 제주농업생태원은 감귤에 관한 모든 궁금증을 풀어주는 곳이다.,"서귀포 중산간에 자리한 서귀포농업기술센터 제주농업생태원은 감귤에 관한 모든 궁금증을 풀어주는 곳이다. 넓은 부지에 제주감귤홍보관과 감귤품종전시실, 감귤숲길, 감귤따기 체험장 등을 갖추고 있다.",VJ,,https://map.kakao.com/?q=제주농업생태원
3210,제주다,,WEST,EXPERIENCE,체험 활동 관광지,,제주시 애월읍,33.4310983,126.3293946,제주특별자치도 제주시 애월읍 납읍남로 65,https://api.cdn.visitjeju.net/photomng/imgpath/201811/29/0536ea75-aa3e-4654-8e52-ededbaca7293.webp,제주조릿대로 만드는 향긋한 차 체험을 할 수 있는 곳,제주조릿대로 만드는 향긋한 차 체험을 할 수 있는 곳,VJ,,https://map.kakao.com/?q=제주다
3211,제주대 벚꽃길,,NORTH,TRAIL,산책로·둘레길,,제주시 아라동,33.4579467,126.5624124,제주특별자치도 제주시 제주대학로 102,https://tong.visitkorea.or.kr/cms/resource/93/3477793_image2_1.jpg,제주대 벚꽃길은 제주도에서 가장 유명한 벚꽃 명소 중 하나이다.,"제주대 벚꽃길은 제주도에서 가장 유명한 벚꽃 명소 중 하나이다. 제주시청을 지나 1131번 도로를 타고 내려가다 보면 왼편으로 제주대학교 진입로가 나타난다. 제주대학교 입구까지 도로변에 벚나무들이 즐비하게 늘어서 있으며, 만개한 벚꽃을 보기 위해 많은 이들의 발걸음이 이어지고 있다. 꽃 터널을 지나가는 듯한 환상적인 기분을 느낄 수 있는 드라이브 코스로, 만개한 꽃송이가 떨어지는 광경이 눈이 내린 설경을 보는 것 전해질 정도로 아름다운 벚꽃길을 만끽할 수 있다.",TOUR,,https://map.kakao.com/?q=제주대 벚꽃길
3212,제주도 관광특구,,NORTH,NATURE,자연관광지,,제주시 연동,33.3911586,126.4961419,제주특별자치도,https://tong.visitkorea.or.kr/cms/resource/21/3556321_image2_1.jpg,한반도의 남서해상에 위치하는 제주도는 특별자치도로 지정된 국내 최대의 관광 지역이다.,"한반도의 남서해상에 위치하는 제주도는 특별자치도로 지정된 국내 최대의 관광 지역이다. 전 지역이 관광특구로 지정될 만큼 발길 닿는 곳마다 아름다운 자연 경관이 펼쳐진다. 내외국인을 합쳐 한 해 약 1,500만명 이상의 관광객이 다녀갈 정도로 매력적인 이 섬의 크기는 남북으로 31㎞, 동서로 73㎞에 이른다. 유네스코 3관왕(세계자연유산, 세계지질공원, 생물권보전지역) 지역이며, 세계7대자연경관 지역으로 지정된 제주도는 온대 지방의 특징을 가진 한반도의 육지와는 다른 기후대에 자리했다. 덕분에 아열대에서 아한대에 이르는 제주만의 식생을 보유했다.
제주도의 색다른 자연은 이 섬을 찾은 여행자들의 발길을 붙잡는다. 섬 한가운데 우뚝 솟은 한라산과 산기슭에 솟아 오른 크고 작은 오름이 만들어 내는 풍경, 해안에 펼쳐진 주상절리는 화산섬 제주도를 대표하는 풍경이다. 바다에서 한라산을 향해 오르다 만나는 중산간 지역은 자연이 주는 선물이다. 제주세계자연유산센터가 있는 거문오름을 찾아 중산간의 자연을 탐방하는 것도 좋다. 제주의 방언과 생활풍습도 이색적이다. 해안선을 따라 이어진 182㎞의 일주도로는 자동차는 물론 스쿠터나 자전거를 타고 달리면 좋다. 도보길인 ‘제주올레’를 따라가면 걸어서 제주도를 한 바퀴 돌 수 있다.제주도는 ‘국제관광도시’ ‘국제자유도시’ 라는 이름에 걸맞게 관광은 물론 정치·경제에서도 육지의 자치구들보다 자유롭고 다양한 정책을 펼치고 있어 외국인들에게도 인기 있다.

* 제주도 관광특구 현황
1) 범위 : 제주특별자치도 전역(부속 도서 제외)
2) 면적 : 1,809.56k㎡
3) 관광특구 지정일 : 1994년 8월 31일

* 제주도 관광특구 시설 현황
한라산, 오름, 해안일주도로, 중산간 지역, 제주올레 도보길, 해수욕장, 박물관, 갤러리, 중문 관광 단지 등",TOUR,,https://map.kakao.com/?q=제주도 관광특구
3213,제주도 국가지질공원,,EAST,NATURE,자연관광지,,제주시 조천읍,33.456902,126.7142576,제주특별자치도 제주시 조천읍 선교로 569-36,https://tong.visitkorea.or.kr/cms/resource/85/3433085_image2_1.jpg,제주도는 한반도 서남단에서 남쪽으로 약 90㎞ 떨어져 있는 대륙붕 위의 화산섬으로 화산분출물로 형성되었다.,"제주도는 한반도 서남단에서 남쪽으로 약 90㎞ 떨어져 있는 대륙붕 위의 화산섬으로 화산분출물로 형성되었다. 화산지형이 원형 그대로 잘 보존돼 지구과학적 가치가 크고, 경관도 아름답다. 제주도는 이 가운데 경관이 뛰어난 명소 9곳(한라산, 성산일출봉, 만장굴, 서귀포층, 산방산과 용머리해안, 수월봉, 중문 대포해안 주상절리대, 천지연폭포)을 유네스코 세계지질공원 네트워크(GGN)에 세계지질공원으로 인증받았다. 유네스코가 지원하는 세계지질공원은 지질학적으로 가치가 있고, 희귀하며 경관이 아름다운 지역으로 교육과 지질관광이 활발히 이루어져 지역 경제 발전에 기여하는 곳을 말한다. 제주도는 유네스코가 인정하는 지질공원, 생물권 보전지역, 세계 자연유산을 보유함으로써 세계적인 자연관광지로서 거듭나고 있다.
한라산은 제주도 순상화산의 중심 봉우리이며 1,950m의 해발고도로 남한에서 가장 높은 산이다. 한라산은 제주도의 상징이자 한반도와 주변 해역에서 일어난 제4기 화산활동의 대표적인 산물이기도 하다. 정상부에 깊이 108m, 너비 550m의 화구호인 백록담 분화구가 있으며 영실기암의 가파른 암벽과 약 40여 개의 오름 등 여러 화산지형을 갖고 있다. 풍화와 침식에 의해 순상화산의 원래 지형이 파괴되지 않은 상태로 남아있는 한라산은 2002년과 2007년에는 각각 유네스코 생물권 보전지역과 유네스코 세계 자연유산으로 등재되었다.
전형적인 수성화산으로 높이 179m로 제주도 동쪽 해안에 거대한 고대의 성곽처럼 우뚝 솟아있다. 성산일출봉 응회구는 수심이 얕은 해저에서 분출하여 해수면 위로 성장한 섯치형 화산의 탄생과 성장과정을 잘 보여주고 있다. 2000년과 2007년에 각각 천연기념물과 유네스코 세계 자연유산으로 지정되었다.
만장굴은 거문 오름에서 흘러나온 용암이 땅 위를 흐르다 만들어진 용암동굴로 전체 길이 약 7,400m, 최대 높이 약 25m, 최대 폭 약 18m로서 제주 세계 자연유산의 한 부분인 거문 오름 용암 동굴계에 속하는 용암동굴이다.
서귀포층은 수성화산 활동으로 생긴 화산재가 해양 퇴적물과 함께 쌓이기를 반복해 생겨난 약 100m 두께의 퇴적층으로 천연기념물로 지정되어 있다.
산방산은 제주도의 남서부 해안에 위치하고 있으며, 395m의 높이를 지닌 거대한 용암 돔이다. 밝은 회색을 띠고 있는 산방산 용암 돔은 주상절리가 잘 발달한 조면암으로 구성되어 있다.
용머리 해안은 산방산 용암돔의 남쪽 해안에 있는 용머리는 제주에서 가장 오래된 화산 지형으로 수성화산 활동으로 만들어진 응회환의 일부이다. 용머리는 작은 돌기처럼 돌출해 있는 형상을 하고 있으며, 바닷속으로 들어가는 용의 머리를 닮았다하여 ‘용머리’로 불리며 해안경관이 뛰어나다.
수월봉은 제주도의 서쪽 가장자리에 위치하고 있는 기복이 낮은 언덕 형태의 화산 쇄설성 퇴적층이다. 땅속에서 올라온 마그마가 지하수를 만나 격렬하게 폭발하면서 뿜어져 나온 화산재들이 쌓여 형성된 응회암의 일부로 높이가 77m이다.
대포동의 주상절리 용암은 인근에 있는 녹하지악이라는 오름에서 분출된 용암이 해안으로 흘러와 굳으면서 생겨났다. 주상절리의 기둥이 두껍게 잘 만들어져 있는 아랫부분과 주상절리의 기둥이 가늘고 복잡하게 만들어져 있는 윗부분의 수평과 수직 단면에서 잘 발달되어 있다.
천지연폭포는 높이는 22m, 폭은 12m이며 폭포 아래에는 수심 20m의 호수가 형성되어 있다. 폭포의 하류는 서귀포항까지 약 1㎞ 정도의 계곡을 형성하는데 이곳에 서식하는 무태장어, 담팔수나무 및 난대림은 천연기념물로 지정되어 있다.",TOUR,,https://map.kakao.com/?q=제주도 국가지질공원
3214,제주도공방 노꼬메,,NORTH,EXPERIENCE,체험 활동 관광지,,제주시 건입동,33.5157265,126.5368254,제주특별자치도 제주시 동문로21길 19-2,https://api.cdn.visitjeju.net/photomng/imgpath/202605/05/927e7bb3-a65d-4a82-8933-502bd1a5757e.webp,제주여행을 제주바다 만들기 하면서 시작과 마무리를 할 수 있는 이색적인 레진아트 공방입니다,제주여행을 제주바다 만들기 하면서 시작과 마무리를 할 수 있는 이색적인 레진아트 공방입니다,VJ,,https://map.kakao.com/?q=제주도공방 노꼬메
3215,제주도사진관 선우스타일,,NORTH,COMMERCIAL,상업지구,,제주시 일도1동,33.5127431,126.5283168,제주특별자치도 제주시 동문로 16,https://api.cdn.visitjeju.net/photomng/imgpath/201807/10/e6533802-3a53-4a98-b10f-94b5eba8e1bf.webp,흑백사진과 야외스냅 촬영을 하는 스튜디오.,흑백사진과 야외스냅 촬영을 하는 스튜디오.,VJ,,https://map.kakao.com/?q=제주도사진관 선우스타일
3216,제주도서핑 라인업서프 하도,,EAST,EXPERIENCE,체험 활동 관광지,,제주시 구좌읍,33.5108067,126.8921626,제주특별자치도 제주시 구좌읍 하도13길 55,https://api.cdn.visitjeju.net/photomng/imgpath/202306/18/2d7856f8-595f-4593-b17f-1482f60a8bb6.webp,동쪽끝 하도리 바다를 즐기는 서핑체험,동쪽끝 하도리 바다를 즐기는 서핑체험,VJ,주소를 좌표로 다시 구함,https://map.kakao.com/?q=제주도서핑 라인업서프 하도
3217,제주도서핑 문서프,,WEST,LEISURE,레저·스포츠 관련 시설,,제주시 애월읍,33.45005,126.30845,제주특별자치도 제주시 애월읍 곽지7길 1,https://api.cdn.visitjeju.net/photomng/imgpath/201805/23/d6a36fb3-ee3a-4652-a79d-4d3c18898c6e.webp,아름다운 에메랄드빛 바다에서 여유롭게 즐기는 서핑,아름다운 에메랄드빛 바다에서 여유롭게 즐기는 서핑,VJ+TOUR,,https://map.kakao.com/?q=제주도서핑 문서프
3218,제주도서핑 범서프,,NORTH,LEISURE,레저·스포츠 관련 시설,,제주시 삼양동,33.5255346,126.5867411,제주특별자치도 제주시 선사로8길 11,https://api.cdn.visitjeju.net/photomng/imgpath/202306/19/340db41f-878f-472e-9e0f-e1448fc2dc6b.webp,입문자도 즐길 수 있는 서핑 체험,입문자도 즐길 수 있는 서핑 체험,VJ,,https://map.kakao.com/?q=제주도서핑 범서프
3219,제주도서핑 비고르서프,,WEST,EXPERIENCE,체험 활동 관광지,,서귀포시 안덕면,33.2258399,126.2998288,제주특별자치도 서귀포시 안덕면 형제해안로 70,https://api.cdn.visitjeju.net/photomng/imgpath/202306/19/d40d6476-4bf5-42a6-bbb6-99238e84d2aa.webp,한적한 사계리 바다에서 만끽하는 서핑,한적한 사계리 바다에서 만끽하는 서핑,VJ,,https://map.kakao.com/?q=제주도서핑 비고르서프
3220,제주도서핑 서프론트 곽지,,WEST,EXPERIENCE,체험 활동 관광지,,제주시 애월읍,33.4491798,126.3056425,제주특별자치도 제주시 애월읍 곽지5길 21,https://api.cdn.visitjeju.net/photomng/imgpath/202306/19/438bc496-449c-4273-a43b-2fc50af6f8da.webp,푸른 곽지해수욕장에서 신나는 서핑체험,푸른 곽지해수욕장에서 신나는 서핑체험,VJ,,https://map.kakao.com/?q=제주도서핑 서프론트 곽지
3221,제주도예촌,,WEST,NATURE,자연관광지,,서귀포시 대정읍,33.2650782,126.2353801,제주특별자치도 서귀포시 대정읍 암반수마농로 433,https://tong.visitkorea.or.kr/cms/resource/75/3390175_image2_1.jpg,"제주도예촌은 제주도 무형문화재 제14호 허벅장 '신창현' 선생외 전수자 및 제주전통도공, 관련 기능인들이 전통도예의 맥을 잇고 있다.","제주도예촌은 제주도 무형문화재 제14호 허벅장 '신창현' 선생외 전수자 및 제주전통도공, 관련 기능인들이 전통도예의 맥을 잇고 있다. 세계에서 유일하게 돌로 축조된 제주전통가마인 석요는 1960년에 들어서면서 맥이 끊어졌다. 그러다 20년간의 조사와 연구를 토대로 2000년에 복원에 성공한 노랑굴이 공개되면서 유약을 칠하지 않고 불의 힘으로 얻어지는 천연도기가 생산되고 있다. 도예촌에는 현재 '노랑굴', '검은굴' 외에 기왓굴, 축조 중인 굴을 합쳐서 6기를 보유하고 있다. 매년 최소한 1회 이상 학술발표회 및 세미나를 통해서 제주전통도예를 널리 알리고 함께 공유하며 도자기체험행사도 개최한다.",TOUR,,https://map.kakao.com/?q=제주도예촌
3222,제주도자전거대여 보물섬하이킹,,NORTH,EXPERIENCE,체험 활동 관광지,,제주시 용담2동,33.50585,126.510254,제주특별자치도 제주시 용문로14길 14,https://api.cdn.visitjeju.net/photomng/imgpath/201804/30/36d6dc6e-ea93-4f96-8cd7-aa11b21f559c.webp,제주도 자전거여행을 위한 자전거대여 전문점,제주도 자전거여행을 위한 자전거대여 전문점,VJ,,https://map.kakao.com/?q=제주도자전거대여 보물섬하이킹
3223,제주도자전거대여 용두암하이킹,,NORTH,NATURE,자연관광지,,제주시 삼도2동,33.5156554,126.5215523,제주특별자치도 제주시 북성로 31 1층,https://api.cdn.visitjeju.net/photomng/imgpath/202510/24/9c0fcef4-4c98-4278-8cab-95c0cf3ba00f.webp,"""제주도 자전거 환상 코스 및 1100고지 등 제주 자전거 여행을 위한 모든 솔루션이 용두암 하이킹에서는 가능합니다.","""제주도 자전거 환상 코스 및 1100고지 등 제주 자전거 여행을 위한 모든 솔루션이 용두암 하이킹에서는 가능합니다.
국내, 해외단체 여행자들을 위한 차량 및 가이드 서비스부터, 커플 및 개별여행자, 가족여행객들을 위한 다양한 자전거가 준비되어 있습니다.
세계3대 프리미엄 자전거 브랜드인 GIANT 전문 취급 매장으로, 카본로드, 카본MTB 등 스포츠 레저를 위한 프리미엄 자전거, E-MTB를 비롯한 투어전문 자전거가 보유하고 있으며, 자전거 메카닉 지도자 자격증을 보유한 자전거 메인터넌스 기술로 안전을 최우선으로, 최고의 컨디션의 자전거를 대여하고 있습니다.",VJ,,https://map.kakao.com/?q=제주도자전거대여 용두암하이킹
3224,제주도작은집,,SOUTH,NATURE,자연관광지,,서귀포시 남원읍,33.2881765,126.7092595,제주특별자치도 서귀포시 남원읍 남한로153번길 42,https://api.cdn.visitjeju.net/photomng/imgpath/202508/07/f696bd48-87fd-4ae5-afd2-814282d50daa.webp,제주귤밭정원 감성독채스테이,제주귤밭정원 감성독채스테이,VJ,,https://map.kakao.com/?q=제주도작은집
3225,제주동백수목원,,SOUTH,NATURE,자연관광지,,서귀포시 남원읍,33.302706,126.6568975,제주특별자치도 서귀포시 남원읍 위미리 927,https://api.cdn.visitjeju.net/photomng/imgpath/201812/27/b1c9d983-fdcb-4c92-91fd-de774f1c3a33.webp,붉은 아기동백이 올망종망 피어있는 동백숲,붉은 아기동백이 올망종망 피어있는 동백숲,VJ,,https://map.kakao.com/?q=제주동백수목원
3226,제주동백수목원,,SOUTH,NATURE,자연관광지,,서귀포시 남원읍,33.2753,126.678,제주특별자치도 서귀포시 남원읍 태위로 288,https://tong.visitkorea.or.kr/cms/resource/38/3582838_image2_1.JPG,제주동백수목원은 위미리 동백군락지를 일군 할머니의 증손자가 1977년부터 꺾꽂이로 정성스럽게 가꾼 둥근 수형의 애기동백나무 수백여 그루가 숲을…,"제주동백수목원은 위미리 동백군락지를 일군 할머니의 증손자가 1977년부터 꺾꽂이로 정성스럽게 가꾼 둥근 수형의 애기동백나무 수백여 그루가 숲을 이루고 있는 수목원이다. 큰 애기동백나무 수백그루가 어우러져 있는 것을 볼 수 있고 수백 종류의 동백나무와 야생화, 야자수, 전망대, 연못, 방사탑, 조각상 등 다양한 볼거리가 있다. 분수대와 산책로도 있어 겨울마다 동백꽃의 풍경을 보며 걸을 수 있다. 가족과 친구, 연인과 방문해 동백나무를 배경으로 사진을 찍기에도 좋다.",TOUR,,https://map.kakao.com/?q=제주동백수목원
3227,제주동화마을,,EAST,THEME,테마시설,,제주시 구좌읍,33.4564636,126.7691579,제주특별자치도 제주시 구좌읍 비자림로 1183,https://api.cdn.visitjeju.net/photomng/imgpath/202607/16/c9cc3ced-72c3-413c-94e2-3a7167936d70.jpg,"제주 구좌읍에 위치한 제주동화마을은 제주의 자연과 돌, 신화, 사계절 꽃을 한자리에서 만날 수 있는 무료 개방형 테마공원.","제주 구좌읍에 위치한 제주동화마을은 제주의 자연과 돌, 신화, 사계절 꽃을 한자리에서 만날 수 있는 무료 개방형 테마공원.",VJ,,https://map.kakao.com/?q=제주동화마을
3228,제주동화마을,,EAST,NATURE,자연관광지,,제주시 구좌읍,33.435433,126.7320377,제주특별자치도 제주시 구좌읍 비자림로 1191,https://tong.visitkorea.or.kr/cms/resource/33/4094033_image2_1.JPG,"제주다운 개방형 공원을 표방하는 제주동화마을은 제주 동부 오름 군락 중심부인 구좌읍 송당리에 자리 잡고 있으며, 약 3만 평의 부지에 수백 년…","제주다운 개방형 공원을 표방하는 제주동화마을은 제주 동부 오름 군락 중심부인 구좌읍 송당리에 자리 잡고 있으며, 약 3만 평의 부지에 수백 년 수령의 팽나무, 조록 나무, 배롱나무 등 제주의 나무와 수십만 년 전 화산활동을 통해 형성된 S급의 자연석 5천 점을 기본 재료로 공원을 조성하였다. 문화재급 동자석, 문관석, 촛대석을 비롯해 상석류 200여 점을 수집하여 전시하였고 옛 문헌과 자료의 고증을 통하여 다양한 형태의 동자석 복원을 시도하고 있다.
향기체험관을 통해 농어촌 체험학습관을 시설하였고, 제이팜정육식당, 미스터밀크(성이시돌목장), 송당산들네식당(향토음식점) 등 제주의 맛을 맛볼 수 있는 음식점들은 물론, 관광지로서의 역할로 공원의 전경을 볼 수 있는 스타벅스, 파리바게뜨, 지브리공식 코리코카페, 지브리공식 도토리숲 등이 있다. 감성 소품과 편의점 물품을 판매하는 제스코 관광마트는 제주위미농협직판장, 성산포수협직판장, 제주시산림조합을 통한 제주 특산품 판매를 하고 있으며, 동시에 제주농촌관광 활성화를 위해 제주농촌 융복합산업 6차 산업 인증사업자들의 상품이 많은 비중을 차지하고 있어 제주관광 상품 및 제주 굿즈의 대부분을 한 곳에서 쇼핑할 수 있는 장소라 할 수 있다.",TOUR,,https://map.kakao.com/?q=제주동화마을
3229,제주디어연필가게,,SOUTH,COMMERCIAL,상업지구,,서귀포시 남원읍,33.281671,126.7344787,"제주특별자치도 서귀포시 남원읍 태위로 929 (태흥리, 뽀글이미용실) ",https://api.cdn.visitjeju.net/photomng/imgpath/201811/19/203d5cf3-59b6-4be6-b307-9182229b497e.webp,세계 각국의 연필과 문구를 탐험하는 곳,세계 각국의 연필과 문구를 탐험하는 곳,VJ,,https://map.kakao.com/?q=제주디어연필가게
3230,제주러브랜드,,NORTH,THEME,테마시설,,제주시 연동,33.4519922,126.4890053,제주특별자치도 제주시 1100로 2894-72,https://api.cdn.visitjeju.net/photomng/imgpath/201804/30/fdf51915-5486-4e07-932d-df7eb729dedf.webp,성을 주제로 한 현대적인 조각과 설치미술 작품을 감상할 수 있는 테마 조각공원이다.,성을 주제로 한 현대적인 조각과 설치미술 작품을 감상할 수 있는 테마 조각공원이다.,VJ+TOUR,,https://map.kakao.com/?q=제주러브랜드
3231,제주레일바이크,,EAST,LEISURE,레저·스포츠 관련 시설,,제주시 구좌읍,33.4646218,126.8369517,제주특별자치도 제주시 구좌읍 용눈이오름로 641,https://api.cdn.visitjeju.net/photomng/imgpath/202607/16/66367ef5-3e6d-41d5-8380-60e604eb5113.webp,스릴과 힐링!,스릴과 힐링! 제주의 대자연을 달리고 체험하는 제주레일바이크,VJ+TOUR,,https://map.kakao.com/?q=제주레일바이크
3232,제주문학관,,NORTH,CULTURE,문화시설,,제주시 이도2동,33.4813851,126.5178574,제주특별자치도 제주시 연북로 339 (도남동),https://tong.visitkorea.or.kr/cms/resource/29/2949529_image2_1.JPG,"제주문학관은 제주문학의 역사를 기록하고, 지역문학 활성화 및 도민 문학향유를 위하여 2021년 10월 23일에 개관하였다.","제주문학관은 제주문학의 역사를 기록하고, 지역문학 활성화 및 도민 문학향유를 위하여 2021년 10월 23일에 개관하였다. 지하 1층, 지상 4층 규모로, 1층은 로비 및 기획전시실, 2층은 상설전시실과 수장고, 3층은 세미나실‧창작공간‧소모임공간‧문학살롱, 4층은 대강당 등으로 구성되어 있다. 창작 활성화를 위해 작가들에게 창작 공간을 지원하고 있으며, 세미나실 및 소모임 공간, 대강당에서는 다양한 문학 행사를 진행하고 있다.",TOUR,,https://map.kakao.com/?q=제주문학관
3233,제주물사랑홍보관,,NORTH,CULTURE,문화시설,,제주시 건입동,33.5155645,126.5310247,제주특별자치도 제주시 산지로 5-16 (건입동),https://tong.visitkorea.or.kr/cms/resource/30/4057930_image2_1.jpg,제주에 위치한 제주물사랑홍보관은 건입박물관 후문으로 나서면 잘 꾸며진 생태 공원과 함께 위치해 있다.,제주에 위치한 제주물사랑홍보관은 건입박물관 후문으로 나서면 잘 꾸며진 생태 공원과 함께 위치해 있다. 과거 제주도는 물이 귀하고 부족해 조선시대에는 최악의 유배지로 여겨지던 곳이었다. 기술이 발달해 지하수를 퍼올리게 되면서 지금은 삼다수를 수출까지 하는 시대가 되었다. 물사랑홍보관에서는 이런 이야기들을 자세히 들을 수 있다.,TOUR,,https://map.kakao.com/?q=제주물사랑홍보관
3234,제주민속식품,,EAST,COMMERCIAL,상업지구,,제주시 구좌읍,33.4281,126.75104,제주특별자치도 제주시 구좌읍 번영로 2178,https://api.cdn.visitjeju.net/photomng/imgpath/201810/23/f0f65b1f-b091-4949-b6e4-6efb89a72c27.webp,"꿩엿, 전복엿 등 다양한 제주 건강식품 제조 및 판매","꿩엿, 전복엿 등 다양한 제주 건강식품 제조 및 판매",VJ+TOUR,,https://map.kakao.com/?q=제주민속식품
3235,제주바다체험장,,EAST,EXPERIENCE,체험 활동 관광지,,제주시 구좌읍,33.5553334,126.7372024,제주특별자치도 제주시 구좌읍 일주동로 1921,https://api.cdn.visitjeju.net/photomng/imgpath/201804/30/b7f24eea-dee4-4218-9f01-629444954f47.webp,손으로 제주의 바다 생명체를 직접 만져보다!,손으로 제주의 바다 생명체를 직접 만져보다!,VJ+TOUR,,https://map.kakao.com/?q=제주바다체험장
3236,제주바다하늘패러투어,,WEST,EXPERIENCE,체험 활동 관광지,,제주시 한림읍,33.3568837,126.2968554,제주특별자치도 제주시 한림읍 한창로 1295,https://api.cdn.visitjeju.net/photomng/imgpath/202306/20/220472b9-49b9-4864-89e6-85a33c37cce9.webp,제주 하늘을 날아보는 짜릿한 체험,제주 하늘을 날아보는 짜릿한 체험,VJ,,https://map.kakao.com/?q=제주바다하늘패러투어
3237,제주바이브,,EAST,COMMERCIAL,상업지구,,서귀포시 성산읍,33.4356594,126.9168129,제주특별자치도 서귀포시 성산읍 환해장성로 950,https://api.cdn.visitjeju.net/photomng/imgpath/202306/08/d1d50ab7-04e0-4df7-839b-b0388e4b00b4.webp,옛날 제주돌집에서 만나는 감성소품숍,옛날 제주돌집에서 만나는 감성소품숍,VJ,,https://map.kakao.com/?q=제주바이브
3238,제주밭담테마공원,,EAST,EXPERIENCE,체험 활동 관광지,,제주시 구좌읍,33.5634623,126.7802471,제주특별자치도 제주시 구좌읍 월정리 1400-14,https://api.cdn.visitjeju.net/photomng/imgpath/201812/19/e6b48a5f-dc93-4d0d-b518-c28fcba99adb.webp,제주만의 분위기를 느낄 수 있는 밭담길 코스,제주만의 분위기를 느낄 수 있는 밭담길 코스,VJ,,https://map.kakao.com/?q=제주밭담테마공원
3239,제주벨리타캠핑장,,EAST,LEISURE,레저·스포츠 관련 시설,,제주시 조천읍,33.507736,126.69782,제주특별자치도 제주시 조천읍 중산간동로 1194,https://api.cdn.visitjeju.net/photomng/imgpath/201804/30/e2d78527-c0df-4d07-afc4-955b1e0319b3.webp,제주도 오토캠핑장 벨리타는 선진캠핑 문화를 선도한다.,제주도 오토캠핑장 벨리타는 선진캠핑 문화를 선도한다.,VJ+TOUR,,https://map.kakao.com/?q=제주벨리타캠핑장
3240,제주별책부록,,SOUTH,COMMERCIAL,상업지구,,서귀포시 천지동,33.2477173,126.5586715,제주특별자치도 서귀포시 중정로 19,https://api.cdn.visitjeju.net/photomng/imgpath/202511/20/44b8dd49-e4e2-4bb0-8d99-566d9cd285da.webp,제주 기념품이 있는 로컬 소품샵,제주 기념품이 있는 로컬 소품샵,VJ,,https://map.kakao.com/?q=제주별책부록
3241,제주불교성지 순례길 절로 가는길 - 보시의 길,,WEST,CULTURE,문화시설,,제주시 애월읍,33.473495,126.386086,제주특별자치도 제주시 애월읍 수산곰솔길 56,https://api.cdn.visitjeju.net/photomng/imgpath/201804/30/d9467f12-29ec-48c3-a28f-8a5bc1f40968.webp,'전법의 신행' 수천 년 동안 이어져 온 부처님 법을 세상으로 전하는 길,'전법의 신행' 수천 년 동안 이어져 온 부처님 법을 세상으로 전하는 길,VJ,,https://map.kakao.com/?q=제주불교성지 순례길 절로 가는길 - 보시의 길
3242,제주불교성지 순례길 절로 가는길 - 인욕의 길,,NORTH,CULTURE,문화시설,,제주시 아라동,33.422096,126.55877,제주특별자치도 제주시 산록북로 660,https://api.cdn.visitjeju.net/photomng/imgpath/201804/30/63f4a7d4-b8f8-49bf-89fd-7b2a45d6538f.webp,'존자의 신행' 나한존자와 발타라존자를 친견하기 위한 길,'존자의 신행' 나한존자와 발타라존자를 친견하기 위한 길,VJ,,https://map.kakao.com/?q=제주불교성지 순례길 절로 가는길 - 인욕의 길
3243,제주불교성지 순례길 절로 가는길 - 정진의 길,,SOUTH,CULTURE,문화시설,,서귀포시 중문동,33.3402,126.47921,제주특별자치도 서귀포시 영실로 246 (하원동),https://api.cdn.visitjeju.net/photomng/imgpath/201804/30/49c811f0-0490-4650-a6ed-160fa95689de.webp,"참나를 찾아 떠나는 길, '수행의 신행'","참나를 찾아 떠나는 길, '수행의 신행'",VJ,,https://map.kakao.com/?q=제주불교성지 순례길 절로 가는길 - 정진의 길
3244,제주불교성지 순례길 절로 가는길 - 지계의 길,,NORTH,CULTURE,문화시설,,제주시 연동,33.497364,126.50008,제주특별자치도 제주시 서연길 10,https://api.cdn.visitjeju.net/photomng/imgpath/201804/30/e7ef302d-684f-4ac6-b62e-e0fa3c6fd5f3.webp,'구도의 신행' 선인들이 함께 걸었던 길,'구도의 신행' 선인들이 함께 걸었던 길,VJ,,https://map.kakao.com/?q=제주불교성지 순례길 절로 가는길 - 지계의 길
3245,제주불교성지 순례길 절로가는길 - 선정의 길,,SOUTH,CULTURE,문화시설,,서귀포시 영천동,33.319935,126.59309,제주특별자치도 서귀포시 516로771번길 59,https://api.cdn.visitjeju.net/photomng/imgpath/201804/30/a40f8602-2f44-4162-82cb-e794fe88a36f.webp,어리석음에서 벗어난 지혜의 길,어리석음에서 벗어난 지혜의 길,VJ,,https://map.kakao.com/?q=제주불교성지 순례길 절로가는길 - 선정의 길
3246,제주블루버블,,EAST,EXPERIENCE,체험 활동 관광지,,서귀포시 성산읍,33.4622602,126.9330967,제주특별자치도 서귀포시 성산읍 일출로255번길 11,https://api.cdn.visitjeju.net/photomng/imgpath/202306/19/c4b8285a-5f91-4934-b06a-5f17e2531ba2.webp,성산일출봉에서 즐기는 스쿠버 다이빙,성산일출봉에서 즐기는 스쿠버 다이빙,VJ,,https://map.kakao.com/?q=제주블루버블
3247,제주빅볼랜드,,EAST,LEISURE,레저·스포츠 관련 시설,,제주시 구좌읍,33.443204,126.7749339,제주특별자치도 제주시 구좌읍 금백조로 951,https://api.cdn.visitjeju.net/photomng/imgpath/201804/30/7df92229-6897-4a2f-a2d1-4a3b98ec2288.webp,커다란 공안에 들어가 언덕을 굴러 내려오는 레포츠,커다란 공안에 들어가 언덕을 굴러 내려오는 레포츠,VJ+TOUR,,https://map.kakao.com/?q=제주빅볼랜드
3248,제주삼나무길,,NORTH,TRAIL,산책로·둘레길,,제주시 봉개동,33.439373,126.62845,제주특별자치도 제주시 명림로 584 (봉개동),https://api.cdn.visitjeju.net/photomng/imgpath/201804/30/8ab3cfe9-b2ef-4fb3-badc-93a5fffe8363.webp,‘대한민국에서 가장 아름다운 도로' 중 하나로 길 양 옆으로 하늘로 곧게 뻗은 삼나무들이 병풍처럼 펼쳐져 있는 도로,‘대한민국에서 가장 아름다운 도로' 중 하나로 길 양 옆으로 하늘로 곧게 뻗은 삼나무들이 병풍처럼 펼쳐져 있는 도로,VJ,,https://map.kakao.com/?q=제주삼나무길
3249,제주삼성안과,,NORTH,NATURE,자연관광지,,제주시 일도1동,33.5128806,126.526298,"제주특별자치도 제주시 관덕로 66 (일도일동, 후생빌딩) 3층",https://api.cdn.visitjeju.net/photomng/imgpath/202501/07/a30bc45e-aedd-45f8-896a-9c49c72ac47f.webp,"제주도에서 20년간 제주 인근 섬지역을 포함한 제주도 전역의 도민들과 내륙에서 찾으시는 분들, 외국인들까지 모든 분들에게 정확한 진단과 치료를…","제주도에서 20년간 제주 인근 섬지역을 포함한 제주도 전역의 도민들과 내륙에서 찾으시는 분들, 외국인들까지 모든 분들에게 정확한 진단과 치료를 하고자 최선을 다하고 있습니다.",VJ,,https://map.kakao.com/?q=제주삼성안과
3250,제주삼양동유적,,NORTH,EXPERIENCE,체험 활동 관광지,,제주시 삼양동,33.523994,126.58665,제주특별자치도 제주시 선사로2길 13 (삼양일동),https://api.cdn.visitjeju.net/photomng/imgpath/202112/08/a6db9467-8dff-47ea-8faf-e2f85abcfcdc.webp,청동기시대 후기 문화를 이해할 수 있는 마을 유적,청동기시대 후기 문화를 이해할 수 있는 마을 유적,VJ+TOUR,,https://map.kakao.com/?q=제주삼양동유적
3251,제주샘주 양조장,,WEST,NATURE,자연관광지,,제주시 애월읍,33.4444696,126.33741,제주특별자치도 제주시 애월읍 애원로 283,https://tong.visitkorea.or.kr/cms/resource/12/3556312_image2_1.jpg,"제주샘주는 과거 제주 조상들이 즐겨 마시던 전통주를 제주 청정 지하 암반수로 빚어 재현함과 동시에 현대인의 기호에 맞게 주질을 변형, 발전시키…","제주샘주는 과거 제주 조상들이 즐겨 마시던 전통주를 제주 청정 지하 암반수로 빚어 재현함과 동시에 현대인의 기호에 맞게 주질을 변형, 발전시키고자 하는 목적으로 운영하고 있다. ‘찾아가는 양조장’에 선정되어 다양한 체험 프로그램을 진행 중인데, 제주 전통주인 ‘고소리 술’과 ‘오메기 술’을 직접 맛보고, 술이 만들어지는 과정도 알아갈 수 있다. 오메기떡 체험, 쉰다리 체험, 칵테일 만들기 체험 등이 가능하다. 제주도에서 특별한 경험을 해보고 싶다면, 제주샘주에 들러보기를 추천한다.",TOUR,,https://map.kakao.com/?q=제주샘주 양조장
3252,제주서귀포층패류화석산지,,SOUTH,NATURE,자연관광지,,서귀포시 천지동,33.2396251,126.5579874,제주특별자치도 서귀포시 남성중로 43,https://api.cdn.visitjeju.net/photomng/imgpath/202207/08/f8a67ded-9b3a-4c56-9a8a-2fa114ffe337.webp,대한민국의 천연기념물 제195호 / 문의: 지질공원 탐방안내소 ☎064-762-7743,"대한민국의 천연기념물 제195호 / 
문의: 지질공원 탐방안내소 ☎064-762-7743",VJ+TOUR,,https://map.kakao.com/?q=제주서귀포층패류화석산지
3253,제주서핑도 제주본점,,WEST,THEME,테마시설,,제주시 애월읍,33.4034138,126.4508866,제주특별자치도 제주시 애월읍 광령평화3길 21,https://api.cdn.visitjeju.net/photomng/imgpath/202609/24/cbdfdc0b-f37d-47e4-9275-18f69706cbf0.webp,날씨 상관없이 365일 남녀노소 누구나 즐길 수 있는 제주 유일 프리미엄 실내 서핑,날씨 상관없이 365일 남녀노소 누구나 즐길 수 있는 제주 유일 프리미엄 실내 서핑,VJ,,https://map.kakao.com/?q=제주서핑도 제주본점
3254,제주선물가게 해녀박물관점,,EAST,COMMERCIAL,상업지구,,제주시 구좌읍,33.5235067,126.8626705,제주특별자치도 제주시 구좌읍 해녀박물관길 28,https://api.cdn.visitjeju.net/photomng/imgpath/202306/30/72105402-8070-4225-8b03-ed3d58e7db43.webp,제주여행 선물 사기 제격인 기념품숍,제주여행 선물 사기 제격인 기념품숍,VJ,,https://map.kakao.com/?q=제주선물가게 해녀박물관점
3255,제주선물가게(본점),,EAST,COMMERCIAL,상업지구,,서귀포시 성산읍,33.4485749,126.9199852,제주특별자치도 서귀포시 성산읍 섭지코지로25번길 116,https://api.cdn.visitjeju.net/photomng/imgpath/202306/15/1928324b-6daa-4665-972d-f7227fee939b.webp,제주 먹거리를 모두 담은 선물가게,제주 먹거리를 모두 담은 선물가게,VJ,,https://map.kakao.com/?q=제주선물가게(본점)
3256,제주선인장마을,,WEST,NATURE,자연관광지,,제주시 한림읍,33.3542366,126.2529226,제주특별자치도 제주시 한림읍 금능남로 418,https://tong.visitkorea.or.kr/cms/resource/12/3397012_image2_1.jpg,"제주선인장마을은 제주시 한림읍 월령리 일대에 조성된 곳으로, 해안가를 따라 자생하는 손바닥선인장을 만날 수 있는 명소이다.","제주선인장마을은 제주시 한림읍 월령리 일대에 조성된 곳으로, 해안가를 따라 자생하는 손바닥선인장을 만날 수 있는 명소이다. 월령해안과 어우러진 선인장 군락은 이국적인 풍경을 자아내며, 계절에 따라 붉은 열매와 노란 꽃을 감상할 수 있다. 또한 마을 내 제주특산물개발원에서는 손바닥선인장을 활용한 진액, 백년초, 과립 제품 등 다양한 특산품을 생산하고 있어 제주 선인장의 가치를 체험할 수 있다. 아름다운 해안 풍경과 지역 특산물을 함께 만날 수 있는 제주만의 특색 있는 관광지이다.",TOUR,,https://map.kakao.com/?q=제주선인장마을
3257,제주성서식물원 비블리아,,NORTH,THEME,테마시설,,제주시 이도2동,33.499622,126.53119,제주특별자치도 제주시 한림읍 조성로 17,https://api.cdn.visitjeju.net/photomng/imgpath/201804/30/726f8540-a4e3-4746-b9df-4f776a1d9beb.webp,식물을 통한 복음전파와 기독교 문화 산업에 기여하고자 한립음에 조성된 식물원,식물을 통한 복음전파와 기독교 문화 산업에 기여하고자 한립음에 조성된 식물원,VJ,,https://map.kakao.com/?q=제주성서식물원 비블리아
3258,제주성지,,NORTH,CULTURE,문화시설,,제주시 이도1동,33.5100621,126.5264866,제주특별자치도 제주시 오현길 56,https://api.cdn.visitjeju.net/photomng/imgpath/201804/30/5a14c28f-9210-449a-9e9c-66b855893e9e.webp,제주도기념물 제3호로 지정된 탐라국 수부(首府)의 성곽으로 축성,제주도기념물 제3호로 지정된 탐라국 수부(首府)의 성곽으로 축성,VJ+TOUR,,https://map.kakao.com/?q=제주성지
3259,제주소랑ATV,,SOUTH,EXPERIENCE,체험 활동 관광지,,서귀포시 남원읍,33.3405289,126.6838038,제주특별자치도 서귀포시 남원읍 서성로 955-117 1동 1층 101호,https://api.cdn.visitjeju.net/photomng/imgpath/202511/19/3323231e-84cf-456f-80f4-efd35b5508f3.webp,자연 속에서 즐기는 짜릿한 ATV 체험,자연 속에서 즐기는 짜릿한 ATV 체험,VJ,,https://map.kakao.com/?q=제주소랑ATV
3260,제주소리,,NORTH,NATURE,자연관광지,,제주시 연동,33.4908202,126.4906809,제주특별자치도 제주시 신대로10길 55,https://api.cdn.visitjeju.net/photomng/imgpath/202307/26/69d23541-f6de-446f-9df1-442a69c72dc7.webp,제주 민요에 녹아있는 제주 사람들의 이야기,제주 민요에 녹아있는 제주 사람들의 이야기,VJ,,https://map.kakao.com/?q=제주소리
3261,제주소품,,EAST,COMMERCIAL,상업지구,,제주시 조천읍,33.5433421,126.672811,제주특별자치도 제주시 조천읍 평사길 7,https://api.cdn.visitjeju.net/photomng/imgpath/202306/15/f4ef21f0-63f2-4910-9a27-ae465cccfc34.webp,제주 특산품부터 기념품까지 한번에 만나볼 수 있는 소품샵,제주 특산품부터 기념품까지 한번에 만나볼 수 있는 소품샵,VJ+TOUR,,https://map.kakao.com/?q=제주소품
3262,제주소품샵 만달,,SOUTH,COMMERCIAL,상업지구,,서귀포시 중문동,33.2563229,126.4342241,제주특별자치도 서귀포시 일주서로 710,https://api.cdn.visitjeju.net/photomng/imgpath/202306/13/25bf8fb0-fa4f-4d35-9965-808290a07f54.webp,중문관광단지 제주감성 담은 기념품숍,중문관광단지 제주감성 담은 기념품숍,VJ,,https://map.kakao.com/?q=제주소품샵 만달
3263,제주소품샵 큰손상회,,EAST,COMMERCIAL,상업지구,,제주시 구좌읍,33.554242,126.8004857,제주특별자치도 제주시 구좌읍 행원로1길 26-2,https://api.cdn.visitjeju.net/photomng/imgpath/201807/18/014fafc3-e6d2-4f43-89a0-c706d3abe56b.webp,독특한 외관이 매력적인 기념품 가게이다.,독특한 외관이 매력적인 기념품 가게이다.,VJ,,https://map.kakao.com/?q=제주소품샵 큰손상회
3264,제주소품샵엘비,,NORTH,COMMERCIAL,상업지구,,제주시 일도2동,33.5017641,126.5518588,"제주특별자치도 제주시 남광로 187 (일도이동, 대유상가) 2층214호",https://api.cdn.visitjeju.net/photomng/imgpath/202609/22/8ab6972d-a94a-4acb-8c39-a247103ece76.jpg,​짱구 덕후들의 필수 코스!,​짱구 덕후들의 필수 코스! 귀여운 짱구 피규어·굿즈와 제주 감성 소품이 가득한 제주소품샵 엘비입니다. 취향 저격 아이템으로 힐링해 보세요.,VJ,,https://map.kakao.com/?q=제주소품샵엘비
3265,제주송정농원,,NORTH,NATURE,자연관광지,,제주시 아라동,33.48018,126.564215,제주특별자치도 제주시 영평동 2470-5,https://tong.visitkorea.or.kr/cms/resource/42/3071842_image2_1.jpg,제주송정농원은 제주국제공항에서 차량으로 15분 거리에 위치해 뚜벅이 여행자들도 체험이 용이한 감귤 농장이다.,"제주송정농원은 제주국제공항에서 차량으로 15분 거리에 위치해 뚜벅이 여행자들도 체험이 용이한 감귤 농장이다. 이곳에서는 감귤 따기 체험과 함께 한라봉, 천혜향, 레드향, 황금향 등 다양한 종류의 감귤을 구입할 수 있다. 또한, 송정농원의 건물과 농장 주변을 배경으로 사진을 찍을 수 있으며 즐거운 사진 찍기를 위한 주황색, 노란색 감귤모자와 선글라스 등 사진 찍을 때 활용하기 좋은 소품들을 무료로 이용할 수 있다. 감귤체험은 10월부터 소진 시까지 진행되며 대체로 레드향은 1월부터, 천혜향은 2월부터 진행되며 조기 마감될 수 있으니 일정에 참조하면 된다. 귤 따기 체험은 하루 13회 진행하며 30분 단위로 운영되고 있으며 귤 따기 체험을 하면서 시식은 무제한으로 가능하다. 정해진 통 안에만 넣어 오면 가져갈 수 있어서 푸근한 제주의 인심을 느낄 수 있는 가성비 감귤체험 농장이다.",TOUR,,https://map.kakao.com/?q=제주송정농원
3266,제주숨옹기 담화헌,,NORTH,EXPERIENCE,체험 활동 관광지,,제주시 노형동,33.4493168,126.4804463,제주특별자치도 제주시 주르레길 55,https://api.cdn.visitjeju.net/photomng/imgpath/202307/26/bb1f5e09-a5c8-4fbf-b481-dfe176f1ee79.webp,제주 흙으로 빚는 숨쉬는 제주 옹기,제주 흙으로 빚는 숨쉬는 제주 옹기,VJ,,https://map.kakao.com/?q=제주숨옹기 담화헌
3267,제주스런서귀포점,,SOUTH,EXPERIENCE,체험 활동 관광지,,서귀포시 대천동,33.2626873,126.4750465,제주특별자치도 서귀포시 중산간서로356번길 42,https://api.cdn.visitjeju.net/photomng/imgpath/202308/23/63a7b760-7943-40cc-8ca2-93508f277404.webp,제주스런 서귀포점은 제주의 편백나무를 이용해 무드등을 직접 만들어볼 수 있는 제주를 가득 담은 공방이다.,제주스런 서귀포점은 제주의 편백나무를 이용해 무드등을 직접 만들어볼 수 있는 제주를 가득 담은 공방이다.,VJ,,https://map.kakao.com/?q=제주스런서귀포점
3268,제주스카이랩,,NORTH,LEISURE,레저·스포츠 관련 시설,,제주시 노형동,33.4735526,126.4627945,"제주특별자치도 제주시 월산북길 77 (노형동, 노형휴팰리스) 2401호",https://api.cdn.visitjeju.net/photomng/imgpath/202410/28/84e17fe1-6264-4804-ba72-67ded69e387b.webp,2인승 패러글라이딩 체험과 패러글라이딩 교육을 전문으로 진행하는 항공스포츠 업체 입니다.,2인승 패러글라이딩 체험과 패러글라이딩 교육을 전문으로 진행하는 항공스포츠 업체 입니다.,VJ,,https://map.kakao.com/?q=제주스카이랩
3269,제주시 새활용센터,,NORTH,EXPERIENCE,체험 활동 관광지,,제주시 아라동,33.4565721,126.5435187,제주특별자치도 제주시 고다시길 39 (오등동) 제주시 새활용센터,https://api.cdn.visitjeju.net/photomng/imgpath/202601/16/00ffd705-3915-443c-9aaa-0a4a30627a48.webp,순환경제사회를 선도하는 제주시 산하 기관,순환경제사회를 선도하는 제주시 산하 기관,VJ,관광지인지 확인(도서관·교회·골프 등),https://map.kakao.com/?q=제주시 새활용센터
3270,제주신화월드 신화가든,,WEST,THEME,테마시설,,서귀포시 안덕면,33.3037876,126.3164303,제주특별자치도 서귀포시 안덕면 신화역사로304번길 38,https://api.cdn.visitjeju.net/photomng/imgpath/202504/04/be6e69a7-3682-44d3-9004-f054452a1061.webp,계절별 꽃을 가꾸어 제주신화월드 내 인기 있는 포토존 명소입니다.,계절별 꽃을 가꾸어 제주신화월드 내 인기 있는 포토존 명소입니다.,VJ,,https://map.kakao.com/?q=제주신화월드 신화가든
3271,제주신화전설탐방로 신나락만나락,,WEST,EXPERIENCE,체험 활동 관광지,,서귀포시 안덕면,33.3029712,126.2990679,제주특별자치도 서귀포시 안덕면 녹차분재로 218,https://api.cdn.visitjeju.net/photomng/imgpath/201911/19/faaf1ce3-ff87-408f-9d7f-60e57749a255.webp,신화전설 탐방로 ‘신나락 만나락’은 제주도를 본뜬 모양에 총 5개 코스와 14개 조형물 쉼터로 조성되어 있다.,신화전설 탐방로 ‘신나락 만나락’은 제주도를 본뜬 모양에 총 5개 코스와 14개 조형물 쉼터로 조성되어 있다.,VJ,,https://map.kakao.com/?q=제주신화전설탐방로 신나락만나락
3272,제주실탄사격장,,SOUTH,EXPERIENCE,체험 활동 관광지,,서귀포시 예래동,33.2639753,126.3852041,제주특별자치도 서귀포시 소보리당로 164번길 62(상예동),https://api.cdn.visitjeju.net/photomng/imgpath/201804/30/2f18a4a3-7a91-4383-b529-b34d3dea29a3.webp,제주유일 실내 권총실탄사격장,제주유일 실내 권총실탄사격장,VJ,,https://map.kakao.com/?q=제주실탄사격장
3273,제주씨월드,,EAST,EXPERIENCE,체험 활동 관광지,,서귀포시 성산읍,33.47211,126.9332,제주특별자치도 서귀포시 성산읍 성산등용로 130-21,https://api.cdn.visitjeju.net/photomng/imgpath/201804/30/e5e692ca-c478-4d5a-815b-5da78ac66a7f.webp,제주도만의 자연적인 바닷속을 직접보고 느끼고 몸으로 체험을 할 수 있는 곳,제주도만의 자연적인 바닷속을 직접보고 느끼고 몸으로 체험을 할 수 있는 곳,VJ,,https://map.kakao.com/?q=제주씨월드
3274,제주아이비타허니연구소,,SOUTH,COMMERCIAL,상업지구,,서귀포시 남원읍,33.3330338,126.6180657,제주특별자치도 서귀포시 남원읍 신례동로 338 미생물산업화지원센터 104호,https://api.cdn.visitjeju.net/photomng/imgpath/202511/20/71152876-9e50-402b-9638-f91b1710cbb3.webp,"제주의 자연이 선물한 달콤함, 송악꿀","제주의 자연이 선물한 달콤함, 송악꿀",VJ,,https://map.kakao.com/?q=제주아이비타허니연구소
3275,제주아트센터,,NORTH,CULTURE,문화시설,,제주시 오라동,33.4751552,126.5155061,제주특별자치도 제주시 오남로 231,https://api.cdn.visitjeju.net/photomng/imgpath/202002/14/657329b6-2794-4412-8275-041abc86a3c3.webp,2010년 5월에 개관된 제주아트센터는 제주도 최대규모의 객석과 다양한 장르의 공연도 완벽히 지원할 수 있는 장비를 고루 갖춘 전문 공연장이다.,2010년 5월에 개관된 제주아트센터는 제주도 최대규모의 객석과 다양한 장르의 공연도 완벽히 지원할 수 있는 장비를 고루 갖춘 전문 공연장이다.,VJ+TOUR,관광지인지 확인(도서관·교회·골프 등),https://map.kakao.com/?q=제주아트센터
3276,제주애퐁당 성산점,,EAST,COMMERCIAL,상업지구,,서귀포시 성산읍,33.4626762,126.9351102,제주특별자치도 서귀포시 성산읍 일출로 284-4,https://api.cdn.visitjeju.net/photomng/imgpath/202306/15/d18dc400-2579-4e05-b16f-4d9f4ffe69c8.webp,제주애퐁당 자체 캐릭터들의 상품을 만나볼 수 있는 상점,제주애퐁당 자체 캐릭터들의 상품을 만나볼 수 있는 상점,VJ,,https://map.kakao.com/?q=제주애퐁당 성산점
3277,제주어린이교통공원,,NORTH,EXPERIENCE,체험 활동 관광지,,제주시 봉개동,33.451493,126.6234132,제주특별자치도 제주시 명림로 437 (봉개동 4.3 공원 맞은편),https://api.cdn.visitjeju.net/photomng/imgpath/201812/19/b7b7a592-352c-4123-aae2-b821a29d2bee.webp,제주를 대표하는 교통안전 공원으로 어린이의 호기심 유발을 통한 차별화된 교육의 장,제주를 대표하는 교통안전 공원으로 어린이의 호기심 유발을 통한 차별화된 교육의 장,VJ,,https://map.kakao.com/?q=제주어린이교통공원
3278,제주에너지누리마당,,EAST,NATURE,자연관광지,,제주시 구좌읍,33.5593117,126.8186552,제주특별자치도 제주시 구좌읍 해맞이해안로 712-3,https://tong.visitkorea.or.kr/cms/resource/77/3350777_image2_1.JPG,제주에너지누리마당은 미래의 에너지 자원으로 꼽히는 신재생에너지를 배우는 전시·학습 공간이다.,제주에너지누리마당은 미래의 에너지 자원으로 꼽히는 신재생에너지를 배우는 전시·학습 공간이다. 제주도에서 시행 중인 신재생에너지 정책과 미래형 에너지 도시 모델도 미리 만나볼 수 있다. 전시관은 2층에 위치한다. 먼저 터널 형식인 산업혁명관을 지나면 곧바로 기후위기관으로 이어진다. 우리나라를 비롯해 대륙별로 감지되는 이상기후 현황과 피해 사례가 전시되어 있다. 또한 국내 최초 ‘탄소 없는 섬(CFI; Carbon Free Island)’ 시범 모델인 가파도의 마이크로그리드 시스템도 자세히 살펴볼 수 있다.,TOUR,,https://map.kakao.com/?q=제주에너지누리마당
3279,제주오라쇼핑,,NORTH,COMMERCIAL,상업지구,,제주시 오라동,33.4856443,126.5161503,제주특별자치도 제주시 오남로 118 (오라이동),https://tong.visitkorea.or.kr/cms/resource/80/4024480_image2_1.jpeg,제주오라쇼핑은 제주의 풍요로움을 한곳에 모아 편리한 쇼핑 경험을 선사하는 복합 유통 거점 브랜드입니다.,제주오라쇼핑은 제주의 풍요로움을 한곳에 모아 편리한 쇼핑 경험을 선사하는 복합 유통 거점 브랜드입니다. 제주의 신선한 특산물과 엄선된 패션 브랜드들을 합리적인 가격에 제공하며 고객들에게 제주의 정과 실속을 동시에 드립니다.,TOUR,,https://map.kakao.com/?q=제주오라쇼핑
3280,제주올레 11코스,,WEST,TRAIL,산책로·둘레길,,서귀포시 대정읍,33.2291664,126.2443303,제주특별자치도 서귀포시 대정읍 대한로 15-1,https://api.cdn.visitjeju.net/photomng/imgpath/202112/14/264abedb-ce9c-4169-be0a-da78d9861995.webp,"모슬봉의 정상에서, 신평곶자왈의 안에서 느끼는 자연의 아름다움","모슬봉의 정상에서, 신평곶자왈의 안에서 느끼는 자연의 아름다움",VJ,,https://map.kakao.com/?q=제주올레 11코스
3281,제주올레 18-1코스,,NORTH,TRAIL,산책로·둘레길,,제주시 추자면,33.951923,126.30764,제주특별자치도 제주시 추자면 묵리 산 133,https://api.cdn.visitjeju.net/photomng/imgpath/201804/30/f2f6fd85-0311-415e-b895-b474aec6aa04.webp,제주의 또 다른 섬 추자도를 여행하는 올레코스,제주의 또 다른 섬 추자도를 여행하는 올레코스,VJ,,https://map.kakao.com/?q=제주올레 18-1코스
3282,제주올레길1-1코스,,EAST,TRAIL,산책로·둘레길,,제주시 우도면,33.505802,126.94178,제주특별자치도 제주시 우도면 연평리 2473-1,https://api.cdn.visitjeju.net/photomng/imgpath/201909/05/f2707d87-a3e5-4b40-9571-97e68fc7b60a.webp,제주도에서 우도로 느리게 걷기,제주도에서 우도로 느리게 걷기,VJ,,https://map.kakao.com/?q=제주올레길1-1코스
3283,제주올레길10-1코스,,WEST,TRAIL,산책로·둘레길,,서귀포시 대정읍,33.170094,126.26971,제주특별자치도 서귀포시 대정읍 가파리 298,https://api.cdn.visitjeju.net/photomng/imgpath/201804/30/b30713ce-0feb-47bd-9f78-ff145336b8a0.webp,한국의 유인도 중 가장 낮은 섬 가파도의 올레코스,한국의 유인도 중 가장 낮은 섬 가파도의 올레코스,VJ,,https://map.kakao.com/?q=제주올레길10-1코스
3284,제주올레길12코스,,WEST,TRAIL,산책로·둘레길,,서귀포시 대정읍,33.2843287,126.1816992,제주특별자치도 서귀포시 대정읍 도원중로 48-14,https://api.cdn.visitjeju.net/photomng/imgpath/201804/30/d8ce0e1a-49a7-4ff0-a9a1-805a766f9148.webp,다채로운 자연경관이 있어 걷는 즐거움이 가득한 길,다채로운 자연경관이 있어 걷는 즐거움이 가득한 길,VJ,,https://map.kakao.com/?q=제주올레길12코스
3285,제주올레길13코스,,WEST,TRAIL,산책로·둘레길,,제주시 한경면,33.32883,126.21221,제주특별자치도 제주시 한경면 조수리 2137-2,https://api.cdn.visitjeju.net/photomng/imgpath/201804/30/31ab61cb-f0d1-4c50-a4f4-d380fa6950a8.webp,"바다에서부터 시작하는, 울창한 숲과 함께 걷는 한적한 길","바다에서부터 시작하는, 울창한 숲과 함께 걷는 한적한 길",VJ,,https://map.kakao.com/?q=제주올레길13코스
3286,제주올레길14-1코스,,WEST,TRAIL,산책로·둘레길,,제주시 한경면,33.3387107,126.2785643,제주특별자치도 제주시 한경면 용금로 998,https://api.cdn.visitjeju.net/photomng/imgpath/202112/14/afad406e-d03d-431a-bff4-ad67ab5e77e7.webp,‘곶자왈’로 통하는 올레 14-1코스,‘곶자왈’로 통하는 올레 14-1코스,VJ,,https://map.kakao.com/?q=제주올레길14-1코스
3287,제주올레길14코스,,WEST,TRAIL,산책로·둘레길,,제주시 한림읍,33.371227,126.224846,제주특별자치도 제주시 한림읍 월령리 산 9-15,https://api.cdn.visitjeju.net/photomng/imgpath/201909/06/344c2126-35a9-4df6-b7c9-831c84103a44.webp,"올레 탐사팀이 만들어낸 비경, 숲길과 해변이 연이은 곳","올레 탐사팀이 만들어낸 비경, 숲길과 해변이 연이은 곳",VJ,,https://map.kakao.com/?q=제주올레길14코스
3288,제주올레길15-A코스,,WEST,TRAIL,산책로·둘레길,,제주시 애월읍,33.430183,126.319374,제주특별자치도 제주시 애월읍 납읍리 2695-5,https://api.cdn.visitjeju.net/photomng/imgpath/202111/19/be9e9f74-25f2-4506-9d41-0636d3dcc76b.webp,숲의 경쾌함과 바다의 청량함을 모두 느낄 수 있는 길,숲의 경쾌함과 바다의 청량함을 모두 느낄 수 있는 길,VJ,,https://map.kakao.com/?q=제주올레길15-A코스
3289,제주올레길15-B코스,,WEST,TRAIL,산책로·둘레길,,제주시 한림읍,33.41905,126.26263,제주특별자치도 제주시 한림읍 한림해안로 192,https://api.cdn.visitjeju.net/photomng/imgpath/201804/30/b8d5732a-bb48-4bc3-a9a0-3b04f6d336ce.webp,한림항~고내포구의 아름다운 해안 풍경을 감상할 수 있는 올레길,한림항~고내포구의 아름다운 해안 풍경을 감상할 수 있는 올레길,VJ,,https://map.kakao.com/?q=제주올레길15-B코스
3290,제주올레길16코스,,WEST,TRAIL,산책로·둘레길,,제주시 애월읍,33.466846,126.338135,제주특별자치도 제주시 애월읍 고내리 1111-2,https://api.cdn.visitjeju.net/photomng/imgpath/202112/15/b8367c2d-80b7-4798-94c6-40d5b1c1690e.webp,애월 해안도로와 제주 오름의 아름다움을 함께 즐기다,애월 해안도로와 제주 오름의 아름다움을 함께 즐기다,VJ,,https://map.kakao.com/?q=제주올레길16코스
3291,제주올레길18코스,,NORTH,TRAIL,산책로·둘레길,,제주시 삼양동,33.528675,126.596535,제주특별자치도 제주시 삼양이동,https://api.cdn.visitjeju.net/photomng/imgpath/201909/06/422a6fad-b27e-489c-a02e-82422628d089.webp,"제주시 도심 속에서 조천 만세동산까지, 제주의 뼈아픈 역사를 만나다","제주시 도심 속에서 조천 만세동산까지, 제주의 뼈아픈 역사를 만나다",VJ,,https://map.kakao.com/?q=제주올레길18코스
3292,제주올레길19코스,,EAST,TRAIL,산책로·둘레길,,제주시 조천읍,33.52431,126.64442,제주특별자치도 제주시 조천읍 조천리 1142,https://api.cdn.visitjeju.net/photomng/imgpath/202111/30/abf8b7cf-f1f6-4a09-947e-28be81b0d241.webp,다채롭고 아름다운 제주올레 19코스,다채롭고 아름다운 제주올레 19코스,VJ,,https://map.kakao.com/?q=제주올레길19코스
3293,제주올레길20코스,,EAST,TRAIL,산책로·둘레길,,제주시 구좌읍,33.554977,126.7993,제주특별자치도 제주시 구좌읍 행원동길 22,https://api.cdn.visitjeju.net/photomng/imgpath/202111/30/b20a4828-bc7e-4dc3-a1b2-b6d0d359c4a1.webp,아름다운 제주바다와 바람의 길,아름다운 제주바다와 바람의 길,VJ,,https://map.kakao.com/?q=제주올레길20코스
3294,제주올레길21코스,,EAST,TRAIL,산책로·둘레길,,제주시 구좌읍,33.523525,126.86349,제주특별자치도 제주시 구좌읍 하도리 3204-1,https://api.cdn.visitjeju.net/photomng/imgpath/201910/01/2e5ccf20-2e70-4216-843e-a1cf80c5562f.webp,"제주 동부의 바다, 마을, 오름을 한 번에 체험할 수 있는 코스","제주 동부의 바다, 마을, 오름을 한 번에 체험할 수 있는 코스",VJ,,https://map.kakao.com/?q=제주올레길21코스
3295,제주올레길2코스,,EAST,TRAIL,산책로·둘레길,,서귀포시 성산읍,33.43367,126.8973,제주특별자치도 서귀포시 성산읍 고성리 2563-3,https://api.cdn.visitjeju.net/photomng/imgpath/201908/14/9960a419-4355-4cae-a4c4-a456f14c82c6.webp,광치기해변에서 온평포구 까지,광치기해변에서 온평포구 까지,VJ,,https://map.kakao.com/?q=제주올레길2코스
3296,제주올레길3-A코스,,EAST,EXPERIENCE,체험 활동 관광지,,서귀포시 표선면,33.33356,126.84455,제주특별자치도 서귀포시 성산읍 삼달리 17-1,https://api.cdn.visitjeju.net/photomng/imgpath/201804/30/0aa251b3-8c1f-4533-821f-8ac8c318331f.webp,"극과 극, 두 가지 매력의 올레 3코스 다양하게 즐기기","극과 극, 두 가지 매력의 올레 3코스 다양하게 즐기기",VJ,,https://map.kakao.com/?q=제주올레길3-A코스
3297,제주올레길4코스,,EAST,TRAIL,산책로·둘레길,,서귀포시 표선면,33.3242278,126.7709855,제주특별자치도 서귀포시 표선면 토산중앙로49번길 24-117,https://api.cdn.visitjeju.net/photomng/imgpath/201804/30/6cd2555d-49a6-48a7-a8d4-2bcc06e169c6.webp,표선해비치해변에서 시작해 남원큰엉까지 이어지는 해안 경관이 아름다운 트레킹 코스,표선해비치해변에서 시작해 남원큰엉까지 이어지는 해안 경관이 아름다운 트레킹 코스,VJ,,https://map.kakao.com/?q=제주올레길4코스
3298,제주올레길5코스,,SOUTH,TRAIL,산책로·둘레길,,서귀포시 남원읍,33.273167,126.70446,제주특별자치도 서귀포시 남원읍 남태해안로 140,https://api.cdn.visitjeju.net/photomng/imgpath/202111/22/457f66cb-fed3-47d0-8c41-954f2496a7c4.webp,남원포구에서부터 쇠소깍 다리까지 끊이지 않는 이야기길,남원포구에서부터 쇠소깍 다리까지 끊이지 않는 이야기길,VJ,,https://map.kakao.com/?q=제주올레길5코스
3299,제주올레길6코스,,SOUTH,EXPERIENCE,체험 활동 관광지,,서귀포시 송산동,33.23712,126.59607,제주특별자치도 서귀포시 보목동 1377-4,https://api.cdn.visitjeju.net/photomng/imgpath/201910/01/308afc28-ad05-4f21-a635-d52f1923e855.webp,쇠소깍에서 서귀포 원도심을 지나 제주올레 여행자센터로 이어지는 해안·도심 올레,쇠소깍에서 서귀포 원도심을 지나 제주올레 여행자센터로 이어지는 해안·도심 올레,VJ,,https://map.kakao.com/?q=제주올레길6코스
3300,제주올레길7-1코스,,SOUTH,TRAIL,산책로·둘레길,,서귀포시 대륜동,33.2602332,126.5270738,제주특별자치도 서귀포시 호근로 110,https://api.cdn.visitjeju.net/photomng/imgpath/201804/30/45d054e7-ec06-416b-98a2-a85e1959e896.webp,"위로는 한라산을, 아래로는 남쪽 바다와 서귀포 전역을 바라보며","위로는 한라산을, 아래로는 남쪽 바다와 서귀포 전역을 바라보며",VJ,,https://map.kakao.com/?q=제주올레길7-1코스
3301,제주올레길8코스,,SOUTH,TRAIL,산책로·둘레길,,서귀포시 예래동,33.23657,126.38887,제주특별자치도 서귀포시 예래해안로 256,https://api.cdn.visitjeju.net/photomng/imgpath/201804/30/0074c8d9-a8c2-4cbf-97d4-385732105af6.webp,주상절리를 보고 해안을 따라 걷는 바당올레,주상절리를 보고 해안을 따라 걷는 바당올레,VJ,,https://map.kakao.com/?q=제주올레길8코스
3302,제주올레길9코스,,WEST,TRAIL,산책로·둘레길,,서귀포시 안덕면,33.2371,126.36139,제주특별자치도 서귀포시 안덕면 감산리 982-2,https://api.cdn.visitjeju.net/photomng/imgpath/202111/25/a3c3367a-733c-4585-b179-6b544f19e4f9.webp,드넓은 초원과 우거진 숲길을 따라 걷는 길,드넓은 초원과 우거진 숲길을 따라 걷는 길,VJ,,https://map.kakao.com/?q=제주올레길9코스
3303,제주올레사진관,,NORTH,EXPERIENCE,체험 활동 관광지,,제주시 오라동,33.4922829,126.5156301,제주특별자치도 제주시 연삼로 218,https://api.cdn.visitjeju.net/photomng/imgpath/202604/16/debcb10b-5ffa-4398-ad58-7805dad325bb.webp,[이색체험] 제주 해녀가 되어보는 시간 - 해녀 컨셉 인생샷 촬영 전문 사진관,[이색체험] 제주 해녀가 되어보는 시간 - 해녀 컨셉 인생샷 촬영 전문 사진관,VJ,,https://map.kakao.com/?q=제주올레사진관
3304,제주올레이바이크,,EAST,EXPERIENCE,체험 활동 관광지,,서귀포시 성산읍,33.4604576,126.9296608,"제주특별자치도 서귀포시 성산읍 성산등용로17번길 55 (성산리, 제주 성산 리치유 클래시아) 상가동 93호",https://api.cdn.visitjeju.net/photomng/imgpath/202511/25/eeb3a05b-807b-4367-b951-fe5b6b9a98e0.webp,"제주올레이바이크는 전기자전거 대여(임대) 사업이며, 제주도 환상의 자전거길 체험 및 성산일출봉 감성투어 전기자전거 가이드 진행","제주올레이바이크는 전기자전거 대여(임대) 사업이며, 제주도 환상의 자전거길 체험 및 성산일출봉 감성투어 전기자전거 가이드 진행",VJ,,https://map.kakao.com/?q=제주올레이바이크
3305,제주와따해양레저,,SOUTH,EXPERIENCE,체험 활동 관광지,,서귀포시 중문동,33.2435151,126.4352216,제주특별자치도 서귀포시 대포로 172-5,https://api.cdn.visitjeju.net/photomng/imgpath/202407/24/07081e1d-cdee-4170-ba19-3345b4d3e9b8.webp,제주중문의 빼어난 절경을 무대로 아름다운 경관과 스릴있는 모험의 세계로 안내할 익사이팅한 해상 레져 체험장,제주중문의 빼어난 절경을 무대로 아름다운 경관과 스릴있는 모험의 세계로 안내할 익사이팅한 해상 레져 체험장,VJ,,https://map.kakao.com/?q=제주와따해양레저
3306,제주와인아울렛,,NORTH,COMMERCIAL,상업지구,,제주시 노형동,33.4817584,126.4769367,제주특별자치도 제주시 노형6길 2,https://api.cdn.visitjeju.net/photomng/imgpath/202306/15/c299afa6-1fda-4d1d-8caf-d4485ed2869f.webp,각종 희귀 와인을 취급하는 제주시내 와인샵,각종 희귀 와인을 취급하는 제주시내 와인샵,VJ,,https://map.kakao.com/?q=제주와인아울렛
3307,제주요가 느림원,,NORTH,EXPERIENCE,체험 활동 관광지,,제주시 노형동,33.4833249,126.4816843,제주특별자치도 제주시 원노형2길 33,https://api.cdn.visitjeju.net/photomng/imgpath/202206/22/01938255-2942-480c-9834-4f7564ca5b70.webp,18년된 전통요가원,18년된 전통요가원,VJ,,https://map.kakao.com/?q=제주요가 느림원
3308,제주용암수 홍보관,,EAST,EXPERIENCE,체험 활동 관광지,,제주시 구좌읍,33.5409551,126.8137869,제주특별자치도 제주시 구좌읍 일주동로 2706-27 (한동리) 오리온 제주용암수,https://api.cdn.visitjeju.net/photomng/imgpath/202304/07/354ac9b0-c819-414e-bc97-14357060f047.webp,"40만년간 제주가 간직한 수자원 '용암해수'의 탄생부터, 우리가 마시는 물이 되는 과정을 견학할 수 있는 홍보관","40만년간 제주가 간직한 수자원 '용암해수'의 탄생부터, 우리가 마시는 물이 되는 과정을 견학할 수 있는 홍보관",VJ,,https://map.kakao.com/?q=제주용암수 홍보관
3309,제주웨이브서핑,,EAST,EXPERIENCE,체험 활동 관광지,,제주시 구좌읍,33.5549211,126.7969137,제주특별자치도 제주시 구좌읍 월정7길 44-1,https://api.cdn.visitjeju.net/photomng/imgpath/202306/19/8e94c3b3-0ddd-47ed-98c2-323d78baac8c.webp,월정의 파도를 만끽할 수 있는 서핑,월정의 파도를 만끽할 수 있는 서핑,VJ,,https://map.kakao.com/?q=제주웨이브서핑
3310,제주웰컴센터,,NORTH,CULTURE,문화시설,,제주시 연동,33.4857565,126.4991895,제주특별자치도 제주시 선덕로 23 (연동),https://tong.visitkorea.or.kr/cms/resource/08/3066908_image2_1.jpg,"제주관광공사에서 운영하는 제주웰컴센터는 제주특별자치도, 제주관광공사, 제주특별자치도관광협회, 제주컨벤션뷰 등으로 이원화되어 있던 관광 운영체계…","제주관광공사에서 운영하는 제주웰컴센터는 제주특별자치도, 제주관광공사, 제주특별자치도관광협회, 제주컨벤션뷰 등으로 이원화되어 있던 관광 운영체계를 단일화한 안내소이다. 종합관광안내, 환전소, 관광기념품 전시장 등 관광객 편의시설을 갖추고 있으며 사진 스튜디오, 영상 스튜디오, 통계 자료실, 비즈니스 라운지, 회의실, 교육시설, 세미나 및 강연을 위한 다목적 홀(240석)이 있다.",TOUR,관광지인지 확인(도서관·교회·골프 등),https://map.kakao.com/?q=제주웰컴센터
3311,제주유리박물관,,SOUTH,CULTURE,문화시설,,서귀포시 예래동,33.278397,126.370186,제주특별자치도 서귀포시 중산간서로 1403,https://api.cdn.visitjeju.net/photomng/imgpath/201804/30/f47a5deb-0dd2-4175-a208-bd1e1c7a5549.webp,유리 예술의 진수를 만날 수 있는 곳,유리 예술의 진수를 만날 수 있는 곳,VJ+TOUR,,https://map.kakao.com/?q=제주유리박물관
3312,제주유배길사색의길,,WEST,CULTURE,문화시설,,서귀포시 안덕면,33.239353,126.28839,제주특별자치도 서귀포시 안덕면 향교로 165-17,https://api.cdn.visitjeju.net/photomng/imgpath/201804/30/92489cae-6546-4e87-b7f1-ef3924e9258d.webp,추사가 제자들과 함께 사색을 즐기며 시름을 잊었던 길,추사가 제자들과 함께 사색을 즐기며 시름을 잊었던 길,VJ,,https://map.kakao.com/?q=제주유배길사색의길
3313,제주유배길인연의길,,WEST,CULTURE,문화시설,,제주시 한경면,33.319798,126.23731,제주특별자치도 제주시 한경면 낙수로 228-9,https://api.cdn.visitjeju.net/photomng/imgpath/201804/30/be17db6a-1f50-4551-a177-50aa74949635.webp,"추사의 편지, 차 등을 통해 추사의 인연을 떠올리는 길","추사의 편지, 차 등을 통해 추사의 인연을 떠올리는 길",VJ,,https://map.kakao.com/?q=제주유배길인연의길
3314,제주유배길집념의 길,,WEST,CULTURE,문화시설,,서귀포시 대정읍,33.25022,126.27838,제주특별자치도 서귀포시 대정읍 추사로 44,https://api.cdn.visitjeju.net/photomng/imgpath/201804/30/a6546640-564d-42a2-b5b3-bb32832c39d3.webp,총 길이 8.6km로 추사선생이 주로 머물던 마을 주변과 후학들을 가르치기 위해 찾았던 대정향교 등을 잇는 코스,총 길이 8.6km로 추사선생이 주로 머물던 마을 주변과 후학들을 가르치기 위해 찾았던 대정향교 등을 잇는 코스,VJ,,https://map.kakao.com/?q=제주유배길집념의 길
3315,제주융합과학연구원 제주과학탐구체험관,,SOUTH,EXPERIENCE,체험 활동 관광지,,서귀포시 서홍동,33.3616666,126.5291666,제주특별자치도 제주시 산록북로 421,https://api.cdn.visitjeju.net/photomng/imgpath/202002/20/f586694e-8471-43ba-8e21-1101c25e5abe.webp,제주미래교육연구원 과학탐구체험장은 한라산이 올려다 보이는 산록북로 가운데 위치해있다.,제주미래교육연구원 과학탐구체험장은 한라산이 올려다 보이는 산록북로 가운데 위치해있다. 한라산을 옆에 두고 달리다 보며 어느새 과학탐구체험장에 닿는다. 이곳에는 아이들은 물론 어른들도 흥미롭게 관람할 수 있는 시설들이 많다.,VJ,,https://map.kakao.com/?q=제주융합과학연구원 제주과학탐구체험관
3316,제주이호 털보배낚시,,NORTH,EXPERIENCE,체험 활동 관광지,,제주시 이호동,33.497173,126.44942,제주 제주시 테우해안로 146 1층,https://api.cdn.visitjeju.net/photomng/imgpath/201804/30/16b1192f-c65a-401c-b4b0-93c0afb40ade.webp,초보자도 쉽게 할수 있는 배낚시 체험,초보자도 쉽게 할수 있는 배낚시 체험,VJ,,https://map.kakao.com/?q=제주이호 털보배낚시
3317,제주이호랜드,,NORTH,THEME,테마시설,,제주시 이호동,33.499659,126.455058,제주특별자치도 제주시 이호일동 374-1,https://tong.visitkorea.or.kr/cms/resource/39/3038039_image2_1.jpg,"제주이호랜드는 제주올레길 17코스로 이호 테우해변과 인접한, 야자나무가 아름다운 공원이다.","제주이호랜드는 제주올레길 17코스로 이호 테우해변과 인접한, 야자나무가 아름다운 공원이다. 라벤더, 수국, 버베나, 코스모스 등 다양한 꽃들이 시기마다 피어나고 곧게 뻗은 야자수는 이국적인 풍경을 만들어낸다. 제주공항에서 아주 가까워서 낮게 나는 비행기와 함께 사진을 찍을 수도 있고, 제주바다와 이호 테우 말 등대를 배경으로 이국적인 풍경도 즐길 수 있는 공원이다. 이호랜드 옆에는 이호 테우해변이 있어 바다에서 놀거나 해변 옆 깊은 소나무 숲길도 산책해 볼 수 있다.",TOUR,,https://map.kakao.com/?q=제주이호랜드
3318,제주인디,,EAST,EXPERIENCE,체험 활동 관광지,,서귀포시 성산읍,33.3833933,126.84245,제주특별자치도 서귀포시 성산읍 중산간동로 4150-30,https://api.cdn.visitjeju.net/photomng/imgpath/201811/12/dad6c89c-2744-4faf-a1b2-e1cc9ebc8bba.webp,일출랜드 아트센터 내에 위치한 자연염색 체험관,일출랜드 아트센터 내에 위치한 자연염색 체험관,VJ,,https://map.kakao.com/?q=제주인디
3319,제주일상식탁,,SOUTH,EXPERIENCE,체험 활동 관광지,,서귀포시 남원읍,33.302706,126.6568975,제주특별자치도 서귀포시 남원읍 태위로 402,https://api.cdn.visitjeju.net/photomng/imgpath/202307/26/9e0ac8ff-17bb-4254-bf6a-e1a3ad495f55.webp,"제주 음식 문화를 소개하고, 제주의 로컬음식을 즐길 수 있는 곳","제주 음식 문화를 소개하고, 제주의 로컬음식을 즐길 수 있는 곳",VJ,,https://map.kakao.com/?q=제주일상식탁
3320,제주자연생태공원,,EAST,NATURE,자연관광지,,서귀포시 성산읍,33.4387919,126.8227319,제주특별자치도 서귀포시 성산읍 금백조로 448,https://tong.visitkorea.or.kr/cms/resource/87/3401487_image2_1.jpg,"제주 자연생태공원에는 독수리, 수리부엉이, 매 등 다쳐서 자연으로 돌아가지 못하는 맹금류, 뿔이 그물에 걸리거나 어미를 잃은 노루 등 다양한…","제주 자연생태공원에는 독수리, 수리부엉이, 매 등 다쳐서 자연으로 돌아가지 못하는 맹금류, 뿔이 그물에 걸리거나 어미를 잃은 노루 등 다양한 야생동물들을 만날 수 있으며 지금은 쉽게 접할 수 없는 굼벵이, 도마뱀, 개구리, 메뚜기 등을 만지고 관찰하면서 자연의 소중함을 배우는 곳이다. 또한, 노루 먹이 주기를 통해 야생동물과 친해질 수 있는 공간이다. 집줄 놓기, 새끼줄 만들기 등 우리 조상의 생활사를 체험하고 편백 열매로 만든 팔찌, 도토리 팽이 등 다양한 자연 재료를 이용하여 만들기 체험을 함으로써 자연이 주는 풍요로움을 만끽할 수 있다. 제주자연생태공원 내에 있는 궁대오름은 나지막한 오름으로 걸으면서 건강과 심신의 안정을 취할 수 있다.",TOUR,,https://map.kakao.com/?q=제주자연생태공원
3321,제주점토도예연구소,,EAST,COMMERCIAL,상업지구,,제주시 구좌읍,33.5501938,126.8039367,제주특별자치도 제주시 구좌읍 행원로2길 28,https://api.cdn.visitjeju.net/photomng/imgpath/202211/14/6373d183-aef5-4a17-b2df-f1af5aa3bcef.webp,"김경찬 작가가 안내하는 또 다른 제주, 옹기","김경찬 작가가 안내하는 또 다른 제주, 옹기",VJ,,https://map.kakao.com/?q=제주점토도예연구소
3322,제주조천북촌마을4.3길(북촌마을4.3길가는길),,EAST,EXPERIENCE,체험 활동 관광지,,제주시 조천읍,33.5459875,126.6887641,제주특별자치도 제주시 조천읍 북촌3길 3,https://api.cdn.visitjeju.net/photomng/imgpath/202007/10/e6dbcd9d-80a0-40ad-bfd2-dd67def4c935.webp,북촌리는 조천면의 동쪽 끝에 자리 잡은 해변마을이다.,북촌리는 조천면의 동쪽 끝에 자리 잡은 해변마을이다.,VJ+TOUR,,https://map.kakao.com/?q=제주조천북촌마을4.3길(북촌마을4.3길가는길)
3323,제주지프,,EAST,EXPERIENCE,체험 활동 관광지,,제주시 조천읍,33.5426441,126.6639018,제주특별자치도 제주시 조천읍 신북로 503 2층 201,https://api.cdn.visitjeju.net/photomng/imgpath/202511/19/f7188618-bd25-4350-b0a6-2cb6bd6c2ddc.webp,해안도로에서 즐기는 미니지프 체험,해안도로에서 즐기는 미니지프 체험,VJ,,https://map.kakao.com/?q=제주지프
3324,제주참숯가마찜질방,,EAST,EXPERIENCE,체험 활동 관광지,,서귀포시 성산읍,33.3822884,126.8347756,제주특별자치도 서귀포시 성산읍 삼달로 47,https://api.cdn.visitjeju.net/photomng/imgpath/201905/16/df2270ad-4f04-4165-92ee-aee0fe635790.webp,성산에 위치한 제주도 내 최대규모의 참숯가마 찜질방.,성산에 위치한 제주도 내 최대규모의 참숯가마 찜질방.,VJ,,https://map.kakao.com/?q=제주참숯가마찜질방
3325,제주책방·사랑방,,NORTH,CULTURE,문화시설,,제주시 일도1동,33.5149163,126.5283195,제주특별자치도 제주시 관덕로17길 27-1 (일도일동),https://tong.visitkorea.or.kr/cms/resource/12/4057712_image2_1.jpg,제주사랑방은 일제 강점기에 지어진 일본식과 제주식 건축양식이 혼재된 가옥이다.,"제주사랑방은 일제 강점기에 지어진 일본식과 제주식 건축양식이 혼재된 가옥이다. 고씨 아저씨가 거주하시던 공간이라 ‘고씨주택’으로도 불리고 있다. 안거리와 밖거리, 작은 마당이 있는 아기자기한 공간을 제주책방, 제주사랑방으로 재탄생하였다. 제주책방에서는 제주의 문화, 역사, 자연을 주제로 수집된 제주 관련 희귀 자료들을 열람할 수 있고, 제주 이야기를 담은 그림책도 많아서 아이들과 방문하는 것도 추천한다.",TOUR,,https://map.kakao.com/?q=제주책방·사랑방
3326,제주추사관,,WEST,CULTURE,문화시설,,서귀포시 대정읍,33.25022,126.27838,제주특별자치도 서귀포시 대정읍 추사로 44,https://api.cdn.visitjeju.net/photomng/imgpath/202112/03/cb5fda3f-ae92-4e5a-a3bb-84b9a34afb48.webp,추사 김정희의 제주 유배생활과 학문·서예·예술세계를 전시하는 공립 기념관.,추사 김정희의 제주 유배생활과 학문·서예·예술세계를 전시하는 공립 기념관.,VJ+TOUR,,https://map.kakao.com/?q=제주추사관
3327,제주칠성로상가,,NORTH,COMMERCIAL,상업지구,,제주시 일도1동,33.514088,126.526215,제주특별자치도 제주시 관덕로13길 12,https://api.cdn.visitjeju.net/photomng/imgpath/201804/30/fcc567cc-44a3-4464-9d09-ea3c305faecd.webp,역사 깊은 제주의 문화와 쇼핑의 거리,역사 깊은 제주의 문화와 쇼핑의 거리,VJ+TOUR,,https://map.kakao.com/?q=제주칠성로상가
3328,제주카약,,EAST,EXPERIENCE,체험 활동 관광지,,제주시 조천읍,33.5437998,126.6739948,제주특별자치도 제주시 조천읍 평사길 19,https://api.cdn.visitjeju.net/photomng/imgpath/201804/30/1c5f024e-0436-4c99-96ac-ee55018d3e1c.webp,아름다운 제주 해안의 아름다움을 카약으로 만끽하는 제주카약,아름다운 제주 해안의 아름다움을 카약으로 만끽하는 제주카약,VJ,,https://map.kakao.com/?q=제주카약
3329,제주카약올레,,WEST,LEISURE,레저·스포츠 관련 시설,,제주시 애월읍,33.4623617,126.310487,제주특별자치도 제주시 애월읍 애월로1길 22,https://tong.visitkorea.or.kr/cms/resource/33/2740633_image2_1.jpg,제주카약올레는 애월읍에 위치한 투명카약 업체이다.,"제주카약올레는 애월읍에 위치한 투명카약 업체이다. 한담해변에서 바닥이 보이는 투명카약을 타고 제주바다를 만끽하며 데이트와 가족여행을 즐기기에 좋다. 체험 가능 시간은 30분이며 네이버 스토어에서 사전 예약이 가능하다. 이용 마감 시간은 일몰시간에 따라 달라지므로 확인 후 이용하길 권한다. 날씨와 바람, 파도 등 현장 상황에 따라 운영 여부가 변경되기 때문에 이용 전에 확인하는 것이 좋다. 주변의 한담해안산책로는 애월리 마을에서 곽지해수욕장까지 바다를 감상하기 좋다.",TOUR,,https://map.kakao.com/?q=제주카약올레
3330,제주카트클럽,,WEST,EXPERIENCE,체험 활동 관광지,,제주시 한림읍,33.347687,126.25606,제주특별자치도 제주시 한림읍 중산간서로 3853,https://api.cdn.visitjeju.net/photomng/imgpath/201804/30/ee6816b2-c626-4c18-947c-ac84723353c9.webp,제주도 최초의 카트장,제주도 최초의 카트장,VJ,,https://map.kakao.com/?q=제주카트클럽
3331,제주탐나라공화국,,WEST,NATURE,자연관광지,,제주시 한림읍,33.3345122,126.3256857,제주특별자치도 제주시 한림읍 한창로 897,https://tong.visitkorea.or.kr/cms/resource/95/2676395_image2_1.JPG,제주 서쪽 한림읍 금악리에 자리 잡은 탐나라공화국은 대한민국 안에 개국한 또 하나의 나라다.,"제주 서쪽 한림읍 금악리에 자리 잡은 탐나라공화국은 대한민국 안에 개국한 또 하나의 나라다.
정확하게는 가상국가형 테마파크이다. 이름부터 낯선 탐나라공화국은 제주의 옛 이름 ‘탐라’를 의미한다. 여권도 있고 이곳에서만 사용하는 화폐도 있다. 탐나라공화국에 도착해 처음 만나는 건 출입국관리소이다. 입구에 들어서 좌측 작은 카페(Lava)에서 입장료를 내고 비자를 발급 받아야 한다. 비자(티켓)의 형태는 일단위와 연간 단위가 있는데, 연 단위 티켓의 경우 여권형을 준다. 제주에는 지형 특성상 호수나 연못이 없는데 탐나라공화국에는 빗물을 받아 만든 인공 연못이 많이 있다. 크고 작은 연못 80여 개에 이 곳을 형성하면서 시간이 흐르며 물고기나 양서류 등 생명체가 탄생 중이다. 탐나라공화국에는 수많은 이야기들이 담겨 있다. 어떤 공간에는 고의로 만든 전설이 있기도 하고, ‘길이 없어 길을 내고, 산이 없어 산을 만들다’, ‘내일도 모레도 만나는 날은 오늘입니다’ 등등 의 글귀를 보며 명상에 잠길 수도 있다.

(출처 : 제주 문화관광 홈페이지)",TOUR,,https://map.kakao.com/?q=제주탐나라공화국
3332,제주특별자치도립미술관,,NORTH,CULTURE,문화시설,,제주시 연동,33.4525957,126.4896313,제주특별자치도 제주시 1100로 2894-78,https://api.cdn.visitjeju.net/photomng/imgpath/201804/30/ca9b0972-d6ef-4fba-9b08-89a867a0f19d.webp,예술의 빛과 숨결이 넘치는 숲속의 미술관,예술의 빛과 숨결이 넘치는 숲속의 미술관,VJ+TOUR,,https://map.kakao.com/?q=제주특별자치도립미술관
3333,제주패러글라이딩스쿨,,NORTH,EXPERIENCE,체험 활동 관광지,,제주시 일도2동,33.510384,126.53031,"제주특별자치도 제주시 신선길 17-6, 일도주택3층(일도2동)",https://api.cdn.visitjeju.net/photomng/imgpath/201804/30/2871eb8a-31f1-46da-ac92-eef19f6762c8.webp,제주 하늘을 날아보자,제주 하늘을 날아보자,VJ,,https://map.kakao.com/?q=제주패러글라이딩스쿨
3334,제주펫,,SOUTH,EXPERIENCE,체험 활동 관광지,,서귀포시 남원읍,33.3204815,126.7454994,제주특별자치도 서귀포시 남원읍 한신로531번길 22-3,https://api.cdn.visitjeju.net/photomng/imgpath/202207/01/aa1e867a-d235-49a6-911b-ffa095aec48a.webp,반려인과 반려동물이 함께 행복을 꿈꾸는 곳,반려인과 반려동물이 함께 행복을 꿈꾸는 곳,VJ,,https://map.kakao.com/?q=제주펫
3335,제주펫스쿨,,WEST,EXPERIENCE,체험 활동 관광지,,서귀포시 대정읍,33.2864268,126.2231539,제주특별자치도 서귀포시 대정읍 칠전로 438,https://api.cdn.visitjeju.net/photomng/imgpath/202308/23/9a00755b-7904-4144-ab42-962ca56dd219.webp,"“반려견과 보호자가 함께하는 올바른 반려문화를 만들어요.” 제주펫스쿨에서는 반려견과 보호자가 서로를 더 이해하고, 교감할 수 있는 다양한 프로…","“반려견과 보호자가 함께하는 올바른 반려문화를 만들어요.”
 제주펫스쿨에서는 반려견과 보호자가 서로를 더 이해하고, 교감할 수 있는 다양한 프로그램을 진행하여 올바른 반려 문화를 지향한다.",VJ,,https://map.kakao.com/?q=제주펫스쿨
3336,제주평화박물관(전쟁평화박물관)[휴관중],,WEST,CULTURE,문화시설,,제주시 한경면,33.305588,126.249275,제주시 한경면 청수서5길 63,https://api.cdn.visitjeju.net/photomng/imgpath/201804/30/46438d7d-5948-4af2-bbfb-fd9d3132e52a.webp,일제강점기 '과거의 이야기'를 직접 체험하면서 평화의 소중함을 느낄 수 있는 곳,일제강점기 '과거의 이야기'를 직접 체험하면서 평화의 소중함을 느낄 수 있는 곳,VJ,,https://map.kakao.com/?q=제주평화박물관(전쟁평화박물관)[휴관중]
3337,제주풀무질,,EAST,COMMERCIAL,상업지구,,제주시 구좌읍,33.5132373,126.8588181,제주특별자치도 제주시 구좌읍 세화합전2길 10-2,https://api.cdn.visitjeju.net/photomng/imgpath/202306/30/8427e03d-acd3-48d3-89ee-56ddf6312af0.webp,생각의 틈을 심어주는 세화리 동네책방,생각의 틈을 심어주는 세화리 동네책방,VJ,,https://map.kakao.com/?q=제주풀무질
3338,제주프리다이빙 안쌤프리다이브,,EAST,EXPERIENCE,체험 활동 관광지,,제주시 조천읍,33.528986,126.6126859,제주특별자치도 제주시 조천읍 일주동로 669-13 (신촌리) 제주프리다이빙 안쌤프리다이브,https://api.cdn.visitjeju.net/photomng/imgpath/202511/14/83e0a60f-ba22-487b-aa0e-23e7b0aa402d.webp,아름다운 섬 제주에서 안쌤과 함께 프리다이빙을 즐겨보세요!,아름다운 섬 제주에서 안쌤과 함께 프리다이빙을 즐겨보세요! 프리다이빙 활동 영상을 전문적으로 촬영해드립니다. (멋진 인생샷을 간직할 수 있습니다.),VJ,,https://map.kakao.com/?q=제주프리다이빙 안쌤프리다이브
3339,제주프리다이빙스쿨,,SOUTH,EXPERIENCE,체험 활동 관광지,,서귀포시 송산동,33.2406615,126.6024596,제주특별자치도 서귀포시 보목로 88-1,https://api.cdn.visitjeju.net/photomng/imgpath/202307/25/daf5723d-6439-4ac7-935f-f4ec8bbe85b8.webp,중력을 거스르고 삶의 방향성을 찾는 여정,중력을 거스르고 삶의 방향성을 찾는 여정,VJ,,https://map.kakao.com/?q=제주프리다이빙스쿨
3340,제주플래티늄카라반,,WEST,LEISURE,레저·스포츠 관련 시설,,제주시 애월읍,33.48435,126.40223,제주시 애월읍 하귀미수포길 5-8,https://api.cdn.visitjeju.net/photomng/imgpath/201804/30/77fd4684-8e05-4c86-8aa5-04c138c981a2.webp,독일 전통 카라반 하비와 함께 애월 바닷가를 즐길 수 있는 곳,독일 전통 카라반 하비와 함께 애월 바닷가를 즐길 수 있는 곳,VJ+TOUR,,https://map.kakao.com/?q=제주플래티늄카라반
3341,제주피싱테마파크,,EAST,LEISURE,레저·스포츠 관련 시설,,제주시 조천읍,33.550596,126.6474337,제주특별자치도 제주시 조천읍 조함해안로 247-2,https://api.cdn.visitjeju.net/photomng/imgpath/202306/19/5d04a030-e778-4fd3-8384-f48755a22c2f.webp,낚시 초보자도 즐길 수 있는 체험공원,낚시 초보자도 즐길 수 있는 체험공원,VJ+TOUR,,https://map.kakao.com/?q=제주피싱테마파크
3342,제주하늘바당ATV,,SOUTH,EXPERIENCE,체험 활동 관광지,,서귀포시 남원읍,33.3435805,126.6829605,제주특별자치도 서귀포시 남원읍 서성로 955-110 (수망리) ,https://api.cdn.visitjeju.net/photomng/imgpath/202505/26/90517cfe-52e0-4b33-b293-d19b55b5193d.webp,남원읍 수망리에 위치한 ATV와 승마체험장,남원읍 수망리에 위치한 ATV와 승마체험장,VJ,,https://map.kakao.com/?q=제주하늘바당ATV
3343,제주하늘을날다,,NORTH,EXPERIENCE,체험 활동 관광지,,제주시 이도2동,33.4910557,126.5317204,제주특별자치도 제주시 도남로17길 32 영산홍아파트 가동,https://api.cdn.visitjeju.net/photomng/imgpath/202112/03/59366dc6-0a9c-498c-98fb-e730ca6d70dd.webp,제주2인승체험비행과 패러글라이딩교육스쿨,제주2인승체험비행과 패러글라이딩교육스쿨,VJ,,https://map.kakao.com/?q=제주하늘을날다
3344,제주한잔 메종글래드제주점,,NORTH,COMMERCIAL,상업지구,,제주시 연동,33.4659777,126.4934011,"제주특별자치도 제주시 노연로 80 (연동, 메종글래드 제주) 메종글래드제주 1층 제주한잔",https://api.cdn.visitjeju.net/photomng/imgpath/202502/07/224cd42f-68ad-40ac-9063-be5a872dafc7.webp,제주전통주 40여종을 한자리에서 만나볼 수 있는 전통주 전문 바틀샵,제주전통주 40여종을 한자리에서 만나볼 수 있는 전통주 전문 바틀샵,VJ,,https://map.kakao.com/?q=제주한잔 메종글래드제주점
3345,제주항,,NORTH,CULTURE,문화시설,,제주시 건입동,33.516888,126.53469,제주특별자치도 제주시 연무정길 28 (건입동)일대,https://api.cdn.visitjeju.net/photomng/imgpath/201804/30/b6939e07-60ed-427a-bff5-4d0ff42ceebd.webp,1950년 예비검속 당시 에비검속자 가운데 일부가 수장당한 곳.,1950년 예비검속 당시 에비검속자 가운데 일부가 수장당한 곳.,VJ+TOUR,,https://map.kakao.com/?q=제주항
3346,제주항국제여객터미널,,NORTH,COMMERCIAL,상업지구,,제주시 건입동,33.526657,126.54367,제주특별자치도 제주시 임항로 191,https://api.cdn.visitjeju.net/photomng/imgpath/202409/26/94d37f89-01f0-4aad-9a85-6a44d86cf623.webp,제주 여행의 또 다른 방법!,제주 여행의 또 다른 방법!,VJ+TOUR,,https://map.kakao.com/?q=제주항국제여객터미널
3347,제주해녀체험,,SOUTH,EXPERIENCE,체험 활동 관광지,,서귀포시 남원읍,33.258683,126.6396663,제주특별자치도 서귀포시 남원읍 하례망장포로 65-13,https://api.cdn.visitjeju.net/photomng/imgpath/202501/15/64250fd0-9097-458b-ba8d-2e0f39ca06c3.webp,제주에서만 즐 길 수 있는 해녀체험 및 스쿠버체험다이빙,제주에서만 즐 길 수 있는 해녀체험 및 스쿠버체험다이빙,VJ,,https://map.kakao.com/?q=제주해녀체험
3348,제주해녀항일운동기념탑,,EAST,NATURE,자연관광지,,제주시 구좌읍,33.5225027,126.8639931,제주특별자치도 제주시 구좌읍 해녀박물관길 26,https://tong.visitkorea.or.kr/cms/resource/07/3384607_image2_1.jpg,제주해녀항일운동기념탑은 제주해녀항일운동의 흔적과 저항 정신을 기리고 있는 곳이다.,"제주해녀항일운동기념탑은 제주해녀항일운동의 흔적과 저항 정신을 기리고 있는 곳이다. 제주해녀항일운동은 1932년 1월 제주시 구좌읍과 성산읍, 우도면 일대에서 일제의 식민지 수탈 정책과 민족적 차별에 항거한 국내 최대 규모의 항일운동이다. 이 운동은 여성들이 주도한 유일한 여성항일운동으로 그 의의가 매우 크다고 할 수 있다. 제주해녀항일운동기념탑은 당시 항일운동에 참여했던 해녀들의 2차 집결지인 이곳에 해녀 항일 운동 정신을 기리고자 조성하였다. 선열들의 자주독립 정신을 바탕으로 후세들에게 올바른 역사의식과 애국, 애향정신 함양을 위한 교육장으로 활용되고 있다.",TOUR,,https://map.kakao.com/?q=제주해녀항일운동기념탑
3349,제주해바라기공방,,EAST,EXPERIENCE,체험 활동 관광지,,제주시 구좌읍,33.5573504,126.7534934,제주특별자치도 제주시 구좌읍 김녕로17길 23,https://api.cdn.visitjeju.net/photomng/imgpath/202306/20/64ba8185-53c3-4d4a-a39e-6e0a76b13406.webp,제주 감성소품을 직접 만드는 체험공방,제주 감성소품을 직접 만드는 체험공방,VJ,,https://map.kakao.com/?q=제주해바라기공방
3350,제주해양레저,,SOUTH,LEISURE,레저·스포츠 관련 시설,,서귀포시 중문동,33.243168,126.41885,제주특별자치도 서귀포시 중문관광로 192,https://api.cdn.visitjeju.net/photomng/imgpath/201804/30/85eb5979-1665-4e91-a338-a63596bcccb7.webp,중문관광단지 내 대한민국 최고의 종합해양레저시설,중문관광단지 내 대한민국 최고의 종합해양레저시설,VJ+TOUR,,https://map.kakao.com/?q=제주해양레저
3351,제주해양레저타운,,NORTH,NATURE,자연관광지,,제주시 이호동,33.5021517,126.4564112,제주특별자치도 제주시 서해안로 58,https://api.cdn.visitjeju.net/photomng/imgpath/202306/20/7ad5bd73-0288-46f2-8326-2f690df6a6ea.webp,이호테우 바다에서 즐기는 짜릿한 레저,이호테우 바다에서 즐기는 짜릿한 레저,VJ,,https://map.kakao.com/?q=제주해양레저타운
3352,제주해양레저파크,,EAST,EXPERIENCE,체험 활동 관광지,,제주시 조천읍,33.5437787,126.6688353,제주특별자치도 제주시 조천읍 조함해안로 519-10,https://api.cdn.visitjeju.net/photomng/imgpath/202007/08/4d06d8c7-4129-47a8-af00-16d5cd4a73f7.webp,바다속 걷기!,바다속 걷기! 구름속 날기! 해양레저의 파라다이스~! 조용하고 한가한 예래포구에서의 각종 해양스포츠를 즐길 수 있는 해양레저파크!,VJ,,https://map.kakao.com/?q=제주해양레저파크
3353,제주해양사업단,,WEST,EXPERIENCE,체험 활동 관광지,,서귀포시 대정읍,33.207684,126.2912,제주특별자치도서귀포시대정읍최남단해안로 130,https://api.cdn.visitjeju.net/photomng/imgpath/201804/30/b1b38de2-8978-4ed3-9f2a-60dd37939c30.webp,물 맑기로 유명한 제주의 하모해수욕장에서 다양한 수상 레저활동을 제공한다.,물 맑기로 유명한 제주의 하모해수욕장에서 다양한 수상 레저활동을 제공한다.,VJ,,https://map.kakao.com/?q=제주해양사업단
3354,제주햇살농원,,EAST,EXPERIENCE,체험 활동 관광지,,제주시 조천읍,33.4777041,126.7135515,제주특별자치도 제주시 조천읍 북선로 189,https://api.cdn.visitjeju.net/photomng/imgpath/202002/18/fc433000-4879-40f9-83cc-e4da181bf259.webp,"제주의 세계자연유산인 거문오름, 람사르습지인 동백동산, 함덕서우봉해변 등 명소 인근에서 따뜻한 햇살과 정성으로 유기농감귤를 재배하고 있는 감귤…","제주의 세계자연유산인 거문오름, 람사르습지인 동백동산, 함덕서우봉해변 등 명소 인근에서 따뜻한 햇살과 정성으로 유기농감귤를 재배하고 있는 감귤농장",VJ,,https://map.kakao.com/?q=제주햇살농원
3355,제주향교,,NORTH,CULTURE,문화시설,,제주시 용담1동,33.5115293,126.5158233,제주특별자치도 제주시 서문로 43,https://api.cdn.visitjeju.net/photomng/imgpath/201804/30/4f853fe3-1a2c-4273-9b3d-628ba87a8e68.webp,조선시대 지방민의 교육을 위해 세운 국립교육기관,조선시대 지방민의 교육을 위해 세운 국립교육기관,VJ+TOUR,,https://map.kakao.com/?q=제주향교
3356,제주향농원,,SOUTH,NATURE,자연관광지,,서귀포시 중문동,33.254,126.4389,제주특별자치도 서귀포시 천제연로 315-29 (회수동),https://tong.visitkorea.or.kr/cms/resource/88/3071788_image2_1.jpg,제주향농원은 중문 관광단지 내에 위치해 있어 관광지 관람 후 직접 제주의 감귤을 따보는 체험을 즐길 수 있다.,"제주향농원은 중문 관광단지 내에 위치해 있어 관광지 관람 후 직접 제주의 감귤을 따보는 체험을 즐길 수 있다. 다양한 감귤(노지, 하우스, 청귤, 한라봉, 황금향, 레드향, 천혜향) 체험이 가능하다. 직접 착즙한 당근주스도 판매하고 감귤로 만든 한과, 유과, 초콜릿 등 여러 상품들이 판매되고 있다. 감귤 상품을 전국 택배 발송도 가능하다. 제주올패스로 고당도 감귤 1㎏ 받을 수 있다.",TOUR,,https://map.kakao.com/?q=제주향농원
3357,제주홀릭뮤지엄,,WEST,EXPERIENCE,체험 활동 관광지,,제주시 애월읍,33.4034138,126.4508866,제주특별자치도 제주시 애월읍 평화로 2835 (광령리) 제주홀릭뮤지엄,https://api.cdn.visitjeju.net/photomng/imgpath/202407/24/b3007132-ce3c-4d10-8885-94d47047abef.webp,"제주도를 상징하는 대표적인 컨텐츠를 라이트 미디어 아트, 팝업 전시, 설치미술, 체험 등 다양하게 꾸며놓은 국내 유일의 지역 컨텐츠 전시 공간","제주도를 상징하는 대표적인 컨텐츠를 라이트 미디어 아트, 팝업 전시, 설치미술, 체험 등 다양하게 꾸며놓은 국내 유일의 지역 컨텐츠 전시 공간",VJ,,https://map.kakao.com/?q=제주홀릭뮤지엄
3358,제주홀릭뮤지엄,,WEST,CULTURE,문화시설,,제주시 애월읍,33.4564687,126.4416252,제주특별자치도 제주시 애월읍 평화로 2835,https://tong.visitkorea.or.kr/cms/resource/90/3302890_image2_1.jpg,"제주홀릭뮤지엄은 과거 50년 전에 지어진 요양병원을 업사이클링 하여 만들어진 전시관이며, 제주도를 재해석한 내용들로 이루어진 5개의 공간에서…","제주홀릭뮤지엄은 과거 50년 전에 지어진 요양병원을 업사이클링 하여 만들어진 전시관이며, 제주도를 재해석한 내용들로 이루어진 5개의 공간에서 제주에 대해 몰랐던 새로운 이야기가 펼쳐지는 신비로운 전시다.
제주홀릭뮤지엄은 ‘제주, 빛으로 말하다’, ‘상상제주’, ‘유색유취’, ‘경험의 자유’, ‘일상의 비움’ 등 제주도 콘텐츠를 바탕으로 컨셉이 이루어진 5개의 공간으로 구성되어 있으며, 제주에 관한 새로운 이야기를 쉽게 알 수 있도록 다양한 작품들이 설치되어 있는 체험형 전시다.",TOUR,,https://map.kakao.com/?q=제주홀릭뮤지엄
3359,제주홀스타승마장,,NORTH,LEISURE,레저·스포츠 관련 시설,,제주시 연동,33.4220209,126.4935837,제주특별자치도 제주시 산록북로 8,https://api.cdn.visitjeju.net/photomng/imgpath/202306/20/e0b92583-9c5c-45e5-968d-ccae60cd990f.webp,피톤치드 가득 편백나무숲에서 승마체험,피톤치드 가득 편백나무숲에서 승마체험,VJ+TOUR,,https://map.kakao.com/?q=제주홀스타승마장
3360,제주환상전기자전거 신창풍차해안도로 수월봉 스쿠터 바이크,,WEST,TRAIL,산책로·둘레길,,제주시 한경면,33.3203562,126.1689879,제주특별자치도 제주시 한경면 한경해안로 97 1층,https://api.cdn.visitjeju.net/photomng/imgpath/202511/20/b86599b2-7ea2-4968-ac1b-ea9724508c3e.webp,제주환상자전거길을 함께하는 자전거 대여 전문점,제주환상자전거길을 함께하는 자전거 대여 전문점,VJ,,https://map.kakao.com/?q=제주환상전기자전거 신창풍차해안도로 수월봉 스쿠터 바이크
3361,제주힐,,NORTH,EXPERIENCE,체험 활동 관광지,,제주시 봉개동,33.4399611,126.6020248,제주특별자치도 제주시 516로 2596-117,https://api.cdn.visitjeju.net/photomng/imgpath/201804/30/ebd5f9ee-c830-4dc6-a993-13712cb0b177.webp,한라산 중산간 영평동에 위치한 골프장,한라산 중산간 영평동에 위치한 골프장,VJ,,https://map.kakao.com/?q=제주힐
3362,제주힐링명상테마파크,,WEST,THEME,테마시설,,제주시 애월읍,33.3954954,126.3611333,제주특별자치도 제주시 애월읍 어음13길 196,https://api.cdn.visitjeju.net/photomng/imgpath/202108/03/880db1bd-e027-4f8d-8246-5e43a673a13b.webp,제주를 호흡하고 명상하는 곳,제주를 호흡하고 명상하는 곳,VJ+TOUR,,https://map.kakao.com/?q=제주힐링명상테마파크
3363,제지기오름,,SOUTH,NATURE,자연관광지,,서귀포시 송산동,33.242226,126.609375,제주특별자치도 서귀포시 보목동 275-1,https://api.cdn.visitjeju.net/photomng/imgpath/202112/03/4bd77637-7c39-464d-95af-301cff8ca6fd.webp,발 아래 서귀포바다를 조망하는 제지기오름 · 서귀포시 보목동 · 올레6코스,"발 아래 서귀포바다를 조망하는 제지기오름
· 서귀포시 보목동
· 올레6코스",VJ+TOUR,,https://map.kakao.com/?q=제지기오름
3364,조랑말을탄돈키호테제주소품샵 노형점,,NORTH,COMMERCIAL,상업지구,,제주시 노형동,33.4862557,126.4836729,제주특별자치도 제주시 노연로 33 (노형동) 1층,https://tong.visitkorea.or.kr/cms/resource/22/4045022_image2_1.png,조랑말을탄돈키호테는 제주 여행의 설렘과 위트 넘치는 아이디어를 소품에 담아내는 로컬 디자인 브랜드입니다.,조랑말을탄돈키호테는 제주 여행의 설렘과 위트 넘치는 아이디어를 소품에 담아내는 로컬 디자인 브랜드입니다. 제주 조랑말을 모티브로 한 아기자기한 기념품들을 통해 고객들이 제주의 추억을 즐겁게 간직할 수 있도록 돕습니다.,TOUR,,https://map.kakao.com/?q=조랑말을탄돈키호테제주소품샵 노형점
3365,조수일리마을회(조수농촌체험마을),,WEST,EXPERIENCE,체험 활동 관광지,,제주시 한경면,33.337276,126.22851,제주특별자치도 제주시 한경면 조수리,https://api.cdn.visitjeju.net/photomng/imgpath/201804/30/2f25256d-557d-4adb-b235-1bb10ad700c1.webp,조수일리마을회(조수농촌체험마을),조수일리마을회(조수농촌체험마을),VJ,,https://map.kakao.com/?q=조수일리마을회(조수농촌체험마을)
3366,조안테디베어 제주신화월드점,,WEST,COMMERCIAL,상업지구,,서귀포시 안덕면,33.3049727,126.316352,제주특별자치도 서귀포시 안덕면 신화역사로304번길 38 B1층,https://tong.visitkorea.or.kr/cms/resource/25/4045025_image2_1.png,조안테디베어는 테디베어 아티스트 조안 오의 정성과 사랑이 깃든 핸드메이드 곰 인형 브랜드입니다.,조안테디베어는 테디베어 아티스트 조안 오의 정성과 사랑이 깃든 핸드메이드 곰 인형 브랜드입니다. 천연 원료로 염색한 부드러운 소재와 섬세한 표정의 인형들을 통해 남녀노소 모두에게 따뜻한 동심과 치유의 시간을 선물합니다.,TOUR,,https://map.kakao.com/?q=조안테디베어 제주신화월드점
3367,조천만세동산,,EAST,CULTURE,문화시설,,제주시 조천읍,33.53997,126.64167,제주특별자치도 제주시 조천읍 조천리 1133-2,https://api.cdn.visitjeju.net/photomng/imgpath/201804/30/972d7d66-6d5e-42e5-bac4-d59c8a97eaab.webp,"제주 항일운동의 시작점, 순국선열들의 혼이 녹아있는 곳","제주 항일운동의 시작점, 순국선열들의 혼이 녹아있는 곳",VJ+TOUR,,https://map.kakao.com/?q=조천만세동산
3368,조천비석거리,,EAST,CULTURE,문화시설,,제주시 조천읍,33.539413,126.63747,제주특별자치도 제주시 조천읍 조천리,https://api.cdn.visitjeju.net/photomng/imgpath/201804/30/0575a76e-d223-4e43-a3c9-6837574adefd.webp,"조천은 제주성과 가까운 곳으로 교통수단을 해로에 의존할 당시 목사나 판관 등 많은 관리가 화북, 조천 포구를 이용하였으므로 이들에 대한 치적과…","조천은 제주성과 가까운 곳으로 교통수단을 해로에 의존할 당시 목사나 판관 등 많은 관리가 화북, 조천 포구를 이용하였으므로 이들에 대한 치적과 석별의 뜻을 표시하기 위하여 비석을 세웠는데 이 거리를 통칭하여 비석거리라 한다.",VJ,,https://map.kakao.com/?q=조천비석거리
3369,조천함덕해안도로,,EAST,TRAIL,산책로·둘레길,,제주시 조천읍,33.542789,126.670523,제주특별자치도 제주시 조천읍 조함해안로 일대,https://tong.visitkorea.or.kr/cms/resource/92/3553692_image2_1.jpg,조천함덕해안도로는 조천과 함덕을 잇는 약 4.5㎞ 길이의 해안도로다.,"조천함덕해안도로는 조천과 함덕을 잇는 약 4.5㎞ 길이의 해안도로다. 함덕에서가 아닌 조천에서 출발하여 달려도 되지만, 함덕에서 출발하는 편이 바다와 자동차의 거리가 가까워 제주 풍경을 즐기기에 더 좋다. 다른 코스들보다 쉬어갈 수 있는 곳이 많진 않지만, 어느 코스보다 바다와 마을을 구경하기 좋다. 해안도로의 시작인 함덕 서우봉 해변은 에메랄드빛 바다와 모래사장을 따라 심은 야자수가 이국적인 풍경을 연출한다. 도로는 해남 땅끝마을과 가장 가까운 관곶도 지나게 되는데, 관곶에서 바라본 제주시의 야경은 매우 아름답다. 맑은 날에는 추자도와 남해 도서까지 보인다고 한다.",TOUR,,https://map.kakao.com/?q=조천함덕해안도로
3370,조함해안로,,EAST,NATURE,자연관광지,,제주시 조천읍,33.52976,126.6448,제주특별자치도 제주시 조천읍 조천8길 14-1,https://api.cdn.visitjeju.net/photomng/imgpath/202111/22/48f9be2b-f5e2-48c1-8545-f5cb26f14924.webp,조천과 함덕을 연결해 주는 이국적인 해안도로,조천과 함덕을 연결해 주는 이국적인 해안도로,VJ,,https://map.kakao.com/?q=조함해안로
3371,족은노꼬메오름,,WEST,NATURE,자연관광지,,제주시 애월읍,33.409443,126.41184,제주특별자치도 제주시 애월읍 유수암리,https://api.cdn.visitjeju.net/photomng/imgpath/201804/30/79791b31-a4cc-409d-a780-7ed0d18a3c70.webp,큰노꼬메오름의 형제인 족은노꼬메오름,큰노꼬메오름의 형제인 족은노꼬메오름,VJ,,https://map.kakao.com/?q=족은노꼬메오름
3372,족은노꼬메오름,,WEST,NATURE,자연관광지,,제주시 애월읍,33.3937,126.418,제주특별자치도 제주시 애월읍 유수암리 산138,https://tong.visitkorea.or.kr/cms/resource/58/4078058_image2_1.jpg,족은노꼬메오름은 제주 오름 중 숲길과 오름을 함께 즐길 수 있는 곳이다.,"족은노꼬메오름은 제주 오름 중 숲길과 오름을 함께 즐길 수 있는 곳이다. 노꼬메오름은 족은노꼬메오름과 큰 노꼬메오름으로 이루어져 있으며, 놉고메로 부르다가 시간이 흐르면서 노꼬메로 불려지고 있다.
큰노꼬메오름은 뾰족하게 도드라진 것이 특징이며, 족은노꼬메오름은 큰노꼬메의 북동쪽에 위치하고 있으며 경사가 낮지만 몸집이 매우 큰 것이 특징이다. 두 노꼬메오름은 나란히 위치하고 있기 때문에 ‘형제오름’이라고도 불린다.
제주방언으로 ‘작은’을 뜻하는 ‘족은’노꼬메오름은 이름 때문에 오르기 쉽다고 착각하기 쉬우나 호락호락하게 오를 수 있는 오름은 아니다. 족은노꼬메 오름을 오르는 길은 궷물오름, 큰노꼬메오름 등을 거쳐가는 여러 갈래가 있다.
족은노꼬메오름은 오르는 길이 잘 정비되어 있어 편하게 오를 수 있다. 정상에 오르게 되면 탁 트인 경치와 함께 반대편에 위치한 큰노꼬메오름의 모습을 조망할 수 있다. 

(출처 : 비짓제주 홈페이지)",TOUR,,https://map.kakao.com/?q=족은노꼬메오름
3373,족은바리메,,WEST,NATURE,자연관광지,,제주시 애월읍,33.4435579,126.3533489,제주특별자치도 제주시 애월읍 상가리 967,https://api.cdn.visitjeju.net/photomng/imgpath/201804/30/11b618db-0fbe-4f1c-a102-adc1003ce60c.webp,능선 탐방로가 좋은 족은바리메 오름,능선 탐방로가 좋은 족은바리메 오름,VJ,주소를 좌표로 다시 구함,https://map.kakao.com/?q=족은바리메
3374,족은사슴이오름,,EAST,NATURE,자연관광지,,서귀포시 표선면,33.3988071,126.7063341,제주특별자치도 서귀포시 표선면 녹산로 536,https://api.cdn.visitjeju.net/photomng/imgpath/201804/30/803651f9-35e0-49ec-85ea-52f66b41d61e.webp,자연이 살아숨쉬는 곳,자연이 살아숨쉬는 곳,VJ,,https://map.kakao.com/?q=족은사슴이오름
3375,족은오름,,WEST,NATURE,자연관광지,,서귀포시 안덕면,33.309055,126.37453,제주특별자치도 서귀포시 안덕면 상창리 산 2-1,https://api.cdn.visitjeju.net/photomng/imgpath/201804/30/74fad680-273a-4513-8e0a-f0a69695552b.webp,울창한 자연림의 숲을 이루고 있는 소병악,울창한 자연림의 숲을 이루고 있는 소병악,VJ,,https://map.kakao.com/?q=족은오름
3376,졸띠유채밭,,EAST,NATURE,자연관광지,,서귀포시 성산읍,33.4497589,126.9192594,제주특별자치도 서귀포시 성산읍 동류암로 8,https://tong.visitkorea.or.kr/cms/resource/61/3013261_image2_1.jpg,"성산일출봉 근처 플레이스 캠프 바로 옆에 위치해 성산일출봉, 우도, 갈대밭이 한곳에서 보이는 제주 유일의 유채밭으로 유채꽃밭 주변을 돌아보는…","성산일출봉 근처 플레이스 캠프 바로 옆에 위치해 성산일출봉, 우도, 갈대밭이 한곳에서 보이는 제주 유일의 유채밭으로 유채꽃밭 주변을 돌아보는 승마체험까지 가능한 곳이다. 예전에는 유채꽃 개화시기가 3월~5월이었는데 유채꽃이 방문객의 인기를 끌면서 품종개량과 함께 파종시기를 조절하여 요즘은 11월~5월 사이에 볼 수 있으며 최고조는 3월이다. 무료보다는 유료 유채꽃밭이 좀 더 풍성하고 관리가 잘되어 있다. 안쪽의 하트 모양의 구조물에 쏙 들어가 보이는 성산일출봉을 배경으로 사진을 찍을 수 있다. 유채꽃과 갈대의 대조적인 풍경이 봄과 가을을 함께 느낄 수 있는 곳이다. 광치기해변도 가까워 성산 여행을 즐기면서 함께 들러보길 추천한다.",TOUR,,https://map.kakao.com/?q=졸띠유채밭
3377,종달리수국길,,EAST,TRAIL,산책로·둘레길,,제주시 구좌읍,33.50903,126.909294,제주특별자치도 제주시 구좌읍 해맞이해안로 2121,https://api.cdn.visitjeju.net/photomng/imgpath/201804/30/f6149709-09e2-4662-977f-7521c21d27cd.webp,종달리 해안도로를 따라 수국이 이어지는 계절 명소,종달리 해안도로를 따라 수국이 이어지는 계절 명소,VJ+TOUR,,https://map.kakao.com/?q=종달리수국길
3378,종달리전망대,,EAST,NATURE,자연관광지,,제주시 구좌읍,33.50375,126.91271,제주특별자치도 제주시 구좌읍 해맞이해안로 2196,https://api.cdn.visitjeju.net/photomng/imgpath/202112/03/da546ac1-2a5d-40e6-bc65-8363d6b00058.webp,제주의 자연이 마치 손에 잡힐 듯 한눈에 들어오는 종달리 전망대,제주의 자연이 마치 손에 잡힐 듯 한눈에 들어오는 종달리 전망대,VJ,,https://map.kakao.com/?q=종달리전망대
3379,종달리해변,,EAST,NATURE,자연관광지,,제주시 구좌읍,33.5113465,126.8992494,제주특별자치도 제주시 구좌읍 종달리 565-72,https://api.cdn.visitjeju.net/photomng/imgpath/201804/30/cdb69aee-8b3e-4a99-8ef0-ae326389eaa7.webp,이름도 예쁜 ＇종달리＇라는 마을은 동쪽의 끝이란 의미를 가진 소박하고 귀여운 동네에 위치한 종달리 해변,이름도 예쁜 ＇종달리＇라는 마을은 동쪽의 끝이란 의미를 가진 소박하고 귀여운 동네에 위치한 종달리 해변,VJ,,https://map.kakao.com/?q=종달리해변
3380,종달리해안도로,,EAST,TRAIL,산책로·둘레길,,제주시 구좌읍,33.482853,126.901794,제주특별자치도 제주시 구좌읍 종달리 630-1,https://api.cdn.visitjeju.net/photomng/imgpath/202111/16/c2d1f661-8f28-4f2a-8c27-e7f880a4d8f2.webp,"파란 하늘과 고즈넉한 해변 길, 그리고 파스텔 빛 수국이 가득한 곳","파란 하늘과 고즈넉한 해변 길, 그리고 파스텔 빛 수국이 가득한 곳",VJ+TOUR,,https://map.kakao.com/?q=종달리해안도로
3381,종달항(두문포항),,EAST,NATURE,자연관광지,,제주시 구좌읍,33.4965502,126.9106607,제주특별자치도 제주시 구좌읍 종달리 484-10,https://tong.visitkorea.or.kr/cms/resource/04/4067804_image2_1.jpg,"종달리 해안 도로는 봄과 여름 사이, 길을 따라 만개하는 수국 길로 유명하다.","종달리 해안 도로는 봄과 여름 사이, 길을 따라 만개하는 수국 길로 유명하다. 하도리 해수욕장에서 왼쪽에 바다를 끼고 이 해안 도로를 따라 달리다 보면 자그마한 종달항과 해변이 나온다. 종달항 혹은 두문포항이라고도 불리는 작은 항구가 있다. 작은 어선이 선박해 있으며, 우도로 가는 여객선이 운항하는 항구이다. 이곳은 항구 자체로도 아름답기로 유명하다. 성산 일출봉과 우도가 보이고, 뒤편으로는 지미봉까지 보인다. 물이 맑고 잔잔해 가볍게 산책을 즐기기에도 좋은 곳이다.",TOUR,,https://map.kakao.com/?q=종달항(두문포항)
3382,종이잡지클럽 제주,,NORTH,COMMERCIAL,상업지구,,제주시 건입동,33.5153135,126.529633,제주특별자치도 제주시 산지로 17 (건입동) 2층,https://tong.visitkorea.or.kr/cms/resource/03/4057103_image2_1.jpg,제주에 위치한 종이잡지클럽 제주는 국내외 다양한 잡지들을 읽어보며 경험할 수 있는 곳이다.,"제주에 위치한 종이잡지클럽 제주는 국내외 다양한 잡지들을 읽어보며 경험할 수 있는 곳이다. 1층 카페에서 음료를 주문하거나, 회원제로 구독하면 이용 가능하다. 구독 서비스는 일일, 계절, 반기로 나뉘어 기간에 따라 구독할 수 있다. 이곳에 방문하면 빼곡히 쌓인 잡지들 덕분에 아날로그, 레트로한 감성을 물씬 느낄 수 있다.",TOUR,,https://map.kakao.com/?q=종이잡지클럽 제주
3383,종종제주,,EAST,COMMERCIAL,상업지구,,제주시 조천읍,33.4879411,126.7125696,제주특별자치도 제주시 조천읍 선교로 66,https://api.cdn.visitjeju.net/photomng/imgpath/202306/15/b27992b2-3558-40d9-9857-841397c229d7.webp,조용한 산간 마을에서 만나는 아기자기한 제주소품샵,조용한 산간 마을에서 만나는 아기자기한 제주소품샵,VJ+TOUR,,https://map.kakao.com/?q=종종제주
3384,좌보미,,EAST,NATURE,자연관광지,,서귀포시 표선면,33.434856,126.80349,제주특별자치도 서귀포시 표선면 성읍리 산 6,https://api.cdn.visitjeju.net/photomng/imgpath/201804/30/23f0df74-960a-4f09-a8f0-36c6e4b550a0.webp,제주오름의 투박한 아름다움을 그대로 간직한 오름,제주오름의 투박한 아름다움을 그대로 간직한 오름,VJ,,https://map.kakao.com/?q=좌보미
3385,주정공장수용소 4.3역사관,,NORTH,CULTURE,문화시설,,제주시 건입동,33.5180562,126.5350434,제주특별자치도 제주시 임항로 98,https://api.cdn.visitjeju.net/photomng/imgpath/201804/30/d08715d0-ff10-4d54-bfec-4333f17927cc.webp,4.3사건 당시 수용소로 활용한 동양척식주식회사 제주주정공장,4.3사건 당시 수용소로 활용한 동양척식주식회사 제주주정공장,VJ+TOUR,,https://map.kakao.com/?q=주정공장수용소 4.3역사관
3386,중문CC,,SOUTH,EXPERIENCE,체험 활동 관광지,,서귀포시 예래동,33.252026,126.40774,제주특별자치도 서귀포시 중문관광로72번길 60 (색달동),https://api.cdn.visitjeju.net/photomng/imgpath/201804/30/be386259-fc97-42a5-b681-2ff17c52bfd3.webp,미 PGA가 아시아에서는 최초로 공인한 정통골프코스가 있는 곳,미 PGA가 아시아에서는 최초로 공인한 정통골프코스가 있는 곳,VJ,,https://map.kakao.com/?q=중문CC
3387,중문농수산물직판장,,SOUTH,COMMERCIAL,상업지구,,서귀포시 중문동,33.2524285,126.4423846,제주특별자치도 서귀포시 천제연로 355 (회수동),https://tong.visitkorea.or.kr/cms/resource/70/3403270_image2_1.jpg,중문농수산물직판장은 생산자가 직접 재배하고 유통해 더 믿을 수 있는 곳으로 청정 제주의 신선한 상품을 판매하고 있다.,"중문농수산물직판장은 생산자가 직접 재배하고 유통해 더 믿을 수 있는 곳으로 청정 제주의 신선한 상품을 판매하고 있다. 옥돔, 갈치, 고등어, 한라봉 등을 판매하고 있다. 시즌마다 맛있는 귤을 선보이며 제주 앞 바다에서 나는 가장 신선하고 맛있는 수산물을 선보이고 있는 직거래 장터이다.",TOUR,관광지인지 확인(도서관·교회·골프 등),https://map.kakao.com/?q=중문농수산물직판장
3388,중문리 신사터,,NORTH,CULTURE,문화시설,,제주시 이도2동,33.499622,126.53119,제주특별자치도 서귀포시 천제연로 149,https://api.cdn.visitjeju.net/photomng/imgpath/201804/30/d1adbdb1-2632-4c1d-979f-ae374e121bcb.webp,4·3 당시 토벌대에 의해 지역 주민들이 일상적으로 학살 당한 곳,4·3 당시 토벌대에 의해 지역 주민들이 일상적으로 학살 당한 곳,VJ,,https://map.kakao.com/?q=중문리 신사터
3389,중문미로파크,,SOUTH,EXPERIENCE,체험 활동 관광지,,서귀포시 예래동,33.2631,126.38159,제주특별자치도 서귀포시 일주서로 1225-5,https://api.cdn.visitjeju.net/photomng/imgpath/201804/30/c27de60f-1789-461b-9068-be1244bc74aa.webp,중문미로파크는 중문에 위치한 미로테마파크입니다.,중문미로파크는 중문에 위치한 미로테마파크입니다.,VJ+TOUR,,https://map.kakao.com/?q=중문미로파크
3390,중문색달해변,,SOUTH,NATURE,자연관광지,,서귀포시 예래동,33.2449725,126.4116462,제주특별자치도 서귀포시 중문관광로72번길 114,https://api.cdn.visitjeju.net/photomng/imgpath/201807/04/7948c7eb-345d-4c9a-96cd-5f583d325abb.webp,서퍼들의 천국이라 불릴 만큼 파도가 높아 여름에는 다이나믹한 해수욕을 즐기려는 사람들로 인산인해를 이루는 중문색달해변.,서퍼들의 천국이라 불릴 만큼 파도가 높아 여름에는 다이나믹한 해수욕을 즐기려는 사람들로 인산인해를 이루는 중문색달해변.,VJ,,https://map.kakao.com/?q=중문색달해변
3391,중문서핑스쿨,,SOUTH,EXPERIENCE,체험 활동 관광지,,서귀포시 예래동,33.2507278,126.4145161,"제주특별자치도 서귀포시 중문관광로 94 (색달동, 토산품할인마트) 중문서핑스쿨",https://api.cdn.visitjeju.net/photomng/imgpath/202506/04/ba138996-816e-4499-ba9b-34b1eb4988b3.webp,온몸으로 느끼는 짜릿한 서핑의 맛!,온몸으로 느끼는 짜릿한 서핑의 맛! 아름다운 중문색달해변에서 즐겁고 유쾌한 서핑 | 제주도 서귀포 중문 서핑강습,VJ,,https://map.kakao.com/?q=중문서핑스쿨
3392,중문안경방,,SOUTH,COMMERCIAL,상업지구,,서귀포시 중문동,33.2523996,126.4254704,제주특별자치도 서귀포시 중문상로 43 (중문동),https://tong.visitkorea.or.kr/cms/resource/10/4023910_image2_1.png,중문안경방은 제주 중문의 오랜 신뢰를 바탕으로 지역 주민과 관광객의 눈 건강을 책임지는 전통 있는 안경원입니다.,중문안경방은 제주 중문의 오랜 신뢰를 바탕으로 지역 주민과 관광객의 눈 건강을 책임지는 전통 있는 안경원입니다. 정직한 시력 검사와 편안한 피팅 서비스를 통해 고객에게 제주의 아름다운 풍경을 가장 선명하게 선사합니다.,TOUR,,https://map.kakao.com/?q=중문안경방
3393,중엄리새물,,WEST,TRAIL,산책로·둘레길,,제주시 애월읍,33.4654193,126.3169526,제주특별자치도 제주시 애월읍 애월해안로 10-2,https://api.cdn.visitjeju.net/photomng/imgpath/201807/11/1fb4cbc0-809a-47cc-91e3-7be24311ec1f.webp,제주 제일의 해안용수를 볼 수 있는 곳 이다.,제주 제일의 해안용수를 볼 수 있는 곳 이다.,VJ,,https://map.kakao.com/?q=중엄리새물
3394,쥬데마르카,,NORTH,COMMERCIAL,상업지구,,제주시 삼도2동,33.5138238,126.5195356,제주특별자치도 제주시 무근성5길 12,https://api.cdn.visitjeju.net/photomng/imgpath/202306/15/0e07d2b5-72d8-4c61-8cdd-7b70d885cbf4.webp,자체 제작 상품을 선보이는 소품샵,자체 제작 상품을 선보이는 소품샵,VJ,,https://map.kakao.com/?q=쥬데마르카
3395,쥬티클럽,,EAST,EXPERIENCE,체험 활동 관광지,,서귀포시 성산읍,33.4445754,126.9095025,제주 서귀포시 성산읍 신양로 111 윈드서핑 사무실,https://api.cdn.visitjeju.net/photomng/imgpath/201804/30/f64af29c-c140-471e-b02f-7bf6596c3e62.webp,윈드서핑&카이트서핑&패들보드 체험/강습/렌탈,윈드서핑&카이트서핑&패들보드 체험/강습/렌탈,VJ,,https://map.kakao.com/?q=쥬티클럽
3396,지구별가게,,NORTH,COMMERCIAL,상업지구,,제주시 노형동,33.4903362,126.4748486,제주특별자치도 제주시 오라일동 2453,https://api.cdn.visitjeju.net/photomng/imgpath/202311/22/2605454e-23f5-4d61-be6e-3633e96ec6c3.webp,제로웨이스트 여행을 실천할 수 있는 친환경가게,제로웨이스트 여행을 실천할 수 있는 친환경가게,VJ,,https://map.kakao.com/?q=지구별가게
3397,지그리오름,,EAST,NATURE,자연관광지,,제주시 조천읍,33.4225034,126.6295714,제주특별자치도 제주시 조천읍 교래리 산 137-1,https://api.cdn.visitjeju.net/photomng/imgpath/201804/30/ae2d75a3-8479-445e-8ff1-ee43b0dbc095.webp,아담한 풀밭사면에 자연림으로 이루어진 오름,아담한 풀밭사면에 자연림으로 이루어진 오름,VJ,,https://map.kakao.com/?q=지그리오름
3398,지그리오름 (큰지그리),,EAST,NATURE,자연관광지,,제주시 조천읍,33.4454523,126.6440068,제주특별자치도 제주시 조천읍 남조로 2023,https://api.cdn.visitjeju.net/photomng/imgpath/201804/30/6a843ace-03eb-48e6-bf1b-3e70cc498979.webp,울창한 숲과 곶자왈 지대로 이루어진 지그리오름,울창한 숲과 곶자왈 지대로 이루어진 지그리오름,VJ,,https://map.kakao.com/?q=지그리오름 (큰지그리)
3399,지미봉,,EAST,NATURE,자연관광지,,제주시 구좌읍,33.4895347,126.8779419,제주특별자치도 제주시 구좌읍 종달리 산3-1,https://api.cdn.visitjeju.net/photomng/imgpath/201804/30/e8e33624-5cb9-41d8-8f36-bc102731a847.webp,제주도의 푸른바다를 품고 싶을 때 가는 오름,제주도의 푸른바다를 품고 싶을 때 가는 오름,VJ,,https://map.kakao.com/?q=지미봉
3400,지미봉,,EAST,NATURE,자연관광지,,제주시 구좌읍,33.4992032,126.902007,제주특별자치도 제주시 구좌읍 종달리,https://tong.visitkorea.or.kr/cms/resource/85/3523585_image2_1.jpg,"지미봉은 제주도의 아름다운 오름 중 하나로, 제주시 구좌읍 종달리 마을 입구 동북 방향에 자리 잡고 있다.","지미봉은 제주도의 아름다운 오름 중 하나로, 제주시 구좌읍 종달리 마을 입구 동북 방향에 자리 잡고 있다. 원뿔 모양의 동쪽 봉우리가 주봉(정상)이며 북쪽에서 바라보면 두 개의 봉우리로 이루어졌고, 서북쪽 기슭에는 하도리 창흥동 양어장이 있다. 이 지역은 철새도래지로서, 겨울이 되면 겨울 철새인 저어새, 도요새, 청둥오리 등이 날아와 겨울을 난다. 성산일출봉과 우도, 종달항과 종달리 앞바다를 한눈에 내다볼 수 있다. 지미봉은 올레길 21코스에 자리하고 있어 올레길 관광객들도 찾고있다. 오름 꼭대기에 봉수대의 흔적이 남아 있는데, 북서로 왕가 봉수, 남동으로 성산 봉수와 교신하였다고 한다. 지미라는 이름이 붙은 것은 이곳이 제주 섬의 꼬리 부분에 해당하기 때문이고, 지미봉이라 표기하며, 속칭으로는 이라고 부른다. 예전에 한경면 두모리를 섬의 머리 또는 제주 목의 머리라 하고, 동쪽 끝의 이 오름을 이라 했다고 한다. 두산봉, 은월봉, 식산봉 북사면에 말굽형 분화구가 북향으로 벌어진다.",TOUR,,https://map.kakao.com/?q=지미봉
3401,지소울,,NORTH,COMMERCIAL,상업지구,,제주시 화북동,33.520097,126.5677523,제주특별자치도 제주시 진남로10길 7,https://api.cdn.visitjeju.net/photomng/imgpath/202510/14/2216a650-032e-456c-bb10-331cb9a087d2.webp,제주를 담는 비누판매와 체험이 가능한 온오프라인 공간,제주를 담는 비누판매와 체험이 가능한 온오프라인 공간,VJ,,https://map.kakao.com/?q=지소울
3402,지오다노 신세계사이먼프리미엄아울렛 제주점,,WEST,COMMERCIAL,상업지구,,서귀포시 안덕면,33.3049727,126.316352,제주특별자치도 서귀포시 안덕면 신화역사로304번길 38 B1층,https://tong.visitkorea.or.kr/cms/resource/19/4045019_image2_1.jpg,지오다노는 심플한 디자인과 뛰어난 품질의 제품으로 사랑받는 글로벌 캐주얼 브랜드입니다.,지오다노는 심플한 디자인과 뛰어난 품질의 제품으로 사랑받는 글로벌 캐주얼 브랜드입니다. 합리적인 가격과 편안한 착용감으로 남녀노소 부담 없이 입을 수 있습니다.,TOUR,,https://map.kakao.com/?q=지오다노 신세계사이먼프리미엄아울렛 제주점
3403,지토의숲,,EAST,COMMERCIAL,상업지구,,제주시 구좌읍,33.51311,126.858471,제주특별자치도 제주시 구좌읍 세화합전2길 10-8,https://api.cdn.visitjeju.net/photomng/imgpath/202407/11/94b8c1c8-53c5-4bc5-977c-8d9fba8292ff.webp,‘지토툰’을 제주에서 만나다!,‘지토툰’을 제주에서 만나다!,VJ,,https://map.kakao.com/?q=지토의숲
3404,진아영 할머니 삶터,,WEST,CULTURE,문화시설,,제주시 한림읍,33.376026,126.21468,제주특별자치도 제주시 한림읍 월령1길 22,https://api.cdn.visitjeju.net/photomng/imgpath/201804/30/c26e319a-4106-4ad1-8484-c762a255dfcc.webp,총탄에 턱을 맞고 쓰러진 뒤 무명천으로 턱을 가린 채 후유증으로 삶을 살아가셨던 진아영 할머니,총탄에 턱을 맞고 쓰러진 뒤 무명천으로 턱을 가린 채 후유증으로 삶을 살아가셨던 진아영 할머니,VJ,,https://map.kakao.com/?q=진아영 할머니 삶터
3405,질스튜어트 신세계사이먼프리미엄아울렛 제주점,,WEST,COMMERCIAL,상업지구,,서귀포시 안덕면,33.3049727,126.316352,제주특별자치도 서귀포시 안덕면 신화역사로304번길 38 B1층,https://tong.visitkorea.or.kr/cms/resource/70/4042070_image2_1.jpg,질스튜어트는 뉴욕의 로맨틱한 감성과 세련된 도시미가 공존하는 디자이너 브랜드입니다.,질스튜어트는 뉴욕의 로맨틱한 감성과 세련된 도시미가 공존하는 디자이너 브랜드입니다. 현대 여성의 당당함과 사랑스러움을 동시에 표현하는 감각적인 디자인의 의류와 액세서리로 전 세계적인 사랑을 받고 있습니다.,TOUR,,https://map.kakao.com/?q=질스튜어트 신세계사이먼프리미엄아울렛 제주점
3406,찐찐제주,,NORTH,COMMERCIAL,상업지구,,제주시 일도1동,33.5131743,126.5246997,"제주특별자치도 제주시 중앙로 지하 60 (일도일동, 중앙지하상가) 68호",https://api.cdn.visitjeju.net/photomng/imgpath/202601/20/1414baf3-2cf3-4582-bba7-63367cffe50d.webp,제주 시내 지하상가(68호)에 위치한 기념품 및 침구류 전문점입니다.,제주 시내 지하상가(68호)에 위치한 기념품 및 침구류 전문점입니다.,VJ,,https://map.kakao.com/?q=찐찐제주
3407,차귀도,,WEST,CULTURE,문화시설,,제주시 한경면,33.313435,126.148796,제주특별자치도 제주시 한경면 고산리 125,https://api.cdn.visitjeju.net/photomng/imgpath/202111/02/3a0bec1b-9fb0-401f-94e8-6be5dab724a0.webp,"해안절벽과 기암괴석이 절경을 이루는 섬, 제주 최대의 무인도· 천연기념물 제422호· 올레12코스","해안절벽과 기암괴석이 절경을 이루는 섬, 제주 최대의 무인도· 천연기념물 제422호· 올레12코스",VJ+TOUR,,https://map.kakao.com/?q=차귀도
3408,차귀도 바다낚시,,WEST,LEISURE,레저·스포츠 관련 시설,,제주시 한경면,33.3011473,126.2053164,제주특별자치도 제주시 한경면 고락로 200-52,https://tong.visitkorea.or.kr/cms/resource/31/3477931_image2_1.jpg,차귀도는 제주의 여러 섬 중에서 빼어난 절경을 자랑하는 섬이다.,"차귀도는 제주의 여러 섬 중에서 빼어난 절경을 자랑하는 섬이다. 제주시 한경면 고산리 자구내포구에서 뱃길로 10분 거리에 있다. 차귀도 주변 바다는 수심이 깊고 참돔, 돌돔, 흑돔, 벤자리, 자바리 등의 다양한 어종이 잡힌다. 특히 1~3월 사이 낚시꾼이 많이 몰린다. 차귀도 주위를 한 바퀴 돌아볼 수 있는 쾌속정이 수시로 운항하며, 낚시할 도구가 없을 경우에도 낚시도구가 갖추어진 소형어선을 빌려 배낚시가 가능하다. 어족이 풍부하여 낚시 경험이 없는 초보자도 고기가 잘 잡힌다. 배에는 약 15명 내외 인원이 탑승이 가능하기 때문에 함께 온 친구나 연인, 가족들과 함께 낚시를 즐길 수 있다. 워낙 입질이 잦기 때문에 낚싯줄을 던지자마자 물고기가 잡히는 경우도 있다.",TOUR,,https://map.kakao.com/?q=차귀도 바다낚시
3409,차귀도달래배낚시체험,,WEST,EXPERIENCE,체험 활동 관광지,,제주시 한경면,33.308909,126.1649209,제주특별자치도 제주시 한경면 노을해안로 1160,https://api.cdn.visitjeju.net/photomng/imgpath/202306/20/ba71e43d-6735-46a0-8040-2b43b186a936.webp,차귀도 앞바다에서 즐기는 낚시의 손맛,차귀도 앞바다에서 즐기는 낚시의 손맛,VJ,,https://map.kakao.com/?q=차귀도달래배낚시체험
3410,차귀도요트,,WEST,LEISURE,레저·스포츠 관련 시설,,제주시 한경면,33.323975,126.166031,제주특별자치도 제주시 한경면 한경해안로 156,https://tong.visitkorea.or.kr/cms/resource/91/4073091_image2_1.jpg,제주 서부 해역에 자리 잡은 요트 수상레저사업장으로 세일링요트와 파워낚시보트를 보유하고 있으며 별도의 구조선과 안전요원이 항시 대기 중으로 안…,"제주 서부 해역에 자리 잡은 요트 수상레저사업장으로 세일링요트와 파워낚시보트를 보유하고 있으며 별도의 구조선과 안전요원이 항시 대기 중으로 안전하고 여유롭게 이용 가능하다. 운항 코스는 이국적인 자연 경관을 배경으로 당산봉 해안절벽과 차귀도를 최대한 근접하여 운항할 뿐만 아니라 어족자원이 풍부한 포인트에서 손맛을 바로 느낄 수 있는 체험낚시와 열대어들과 함께 노닐 수 있는 스노클링도 함께 즐길 수 있으며, 남방 큰 돌고래와 함께 운항도 할 수 있다.",TOUR,,https://map.kakao.com/?q=차귀도요트
3411,참굴비조형물,,NORTH,NATURE,자연관광지,,제주시 추자면,33.952576,126.30432,제주특별자치도 제주시 추자면 묵리 산 131-1,https://api.cdn.visitjeju.net/photomng/imgpath/201804/30/ba79277b-e2cd-4dde-8201-5e44abc7ebed.webp,추자도의 상징인 참굴비 조형물,추자도의 상징인 참굴비 조형물,VJ,,https://map.kakao.com/?q=참굴비조형물
3412,창고천생태공원,,WEST,NATURE,자연관광지,,서귀포시 안덕면,33.258415,126.35306,제주특별자치도 서귀포시 안덕면 일주서로 1524,https://api.cdn.visitjeju.net/photomng/imgpath/201804/30/e32cf2be-c7af-4f9d-8f63-b40873fd3d0a.webp,안덕지역을 통과하는 생태 공원,안덕지역을 통과하는 생태 공원,VJ,,https://map.kakao.com/?q=창고천생태공원
3413,책가방,,NORTH,COMMERCIAL,상업지구,,제주시 일도2동,33.5125427,126.5334052,제주특별자치도 제주시 동문로14길 11,https://api.cdn.visitjeju.net/photomng/imgpath/202306/15/2be958d5-05c6-4a52-a468-5f03f47371b7.webp,'책이 가득한 방'이라는 뜻의 작고 아담한 동네서점,'책이 가득한 방'이라는 뜻의 작고 아담한 동네서점,VJ,,https://map.kakao.com/?q=책가방
3414,책계일주,,EAST,NATURE,자연관광지,,서귀포시 표선면,33.3078165,126.7762537,제주특별자치도 서귀포시 표선면 토산중앙로49번길 41 1층,https://api.cdn.visitjeju.net/photomng/imgpath/202506/10/6a5f4566-ae50-44be-ae8c-7be3c2a8d88e.webp,세계일주를 콘셉트로 책과 술을 같이 즐길 수 있는 북카페,세계일주를 콘셉트로 책과 술을 같이 즐길 수 있는 북카페,VJ,,https://map.kakao.com/?q=책계일주
3415,책방 소리소문,,WEST,COMMERCIAL,상업지구,,제주시 한경면,33.3325535,126.2595339,제주특별자치도 제주시 한경면 저지동길 8-31,https://api.cdn.visitjeju.net/photomng/imgpath/202512/03/00f99a54-f9fc-465c-8c85-c75b41c578f9.webp,죽기 전에 꼭 가봐야 할 세계 서점 150곳 중 하나,죽기 전에 꼭 가봐야 할 세계 서점 150곳 중 하나,VJ+TOUR,,https://map.kakao.com/?q=책방 소리소문
3416,책약방,,EAST,CULTURE,문화시설,,제주시 구좌읍,33.4929547,126.8976924,제주특별자치도 제주시 구좌읍 종달로5길 11,https://tong.visitkorea.or.kr/cms/resource/30/4106830_image2_1.jpg,조용한 초등학교 앞 정겨운 골목길을 천천히 걷다 보면 동화 속에서 튀어나온 듯 아기자기한 외관의 작은 책방이 여행자의 발길을 붙잡는다.,조용한 초등학교 앞 정겨운 골목길을 천천히 걷다 보면 동화 속에서 튀어나온 듯 아기자기한 외관의 작은 책방이 여행자의 발길을 붙잡는다. 이곳은 쓴 약 대신 달콤한 그림책으로 일상에 지친 사람들의 마음을 따스하게 다독이고자 문을 연 이색적인 무인 서점이다. 주인 없이 이십사 시간 내내 언제나 활짝 열려 있는 아담한 실내로 들어서면 누군가의 정성스러운 손길로 채워진 포근한 서가가 방문객을 반갑게 맞이한다. 책장에는 아이들의 순수한 상상력을 자극하는 도서부터 어른의 내면을 다정하게 위로해 주는 그림책과 산문집까지 다채로운 읽을거리가 정갈하게 꽂혀 있다. 그 밖에도 먼저 다녀간 여행자들이 정성껏 남겨 놓은 방명록의 흔적을 찬찬히 읽어보며 나만의 온전한 휴식 시간을 누릴 수 있는 것이 이곳만의 특별한 매력이다.,TOUR,,https://map.kakao.com/?q=책약방
3417,책은 선물,,WEST,COMMERCIAL,상업지구,,제주시 한경면,33.3491801,126.1820167,제주특별자치도 제주시 한경면 신창5길 5,https://api.cdn.visitjeju.net/photomng/imgpath/202306/15/05dc24f9-60b7-415b-bf27-57361e59147d.webp,일일 서점지기 체험이 가능한 작은 서점,일일 서점지기 체험이 가능한 작은 서점,VJ,,https://map.kakao.com/?q=책은 선물
3418,천아오름,,WEST,NATURE,자연관광지,,제주시 애월읍,33.3969294,126.4499096,제주특별자치도 제주시 애월읍 광령리,https://tong.visitkorea.or.kr/cms/resource/93/3526993_image2_1.jpg,"어승생악 서쪽 지점 신엄공동목장 안에 위치한 오름으로, 남쪽 봉우리를 중심으로 북서쪽으로 패어있는 소규모 말굽형 화구를 이루고 있다.","어승생악 서쪽 지점 신엄공동목장 안에 위치한 오름으로, 남쪽 봉우리를 중심으로 북서쪽으로 패어있는 소규모 말굽형 화구를 이루고 있다. 천아오름이라는 이름은 옛 지도에 이곳이 참나무봉우리로 표기된 것에서 따왔다. 해송이 주종을 이루며 잡목이 우거지고 꽝꽝나무가 많다. 천아오름 동녘 자락에 속칭 무수내(무수천 상류)가 있고, 이 냇가에는 어승생저수지의 보조수원인 천아수원이 개발되어 있다. 제주시와 애월읍의 경계를 이루며 계곡 양안에서 우거진 온대림은 참꽃나무와 낙엽활엽수의 단풍 등이 있어 경치가 수려하다. 오름은 경사가 완만하여 굳이 오르지 않더라도 평탄하고 주변의 어승생악, 붉은오름 등을 관찰할 수 있다. 천아오름은 사유지이며 탐방로가 정비가 되어있지 않아 천아계곡까지만 탐방하는 것을 추천한다.",TOUR,,https://map.kakao.com/?q=천아오름
3419,"천아오름(틍낭오름,天娥岳)",,NORTH,NATURE,자연관광지,,제주시 연동,33.3962598,126.4888362,제주특별자치도 제주시 애월읍 산록서로 678-207,https://api.cdn.visitjeju.net/photomng/imgpath/201804/30/1717ec5c-418e-4258-9cea-0eb98ca0fe22.webp,경승이 빼어난 천아오름,경승이 빼어난 천아오름,VJ,,"https://map.kakao.com/?q=천아오름(틍낭오름,天娥岳)"
3420,천주교 대정성지,,WEST,HISTORY,역사·유적·종교 시설,,서귀포시 대정읍,33.253584,126.260782,제주특별자치도 서귀포시 대정읍 추사로247번길 102,https://tong.visitkorea.or.kr/cms/resource/03/3391703_image2_1.jpg,대정성지는 다산 정약용의 조카이자 제주 최초의 천주교인 정난주 마리아의 묘가 안치된 곳이다.,"대정성지는 다산 정약용의 조카이자 제주 최초의 천주교인 정난주 마리아의 묘가 안치된 곳이다. 그녀의 남편인 황사영은 신유박해의 실상을 저술한 백서를 청나라에 보내려다가 발각되어 처형당했고, 그녀 역시 제주로 유배되었다. 제주 관노로 전락했음에도 신앙심을 잃지 않고 그녀의 풍부한 교양과 학식으로 주민들을 교화해 이웃들의 칭송을 받았다고 한다. 그녀가 세상을 떠나자 주민들은 그녀를 추모하는 공간을 마련했고, 훗날 천주교는 이곳을 대정성지로 꾸며 성지순례 장소 중 하나가 되었다.",TOUR,,https://map.kakao.com/?q=천주교 대정성지
3421,천주교 순례길 - 김기량길,,EAST,CULTURE,문화시설,,제주시 조천읍,33.532906,126.63163,제주특별자치도 제주시 조천읍 조천2길 19,https://api.cdn.visitjeju.net/photomng/imgpath/201804/30/3674d610-0710-4b0d-b48d-7110cb1b54d2.webp,조천 성당부터 복자 김기량 펠릭스베드로 순교헌양비까지 순례자길,조천 성당부터 복자 김기량 펠릭스베드로 순교헌양비까지 순례자길,VJ,,https://map.kakao.com/?q=천주교 순례길 - 김기량길
3422,천주교 순례길 - 김대건길,,WEST,CULTURE,문화시설,,제주시 한경면,33.301857,126.1801,제주특별자치도 제주시 한경면 고산로 6-3,https://api.cdn.visitjeju.net/photomng/imgpath/201804/30/2c83b0ef-ce78-4682-a9f8-9a67c0b260aa.webp,"110여년의 역사를 간직한 묵상의 시간,고산성당에서 성 김대건신부 표착지인 용수성지까지 순례길","110여년의 역사를 간직한 묵상의 시간,고산성당에서 성 김대건신부 표착지인 용수성지까지 순례길",VJ,,https://map.kakao.com/?q=천주교 순례길 - 김대건길
3423,천주교 순례길 - 신축화해길,,NORTH,CULTURE,문화시설,,제주시 삼도2동,33.51162,126.523155,제주특별자치도 제주시 관덕로8길 14,https://api.cdn.visitjeju.net/photomng/imgpath/201804/30/c1afe66a-7a6f-4377-a91e-a425ea42e02e.webp,황사평 성지로부터 별도봉을 거쳐 제주중앙성당에 다다르는 역사적 화해의 순례길,황사평 성지로부터 별도봉을 거쳐 제주중앙성당에 다다르는 역사적 화해의 순례길,VJ,,https://map.kakao.com/?q=천주교 순례길 - 신축화해길
3424,천주교 순례길 - 하논성당길,,SOUTH,CULTURE,문화시설,,서귀포시 송산동,33.244183,126.56304,제주특별자치도 서귀포시 태평로 398,https://api.cdn.visitjeju.net/photomng/imgpath/201804/30/11b585fb-1a0c-474c-82bf-01ad43503f87.webp,"환희의 길 하논성당 길, 서귀포성당에서 출발하여 이중섭거리 하논성당터를 돌아오는 순례길","환희의 길 하논성당 길, 서귀포성당에서 출발하여 이중섭거리 하논성당터를 돌아오는 순례길",VJ,,https://map.kakao.com/?q=천주교 순례길 - 하논성당길
3425,천주교 용수성지,,WEST,CULTURE,문화시설,,제주시 한경면,33.322792,126.16779,제주특별자치도 제주시 한경면 용수1길 108,https://api.cdn.visitjeju.net/photomng/imgpath/202112/23/79953c33-4093-493f-9e6e-90c7d0fbe8bb.webp,용수리의 천주교 성지,용수리의 천주교 성지,VJ+TOUR,,https://map.kakao.com/?q=천주교 용수성지
3426,천주교길 정난주길(고통의길),,WEST,CULTURE,문화시설,,서귀포시 대정읍,33.253555,126.26086,제주특별자치도 서귀포시 대정읍 추사로247번길 102,https://api.cdn.visitjeju.net/photomng/imgpath/201804/30/0daa2df8-b5d6-4f1d-9591-9a16af0672f2.webp,천주교길 정난주길(고통의길),천주교길 정난주길(고통의길),VJ,,https://map.kakao.com/?q=천주교길 정난주길(고통의길)
3427,천주교제주교구중앙성당,,NORTH,EXPERIENCE,체험 활동 관광지,,제주시 삼도2동,33.5116197,126.5231558,제주특별자치도 제주시 관덕로8길 14,https://api.cdn.visitjeju.net/photomng/imgpath/202112/10/54298216-d826-4965-8f34-59e1041b4fcc.webp,1899년 제8대 조선교구장 뮈텔 주교가 프랑스 선교사 페네(Pyenet) 주임신부와 김원영 보좌신부를 파견하면서 설치한 고딕양식 성당이자 제…,1899년 제8대 조선교구장 뮈텔 주교가 프랑스 선교사 페네(Pyenet) 주임신부와 김원영 보좌신부를 파견하면서 설치한 고딕양식 성당이자 제주교구 최초의 본당,VJ,,https://map.kakao.com/?q=천주교제주교구중앙성당
3428,천지연기정길,,SOUTH,TRAIL,산책로·둘레길,,서귀포시 천지동,33.2486282,126.5554081,제주특별자치도서귀포시 서귀동 961-33,https://api.cdn.visitjeju.net/photomng/imgpath/201804/30/736b02f2-20ee-49ee-8120-df4a9a80defd.webp,천지연 폭포를 눈에 담을 수 있는 길,천지연 폭포를 눈에 담을 수 있는 길,VJ,,https://map.kakao.com/?q=천지연기정길
3429,천진낭만,,EAST,COMMERCIAL,상업지구,,제주시 우도면,33.5033191,126.9556775,제주특별자치도 제주시 우도면 우도해안길 108,https://api.cdn.visitjeju.net/photomng/imgpath/201904/17/2a9f85fd-54c1-4f2b-85c9-38ffe3f7eaa6.webp,우도천진항 인근에 위치한 소품숍.,우도천진항 인근에 위치한 소품숍.,VJ,,https://map.kakao.com/?q=천진낭만
3430,청수곶자왈,,WEST,TRAIL,산책로·둘레길,,제주시 한경면,33.305817,126.26187,제주특별자치도 제주시 한경면 연명로 348 (청수리) 제주시 한경면 연명로 348,https://api.cdn.visitjeju.net/photomng/imgpath/202111/26/1579d76a-e2d1-4b19-abb6-6c852a8f4e4f.webp,제주도내 최대 운문산 반딧불이 서식지,제주도내 최대 운문산 반딧불이 서식지,VJ+TOUR,,https://map.kakao.com/?q=청수곶자왈
3431,청수성결교회,,WEST,CULTURE,문화시설,,제주시 한경면,33.3251954,126.2558439,제주특별자치도 제주시 한경면 대한로 1067,https://api.cdn.visitjeju.net/photomng/imgpath/201812/21/e2627d53-0921-44f1-8a21-412e79dfe3f9.webp,청수리마을 저청삼거리에 있는 마을 교회,청수리마을 저청삼거리에 있는 마을 교회,VJ,관광지인지 확인(도서관·교회·골프 등),https://map.kakao.com/?q=청수성결교회
3432,청아투명카약,,WEST,LEISURE,레저·스포츠 관련 시설,,제주시 애월읍,33.460272,126.310542,제주특별자치도 제주시 애월읍 애월로 11 한담공원,https://tong.visitkorea.or.kr/cms/resource/43/3037943_image2_1.jpg,청아투명카약은 애월읍 한담해변에 위치한 투명카약을 체험할 수 있는 곳이다.,"청아투명카약은 애월읍 한담해변에 위치한 투명카약을 체험할 수 있는 곳이다. 제주도의 아름다운 바다를 투명카약을 타고 감상할 수 있다. 바닥이 투명하게 되어 있어 바다 위에서 카약을 타면서 맑은 바닷속의 세상을 관찰할 수 있다. 직접 노를 저어 제주의 맑은 바다를 누비고 다니는 즐거움은 스노클링과 수영과는 또 다른 재미를 선사한다. 카약 탑승 시 안전상 자리 바꾸기, 과도한 장난, 구명조끼 탈의, 입수등의 행위는 금지되어 있다. 투명카약 체험이 끝나고 한담해변의 푸른 바다를 보며 해안 산책로를 산책하거나 애월카페거리를 함께 둘러볼 수 있다. 대략 11월부터 다음 해 3월까지는 체험을 진행하지 않기 때문에 미리 확인 후 가는 것을 추천한다.",TOUR,,https://map.kakao.com/?q=청아투명카약
3433,초원승마클럽 승마체험/활쏘기체험,,SOUTH,EXPERIENCE,체험 활동 관광지,,서귀포시 예래동,33.2765801,126.397166,제주특별자치도 서귀포시 상예로 363 (상예동),https://api.cdn.visitjeju.net/photomng/imgpath/202503/19/8859de0a-e483-42be-89ac-74e89fb0dc9d.webp,한라산을 배경으로 한 이국적인 자연 속 힐링 승마체험 / 유아24개월이상부터 성인까지 누구나 즐기는 제주도 승마체험장,한라산을 배경으로 한 이국적인 자연 속 힐링 승마체험 / 유아24개월이상부터 성인까지 누구나 즐기는 제주도 승마체험장,VJ,,https://map.kakao.com/?q=초원승마클럽 승마체험/활쏘기체험
3434,초콜릿박물관,,WEST,CULTURE,문화시설,,서귀포시 대정읍,33.25704,126.23002,제주특별자치도 서귀포시 대정읍 일주서로3000번길 144,https://api.cdn.visitjeju.net/photomng/imgpath/201912/05/6f041cc2-4fc8-4f9d-bd3c-ee4ef2a807c4.webp,세계 10대 초콜릿박물관,세계 10대 초콜릿박물관,VJ+TOUR,,https://map.kakao.com/?q=초콜릿박물관
3435,추자군도,,NORTH,LEISURE,레저·스포츠 관련 시설,,제주시 추자면,33.9501297,126.3095287,제주특별자치도 제주시 추자면 추자로,https://tong.visitkorea.or.kr/cms/resource/63/3411263_image2_1.jpg,"목포에서 직선거리 93km, 제주에서는 53km 북쪽에 위치한 이 섬은 추자도라 부르기보다는 추자군도로 부름이 타당할 만큼 49개에 이르는 대…","목포에서 직선거리 93km, 제주에서는 53km 북쪽에 위치한 이 섬은 추자도라 부르기보다는 추자군도로 부름이 타당할 만큼 49개에 이르는 대소 부속 도서들을 거느리고 있는 갯바위 일급 지역이다. 이 추자도는 본섬인 상·하추자도가 다리로 연결되어 있다. 추자도는 수심이 깊고, 먼바다에 떨어져 앉은 원도에 해당하므로 바람이 조금만 불어도 심한 파도로 배낚시는 거의 불가능해지기 때문에 갯바위 낚시가 기본이 된다. 추자도의 낚시 포인트는 전 섬 모두 해당한다. 그만큼 크고 작은 각 섬마다 포인트가 형성되어 있고 낚시가 시도되지 않은 곳이 없을 만큼 거의 전 지역이 낚시터로 개발되어 있다. 따라서 낚시터 선정에 있어서는 물 때만 맞춘다면 각자 개개인의 경험과 판단에 따라 어느 곳에서 낚시해도 무난하다.",TOUR,,https://map.kakao.com/?q=추자군도
3436,추자도,,NORTH,NATURE,자연관광지,,제주시 추자면,33.947014,126.3201,제주특별자치도 제주시 추자면 추자도,https://api.cdn.visitjeju.net/photomng/imgpath/201804/30/78883ad5-5708-46d3-af18-f40847291654.webp,"한반도 남서부와 제주특별자치도의 중간 지점에 위치하며, 상추자도·하추자도를 묶어 추자도라고 함","한반도 남서부와 제주특별자치도의 중간 지점에 위치하며, 상추자도·하추자도를 묶어 추자도라고 함",VJ,,https://map.kakao.com/?q=추자도
3437,추자연도교,,NORTH,NATURE,자연관광지,,제주시 추자면,33.95409,126.3023,제주특별자치도 제주시 추자면 영흥리 97-3,https://api.cdn.visitjeju.net/photomng/imgpath/201804/30/f6eb13cd-e9bd-42a0-9f67-9704361f2e13.webp,상추자도와 하추자도를 잇는 추자 연도교,상추자도와 하추자도를 잇는 추자 연도교,VJ,,https://map.kakao.com/?q=추자연도교
3438,춘식이와옥희,,SOUTH,COMMERCIAL,상업지구,,서귀포시 남원읍,33.2921494,126.7608662,제주특별자치도 서귀포시 남원읍 태신해안로 115,https://api.cdn.visitjeju.net/photomng/imgpath/202309/19/d544e473-4e64-4374-b2f0-78a05e505f80.webp,펫팸족을 위한 애견동반 애견용품 소품샵 및 제주도 기념품샵,펫팸족을 위한 애견동반 애견용품 소품샵 및 제주도 기념품샵,VJ,,https://map.kakao.com/?q=춘식이와옥희
3439,칠머리길,,NORTH,EXPERIENCE,체험 활동 관광지,,제주시 건입동,33.5170679,126.5359943,제주특별자치도 제주시 칠머리길 1,https://api.cdn.visitjeju.net/photomng/imgpath/201812/26/94eb6190-a062-44a0-a1f8-5868ead46fa8.webp,칠머리당 터를 만나 볼 수 있는 제주의 옛 골목길,칠머리당 터를 만나 볼 수 있는 제주의 옛 골목길,VJ,,https://map.kakao.com/?q=칠머리길
3440,칠십리 음식특화거리,,SOUTH,COMMERCIAL,상업지구,,서귀포시 송산동,33.2443044,126.5690477,제주 서귀포시 서귀동,https://api.cdn.visitjeju.net/photomng/imgpath/202312/21/e71ffd0f-1572-4acf-a0c6-fb583cd1d741.webp,서귀포를 대표하는 맛있는 음식이 가득한 거리,서귀포를 대표하는 맛있는 음식이 가득한 거리,VJ,,https://map.kakao.com/?q=칠십리 음식특화거리
3441,카카오본사,,NORTH,EXPERIENCE,체험 활동 관광지,,제주시 아라동,33.4500257,126.5733138,제주특별자치도 제주시 첨단로 242,https://api.cdn.visitjeju.net/photomng/imgpath/201812/19/a1056453-2576-4cca-bf62-d2649b5c2077.webp,카카오 본사 스페이스닷원,카카오 본사 스페이스닷원,VJ,,https://map.kakao.com/?q=카카오본사
3442,카키키리,,EAST,COMMERCIAL,상업지구,,제주시 구좌읍,33.5553225,126.7942488,제주특별자치도 제주시 구좌읍 월정3길 47,https://api.cdn.visitjeju.net/photomng/imgpath/202306/15/2dc160ed-7403-490e-bf9d-bdc717e4c401.webp,규모는 작지만 알차게 기념품 쇼핑을 즐길 수 있는 월정리 소품샵,규모는 작지만 알차게 기념품 쇼핑을 즐길 수 있는 월정리 소품샵,VJ,,https://map.kakao.com/?q=카키키리
3443,카파이풋 도두점,,NORTH,NATURE,자연관광지,,제주시 이호동,33.5028598,126.458566,제주특별자치도 제주시 백포북길 23,https://api.cdn.visitjeju.net/photomng/imgpath/202511/19/69abbdf6-75cf-4b8e-aba7-5fcc6b0ee9bc.webp,공항 인근 피로를 풀어주는 족욕 스파 전문점,공항 인근 피로를 풀어주는 족욕 스파 전문점,VJ,,https://map.kakao.com/?q=카파이풋 도두점
3444,캄포스 제주 부티크,,SOUTH,COMMERCIAL,상업지구,,서귀포시 예래동,33.2485996,126.4103301,제주특별자치도 서귀포시 중문관광로72번길 35 (색달동),https://tong.visitkorea.or.kr/cms/resource/87/4042387_image2_1.png,캄포스(CAMPOS)는 대지의 풍요로움과 자연의 여유를 담아낸 라이프스타일 브랜드입니다.,캄포스(CAMPOS)는 대지의 풍요로움과 자연의 여유를 담아낸 라이프스타일 브랜드입니다. 내추럴한 소재와 정갈한 디자인의 소품 및 가구들을 통해 고객의 주거 공간에 평온한 안식과 미학적 가치를 더해줍니다.,TOUR,,https://map.kakao.com/?q=캄포스 제주 부티크
3445,캘리그라피 오월,,NORTH,EXPERIENCE,체험 활동 관광지,,제주시 오라동,33.487987,126.517789,제주특별자치도 제주시 오남로 90,https://api.cdn.visitjeju.net/photomng/imgpath/201807/19/416a0ec7-1f65-4543-8564-7688d2e084b9.webp,나만의 아름답고 개성 있는 손글씨를 쓸 수 있는 캘리그라피오월.,나만의 아름답고 개성 있는 손글씨를 쓸 수 있는 캘리그라피오월.,VJ,,https://map.kakao.com/?q=캘리그라피 오월
3446,캘빈클라인 구제주대리점,,NORTH,COMMERCIAL,상업지구,,제주시 일도1동,33.5150208,126.5257022,제주특별자치도 제주시 중앙로7길 9 (일도일동),https://tong.visitkorea.or.kr/cms/resource/37/4017437_image2_1.jpeg,캘빈클라인은 미니멀리즘과 세련된 관능미를 상징하는 글로벌 라이프스타일 브랜드입니다.,"캘빈클라인은 미니멀리즘과 세련된 관능미를 상징하는 글로벌 라이프스타일 브랜드입니다. 데님, 언더웨어, 향수 등 다양한 카테고리에서 현대적인 디자인 철학을 고수하며 전 세계적으로 시대를 초월한 사랑을 받고 있습니다.",TOUR,,https://map.kakao.com/?q=캘빈클라인 구제주대리점
3447,캘빈클라인언더웨어 제주대리점,,NORTH,COMMERCIAL,상업지구,,제주시 연동,33.4883158,126.4898288,제주특별자치도 제주시 신광로 44 (연동) 1층,https://tong.visitkorea.or.kr/cms/resource/70/4020370_image2_1.jpg,캘빈클라인언더웨어는 감각적이고 관능적인 디자인으로 전 세계 언더웨어 시장을 선도하는 브랜드입니다.,"캘빈클라인언더웨어는 감각적이고 관능적인 디자인으로 전 세계 언더웨어 시장을 선도하는 브랜드입니다. 상징적인 로고 밴드와 부드러운 소재감, 인체공학적 디자인을 통해 최상의 편안함과 스타일을 동시에 제공합니다.",TOUR,,https://map.kakao.com/?q=캘빈클라인언더웨어 제주대리점
3448,캘빈클라인진 신제주대리점,,NORTH,COMMERCIAL,상업지구,,제주시 연동,33.4863096,126.489762,제주특별자치도 제주시 신광로 66 (연동),https://tong.visitkorea.or.kr/cms/resource/12/4020412_image2_1.jpg,캘빈클라인진은 미니멀리즘과 관능미를 동시에 담아낸 글로벌 데님 브랜드입니다.,캘빈클라인진은 미니멀리즘과 관능미를 동시에 담아낸 글로벌 데님 브랜드입니다. 심플하면서도 상징적인 로고 디자인과 완벽한 핏의 진 제품들을 통해 전 세계 청춘들에게 영감을 주는 아이코닉한 스타일을 선보입니다.,TOUR,,https://map.kakao.com/?q=캘빈클라인진 신제주대리점
3449,캠파제주,,SOUTH,LEISURE,레저·스포츠 관련 시설,,서귀포시 영천동,33.2986705,126.6005877,제주특별자치도 서귀포시 516로 574-23 (상효동),https://tong.visitkorea.or.kr/cms/resource/72/2739872_image2_1.jpg,캠파제주는 제주의 368개의 오름 중 하나인 영천오름에 있어서 산책로와 오름을 트레킹하며 제주도 최고의 절경을 만끽할 수 있는 곳이다.,"캠파제주는 제주의 368개의 오름 중 하나인 영천오름에 있어서 산책로와 오름을 트레킹하며 제주도 최고의 절경을 만끽할 수 있는 곳이다. 4면이 창문으로 된 최신식 카라반과 글램핑동이 함께 있으며, 신설 캠핑장이라 모든 것이 깔끔한 시설을 갖추고 있어서 말 그대로 몸만 가면 된다. 전망 좋은 오름에서 시원한 바닷바람을 만끽하면서 편안한 휴식을 즐길 수 있는 곳이다. 카라반 내부에는 침대, 침구, TV, 에어컨, 반방기, 냉장고, 전자레인지, 인덕션, 전기밥솥, 커피포트, 주방용품, 헤어드라이어, 수건, 샴푸, 비누, 바디클렌저, 치약 등이 구비되어 있으며 와이파이 사용이 가능하다. 여름에는 수영장이 있어 시원하게 여름을 보낼 수 있다. 주변 관광지로는 돈내코 유원지, 상효원, 정방폭포, 천지연폭포, 쇠소깍 등 제주의 관광명소가 자동차로 10분 거리에 있어 편안하게 둘러볼 수 있다.",TOUR,,https://map.kakao.com/?q=캠파제주
3450,캣츠앤독스,,SOUTH,EXPERIENCE,체험 활동 관광지,,서귀포시 동홍동,33.248925,126.5708639,제주특별자치도 서귀포시 태평로 488,https://api.cdn.visitjeju.net/photomng/imgpath/202308/23/45c56a3d-1403-4990-bcd1-77f9fe5dbe1d.webp,"‘포포’와 ‘리치’가 지키고 있는 캣츠앤독스는 반려견 유치원, 반려견 미용, 반려견 호텔, 모두 가능한 반려동물 멀티샵이다.","‘포포’와 ‘리치’가 지키고 있는 캣츠앤독스는 반려견 유치원, 반려견 미용, 반려견 호텔, 모두 가능한 반려동물 멀티샵이다.",VJ,,https://map.kakao.com/?q=캣츠앤독스
3451,커버낫 제주점,,NORTH,COMMERCIAL,상업지구,,제주시 일도1동,33.5143379,126.5251028,제주특별자치도 제주시 칠성로길 21 (일도일동) 1층,https://tong.visitkorea.or.kr/cms/resource/08/4024308_image2_1.jpeg,커버낫은 빈티지 웨어를 현대적인 관점으로 재해석한 국내 대표 스트릿 캐주얼 브랜드입니다.,커버낫은 빈티지 웨어를 현대적인 관점으로 재해석한 국내 대표 스트릿 캐주얼 브랜드입니다. 탄탄한 품질과 트렌디한 실루엣의 의류를 통해 젊은 층 사이에서 독보적인 팬덤을 형성하고 있습니다.,TOUR,,https://map.kakao.com/?q=커버낫 제주점
3452,컬럼비아 제주점,,NORTH,COMMERCIAL,상업지구,,제주시 일도1동,33.5145987,126.5244193,제주특별자치도 제주시 중앙로 42 (일도일동) 1층,https://tong.visitkorea.or.kr/cms/resource/13/4045713_image2_1.jpg,"컬럼비아는 미국 글로벌 아웃도어 브랜드로, 방수·보온 등 뛰어난 기능을 갖춘 제품을 제공합니다.","컬럼비아는 미국 글로벌 아웃도어 브랜드로, 방수·보온 등 뛰어난 기능을 갖춘 제품을 제공합니다. 실용적인 디자인과 높은 내구성으로 일상과 아웃도어 활동 모두에 적합합니다.",TOUR,,https://map.kakao.com/?q=컬럼비아 제주점
3453,코난비치 스노쿨링 월정점,,EAST,COMMERCIAL,상업지구,,제주시 구좌읍,33.5520763,126.7909708,제주특별자치도 제주시 구좌읍 월정1길 1 (월정리) ,https://api.cdn.visitjeju.net/photomng/imgpath/202505/12/47a7bee0-77bf-412f-978f-185d78170baa.webp,코난비치 스노클링 장비 대여 렌탈 배달 전문점,코난비치 스노클링 장비 대여 렌탈 배달 전문점,VJ,,https://map.kakao.com/?q=코난비치 스노쿨링 월정점
3454,코데즈컴바인 제주이도점,,NORTH,COMMERCIAL,상업지구,,제주시 이도2동,33.4897945,126.5400199,제주특별자치도 제주시 구남동5길 10 (이도이동) 1동,https://tong.visitkorea.or.kr/cms/resource/86/4042386_image2_1.png,코데즈컴바인은 시크하고 모던한 감성을 바탕으로 자유로운 믹스매치 스타일을 제안하는 대표적인 컨템포러리 패션 브랜드입니다.,코데즈컴바인은 시크하고 모던한 감성을 바탕으로 자유로운 믹스매치 스타일을 제안하는 대표적인 컨템포러리 패션 브랜드입니다. 독창적인 실루엣과 과감한 디자인의 의류를 통해 자신만의 뚜렷한 개성을 표현하고자 하는 고객들에게 사랑받습니다.,TOUR,,https://map.kakao.com/?q=코데즈컴바인 제주이도점
3455,코오롱스포츠 서귀포명동로점,,SOUTH,COMMERCIAL,상업지구,,서귀포시 중앙동,33.2486834,126.5666329,제주특별자치도 서귀포시 중정로 97 (서귀동),https://tong.visitkorea.or.kr/cms/resource/09/4024309_image2_1.jpeg,코오롱은 친환경을 추구하는 대한민국 패션·라이프스타일 브랜드입니다.,"코오롱은 친환경을 추구하는 대한민국 패션·라이프스타일 브랜드입니다. 아웃도어부터 캐주얼까지 폭넓은 라인업을 갖추고 있으며, 제품의 내구성과 기능성, 실용성이 뛰어나 많은 사랑을 받고 있습니다.",TOUR,,https://map.kakao.com/?q=코오롱스포츠 서귀포명동로점
3456,코오롱스포츠 신제주점,,NORTH,COMMERCIAL,상업지구,,제주시 노형동,33.482607,126.480654,제주특별자치도 제주시 1100로 3319 (노형동),https://tong.visitkorea.or.kr/cms/resource/10/4024310_image2_1.jpeg,코오롱은 친환경을 추구하는 대한민국 패션·라이프스타일 브랜드입니다.,"코오롱은 친환경을 추구하는 대한민국 패션·라이프스타일 브랜드입니다. 아웃도어부터 캐주얼까지 폭넓은 라인업을 갖추고 있으며, 제품의 내구성과 기능성, 실용성이 뛰어나 많은 사랑을 받고 있습니다.",TOUR,,https://map.kakao.com/?q=코오롱스포츠 신제주점
3457,코코넛서프서핑스쿨 제주,,SOUTH,EXPERIENCE,체험 활동 관광지,,서귀포시 중문동,33.2436726,126.4215188,제주특별자치도 서귀포시 중문관광로 205 (중문동) 1층 1호,https://api.cdn.visitjeju.net/photomng/imgpath/202503/14/c8110f44-9ed1-4c05-9e23-3f5fe6abb386.webp,"WILD BUT CUTE, COCONUT SURF *제주도 서귀포 중문 서핑강습 프로그램 상세 설명 및 강습/렌트 스케줄은 예약창을 통해 확인…","WILD BUT CUTE, COCONUT SURF *제주도 서귀포 중문 서핑강습 프로그램 상세 설명 및 강습/렌트 스케줄은 예약창을 통해 확인 가능해요!",VJ,,https://map.kakao.com/?q=코코넛서프서핑스쿨 제주
3458,코코컬처클럽,,EAST,CULTURE,문화시설,,서귀포시 성산읍,33.387,126.8881,제주특별자치도 서귀포시 성산읍 환해장성로 201,https://tong.visitkorea.or.kr/cms/resource/01/3584901_image2_1.jpg,"코코컬처클럽은 제주특별자치도 서귀포시 성산읍에 위치한 약 10,000평 규모의 대형 복합문화공간이다.","코코컬처클럽은 제주특별자치도 서귀포시 성산읍에 위치한 약 10,000평 규모의 대형 복합문화공간이다. 성산 앞바다를 정면으로 마주한 해안가 입지에 자리하고 있으며, 탁 트인 오션뷰를 기반으로 레스토랑, 카페, 굿즈샵 등 다양한 시설을 함께 운영하고 있다. 공간 내 레스토랑에서는 스테이크를 비롯해 피자, 핫도그, 프렌치프라이 등 아메리칸 푸드와 브런치 메뉴, 맥모닝 메뉴, 시즌 한정 메뉴 등 다양한 식사 메뉴를 제공하며, 카페에서는 음료와 디저트를 즐길 수 있다. 굿즈샵에서는 자체 기획 상품과 기념품을 판매하고 있어 식음과 쇼핑을 동시에 경험할 수 있는 구조이다. 야외 공간도 함께 구성되어 있어 방문객은 바다 전망을 감상하며 휴식과 여가 시간을 보낼 수 있다. 코코컬처클럽에서는 정기 및 비정기적으로 공연, 페스티벌, 체험 프로그램 등 다양한 문화 행사가 진행된다. 코코컬처클럽은 복합 형태의 문화공간으로 운영되며, 제주 동부 지역을 찾는 관광객과 지역 방문객 모두가 이용할 수 있는 관광지이다. 넓은 부지와 다양한 시설 구성으로 가족, 연인, 친구 단위 방문객 등 다양한 이용 목적에 대응할 수 있는 공간이다.",TOUR,,https://map.kakao.com/?q=코코컬처클럽
3459,코코하 카카오패밀리,,EAST,EXPERIENCE,체험 활동 관광지,,제주시 구좌읍,33.5225689,126.8574868,제주특별자치도 제주시 구좌읍 구좌로 60,https://api.cdn.visitjeju.net/photomng/imgpath/202306/20/06d662c3-a28b-4496-9022-3a3c8c426797.webp,유일무이한 카카오 테이스팅 체험,유일무이한 카카오 테이스팅 체험,VJ,,https://map.kakao.com/?q=코코하 카카오패밀리
3460,쿠키네,,WEST,EXPERIENCE,체험 활동 관광지,,제주시 애월읍,33.4713897,126.3668522,제주특별자치도 제주시 애월읍 일주서로 6689,https://api.cdn.visitjeju.net/photomng/imgpath/202212/15/a03f9c40-7b73-4020-b3de-960d4ff51a3e.webp,쿠키네는 애월읍 신엄리에 반려동물 미용실이다.,쿠키네는 애월읍 신엄리에 반려동물 미용실이다.,VJ,,https://map.kakao.com/?q=쿠키네
3461,쿠킹독,,NORTH,EXPERIENCE,체험 활동 관광지,,제주시 일도2동,33.507728,126.5342896,제주특별자치도 제주시 신산로 67-1,https://api.cdn.visitjeju.net/photomng/imgpath/202308/23/195b0926-e577-4d78-9fa9-b574fc8009b3.webp,100% 핸드메이드 수제간식을 판매하는 이곳은 반려동물의 알레르기와 건강 등을 고려해 다양한 간식들과 케이크를 직접 만들어 판매하고 있다.,100% 핸드메이드 수제간식을 판매하는 이곳은 반려동물의 알레르기와 건강 등을 고려해 다양한 간식들과 케이크를 직접 만들어 판매하고 있다.,VJ,,https://map.kakao.com/?q=쿠킹독
3462,쿨다이브,,SOUTH,EXPERIENCE,체험 활동 관광지,,서귀포시 송산동,33.2413014,126.5627409,제주특별자치도 서귀포시 솔동산로10번길 39-1 (서귀동) ,https://api.cdn.visitjeju.net/photomng/imgpath/202404/24/9f88a636-7dce-4d3f-8bf8-25de4f87f66d.webp,"쿨다이브만의 다이빙 전용 보트를 보유하고 있으며, 숙소, 장비, 각종 편의 시설로 쾌적한 다이빙을 즐길 수 있는 공간","쿨다이브만의 다이빙 전용 보트를 보유하고 있으며, 숙소, 장비, 각종 편의 시설로 쾌적한 다이빙을 즐길 수 있는 공간",VJ,,https://map.kakao.com/?q=쿨다이브
3463,크라운컨트리클럽,,EAST,LEISURE,레저·스포츠 관련 시설,,제주시 조천읍,33.5284188,126.6952159,제주특별자치도 제주시 조천읍 북선로 125,https://tong.visitkorea.or.kr/cms/resource/90/3577190_image2_1.jpg,제주도의 이국적인 분위기를 즐길 수 있는 곳 크라운컨트리클럽은 1998년 골프장을 개장하였다.,"제주도의 이국적인 분위기를 즐길 수 있는 곳 크라운컨트리클럽은 1998년 골프장을 개장하였다. 공항에서 25분 거리로 접근성이 뛰어나며, 제주 골프장 중에서 해발이 가장 낮은 곳에 위치하여 지리적 입지조건은 좋기 때문에 연중무휴 라운딩이 가능하다. 최근 이용객의 보다 쾌적한 골프 환경을 제공하기 위하여 과감한 투자를 시행, 31실 규모의 골프빌리지를 완공하였고 클럽하우스 및 코스는 리노베이션 공사를 통하여 새 단장하여 양질의 서비스를 제공하기 위해 노력하고 있다.

(출처 : 크라운컨트리클럽)",TOUR,,https://map.kakao.com/?q=크라운컨트리클럽
3464,크록스 제주점,,NORTH,COMMERCIAL,상업지구,,제주시 일도1동,33.5142456,126.5253669,제주특별자치도 제주시 칠성로길 24 (일도일동),https://tong.visitkorea.or.kr/cms/resource/82/4020382_image2_1.jpg,크록스는 독보적인 편안함과 개성 있는 디자인으로 사랑받는 글로벌 슈즈 브랜드입니다.,"크록스는 독보적인 편안함과 개성 있는 디자인으로 사랑받는 글로벌 슈즈 브랜드입니다. 자체 개발한 소재를 활용한 가볍고 편안한 신발에 ""지비츠"" 참으로 나만의 개성을 더할 수 있는 즐거움을 선사합니다.",TOUR,,https://map.kakao.com/?q=크록스 제주점
3465,크록스 제주중문점,,SOUTH,COMMERCIAL,상업지구,,서귀포시 예래동,33.2496985,126.4115565,제주특별자치도 서귀포시 중문관광로72번길 29-9 (색달동),https://tong.visitkorea.or.kr/cms/resource/82/4020082_image2_1.jpg,크록스는 독보적인 편안함과 개성 있는 디자인으로 사랑받는 글로벌 슈즈 브랜드입니다.,"크록스는 독보적인 편안함과 개성 있는 디자인으로 사랑받는 글로벌 슈즈 브랜드입니다. 자체 개발한 소재를 활용한 가볍고 편안한 신발에 ""지비츠"" 참으로 나만의 개성을 더할 수 있는 즐거움을 선사합니다.",TOUR,,https://map.kakao.com/?q=크록스 제주중문점
3466,큰넓궤,,WEST,CULTURE,문화시설,,서귀포시 안덕면,33.31075,126.357635,제주특별자치도 서귀포시 안덕면 동광리 90 일대,https://api.cdn.visitjeju.net/photomng/imgpath/201908/22/f9442fba-3261-4a2b-8c29-f8e3bcd7708c.webp,1948년 11월 중순 이후 동광 주민들이 2개월 가량 집단적으로 은신생활을 했던 곳,1948년 11월 중순 이후 동광 주민들이 2개월 가량 집단적으로 은신생활을 했던 곳,VJ,,https://map.kakao.com/?q=큰넓궤
3467,큰노꼬메오름,,WEST,NATURE,자연관광지,,제주시 애월읍,33.38944,126.410403,제주특별자치도 제주시 애월읍 유수암리 산138,https://tong.visitkorea.or.kr/cms/resource/52/3527352_image2_1.jpg,제주시 서쪽 애월읍에 있는 큰노꼬메오름은 큰녹고메라고도 불린다.,제주시 서쪽 애월읍에 있는 큰노꼬메오름은 큰녹고메라고도 불린다. 자연경관이 뛰어나고 주변 궷물 오름으로 이어지는 산책로를 포함하고 있어 제주 서부지역 오름 중 관광객과 도민이 많이 찾는 곳 중 하나이다. 오름 정상은 가운데가 우묵져 남북으로 두 봉우리가 마주 보면서 북서쪽으로 말굽형 화구를 이루고 있다. 가파른 사면과 상당한 높이가 특징이다. 제주시에서는 탐방로 및 안내표지판 등의 정비 작업을 마쳤다. 데크로 잘 정돈된 정상 전망대에는 오랜 시간 머물며 노을을 관람하는 탐방객이 많다.,TOUR,,https://map.kakao.com/?q=큰노꼬메오름
3468,큰녹고메,,WEST,NATURE,자연관광지,,제주시 애월읍,33.39231,126.41524,제주특별자치도 제주시 애월읍 유수암리 산 138,https://api.cdn.visitjeju.net/photomng/imgpath/201804/30/fd9e1ff3-a897-458f-be56-92b2e58207af.webp,멋지고 시원한 전망과 바람에 일렁이는 억새를 만날 수 있는 곳,멋지고 시원한 전망과 바람에 일렁이는 억새를 만날 수 있는 곳,VJ,,https://map.kakao.com/?q=큰녹고메
3469,큰바리메오름,,WEST,NATURE,자연관광지,,제주시 애월읍,33.3825119,126.3859874,제주특별자치도 제주시 애월읍 어음리 산 21,https://api.cdn.visitjeju.net/photomng/imgpath/201804/30/13dff35a-c86d-4efe-8c30-91316b522733.webp,오름의 모양이 바리를 닮은 기생화산,오름의 모양이 바리를 닮은 기생화산,VJ,,https://map.kakao.com/?q=큰바리메오름
3470,큰사슴이오름,,EAST,NATURE,자연관광지,,서귀포시 표선면,33.3987,126.7292,제주특별자치도 서귀포시 표선면 가시리,https://tong.visitkorea.or.kr/cms/resource/49/3495649_image2_1.jpg,대록산은 전반적으로 가파르고 둥근 모습이 사슴 모양을 닮았다고 하여 큰사슴이오름으로 불린다.,"대록산은 전반적으로 가파르고 둥근 모습이 사슴 모양을 닮았다고 하여 큰사슴이오름으로 불린다. 정상의 봉우리 사이에는 둥그렇게 패어있는 원형 화구를 가지고 있다. 화구 안사면에는 해송, 삼나무 등 잡목으로 숲을 이루면서 정상부로 양지바른 곳에는 진달래가 식생하고, 그 반대 사면은 풀밭을 이루면서 기슭 자락에는 찔레나무가 산재해 있고 부분적으로 습원을 이룬다. 사시사철 자연의 아름다움을 자랑하는 곳이지만 가을이면 넓게 펼쳐진 아름다운 억새로 많은 관광객이 찾는다. 정상으로 가는 길목에 있는 이 억새밭은 넓은 들판과 대록산을 배경으로 완벽한 포토존을 만들어 낸다.",TOUR,,https://map.kakao.com/?q=큰사슴이오름
3471,클래식문구사,,NORTH,COMMERCIAL,상업지구,,제주시 삼도2동,33.5126226,126.5213493,제주특별자치도 제주시 관덕로4길 1-2,https://tong.visitkorea.or.kr/cms/resource/23/4073323_image2_1.jpg,클래식문구사는 제주에 위치한 문구 편집숍이다.,"클래식문구사는 제주에 위치한 문구 편집숍이다. 어른들과 전문가를 위한 위한 문구류를 판매하고 있다. 연필, 지우개, 공책 등 문구류 뿐만 아니라 감자칩, 민트캔디, 치약 등 다양한 식재료들을 판매하는 작은 마켓도 운영하고 있다. 특유의 따뜻한 분위기가 어릴 적 문구점을 방문했던 향수를 일으킨다. 정갈하지만 감각 있게 진열된 소품들을 다양하게 구매할 수 있다.",TOUR,,https://map.kakao.com/?q=클래식문구사
3472,키아나요가 사계점,,WEST,NATURE,자연관광지,,서귀포시 안덕면,33.2271749,126.2957594,제주특별자치도 서귀포시 안덕면 사계남로50번길 1,https://api.cdn.visitjeju.net/photomng/imgpath/202307/26/4ffc52fb-6d96-4308-9aa9-4f16fac7cb9c.webp,제주 자연 속에서 진행하는 요가 수련인 키아나 요가,제주 자연 속에서 진행하는 요가 수련인 키아나 요가,VJ,,https://map.kakao.com/?q=키아나요가 사계점
3473,킹스짐,,NORTH,NATURE,자연관광지,,제주시 연동,33.4877703,126.4902901,제주특별자치도 제주시 신광로 47 3층,https://api.cdn.visitjeju.net/photomng/imgpath/202511/18/071a6095-c696-4092-8623-be2c692e7a8e.webp,"제주도 프리미엄 PT샵, 피트니스센터","제주도 프리미엄 PT샵, 피트니스센터",VJ,,https://map.kakao.com/?q=킹스짐
3474,타오하우스,,NORTH,EXPERIENCE,체험 활동 관광지,,제주시 도두동,33.5082788,126.4723912,제주특별자치도 제주시 도두봉6길 9-1,https://api.cdn.visitjeju.net/photomng/imgpath/202306/20/5500f4f9-99e7-4a0b-9c73-73f4eb4a91aa.webp,맛과 향을 만끽하는 핸드드립 커피체험,맛과 향을 만끽하는 핸드드립 커피체험,VJ,,https://map.kakao.com/?q=타오하우스
3475,타이틀리스트 제주점,,NORTH,COMMERCIAL,상업지구,,제주시 연동,33.4815611,126.4887589,제주특별자치도 제주시 연북로 70 (연동),https://tong.visitkorea.or.kr/cms/resource/16/4043516_image2_1.jpg,타이틀리스트는 '골프 공의 황제'이자 전 세계 투어 프로들이 가장 신뢰하는 No.1 골프 전문 브랜드입니다.,"타이틀리스트는 '골프 공의 황제'이자 전 세계 투어 프로들이 가장 신뢰하는 No.1 골프 전문 브랜드입니다. 최첨단 기술력이 집약된 골프 공, 클럽, 의류를 통해 골퍼들이 자신의 잠재력을 최대한 발휘하도록 돕습니다.",TOUR,,https://map.kakao.com/?q=타이틀리스트 제주점
3476,탐나는농장,,WEST,EXPERIENCE,체험 활동 관광지,,제주시 애월읍,33.4480342,126.3585288,제주특별자치도 제주시 애월읍 오당빌레길 88,https://tong.visitkorea.or.kr/cms/resource/55/3057355_image2_1.jpg,탐나는농장은 애월읍 하가리에 있는 감귤 따기 체험농장이다.,"탐나는농장은 애월읍 하가리에 있는 감귤 따기 체험농장이다. 감귤 따기 체험은 계절별, 시기별 상이하게 열리며, 예약 없이 방문하여도 언제든지 체험할 수 있다. 가족, 친구, 연인 누구와도 즐거운 시간을 보낼 수 있다. 농장에서 직접 딴 감귤을 바로 먹어볼 수도 있고, 일정량을 가져갈 수도 있으며, 농장에서 재배한 신선한 감귤을 구입할 수도 있다. 탐나는농장에는 농장 곳곳에 포토존을 꾸며 놓아 사진 촬영하기 좋으며, 농장에서 운영하는 펜션이 농장 바로 옆에 있어 숙박과 체험을 겸할 수 있는 관광지이다.",TOUR,,https://map.kakao.com/?q=탐나는농장
3477,탐나라공화국,,WEST,CULTURE,문화시설,,제주시 한림읍,33.355577,126.3056877,제주특별자치도 제주시 한림읍 한창로 897,https://api.cdn.visitjeju.net/photomng/imgpath/202111/30/920fa799-a5ec-4f9f-95c8-b7dc9142140b.webp,제주의 자연과 문화를 스토리텔링으로 풀어낸 테마파크,제주의 자연과 문화를 스토리텔링으로 풀어낸 테마파크,VJ,,https://map.kakao.com/?q=탐나라공화국
3478,탐라원특산품센터,,NORTH,COMMERCIAL,상업지구,,제주시 이도2동,33.481636,126.5228482,제주특별자치도 제주시 연북로 381 (도남동),https://tong.visitkorea.or.kr/cms/resource/76/4020376_image2_1.jpg,탐라원특산품센터는 제주의 청정 자연을 담은 고품질의 지역 특산물을 엄선하여 선보이는 전문 유통 브랜드입니다.,탐라원특산품센터는 제주의 청정 자연을 담은 고품질의 지역 특산물을 엄선하여 선보이는 전문 유통 브랜드입니다. 믿을 수 있는 먹거리와 제주만의 감성을 담은 기념품을 통해 여행의 감동을 전합니다.,TOUR,관광지인지 확인(도서관·교회·골프 등),https://map.kakao.com/?q=탐라원특산품센터
3479,탑 승마클럽,,NORTH,LEISURE,레저·스포츠 관련 시설,,제주시 봉개동,33.4627301,126.6118198,제주특별자치도 제주시 명림로 278 (봉개동),https://tong.visitkorea.or.kr/cms/resource/70/3477770_image2_1.jpg,탑 승마클럽은 제주도 자연 속에서 승마체험을 즐길 수 있는 승마장이다.,"탑 승마클럽은 제주도 자연 속에서 승마체험을 즐길 수 있는 승마장이다. 세계자연유산, 지질공원, 생물권 보전지역 유네스코 3관왕 달성과 세계 7대 자연경관에 선정된 제주도의 중산간에 위치해 있다. 천혜의 자연환경을 갖고 있어 깨끗한 공기와 아름다운 오름을 감상하며 승마를 즐길 수 있다. 초보자를 위한 승마 프로그램도 운영하고 있어 숙련자 및 초보자 등 누구나 승마를 체험할 수 있다. 또한 주변에 절물자연휴양림, 노루생태관찰원, 4·3평화공원 및 민오름, 절물 오름 등 관광명소가 많아 승마와 함께 제주의 역사 및 오름 트레킹 등을 즐길 수 있다.",TOUR,,https://map.kakao.com/?q=탑 승마클럽
3480,태반의땅제주,,SOUTH,EXPERIENCE,체험 활동 관광지,,서귀포시 영천동,33.2844099,126.5796743,제주특별자치도 서귀포시 토평로50번길 31,https://api.cdn.visitjeju.net/photomng/imgpath/201908/12/7b6191ee-e924-4fb4-a7c5-b40f5c689b0a.webp,다양한 감귤가공체험 및 교육농장체험이 가능한 곳,다양한 감귤가공체험 및 교육농장체험이 가능한 곳,VJ,,https://map.kakao.com/?q=태반의땅제주
3481,태흥포구,,SOUTH,NATURE,자연관광지,,서귀포시 남원읍,33.2868,126.75014,제주특별자치도 서귀포시 남원읍 태흥리,https://api.cdn.visitjeju.net/photomng/imgpath/201804/30/99905ae5-3735-4772-8a14-2beb5d2fa1b0.webp,잔잔한 바다와 함께 걷는 길,잔잔한 바다와 함께 걷는 길,VJ,,https://map.kakao.com/?q=태흥포구
3482,탠저비 도두점,,NORTH,COMMERCIAL,상업지구,,제주시 도두동,33.508389,126.4704896,제주특별자치도 제주시 서해안로 228 (도두일동),https://tong.visitkorea.or.kr/cms/resource/16/4024416_image2_1.jpeg,탠저비(Tanger-Bee)는 상큼한 탠저린처럼 톡톡 튀는 감성과 위트 있는 디자인을 추구하는 패션 잡화 브랜드입니다.,탠저비(Tanger-Bee)는 상큼한 탠저린처럼 톡톡 튀는 감성과 위트 있는 디자인을 추구하는 패션 잡화 브랜드입니다. 기분 좋아지는 컬러 배색과 유니크한 그래픽을 통해 고객의 일상에 즐거운 포인트와 활력을 선물합니다.,TOUR,,https://map.kakao.com/?q=탠저비 도두점
3483,탠저비 제원점,,NORTH,COMMERCIAL,상업지구,,제주시 연동,33.4866237,126.4903187,제주특별자치도 제주시 신광로 61 (연동) 1층,https://tong.visitkorea.or.kr/cms/resource/12/4024312_image2_1.jpeg,탠저비(Tanger-Bee)는 상큼한 탠저린처럼 톡톡 튀는 감성과 위트 있는 디자인을 추구하는 패션 잡화 브랜드입니다.,탠저비(Tanger-Bee)는 상큼한 탠저린처럼 톡톡 튀는 감성과 위트 있는 디자인을 추구하는 패션 잡화 브랜드입니다. 기분 좋아지는 컬러 배색과 유니크한 그래픽을 통해 고객의 일상에 즐거운 포인트와 활력을 선물합니다.,TOUR,,https://map.kakao.com/?q=탠저비 제원점
3484,탠저비 칠성로점,,NORTH,COMMERCIAL,상업지구,,제주시 일도1동,33.5135026,126.525543,제주특별자치도 제주시 관덕로11길 4,https://api.cdn.visitjeju.net/photomng/imgpath/202506/24/18507aff-16a7-431f-bbd7-9c7b4649a34a.webp,제주 감성을 담은 물건들을 판매하는 기념품샵,제주 감성을 담은 물건들을 판매하는 기념품샵,VJ+TOUR,,https://map.kakao.com/?q=탠저비 칠성로점
3485,탱글,,WEST,COMMERCIAL,상업지구,,제주시 애월읍,33.4656631,126.3200485,제주특별자치도 제주시 애월읍 애월로9길 12-7,https://api.cdn.visitjeju.net/photomng/imgpath/202306/30/2003de69-cea0-4182-9a17-879cdca2c338.webp,빈티지 감성이 가득한 라이프스타일 편집샵,빈티지 감성이 가득한 라이프스타일 편집샵,VJ,,https://map.kakao.com/?q=탱글
3486,터진목,,EAST,CULTURE,문화시설,,서귀포시 성산읍,33.450108,126.922455,제주특별자치도 서귀포시 성산읍 일출로 88-19,https://api.cdn.visitjeju.net/photomng/imgpath/202111/16/111901c8-8357-4190-92e8-8d5f5b64476a.webp,"4.3사건 당시 성산, 구좌면 관내 주민들이 총살됐던 학살터.","4.3사건 당시 성산, 구좌면 관내 주민들이 총살됐던 학살터.",VJ,,https://map.kakao.com/?q=터진목
3487,테리베리스,,WEST,COMMERCIAL,상업지구,,제주시 애월읍,33.4685815,126.34033,제주특별자치도 제주시 애월읍 애월해안로 274,https://api.cdn.visitjeju.net/photomng/imgpath/202306/15/92c6b54e-23d7-4906-8be8-c29e9f16f0f5.webp,손수 뜨개질한 소품들이 있는 가게,손수 뜨개질한 소품들이 있는 가게,VJ,,https://map.kakao.com/?q=테리베리스
3488,테일러메이드 구제주점,,NORTH,COMMERCIAL,상업지구,,제주시 일도1동,33.5139029,126.5245203,제주특별자치도 제주시 중앙로 50 (일도일동) 1층,https://tong.visitkorea.or.kr/cms/resource/15/4024315_image2_1.jpeg,"대현은 대한민국 여성복 패션 기업으로, 씨씨콜렉트, 모조, 듀크 등 세련된 감성과 트렌드를 담은 브랜드를 운영합니다.","대현은 대한민국 여성복 패션 기업으로, 씨씨콜렉트, 모조, 듀크 등 세련된 감성과 트렌드를 담은 브랜드를 운영합니다. 모던하고 우아한 디자인과 우수한 품질을 바탕으로 폭넓은 고객층에게 사랑받습니다.",TOUR,,https://map.kakao.com/?q=테일러메이드 구제주점
3489,텐타임즈,,SOUTH,EXPERIENCE,체험 활동 관광지,,서귀포시 대천동,33.2325238,126.5000267,제주특별자치도 서귀포시 이어도로 826-51,https://api.cdn.visitjeju.net/photomng/imgpath/202307/26/fc72551a-c0a0-4640-a96a-fef5dc02aeaa.webp,제주의 숨은 명소에서 유유자적 패들보드,제주의 숨은 명소에서 유유자적 패들보드,VJ,,https://map.kakao.com/?q=텐타임즈
3490,토끼섬,,EAST,NATURE,자연관광지,,제주시 구좌읍,33.5243754,126.9028257,제주특별자치도 제주시 구좌읍 하도리,https://api.cdn.visitjeju.net/photomng/imgpath/201907/29/5788e7d5-12fe-4453-a152-79f7aa7841a4.webp,우리나라 유일의 문주란 자생지,우리나라 유일의 문주란 자생지,VJ+TOUR,,https://map.kakao.com/?q=토끼섬
3491,토산봉(망오름),,EAST,NATURE,자연관광지,,서귀포시 표선면,33.322395,126.77359,제주특별자치도 서귀포시 표선면 토산리 산 13,https://api.cdn.visitjeju.net/photomng/imgpath/201804/30/2bc1a3db-372b-4d69-9ebc-9c22358c46a3.webp,토산리를 지켜주는 수호자,토산리를 지켜주는 수호자,VJ,주소를 좌표로 다시 구함,https://map.kakao.com/?q=토산봉(망오름)
3492,토이레저,,WEST,LEISURE,레저·스포츠 관련 시설,,서귀포시 안덕면,33.3189962,126.3456767,제주특별자치도 서귀포시 안덕면 동광로 267-7,https://api.cdn.visitjeju.net/photomng/imgpath/202306/20/f4ba55df-0d5e-42d0-96eb-13775281a6ed.webp,어린이가 좋아하는 안덕면 레저체험장,어린이가 좋아하는 안덕면 레저체험장,VJ,,https://map.kakao.com/?q=토이레저
3493,토종닭유통특구교래삼다수마을,,EAST,EXPERIENCE,체험 활동 관광지,,제주시 조천읍,33.427616,126.66658,제주특별자치도 제주시 조천읍 교래리,https://api.cdn.visitjeju.net/photomng/imgpath/201804/30/7b8904ff-16aa-41b0-8d49-0dfd7ffc4148.webp,삼다수 본사가 있는 삼다수 마을,삼다수 본사가 있는 삼다수 마을,VJ,,https://map.kakao.com/?q=토종닭유통특구교래삼다수마을
3494,토토아뜰리에,,WEST,NATURE,자연관광지,,제주시 애월읍,33.4698486,126.4131001,제주특별자치도 제주시 애월읍 고성북길 112,https://tong.visitkorea.or.kr/cms/resource/30/3585130_image2_1.jpg,토토아뜰리에는 셀프쿠킹 체험을 할 수 있는 카페 겸 요리체험 공간이다.,"토토아뜰리에는 셀프쿠킹 체험을 할 수 있는 카페 겸 요리체험 공간이다. 성인을 위한 쿠킹 랩과 아이를 위한 쿠킹 랩이 따로 운영되고 있어 아이와 성인 모두가 즐겁게 체험을 할 수 있는 곳이다. 또한 자체적으로 텃밭을 가꾸고 있어 이곳의 식재료를 이용해 음식을 만들어볼 수 있다. 치킨, 라자냐, 쿠키, 베이킹 등 다양한 음식 체험 활동을 할 수 있다. 쿠킹 체험을 할 수 있는 공간과 함께 카페도 운영하고 있어 여유롭게 티타임을 즐기기에도 좋다. 건물의 벽면이 모두 통유리로 되어있어 밖의 전경을 바라보며 여유로운 시간을 가질 수 있다. 카페 밖에는 아이들이 뛰어놀 수 있는 공간이 있어 가족과 함께 가기 좋다. 요리하는 모습을 전담 포토그래퍼가 촬영해 준다.",TOUR,,https://map.kakao.com/?q=토토아뜰리에
3495,톨칸이,,EAST,NATURE,자연관광지,,제주시 우도면,33.492393,126.9579,제주특별자치도 제주시 우도면 연평리 1732-1,https://api.cdn.visitjeju.net/photomng/imgpath/202111/23/22d321c3-03f4-4fee-8861-7975dcb7698c.webp,소의 여물통을 닮은 톨칸이해변,소의 여물통을 닮은 톨칸이해변,VJ,,https://map.kakao.com/?q=톨칸이
3496,통오름,,EAST,EXPERIENCE,체험 활동 관광지,,서귀포시 성산읍,33.395042,126.85444,제주특별자치도 서귀포시 성산읍 신산리 1754-1,https://api.cdn.visitjeju.net/photomng/imgpath/201804/30/9437234d-a8ca-46bd-9736-90b3c33a1238.webp,통사발을 닮아서 이름이 붙여진 오름,통사발을 닮아서 이름이 붙여진 오름,VJ+TOUR,,https://map.kakao.com/?q=통오름
3497,투스노스 제주,,NORTH,COMMERCIAL,상업지구,,제주시 삼도2동,33.5127731,126.520815,제주특별자치도 제주시 관덕로 14-4,https://api.cdn.visitjeju.net/photomng/imgpath/202506/24/a0f2ecb6-41d7-418d-bc7a-c80056eaa633.webp,구제의류를 전문으로 판매하는 관덕로 빈티지샵,구제의류를 전문으로 판매하는 관덕로 빈티지샵,VJ,,https://map.kakao.com/?q=투스노스 제주
3498,트로이테마농원,,WEST,NATURE,자연관광지,,서귀포시 안덕면,33.2906708,126.3020508,제주특별자치도 서귀포시 안덕면 녹차분재로 56,https://tong.visitkorea.or.kr/cms/resource/71/3071771_image2_1.jpg,"귤 따기, 승마체험을 함께 운영하고 있으며 아이들을 위한 동물 먹이주기 체험도 마련되어 있는 체험농원이다.","귤 따기, 승마체험을 함께 운영하고 있으며 아이들을 위한 동물 먹이주기 체험도 마련되어 있는 체험농원이다. 입구에 들어서면 초콜릿, 과자, 모자, 가방 등 여러 가지를 취급하고 있는 기념품 가게를 만날 수 있다. 이곳에서 다양한 기념품 뿐만 아니라 감귤 택배 주문도 가능하다. 별도로 기념사진을 남기기에 좋은 감귤 모자와 귤 모양의 귀마개도 대여할 수 있는데, 체험 중에는 착용이 불가하여 사진 촬영 용도로만 이용할 수 있다. 감귤 체험은 인당 1개의 바구니를 채워서 오는 방식으로 체험 중에는 시식이 가능하다는 점에서 재미를 더한다. 승마체험은 승마체험장으로 이동한 뒤 진행되며 난이도가 높지 않아 어린이들이 체험하기에 적합하다. 곳곳에는 포토존이 있어 모든 체험이 끝난 뒤에도 예쁜 사진을 남길 수 있다.",TOUR,,https://map.kakao.com/?q=트로이테마농원
3499,트리플스토어 시청점,,NORTH,COMMERCIAL,상업지구,,제주시 이도2동,33.4978883,126.5307122,제주특별자치도 제주시 중앙로 246-1 (이도이동),https://tong.visitkorea.or.kr/cms/resource/79/4020379_image2_1.jpg,트리플스토어는 3가지 이상의 가치와 재미를 담은 브랜드들을 큐레이션하여 소개하는 컨셉형 편집숍입니다.,트리플스토어는 3가지 이상의 가치와 재미를 담은 브랜드들을 큐레이션하여 소개하는 컨셉형 편집숍입니다. 유행에 민감한 고객들을 위해 매 시즌 가장 핫한 패션 아이템들을 선별하여 감각적인 스타일링 솔루션을 제안합니다.,TOUR,,https://map.kakao.com/?q=트리플스토어 시청점
3500,트리플스토어 제원점,,NORTH,COMMERCIAL,상업지구,,제주시 연동,33.4882962,126.4902514,제주특별자치도 제주시 신광로 43 (연동),https://tong.visitkorea.or.kr/cms/resource/96/4020396_image2_1.jpg,트리플스토어는 3가지 이상의 가치와 재미를 담은 브랜드들을 큐레이션하여 소개하는 컨셉형 편집숍입니다.,트리플스토어는 3가지 이상의 가치와 재미를 담은 브랜드들을 큐레이션하여 소개하는 컨셉형 편집숍입니다. 유행에 민감한 고객들을 위해 매 시즌 가장 핫한 패션 아이템들을 선별하여 감각적인 스타일링 솔루션을 제안합니다.,TOUR,,https://map.kakao.com/?q=트리플스토어 제원점
3501,트리플스토어 칠성점,,NORTH,COMMERCIAL,상업지구,,제주시 일도1동,33.5146319,126.5265577,제주특별자치도 제주시 관덕로15길 15 (일도일동),https://tong.visitkorea.or.kr/cms/resource/66/4020366_image2_1.jpg,트리플스토어는 3가지 이상의 가치와 재미를 담은 브랜드들을 큐레이션하여 소개하는 컨셉형 편집숍입니다.,트리플스토어는 3가지 이상의 가치와 재미를 담은 브랜드들을 큐레이션하여 소개하는 컨셉형 편집숍입니다. 유행에 민감한 고객들을 위해 매 시즌 가장 핫한 패션 아이템들을 선별하여 감각적인 스타일링 솔루션을 제안합니다.,TOUR,,https://map.kakao.com/?q=트리플스토어 칠성점
3502,트멍 제주,,SOUTH,COMMERCIAL,상업지구,,서귀포시 정방동,33.2481088,126.5676114,제주특별자치도 서귀포시 정방로 6,https://api.cdn.visitjeju.net/photomng/imgpath/202306/15/dd9963e3-ac0c-4c3c-bde6-48292d521f66.webp,사장님이 직접 만드는 핸드메이드 소품을 만나볼 수 있는 곳,사장님이 직접 만드는 핸드메이드 소품을 만나볼 수 있는 곳,VJ,,https://map.kakao.com/?q=트멍 제주
3503,파더스가든,,WEST,THEME,테마시설,,서귀포시 안덕면,33.2805107,126.3655186,제주특별자치도 서귀포시 안덕면 병악로 44-33,https://api.cdn.visitjeju.net/photomng/imgpath/202212/06/952cd053-7f8c-45ef-b054-3f4ce93ff31b.webp,파더스가든은 1966년부터 가꿔온 조경수농장을 힐링과 치유의 장소로 제공하고자 2021년부터 관광농원으로 지정하여 약 50여 년 만에 오픈한…,파더스가든은 1966년부터 가꿔온 조경수농장을 힐링과 치유의 장소로 제공하고자 2021년부터 관광농원으로 지정하여 약 50여 년 만에 오픈한 공간이다.,VJ+TOUR,,https://map.kakao.com/?q=파더스가든
3504,파렌하이트 제주점,,NORTH,COMMERCIAL,상업지구,,제주시 일도1동,33.5145037,126.5257767,제주특별자치도 제주시 칠성로길 27 (일도일동) 1층,https://tong.visitkorea.or.kr/cms/resource/17/4043217_image2_1.jpg,파렌하이트는 도시 남성을 위한 세련되고 모던한 감성의 컨템포러리 남성복 브랜드입니다.,파렌하이트는 도시 남성을 위한 세련되고 모던한 감성의 컨템포러리 남성복 브랜드입니다. 정교한 테일러링이 돋보이는 수트부터 트렌디한 캐주얼 라인까지 스타일리시한 남성의 비즈니스와 일상을 책임집니다.,TOUR,,https://map.kakao.com/?q=파렌하이트 제주점
3505,파리게이츠 신제주점,,NORTH,COMMERCIAL,상업지구,,제주시 노형동,33.4816897,126.4834426,제주특별자치도 제주시 연북로 20 (노형동) 에코퍼플,https://tong.visitkorea.or.kr/cms/resource/44/4020344_image2_1.jpg,파리게이츠는 '누구라도 즐겁게 골프를'이라는 컨셉 아래 탄생한 프리미엄 골프웨어 브랜드입니다.,파리게이츠는 '누구라도 즐겁게 골프를'이라는 컨셉 아래 탄생한 프리미엄 골프웨어 브랜드입니다. 고정관념을 탈피한 화려한 컬러와 개성 있는 디자인으로 필드 위 패션 트렌드를 선도하며 골퍼들의 사랑을 받습니다.,TOUR,,https://map.kakao.com/?q=파리게이츠 신제주점
3506,파인더웨이브 함덕점,,WEST,EXPERIENCE,체험 활동 관광지,,제주시 애월읍,33.4533803,126.3087106,"제주 제주시 조천읍 조함해안로 586 지상2층 (엘리베이터 3층), 파인더웨이브",https://api.cdn.visitjeju.net/photomng/imgpath/202306/20/a918db59-df7c-494d-9168-9d8de06cb749.webp,입문하기 딱 좋은 곽지해수욕장 서핑샵,입문하기 딱 좋은 곽지해수욕장 서핑샵,VJ,,https://map.kakao.com/?q=파인더웨이브 함덕점
3507,파파빌레,,EAST,EXPERIENCE,체험 활동 관광지,,제주시 조천읍,33.4634233,126.6520259,제주특별자치도 제주시 조천읍 남조로 2185,https://api.cdn.visitjeju.net/photomng/imgpath/202508/20/aedae650-1d84-4b91-8023-64a2438266d5.webp,‘파파빌레’는 드넓은 공간에 다양한 제주의 땅속 현무암의 모습을 보여주는 돌을 소재로 한 관광지다,‘파파빌레’는 드넓은 공간에 다양한 제주의 땅속 현무암의 모습을 보여주는 돌을 소재로 한 관광지다,VJ,,https://map.kakao.com/?q=파파빌레
3508,"판포오름 (널개오름, 板浦岳)",,WEST,NATURE,자연관광지,,제주시 한경면,33.357872,126.2126,제주특별자치도 제주시 한경면 판포리 934,https://api.cdn.visitjeju.net/photomng/imgpath/201804/30/3e85d14c-dca7-4dc6-ac08-36a481a9d3a8.webp,두 개의 산체로 나뉜 판포오름,두 개의 산체로 나뉜 판포오름,VJ,,"https://map.kakao.com/?q=판포오름 (널개오름, 板浦岳)"
3509,판포포구,,WEST,NATURE,자연관광지,,제주시 한경면,33.36537,126.19965,제주특별자치도 제주시 한경면 판포리 2877-3,https://api.cdn.visitjeju.net/photomng/imgpath/202407/23/893bfa2b-aabb-41b1-ab49-4c11bcabf261.webp,깨끗한 물색의 포구...,깨끗한 물색의 포구... 물놀이 하기 제격 ‘판포포구’,VJ+TOUR,,https://map.kakao.com/?q=판포포구
3510,팔자 좋아 길,,EAST,EXPERIENCE,체험 활동 관광지,,제주시 구좌읍,33.4827438,126.7464684,제주특별자치도 제주시 구좌읍 중산간동로 ,https://api.cdn.visitjeju.net/photomng/imgpath/201809/19/49e6ef16-da7a-42ac-a616-adb188bd923d.webp,덕천리영농 체험장 인근에 위치한 산책하기 좋은 숲길.,덕천리영농 체험장 인근에 위치한 산책하기 좋은 숲길.,VJ,,https://map.kakao.com/?q=팔자 좋아 길
3511,팬텀 제주중앙점,,NORTH,COMMERCIAL,상업지구,,제주시 이도1동,33.5129515,126.5249879,제주특별자치도 제주시 중앙로 59 (이도일동),https://tong.visitkorea.or.kr/cms/resource/61/4045061_image2_1.png,팬텀은 골프의 역동적인 에너지와 패셔너블한 감각이 결합된 고기능성 골프웨어 브랜드입니다.,팬텀은 골프의 역동적인 에너지와 패셔너블한 감각이 결합된 고기능성 골프웨어 브랜드입니다. 필드 위에서 최상의 활동성을 보장하는 소재와 눈에 띄는 디자인을 통해 골퍼들의 퍼포먼스와 스타일을 극대화해 줍니다.,TOUR,,https://map.kakao.com/?q=팬텀 제주중앙점
3512,팬텀골프 신제주점,,NORTH,COMMERCIAL,상업지구,,제주시 연동,33.4889788,126.490623,제주특별자치도 제주시 신대로12길 56 (연동),https://tong.visitkorea.or.kr/cms/resource/42/4020342_image2_1.jpg,팬텀골프는 패셔너블한 감각과 고기능성 기술이 결합된 하이퍼포먼스 골프웨어 브랜드입니다.,팬텀골프는 패셔너블한 감각과 고기능성 기술이 결합된 하이퍼포먼스 골프웨어 브랜드입니다. 필드 위 역동적인 움직임을 완벽하게 지원하는 디자인과 세련된 감성을 통해 골퍼들의 자신감을 한 차원 높여줍니다.,TOUR,관광지인지 확인(도서관·교회·골프 등),https://map.kakao.com/?q=팬텀골프 신제주점
3513,팰롱팰롱 빛나는,,EAST,COMMERCIAL,상업지구,,제주시 구좌읍,33.5468086,126.7838117,제주특별자치도 제주시 구좌읍 월정3길 58,https://api.cdn.visitjeju.net/photomng/imgpath/201909/03/a6f1a7dd-ea45-4159-8916-e01055766c9a.webp,제주의 풍경을 비누에 담다,제주의 풍경을 비누에 담다,VJ,,https://map.kakao.com/?q=팰롱팰롱 빛나는
3514,퍼시픽 마리나 요트투어,,SOUTH,EXPERIENCE,체험 활동 관광지,,서귀포시 예래동,33.2439248,126.4163378,제주특별자치도 서귀포시 중문관광로 154-17,https://api.cdn.visitjeju.net/photomng/imgpath/202004/22/10eef3cd-8c6b-4642-b054-3779a0cbd024.webp,중문 바다와 주상절리를 둘러보는 요트투어,중문 바다와 주상절리를 둘러보는 요트투어,VJ,,https://map.kakao.com/?q=퍼시픽 마리나 요트투어
3515,퍼피홀릭,,NORTH,EXPERIENCE,체험 활동 관광지,,제주시 노형동,33.488614,126.4799378,제주특별자치도 제주시 다랑곶4길 22,https://api.cdn.visitjeju.net/photomng/imgpath/202308/23/f79eedad-86b4-4ed0-b97b-58f7c53bbe50.webp,"아라동에 위치한 퍼피홀릭은 소형견, 중형견, 특수견종 강아지들의 목욕과 미용을 할 수 있는 곳이다.","아라동에 위치한 퍼피홀릭은 소형견, 중형견, 특수견종 강아지들의 목욕과 미용을 할 수 있는 곳이다.",VJ,,https://map.kakao.com/?q=퍼피홀릭
3516,페이보릿,,EAST,COMMERCIAL,상업지구,,서귀포시 성산읍,33.4499881,126.9182865,제주특별자치도 서귀포시 성산읍 동류암로 20,https://api.cdn.visitjeju.net/photomng/imgpath/202306/15/ac197715-fcd0-47c1-a338-60d2a1205ddf.webp,다양한 캠핑장비와 친환경 생활용품을 만나볼 수 있는 곳,다양한 캠핑장비와 친환경 생활용품을 만나볼 수 있는 곳,VJ,,https://map.kakao.com/?q=페이보릿
3517,페트레이 신세계사이먼프리미엄아울렛 제주점,,WEST,COMMERCIAL,상업지구,,서귀포시 안덕면,33.3049727,126.316352,제주특별자치도 서귀포시 안덕면 신화역사로304번길 38,https://tong.visitkorea.or.kr/cms/resource/23/4042423_image2_1.png,"페트레이는 이탈리아의 프리미엄 아우터 브랜드로, 세련된 디자인과 최상의 기능성을 동시에 만족시킵니다.","페트레이는 이탈리아의 프리미엄 아우터 브랜드로, 세련된 디자인과 최상의 기능성을 동시에 만족시킵니다. 가벼우면서도 보온성이 뛰어난 패딩 제품들은 도심과 아웃도어를 아우르는 우아한 스타일을 완성해 줍니다.",TOUR,,https://map.kakao.com/?q=페트레이 신세계사이먼프리미엄아울렛 제주점
3518,펠롱잡화점,,EAST,COMMERCIAL,상업지구,,제주시 구좌읍,33.5273357,126.8550887,제주특별자치도 제주시 구좌읍 세평항로 45,https://api.cdn.visitjeju.net/photomng/imgpath/202103/03/fe183259-6abd-42ee-967b-8c22f9fe363b.webp,"제주도소품샵중에 최신소품샵 제주기념품을 대표하는 모든것들,펠롱에서만드는 핸드메이드 소품들이 가득한 이 곳","제주도소품샵중에 최신소품샵 제주기념품을 대표하는 모든것들,펠롱에서만드는 핸드메이드 소품들이 가득한 이 곳",VJ,,https://map.kakao.com/?q=펠롱잡화점
3519,펫 플러스,,NORTH,EXPERIENCE,체험 활동 관광지,,제주시 연동,33.4876493,126.4895315,제주특별자치도 제주시 신광로 52,https://api.cdn.visitjeju.net/photomng/imgpath/202308/23/ac4b15eb-3800-4dea-8643-535bd82ea6e3.webp,"펫 플러스는 제주도 내 최대 규모의 애견용품 할인매장으로써, 매장의 마스코트‘신’이라는 강아지가 손님을 반겨준다.","펫 플러스는 제주도 내 최대 규모의 애견용품 할인매장으로써, 매장의 마스코트‘신’이라는 강아지가 손님을 반겨준다.",VJ,,https://map.kakao.com/?q=펫 플러스
3520,펫소풍,,WEST,EXPERIENCE,체험 활동 관광지,,서귀포시 안덕면,33.2829531,126.3048018,제주특별자치도 서귀포시 안덕면 화순서서로 458,https://api.cdn.visitjeju.net/photomng/imgpath/202308/23/9943fbeb-60a3-4f16-b5fd-1198dfc2b399.webp,산방산 근처에 위치한 펫소풍은 반려동물을 위한 다양한 용품이 갖춰져 있다.,산방산 근처에 위치한 펫소풍은 반려동물을 위한 다양한 용품이 갖춰져 있다.,VJ,,https://map.kakao.com/?q=펫소풍
3521,편백포레스트,,SOUTH,EXPERIENCE,체험 활동 관광지,,서귀포시 남원읍,33.3176598,126.6598379,제주특별자치도 서귀포시 남원읍 서성로 544-97,https://api.cdn.visitjeju.net/photomng/imgpath/202306/20/a0b96d1d-04c2-46a9-9479-5ff95d231936.webp,편백나무 숲에서 만나는 귀여운 흑염소,편백나무 숲에서 만나는 귀여운 흑염소,VJ+TOUR,,https://map.kakao.com/?q=편백포레스트
3522,평대리불턱,,EAST,CULTURE,문화시설,,제주시 구좌읍,33.532413,126.84636,제주특별자치도 제주시 구좌읍 해맞이해안로 1240-3,https://api.cdn.visitjeju.net/photomng/imgpath/201804/30/42464e89-1ada-4e66-bd3b-f33439e6d29a.webp,평대리 도께동산 해녀불턱,평대리 도께동산 해녀불턱,VJ,,https://map.kakao.com/?q=평대리불턱
3523,평대해변,,EAST,NATURE,자연관광지,,제주시 구좌읍,33.533226,126.84065,제주특별자치도 제주시 구좌읍 평대리 1994-20,https://api.cdn.visitjeju.net/photomng/imgpath/201804/30/030701dc-96fb-403c-ae57-ee3088e962d4.webp,눈앞에 펼쳐지는 에메랄드 빛 장관,눈앞에 펼쳐지는 에메랄드 빛 장관,VJ+TOUR,,https://map.kakao.com/?q=평대해변
3524,평수포구,,WEST,CULTURE,문화시설,,제주시 한림읍,33.427593,126.263756,제주특별자치도 제주시 한림읍 한림해안로 297-1,https://api.cdn.visitjeju.net/photomng/imgpath/201804/30/46ee59d4-ab55-49a1-9b3a-0a572299eef6.webp,비양도가 보이는 한림항 근처의 고요한 포구,비양도가 보이는 한림항 근처의 고요한 포구,VJ,,https://map.kakao.com/?q=평수포구
3525,포브독 반려견 교육센터,,NORTH,EXPERIENCE,체험 활동 관광지,,제주시 연동,33.4815331,126.4892489,제주특별자치도 제주시 연북로 74,https://api.cdn.visitjeju.net/photomng/imgpath/202212/15/94ac39bb-e20a-41a2-894a-59aa549bf830.webp,"포브독은 긍정 강화(KPA), BAP(Behavi or Adjustment Training), Fear free 교육 기반으로 보호자와 반려견…","포브독은 긍정 강화(KPA), BAP(Behavi or Adjustment Training), Fear free 교육 기반으로 보호자와 반려견의 올바른 관계 형성을 돕는 반려견 교육센터다.",VJ,관광지인지 확인(도서관·교회·골프 등),https://map.kakao.com/?q=포브독 반려견 교육센터
3526,포코아포코,,WEST,COMMERCIAL,상업지구,,제주시 애월읍,33.4792711,126.4027378,제주특별자치도 제주시 애월읍 하귀로23길 12-1,https://api.cdn.visitjeju.net/photomng/imgpath/202306/30/ecd4428a-159c-46a5-9132-e789f060e7f7.webp,제주감성과 아늑함이 묻어나는 소품 가게,제주감성과 아늑함이 묻어나는 소품 가게,VJ,,https://map.kakao.com/?q=포코아포코
3527,폭낭오름,,WEST,NATURE,자연관광지,,제주시 애월읍,33.3522278,126.3822415,제주특별자치도 제주시 애월읍 봉성리,https://tong.visitkorea.or.kr/cms/resource/39/3478039_image2_1.jpg,"폭낭오름은 제주도 제주시 애월읍 봉성리에 있는 오름으로, 효명목장 진입로 근처에 있다.","폭낭오름은 제주도 제주시 애월읍 봉성리에 있는 오름으로, 효명목장 진입로 근처에 있다. 오름의 이름은 오름에 큰 폭낭(팽나무)이 있어서 붙여졌다고 하는데, 지금은 그 나무를 찾을 수 없다고 한다. 오름의 정상부에는 하나의 말굽형 화구와 남서쪽에 두 개의 원추형 화구로 이루어진 복합형 화산체이며, 높이는 645.5m, 비고는 76m이다. 오름 전사면이 완만하면서 사면을 따라 풀밭을 이루고, 주요 식생은 산뽕나무, 분단나무, 자귀나무, 보리수나무, 꽝꽝나무 등이 있고, 오름 정상부에는 가운데가 얕게 우물져 가시덤불과 잡초가 우거져 있다.",TOUR,,https://map.kakao.com/?q=폭낭오름
3528,폴개협동조합 감귤농장,,SOUTH,COMMERCIAL,상업지구,,서귀포시 남원읍,33.3031815,126.7070102,제주특별자치도 서귀포시 남원읍 원님서로326번길 38-51,https://api.cdn.visitjeju.net/photomng/imgpath/202108/03/4ec9390a-d980-412f-8de7-f7c81c834488.webp,"유기농 블루베리, 감귤, 인형체험 등을 할 수 있는 곳","유기농 블루베리, 감귤, 인형체험 등을 할 수 있는 곳",VJ,,https://map.kakao.com/?q=폴개협동조합 감귤농장
3529,폴더 신제주점,,NORTH,COMMERCIAL,상업지구,,제주시 연동,33.4871856,126.4902352,제주특별자치도 제주시 신광로 55 (연동) 1층,https://tong.visitkorea.or.kr/cms/resource/79/4017279_image2_1.jpg,폴더는 전 세계의 핫한 신발 브랜드와 패션 잡화를 큐레이션하여 소개하는 라이프스타일 슈즈 멀티숍입니다.,폴더는 전 세계의 핫한 신발 브랜드와 패션 잡화를 큐레이션하여 소개하는 라이프스타일 슈즈 멀티숍입니다. 유행에 민감한 젊은 층을 타겟으로 매 시즌 가장 트렌디한 아이템들을 발 빠르게 선보입니다.,TOUR,,https://map.kakao.com/?q=폴더 신제주점
3530,폴더 제주점,,NORTH,COMMERCIAL,상업지구,,제주시 일도1동,33.513688,126.525202,제주특별자치도 제주시 관덕로11길 5 (일도일동),https://tong.visitkorea.or.kr/cms/resource/10/4020410_image2_1.jpg,폴더는 전 세계의 핫한 신발 브랜드와 패션 잡화를 큐레이션하여 소개하는 라이프스타일 슈즈 멀티숍입니다.,폴더는 전 세계의 핫한 신발 브랜드와 패션 잡화를 큐레이션하여 소개하는 라이프스타일 슈즈 멀티숍입니다. 유행에 민감한 젊은 층을 타겟으로 매 시즌 가장 트렌디한 아이템들을 발 빠르게 선보입니다.,TOUR,,https://map.kakao.com/?q=폴더 제주점
3531,폴록,,WEST,COMMERCIAL,상업지구,,제주시 애월읍,33.4689573,126.4166677,제주특별자치도 제주시 애월읍 하광로 208-22,https://api.cdn.visitjeju.net/photomng/imgpath/202307/10/eb2e3702-63ff-4a3c-849f-7622c82803ae.webp,조용한 마을 하귀리에 위치한 힙한 무드의 아트편집숍,조용한 마을 하귀리에 위치한 힙한 무드의 아트편집숍,VJ,,https://map.kakao.com/?q=폴록
3532,퐁당제주,,WEST,EXPERIENCE,체험 활동 관광지,,제주시 애월읍,33.4841847,126.3773719,제주특별자치도 제주시 애월읍 애월해안로 715-1,https://api.cdn.visitjeju.net/photomng/imgpath/202508/05/f4054750-fc73-4ca4-9188-39c18d4a619e.webp,"제트보트, 제트스키, 스피드보트 등 해양 액티비티 체험 기회를 제공하는 레저 전문점","제트보트, 제트스키, 스피드보트 등 해양 액티비티 체험 기회를 제공하는 레저 전문점",VJ,,https://map.kakao.com/?q=퐁당제주
3533,표선 당케포구,,EAST,CULTURE,문화시설,,서귀포시 표선면,33.322533,126.82287,제주특별자치도 서귀포시 표선면 표선당포로,https://api.cdn.visitjeju.net/photomng/imgpath/202112/20/b814ffae-a537-47fd-8ee0-be17668f51a6.webp,설문대할망의 넋을 기리던 당케포구,설문대할망의 넋을 기리던 당케포구,VJ,,https://map.kakao.com/?q=표선 당케포구
3534,표선세화해안도로,,EAST,TRAIL,산책로·둘레길,,제주시 구좌읍,33.524757,126.8606,제주특별자치도 서귀포시 표선면 표선리,https://api.cdn.visitjeju.net/photomng/imgpath/202111/16/f77be173-4a5d-4edf-997f-2ece3e634a0b.webp,동쪽 끝의 해안을 따라 형성된 해안도로로 최근 떠오르는 아름다운 해안길,동쪽 끝의 해안을 따라 형성된 해안도로로 최근 떠오르는 아름다운 해안길,VJ,,https://map.kakao.com/?q=표선세화해안도로
3535,표선세화해안도로,,EAST,LEISURE,레저·스포츠 관련 시설,,서귀포시 표선면,33.3033,126.8087,제주특별자치도 서귀포시 표선면 세화리,https://tong.visitkorea.or.kr/cms/resource/49/3528449_image2_1.jpg,표선 세화 해안도로는 제주 동부의 구좌읍 세화부터 표선 해수욕장까지 연결되는 총 12km의 해안도로로 곳곳의 아름다운 해안 풍경과 함께 제주…,"표선 세화 해안도로는 제주 동부의 구좌읍 세화부터 표선 해수욕장까지 연결되는 총 12km의 해안도로로 곳곳의 아름다운 해안 풍경과 함께 제주 바다를 가까이서 느낄 수 있다. 하도 해수욕장 인근 해안에서는 전망대가 마련되어 있어 문주란 자생지로 유명한 ‘토끼섬’을 볼 수 있고, 종달리에서는 지미봉오름과 맛조개잡이 어장을 만날 수 있다. 우도와 성산포가 한 눈에 들여다보이고 하도리 철새도래지도 살펴볼 수 있다. 바다를 가로지르는 돌다리를 걸으면 불어오는 바다 바람 속에 절로 자연과 동화됨을 느낄 수 있다. 특히 세화 2리 해녀의집부터 당케포구까지 구간은 제주환상 자전거길이자 올레 4코스 휠체어 구간으로 자전거, 유모차, 휠체어 모두 제약 없이 이용 가능하다.",TOUR,,https://map.kakao.com/?q=표선세화해안도로
3536,푸근한곰아저씨,,SOUTH,COMMERCIAL,상업지구,,서귀포시 남원읍,33.2921763,126.761385,제주특별자치도 서귀포시 남원읍 태신해안로 125 2층,https://api.cdn.visitjeju.net/photomng/imgpath/202306/30/0f65f1ac-38ef-4164-9832-f5ee6f4e70b6.webp,올레4코스에 서 있는 쉼표 같은 책방,올레4코스에 서 있는 쉼표 같은 책방,VJ,,https://map.kakao.com/?q=푸근한곰아저씨
3537,푸른콩방주,,SOUTH,COMMERCIAL,상업지구,,서귀포시 중문동,33.2632854,126.4361834,제주특별자치도 서귀포시 중산간서로 740,https://api.cdn.visitjeju.net/photomng/imgpath/202211/14/2aa98860-ae3b-4555-873f-e56af67db944.webp,전통과 종 다양성을 지켜야 한다는 사명,전통과 종 다양성을 지켜야 한다는 사명,VJ,,https://map.kakao.com/?q=푸른콩방주
3538,풋조이 신제주점,,NORTH,COMMERCIAL,상업지구,,제주시 연동,33.4815487,126.4893992,제주특별자치도 제주시 연북로 76 (연동) 1층,https://tong.visitkorea.or.kr/cms/resource/78/4020378_image2_1.png,풋조이(FJ)는 전 세계 투어 프로들이 가장 많이 선택하는 No.1 골프화 및 골프웨어 전문 브랜드입니다.,풋조이(FJ)는 전 세계 투어 프로들이 가장 많이 선택하는 No.1 골프화 및 골프웨어 전문 브랜드입니다. 탁월한 안정감과 편안함을 제공하는 기능성 슈즈와 의류를 통해 골퍼들이 필드 위에서 최상의 퍼포먼스를 발휘하도록 지원합니다.,TOUR,,https://map.kakao.com/?q=풋조이 신제주점
3539,프란츠스토어,,WEST,COMMERCIAL,상업지구,,제주시 한경면,33.3363942,126.2323962,제주특별자치도 제주시 한경면 용금로 491,https://api.cdn.visitjeju.net/photomng/imgpath/202306/15/a54f3547-5f79-4747-92bb-9259e37eb382.webp,유니크한 매력에 빠지는 조수리 소품숍,유니크한 매력에 빠지는 조수리 소품숍,VJ,,https://map.kakao.com/?q=프란츠스토어
3540,프레쉬모먼트,,NORTH,COMMERCIAL,상업지구,,제주시 아라동,33.4672955,126.5451146,제주특별자치도 제주시 인다2길 8,https://api.cdn.visitjeju.net/photomng/imgpath/201806/28/cffbdb48-10d6-4ebe-81ec-4608d96d27bc.webp,"차근차근 사진 찍을 장소와 의상까지 마련해 놓았다면, 예비 신혼부부가 함께 웨딩부케를 만들어보자.","차근차근 사진 찍을 장소와 의상까지 마련해 놓았다면, 예비 신혼부부가 함께 웨딩부케를 만들어보자.",VJ,,https://map.kakao.com/?q=프레쉬모먼트
3541,프리페어 칠성점,,NORTH,COMMERCIAL,상업지구,,제주시 일도1동,33.5149705,126.5266442,제주특별자치도 제주시 중앙로7길 19 (일도일동),https://tong.visitkorea.or.kr/cms/resource/81/4017181_image2_1.png,프리페어(PREPARE)는 내일의 더 나은 나를 위해 준비하는 이들을 위한 감각적인 데일리 웨어 브랜드입니다.,"프리페어(PREPARE)는 내일의 더 나은 나를 위해 준비하는 이들을 위한 감각적인 데일리 웨어 브랜드입니다. 실용적인 소재와 모던한 실루엣을 조화시켜, 일상의 모든 순간에 어울리는 세련된 스타일을 제안합니다.",TOUR,,https://map.kakao.com/?q=프리페어 칠성점
3542,플레이사계,,WEST,COMMERCIAL,상업지구,,서귀포시 안덕면,33.2338354,126.3104243,제주특별자치도 서귀포시 안덕면 사계남로216번길 29,https://api.cdn.visitjeju.net/photomng/imgpath/202605/27/1e421ac2-f3ad-4bf4-9585-6560a721876a.webp,"제주 서쪽 사계리 감성을 담은 복합 라이프스타일 공간으로, 감성 소품샵과 공방, 포토존, 카페 등을 함께 즐길 수 있는 공간","제주 서쪽 사계리 감성을 담은 복합 라이프스타일 공간으로, 감성 소품샵과 공방, 포토존, 카페 등을 함께 즐길 수 있는 공간",VJ,,https://map.kakao.com/?q=플레이사계
3543,피렌체 제주점,,NORTH,COMMERCIAL,상업지구,,제주시 연동,33.4856033,126.4889053,제주특별자치도 제주시 노연로 80 (연동),https://tong.visitkorea.or.kr/cms/resource/28/4043528_image2_1.jpg,피렌체(FIRENZE)는 이탈리아 예술의 도시 피렌체의 클래식한 감성과 장인 정신을 동경하는 패션 브랜드입니다.,피렌체(FIRENZE)는 이탈리아 예술의 도시 피렌체의 클래식한 감성과 장인 정신을 동경하는 패션 브랜드입니다. 고급스러운 소재와 세련된 디자인의 가죽 잡화 및 의류를 통해 유럽 정통 럭셔리 스타일을 현대적으로 제안합니다.,TOUR,,https://map.kakao.com/?q=피렌체 제주점
3544,피크닉메이트,,NORTH,EXPERIENCE,체험 활동 관광지,,제주시 아라동,33.4261379,126.5626925,제주특별자치도 제주시 아란4길 84,https://api.cdn.visitjeju.net/photomng/imgpath/202008/21/77f8d8cf-e911-4245-939f-42709a59fb53.webp,피크닉세트 대여 및 피크닉소품 판매 전문점,피크닉세트 대여 및 피크닉소품 판매 전문점,VJ,,https://map.kakao.com/?q=피크닉메이트
3545,피플 제주,,NORTH,COMMERCIAL,상업지구,,제주시 이도2동,33.4985602,126.5299539,제주특별자치도 제주시 신성로13길 19 (이도이동) 1층,https://tong.visitkorea.or.kr/cms/resource/75/4020375_image2_1.jpg,피플(PEOPLE)은 사람들의 자유로운 라이프스타일에서 영감을 받는 현대적인 패션 및 잡화 브랜드입니다.,피플(PEOPLE)은 사람들의 자유로운 라이프스타일에서 영감을 받는 현대적인 패션 및 잡화 브랜드입니다. 편안한 활동성을 최우선으로 고려한 가벼운 소재와 실용적인 디자인의 제품들을 통해 매일의 일상에 즐거움을 더합니다.,TOUR,,https://map.kakao.com/?q=피플 제주
3546,필기,,EAST,COMMERCIAL,상업지구,,제주시 구좌읍,33.4916603,126.8969993,제주특별자치도 제주시 구좌읍 종달로7길 8-1,https://api.cdn.visitjeju.net/photomng/imgpath/202306/30/a61d2977-fc6e-486d-961c-b6175a724539.webp,사각사각 써 내려 가는 필기의 즐거움,사각사각 써 내려 가는 필기의 즐거움,VJ,,https://map.kakao.com/?q=필기
3547,필름로그 제주직영점,,NORTH,COMMERCIAL,상업지구,,제주시 삼도1동,33.5033438,126.5163722,제주특별자치도 제주시 서광로11길 37,https://api.cdn.visitjeju.net/photomng/imgpath/202306/30/32361705-fb9e-4360-9a91-765fd9fbdcb5.webp,추억을 기록하는 제주의 필름카메라,추억을 기록하는 제주의 필름카메라,VJ,,https://map.kakao.com/?q=필름로그 제주직영점
3548,필코,,WEST,THEME,테마시설,,제주시 한경면,33.3383311,126.2631944,제주특별자치도 제주시 한경면 저지12길 62-5 (저지리) ,https://api.cdn.visitjeju.net/photomng/imgpath/202310/12/2571fecd-4638-4d98-8200-0ae36732dcd3.webp,"제주도의 허파, 곶자왈과 함께하는 창의력 워크샵","제주도의 허파, 곶자왈과 함께하는 창의력 워크샵",VJ,,https://map.kakao.com/?q=필코
3549,핑골프스포츠,,NORTH,COMMERCIAL,상업지구,,제주시 연동,33.4855918,126.4896139,제주특별자치도 제주시 신광로 72 (연동),https://tong.visitkorea.or.kr/cms/resource/48/4017448_image2_1.jpeg,핑골프스포츠는 혁신적인 기술력과 정교한 설계로 전 세계 골퍼들의 두터운 신뢰를 받는 골프 전문 브랜드입니다.,핑골프스포츠는 혁신적인 기술력과 정교한 설계로 전 세계 골퍼들의 두터운 신뢰를 받는 골프 전문 브랜드입니다. 최상의 비거리를 보장하는 클럽부터 활동적인 골프웨어까지 골퍼의 퍼포먼스를 완성하는 모든 솔루션을 제공합니다.,TOUR,관광지인지 확인(도서관·교회·골프 등),https://map.kakao.com/?q=핑골프스포츠
3550,하논마르,,SOUTH,NATURE,자연관광지,,서귀포시 서홍동,33.252937,126.54583,제주특별자치도 서귀포시 서홍동 1003,https://api.cdn.visitjeju.net/photomng/imgpath/201804/30/a0267b29-2e51-4560-9acd-d55f482c6ea2.webp,한반도 유일의 마르(Maar)형 분화구,한반도 유일의 마르(Maar)형 분화구,VJ,주소를 좌표로 다시 구함,https://map.kakao.com/?q=하논마르
3551,하늬복이오름,,WEST,NATURE,자연관광지,,서귀포시 안덕면,33.3266197,126.3932189,제주특별자치도 서귀포시 안덕면 상천리 산89-1,https://tong.visitkorea.or.kr/cms/resource/41/3477441_image2_1.jpg,하늬복이오름은 제주특별자치도 서귀포시 안덕면 상천리에 있는 오름으로 하늬바람이 많이 불어온다고 하여 하늬복이라고 붙여졌다.,"하늬복이오름은 제주특별자치도 서귀포시 안덕면 상천리에 있는 오름으로 하늬바람이 많이 불어온다고 하여 하늬복이라고 붙여졌다. 화구 없는 오롯한 원뿔체(자그마한 피라미드형)로 정상부에는 소나무가 우거진 가운데 남서면에 풀밭이 있다. 이곳은 영아리오름과 기슭 자락으로 이어지며 오름 주변은 삼나무가 조림되어 있다. 오르는 산행길에는 가시덤불과 바위, 잡목이 많아 길을 찾기가 어려우니 주의해야 한다. 오름 북쪽 사면에는 사람이 만들어 놓은 동굴도 있다. 제주 서부권에서 인기가 있는 오름들 중에서 서영아리오름이 하늬복이오름 지척에 있는데, 서영아리오름에서 서영아리 습지, 하늬복이오름, 마보기오름으로 이어가는 전진형 탐방이 인기 코스이다.",TOUR,,https://map.kakao.com/?q=하늬복이오름
3552,하도리 철새도래지,,EAST,NATURE,자연관광지,,제주시 구좌읍,33.51021,126.896255,제주특별자치도 제주시 구좌읍 하도리 53-2,https://api.cdn.visitjeju.net/photomng/imgpath/201804/30/8854a463-6ec7-4ed0-9b8f-08525d0c49fc.webp,월동하러 가는 철새들의 은신처,월동하러 가는 철새들의 은신처,VJ,,https://map.kakao.com/?q=하도리 철새도래지
3553,하도리 철새도래지,,EAST,NATURE,자연관광지,,제주시 구좌읍,33.504012,126.891953,제주특별자치도 제주시 구좌읍 하도리 53-2,https://tong.visitkorea.or.kr/cms/resource/79/4067779_image2_1.jpg,제주시 구좌읍 하도리에 있는 철새도래지로 바다와 인접하고 영양분이 풍부한 먹잇감과 습지식물이 많아 철새들이 월동하기에 최적의 지역으로 알려진…,"제주시 구좌읍 하도리에 있는 철새도래지로 바다와 인접하고 영양분이 풍부한 먹잇감과 습지식물이 많아 철새들이 월동하기에 최적의 지역으로 알려진 곳이다. 천연기념물로 지정돼 있고 세계적으로 1,600여 마리 정도만 남아있다는 저어새를 비롯해 천연기념물인 고니, 매, 황조롱이 등과 환경부 멸종위기야생동물인 물수리 등이 관찰되고 있다. 매년 30종에 이르는 철새들이 날아온다. 하도리 지미봉 기슭은 해안에 하굿둑을 축조해 저수지를 만들어 먹이가 풍부하고 둥지를 틀 수 있는 곳이 많이 있다. 망원경이 설치되어 있는 탐조대에서는 철새들의 모습을 관찰할 수 있다. 특히 이 지역은 둑을 축조하며 만든 다리의 경치가 일품이라 드라이브 코스로도 주목받고 있다.",TOUR,,https://map.kakao.com/?q=하도리 철새도래지
3554,하도해변,,EAST,LEISURE,레저·스포츠 관련 시설,,제주시 구좌읍,33.5183,126.9017,제주특별자치도 제주시 구좌읍 해맞이해안로 1973,https://api.cdn.visitjeju.net/photomng/imgpath/202407/23/be1cf5b8-2e00-4093-b54d-1933d3a5cdba.webp,얕고 맑은 바다에서 다양한 해양레저를 즐길 수 있는 한적한 하도해변,얕고 맑은 바다에서 다양한 해양레저를 즐길 수 있는 한적한 하도해변,VJ+TOUR,,https://map.kakao.com/?q=하도해변
3555,하례감귤점빵협동조합,,SOUTH,NATURE,자연관광지,,서귀포시 남원읍,33.3252261,126.5961931,제주특별자치도 서귀포시 남원읍 하례로 272,https://api.cdn.visitjeju.net/photomng/imgpath/202307/26/7d7c7002-a805-483a-a51a-eaf0d6cca33d.webp,제주 전통 상웨떡의 변신은 무죄,제주 전통 상웨떡의 변신은 무죄,VJ,,https://map.kakao.com/?q=하례감귤점빵협동조합
3556,하루애제주,,WEST,COMMERCIAL,상업지구,,제주시 한경면,33.3291135,126.2213991,제주특별자치도 제주시 한경면 고조로 492-12,https://api.cdn.visitjeju.net/photomng/imgpath/202306/15/e5e2b338-da9a-4693-bafc-77004ea6a716.webp,핸드메이드 라탄제품 전문 소품샵,핸드메이드 라탄제품 전문 소품샵,VJ,,https://map.kakao.com/?q=하루애제주
3557,하리보 해피월드,,NORTH,CULTURE,문화시설,,제주시 아라동,33.4741138,126.5282841,제주특별자치도 제주시 아연로 444-1 (오등동) 1층 하리보해피월드,https://api.cdn.visitjeju.net/photomng/imgpath/202408/20/c2895ac1-8de0-40a8-ae1c-c9f9232e78f7.webp,"제주에서 만나는 독일 젤리 ‘하리보’ 전시, 하리보 해피월드","제주에서 만나는 독일 젤리 ‘하리보’ 전시, 하리보 해피월드",VJ+TOUR,,https://map.kakao.com/?q=하리보 해피월드
3558,하멜기념비,,WEST,CULTURE,문화시설,,서귀포시 안덕면,33.23286,126.314064,제주특별자치도 서귀포시 안덕면 사계리 112-3,https://api.cdn.visitjeju.net/photomng/imgpath/202112/15/69de2bfa-a1ca-4074-ac59-aefe606d603c.webp,하멜의 공덕과 네덜란드와 한국간의 우호증진의 증표로 세워진 기념비,하멜의 공덕과 네덜란드와 한국간의 우호증진의 증표로 세워진 기념비,VJ+TOUR,,https://map.kakao.com/?q=하멜기념비
3559,하모돌고래투어,,WEST,EXPERIENCE,체험 활동 관광지,,서귀포시 대정읍,33.2105452,126.2576053,제주특별자치도 서귀포시 대정읍 최남단해안로 120,https://api.cdn.visitjeju.net/photomng/imgpath/202311/22/5534c1bd-1096-4385-8c8a-7f0e70bafbc3.webp,드넓은 바다에서 헤엄치는 멋진 돌고래를 볼 수 있는 투어,드넓은 바다에서 헤엄치는 멋진 돌고래를 볼 수 있는 투어,VJ,,https://map.kakao.com/?q=하모돌고래투어
3560,하모체육공원,,WEST,NATURE,자연관광지,,서귀포시 대정읍,33.218625,126.252426,제주특별자치도 서귀포시 대정읍 하모리 2139-3,https://tong.visitkorea.or.kr/cms/resource/26/3031526_image2_1.jpg,"서귀포시 대정읍에 위치한 하모체육공원은 2008년에 준공되었고 인라인스케이트장, 야외 운동기구 시설, 농구장, 테니스장, 육상 트랙, 지압보도…","서귀포시 대정읍에 위치한 하모체육공원은 2008년에 준공되었고 인라인스케이트장, 야외 운동기구 시설, 농구장, 테니스장, 육상 트랙, 지압보도가 있어 여러 운동을 한 곳에서 즐길 수 있을 뿐만 아니라 뜨거운 햇살을 피해 쉴 수 있는 나무 그늘과 아이들이 뛰어놀 수 있는 놀이터도 함께 갖추고 있다. 이곳은 야간조명이 설치되어 있어 야외무대도 이용 가능하여 서귀포관악단 읍면 순회 음악회, 공동체 놀이 및 이벤트, 체험 등을 개최하는 장소로 이용되고 있다. 하모체육공원은 제주 올레 10코스와 올레 11코스의 분기점이기 때문에 체육공원 좌측의 사거리에는 제11코스 출발지임을 알리는 올레길 안내 표지석이 있고 그 좌측 옆으로 제주올레 안내소와 기념스탬프함이 있다.",TOUR,관광지인지 확인(도서관·교회·골프 등),https://map.kakao.com/?q=하모체육공원
3561,하모해변,,WEST,NATURE,자연관광지,,서귀포시 대정읍,33.211322,126.2605636,제주특별자치도 서귀포시 대정읍 하모리 279-2,https://tong.visitkorea.or.kr/cms/resource/22/3391622_image2_1.jpg,"모슬포와 가까운 곳에 있어 모슬포 해수욕장이라 불리기도 하는 하모해변은 과거에 해수욕장으로 이용되기도 하였으나, 모래 유실과 돌출된 암반 등에…","모슬포와 가까운 곳에 있어 모슬포 해수욕장이라 불리기도 하는 하모해변은 과거에 해수욕장으로 이용되기도 하였으나, 모래 유실과 돌출된 암반 등에 의한 안전사고 우려가 높아 현재는 폐장된 상태이다. 하모해변은 올레 10코스 지점 중 하나이며 해변 근처에 야영장이 있다. 텐트를 칠 수 있는 구역이 10개 이상 마련되어 있는데, 성수기에는 유료로 제공되고 있어 사전 문의가 필요하다. 여름 성수기에는 바닷속을 걸어 다니며 열대어와 산호초를 볼 수 있는 ‘씨워킹’이라는 이색 해양 스포츠를 경험할 수 있으며, 하모해변 주차장 맞은편에는 해바라기밭이 산방산을 배경으로 장관을 이룬다.

(출처: 제주 관광공사 홈페이지)",TOUR,,https://map.kakao.com/?q=하모해변
3562,하모해수욕장,,WEST,NATURE,자연관광지,,서귀포시 대정읍,33.226463,126.25283,제주특별자치도 서귀포시 대정읍 하모리,https://api.cdn.visitjeju.net/photomng/imgpath/201807/26/d26d60e8-3b2f-4902-a3cb-8b632a322df8.webp,사라진 모래사장 아래 투명한 제주바다,사라진 모래사장 아래 투명한 제주바다,VJ,,https://map.kakao.com/?q=하모해수욕장
3563,하영올레,,SOUTH,EXPERIENCE,체험 활동 관광지,,서귀포시 서홍동,33.2540922,126.5601945,제주특별자치도 서귀포시 중앙로 105,https://api.cdn.visitjeju.net/photomng/imgpath/202108/12/bc406d9e-c5a2-4aa7-91f7-afc917f5ad86.webp,서귀포시가 원도심의 매력을 듬뿍 느낄 수 있는 도보코스.,"서귀포시가 원도심의 매력을 듬뿍 느낄 수 있는 도보코스. 제주관광공사와 서귀포시, 제주올레가 함께 개발하고 운영하는 이 하영올레는 '하영'이라는 말에서 유래하듯, 서귀포 원도심 주변의 풍부한 관광자원과 6개의 도심공원(걸매생태공원, 칠십리시공원, 새섬공원, 자구리공원, 정모시공원, 솜반천), 3개의 특화거리(이중섭거리, 칠십리음식특화거리, 아랑조을거리)를 융합하여 서귀포의 자연과 인문, 문화가 융합된 관광객과 도민 모두가 다양한 방법으로 즐길 수 있는 길로 구성되어있다.",VJ,,https://map.kakao.com/?q=하영올레
3564,하우목동항,,EAST,NATURE,자연관광지,,제주시 우도면,33.5095971,126.9435281,제주특별자치도 제주시 우도면 우도해안길 352,https://tong.visitkorea.or.kr/cms/resource/56/3553456_image2_1.jpg,성산 일출봉 남쪽 바다에 자리한 우도는 매년 그 아름다운 풍광을 즐기기 위해 많은 방문객이 찾는 섬이다.,"성산 일출봉 남쪽 바다에 자리한 우도는 매년 그 아름다운 풍광을 즐기기 위해 많은 방문객이 찾는 섬이다. 이 섬에는 2개의 항구가 있는데, 우도의 관문 항구인 천진항과 섬 중간에 자리한 하우목동항이 바로 그것이다. 천진항보다 크기는 작지만, 하얀 산호가 해안으로 밀려와 쌓인 서빈백사가 가까이 있다는 장점이 있다. 본섬으로 돌아갈 때는 구매한 티켓으로 하우목동항과 천진항 두 곳에서 모두 배를 탈 수 있어 처음에 천진항으로 입도했다면, 돌아갈 때는 하우목동항을 이용해 봐도 좋다. 성산항과 종달항에서 10~15분 정도가 소요된다.",TOUR,,https://map.kakao.com/?q=하우목동항
3565,하우스오브레퓨즈,,WEST,EXPERIENCE,체험 활동 관광지,,제주시 애월읍,33.4192422,126.396054,제주특별자치도 제주시 애월읍 하소로 735,https://api.cdn.visitjeju.net/photomng/imgpath/202405/08/04c7c73e-9f26-469b-acfe-2b76b865b1a7.jpg,20여년간 제주 애월 숲속에 버려진 폐건물에 새생명을 불어넣은 복합문화공간,20여년간 제주 애월 숲속에 버려진 폐건물에 새생명을 불어넣은 복합문화공간,VJ+TOUR,,https://map.kakao.com/?q=하우스오브레퓨즈
3566,하이츠 제주,,WEST,COMMERCIAL,상업지구,,제주시 애월읍,33.4192921,126.3960345,제주특별자치도 제주시 애월읍 하소로 735 1층,https://tong.visitkorea.or.kr/cms/resource/16/4024316_image2_1.jpeg,하이츠(HEIGHTS.)는 서울의 서브컬처와 글로벌 스트릿 트렌드를 연결하는 대표적인 패션 편집 브랜드입니다.,하이츠(HEIGHTS.)는 서울의 서브컬처와 글로벌 스트릿 트렌드를 연결하는 대표적인 패션 편집 브랜드입니다. 독창적인 영감을 가진 국내외 브랜드를 안목 있게 소개하며 젊은 세대의 패션과 문화를 선도하고 있습니다.,TOUR,,https://map.kakao.com/?q=하이츠 제주
3567,하이파이브제주,,NORTH,EXPERIENCE,체험 활동 관광지,,제주시 오라동,33.4734115,126.5034106,제주특별자치도 제주시 아연로 112 1층,https://api.cdn.visitjeju.net/photomng/imgpath/202511/18/aa6795dd-9b1d-4b1c-bf3d-9df4ecce3908.webp,탐구하고 몰입하는 이색체험 키즈카페,탐구하고 몰입하는 이색체험 키즈카페,VJ,,https://map.kakao.com/?q=하이파이브제주
3568,하효살롱협동조합,,SOUTH,EXPERIENCE,체험 활동 관광지,,서귀포시 효돈동,33.2565119,126.6219281,제주특별자치도 서귀포시 효돈순환로 217-8,https://api.cdn.visitjeju.net/photomng/imgpath/202306/20/aed1fff2-6ace-47db-8fe5-499d614d9436.webp,새콤달콤 하효감귤로 즐기는 음식 체험,새콤달콤 하효감귤로 즐기는 음식 체험,VJ,,https://map.kakao.com/?q=하효살롱협동조합
3569,한국금거래소 제주직영점,,NORTH,COMMERCIAL,상업지구,,제주시 연동,33.4885306,126.4905726,제주특별자치도 제주시 연동7길 16 (연동) 1층,https://tong.visitkorea.or.kr/cms/resource/07/4045707_image2_1.jpg,한국금거래소는 대한민국 금 거래의 표준을 세우는 신뢰와 전통의 귀금속 전문 브랜드입니다.,"한국금거래소는 대한민국 금 거래의 표준을 세우는 신뢰와 전통의 귀금속 전문 브랜드입니다. 투명한 거래 시스템과 엄격한 품질 관리를 통해 골드바, 실버바 등 소중한 자산의 가치를 안전하게 지켜드립니다.",TOUR,,https://map.kakao.com/?q=한국금거래소 제주직영점
3570,한국기념품백화점,,NORTH,COMMERCIAL,상업지구,,제주시 노형동,33.4873916,126.4847838,제주특별자치도 제주시 원노형로 13 (노형동),https://tong.visitkorea.or.kr/cms/resource/46/1932246_image2_1.jpg,"한국기념품백화점은 1973년에 문을 연 제주에서 가장 오래된 전통 민예품점으로, 오랜 역사와 전통을 이어오고 있다.","한국기념품백화점은 1973년에 문을 연 제주에서 가장 오래된 전통 민예품점으로, 오랜 역사와 전통을 이어오고 있다. 외국인을 위한 전용 민예품점으로 시작해 제주를 대표하는 다양한 기념품과 민예품을 선보이고 있으며, 제주만의 문화와 정취를 담은 상품을 만나볼 수 있다. 제주 여행의 추억을 간직할 수 있는 기념품을 둘러보고 소중한 사람에게 전할 선물을 고르기에도 좋은 곳이다.",TOUR,,https://map.kakao.com/?q=한국기념품백화점
3571,한국마사회 제주목장,,EAST,EXPERIENCE,체험 활동 관광지,,제주시 조천읍,33.41699,126.681465,제주특별자치도 제주시 조천읍 남조로 1660,https://api.cdn.visitjeju.net/photomng/imgpath/202608/14/f1806828-eaa6-41c9-8fff-3b85c55cc086.jpg,"말과 푸른 초지, 오름이 어우러진 제주 대표 말 테마 목장","말과 푸른 초지, 오름이 어우러진 제주 대표 말 테마 목장",VJ,주소를 좌표로 다시 구함,https://map.kakao.com/?q=한국마사회 제주목장
3572,한국선간보,,NORTH,COMMERCIAL,상업지구,,제주시 이호동,33.5014841,126.4632795,제주특별자치도 제주시 도리로 111 (이호일동),https://tong.visitkorea.or.kr/cms/resource/66/4045066_image2_1.png,한국선간보(KOREA SUNGANBO)는 현대인의 간 건강을 위해 연구하는 전문 헬스케어 브랜드입니다.,한국선간보(KOREA SUNGANBO)는 현대인의 간 건강을 위해 연구하는 전문 헬스케어 브랜드입니다. 신뢰할 수 있는 한방 원료와 엄격한 품질 관리를 거친 건강 기능 식품을 통해 고객들이 활기차고 건강한 내일을 맞이하도록 지원합니다.,TOUR,,https://map.kakao.com/?q=한국선간보
3573,한국야구명예전당,,SOUTH,CULTURE,문화시설,,서귀포시 대천동,33.26081,126.49815,제주특별자치도 서귀포시 중산간서로 97-1,https://api.cdn.visitjeju.net/photomng/imgpath/201804/30/35c78ddf-3a81-4a48-be81-f4fe0be1f5ab.webp,한국 야구의 살아 숨 쉬는 백과사전,한국 야구의 살아 숨 쉬는 백과사전,VJ+TOUR,,https://map.kakao.com/?q=한국야구명예전당
3574,한국인삼백화점,,NORTH,COMMERCIAL,상업지구,,제주시 연동,33.4940461,126.4929176,제주특별자치도 제주시 연삼로 3 (연동),https://tong.visitkorea.or.kr/cms/resource/63/4045963_image2_1.jpg,한국인삼백화점은 대한민국 인삼의 자부심을 담아 최고 품질의 인삼과 홍삼 제품을 선보이는 건강 명가입니다.,한국인삼백화점은 대한민국 인삼의 자부심을 담아 최고 품질의 인삼과 홍삼 제품을 선보이는 건강 명가입니다. 전국 각지의 우수한 뿌리삼과 가공 식품을 한곳에서 신뢰와 함께 비교하고 선택할 수 있는 품격 있는 건강 쇼핑 환경을 제공합니다.,TOUR,,https://map.kakao.com/?q=한국인삼백화점
3575,한남의숙터,,WEST,CULTURE,문화시설,,서귀포시 대정읍,33.251087,126.27711,제주특별자치도 서귀포시 대정읍 추사로,https://api.cdn.visitjeju.net/photomng/imgpath/201804/30/4be81e47-49e2-46e4-b42c-52756aff70e5.webp,대정지역의 대표적인 3대 의숙 중의 하나로 민족교육을 실시했던 현대교육기관인 한남의숙이 세워졌던 곳,대정지역의 대표적인 3대 의숙 중의 하나로 민족교육을 실시했던 현대교육기관인 한남의숙이 세워졌던 곳,VJ,,https://map.kakao.com/?q=한남의숙터
3576,한라꽃방,,SOUTH,COMMERCIAL,상업지구,,서귀포시 정방동,33.2449997,126.5643448,제주특별자치도 서귀포시 이중섭로 34,https://api.cdn.visitjeju.net/photomng/imgpath/201806/28/c2eabade-c9b6-4162-ac4a-563460f4144e.webp,과거 이중섭이 머물며 많은 작품을 남겼던 생가.,과거 이중섭이 머물며 많은 작품을 남겼던 생가. 그 주변으로 조성된 이중섭 문화의 거리. 이곳에는 이중섭 박물관을 비롯해 카페와 소품샵 등 다양한 볼거리가 들어서 있다. 그리고 그 자리에 40년을 머물며 과거와 현재를 아우르는 한라꽃방.,VJ,,https://map.kakao.com/?q=한라꽃방
3577,한라디지털아트뮤지엄,,NORTH,CULTURE,문화시설,,제주시 노형동,33.4773741,126.4746605,제주특별자치도 제주시 한라대학로 38,https://api.cdn.visitjeju.net/photomng/imgpath/202607/16/9fb0eddd-6ca3-4ed0-8086-ea3970c5c959.webp,"제주시 노형동에 위치한 한라디지털아트뮤지엄은 빛과 영상, 소리, 디지털 기술이 어우러진 몰입형 미디어아트 전시관, 날씨에 관계없이 즐길 수 있…","제주시 노형동에 위치한 한라디지털아트뮤지엄은 빛과 영상, 소리, 디지털 기술이 어우러진 몰입형 미디어아트 전시관, 날씨에 관계없이 즐길 수 있는 제주 실내 관광지",VJ,,https://map.kakao.com/?q=한라디지털아트뮤지엄
3578,한라렌터카,,NORTH,EXPERIENCE,체험 활동 관광지,,제주시 용담2동,33.5031276,126.4935659,제주특별자치도 제주시 다호길 126 (용담이동) (주)제주한라렌트카,https://api.cdn.visitjeju.net/photomng/imgpath/202411/07/37dd00e1-4eee-4d6a-a719-90e72d378705.webp,안전하고 편안한 제주여행을 선도하는 제주한라렌트카입니다.,안전하고 편안한 제주여행을 선도하는 제주한라렌트카입니다.,VJ,,https://map.kakao.com/?q=한라렌터카
3579,한라미디어,,NORTH,COMMERCIAL,상업지구,,제주시 연동,33.4895226,126.4949769,제주특별자치도 제주시 삼무로 78 (연동),https://tong.visitkorea.or.kr/cms/resource/17/4024317_image2_1.jpeg,한라미디어는 제주를 넘어 글로벌 시장으로 뻗어가는 창의적인 문화 콘텐츠 및 미디어 라이프스타일 브랜드입니다.,한라미디어는 제주를 넘어 글로벌 시장으로 뻗어가는 창의적인 문화 콘텐츠 및 미디어 라이프스타일 브랜드입니다. 제주의 이야기와 영감을 담아낸 다채로운 기획 상품과 출판물을 통해 고객들에게 새로운 지식과 감동을 선사합니다.,TOUR,,https://map.kakao.com/?q=한라미디어
3580,한라사이클,,NORTH,COMMERCIAL,상업지구,,제주시 연동,33.4837453,126.4975613,제주특별자치도 제주시 신대로19길 11 (연동) 1층,https://tong.visitkorea.or.kr/cms/resource/68/4022868_image2_1.jpg,한라사이클은 자전거와 함께 건강하고 활기찬 제주 라이프를 선도하는 사이클링 전문 브랜드입니다.,한라사이클은 자전거와 함께 건강하고 활기찬 제주 라이프를 선도하는 사이클링 전문 브랜드입니다. 최신 바이크 큐레이션과 정밀한 피팅 서비스를 통해 라이더들이 한라산과 제주의 풍경을 안전하게 즐길 수 있도록 돕습니다.,TOUR,,https://map.kakao.com/?q=한라사이클
3581,한라산,,SOUTH,NATURE,자연관광지,,서귀포시 영천동,33.3618,126.53,제주특별자치도 서귀포시 토평동 산15-1,https://tong.visitkorea.or.kr/cms/resource_photo/41/3460441_image2_1.jpg,한라산은 능히 은하수를 잡아당길 만큼 높은 산이라는 뜻을 가졌다.,"한라산은 능히 은하수를 잡아당길 만큼 높은 산이라는 뜻을 가졌다. 예부터 신선들이 산다고 해서 영주산(瀛州山)이라 불리기도 했고 금강산(金剛山), 지리산(智異山)과 더불어 우리나라 삼신산(三神山)의 하나로 여겨져 왔다. 또 다양한 식생(植生) 분포를 이루어 학술적 가치가 매우 높은 동·식물의 보고로써 1966년 10월 천연기념물로 지정, 보호되고 있다. 한편 신생대 4기의 젊은 화산섬인 제주도의 중심부에 위치한 한라산은 지금으로부터 2만 5천 년 전까지 화산 분화 활동을 하였으며, 한라산 주변에는 기생 화산인 오름이 분포되어 있어 특이한 경관을 창출하고 있다. 한라산이 품고 있는 비경으로는 눈 덮인 백록담, 왕관능의 위엄, 계곡 깊숙이 숨겨진 폭포들, 설문대 할머니와 오백장군의 전설이 깃든 영실기암 등이 있으며 1970년 3월에 국립공원으로 지정되었다. 한라산은 북태평양의 고도(孤島)에 솟아있는 지리적 요인과 해발고도에 따른 영향으로 온대에서 한대 기후대까지 식물의 수직분포를 보이고 있고, 다양한 종의 식물과 동물이 서식하는 생태계의 보고라고 할 수 있다.",TOUR,,https://map.kakao.com/?q=한라산
3582,한라산 백록담,,SOUTH,NATURE,자연관광지,,서귀포시 영천동,33.3072443,126.5860193,제주특별자치도 서귀포시 산록남로 2847-37 (상효동),https://tong.visitkorea.or.kr/cms/resource/95/3035595_image2_1.jpg,"제주특별자치도 중앙부에 솟아 있는 한라산 정상의 화구호인 백록담은 남북 길이 약 400m, 동서 길이 600m, 둘레 1,720m, 표고 18…","제주특별자치도 중앙부에 솟아 있는 한라산 정상의 화구호인 백록담은 남북 길이 약 400m, 동서 길이 600m, 둘레 1,720m, 표고 1841.7m, 깊이 108m의 타원형 분화구이다. 한라산 정상에 있는 만큼 남한에서 가장 높은 산정 화구호로 침식에 거의 영향을 받지 않아 순상 화산(방패를 엎어 놓은 듯한 완경사를 이룬 화산)의 원지형이 잘 보존되어 학술 가치가 크고 빼어난 경관을 보여준다. 또 한겨울 쌓인 눈이 여름철까지 남아 있어 녹담만설이라는 영주 12경 중의 하나로 자연경관적 가치가 매우 뛰어나다. 한라산 백록담에는 장마철 집중호우가 내려 만수가 되면 208,264㎥가 넘는 화구호의 3분의 2가 물에 잠기는 장관을 이룬다. 그러나 요즘에는 자연 증발과 화구호 바닥의 퇴적층으로 물이 빠짐으로 인해 수량이 많이 줄어들고 있다. 초원으로 이루어진 백록담 내 분지에는 맑은 날이면 노루들이 한가로이 풀을 뜯거나 화구호의 물을 마시는 광경을 볼 수 있다. 이들 노루들은 화구호 사면에 자생하고 있는 구상나무숲에 보금자리를 틀고 사는 전설의 흰 노루들의 후예들인 셈이다. 백록담 주변과 화구호 내에는 구상나무, 돌매화나무, 한라솜다리, 섬매자나무, 매발톱, 한라구절초 등 희귀한 고산 식물이 많이 자라고 있어 생태적 가치가 크다. 특히 정상의 바위벽에서 자라는 돌매화나무는 키가 2㎝에 불과하여 세계에서 가장 키가 작은 나무로 알려져 있다. 그러나 돌매화는 서북풍이 매섭게 몰아치는 바위벽에 자신의 뿌리를 박은 채 이슬을 머금고 자란다. 초여름에는 순백의 매화를 닮은 꽃을 피우는데 그 자태가 고고하기 이를 데 없다. 한라산 정상 등반코스로는 성판악 탐방로(편도 4시간 30분/9.6㎞)와 관음사 탐방로(편도 5시간/8.7㎞)를 이용할 수 있으며 2020년 2월 1일부터 성판악 및 관음사코스에 한해서 등반 예약제가 시행되니 반드시 한라산 탐방 예약 시스템을 통해 예약을 한 후 등반을 하여야 하며, 한라산 기상 상황에 따라 입산이 전면이나 부분 통제될 수 있으니 탐방 전 한라산국립공원 홈페이지에서 통제 여부를 확인하여야 한다.",TOUR,,https://map.kakao.com/?q=한라산 백록담
3583,한라산 트레킹,,NORTH,LEISURE,레저·스포츠 관련 시설,,제주시 연동,33.3927306,126.4948725,제주특별자치도 제주시 1100로 2070-61,https://tong.visitkorea.or.kr/cms/resource/32/3034532_image2_1.jpg,한라산은 화산분 출로 생성된 산이어서 육지 산과는 다른 독특한 지형을 가지고 있다.,"한라산은 화산분 출로 생성된 산이어서 육지 산과는 다른 독특한 지형을 가지고 있다. 한반도의 대부분의 산들이 능선과 골짜기로 이루어진 반면 한라산은 양변의 기울기가 다소 완만한 삼각형 모양의 단면(순상화산)을 이룬다. 이 경사면을 따라 4개의 등산로가 있는데, 동쪽의 성판악 코스와 서쪽의 영실, 어리목 코스, 북쪽의 관음사 코스, 남쪽의 돈내코 코스가 있다.
한라산은 등산로가 10㎞ 이내로 거리가 짧아, 정상까지 당일 등, 하산이 가능하다. 또한 등산로가 잘 정비되어 있어 길을 잃거나 조난당할 우려는 적다. 그러나 기상변화가 심하고 바람이 세어서, 장비 없이 무작정 산행에 나섰다가 낭패를 보는 경우가 많다. 관음사 지구 야영장을 제외하고 모든 등산로에서는 취사와 야영이 금지되어 있다. 당일 등산을 원칙으로 하기 때문에 계절별로 일몰시간을 기준으로 입산통제가 이루어지므로 미리 입산 시간을 확인하는 것이 좋다.
1988년부터 한라산에서는 ‘자기 쓰레기 되가져오기 운동’을 전개하여서 등산객들도 깨끗한 한라산 만들기에 동참하고 있다.",TOUR,,https://map.kakao.com/?q=한라산 트레킹
3584,한라산국립공원어리목탐방로,,NORTH,EXPERIENCE,체험 활동 관광지,,제주시 연동,33.39223,126.49457,제주특별자치도 제주시 1100로 2070-61,https://api.cdn.visitjeju.net/photomng/imgpath/201804/30/951a41e7-eae9-4c58-9f23-116dd497b1a8.webp,어리목입구-윗새오름 간 한라산 탐방로,어리목입구-윗새오름 간 한라산 탐방로,VJ,,https://map.kakao.com/?q=한라산국립공원어리목탐방로
3585,한라산둘레길9구간(숫모르편백숲길),,NORTH,EXPERIENCE,체험 활동 관광지,,제주시 봉개동,33.4302354,126.6227963,제주특별자치도 제주시 명림로 584,https://api.cdn.visitjeju.net/photomng/imgpath/202112/13/87d5e1e6-a2f1-4f1b-8d32-fb94e6aa9ed7.webp,울창한 편백 나무들이 반기는 편백 나무 숲길,울창한 편백 나무들이 반기는 편백 나무 숲길,VJ,,https://map.kakao.com/?q=한라산둘레길9구간(숫모르편백숲길)
3586,한라산문화관광 천백고지휴게소,,SOUTH,CULTURE,문화시설,,서귀포시 예래동,33.339912,126.43682,제주특별자치도 서귀포시 1100로 1555,https://api.cdn.visitjeju.net/photomng/imgpath/202111/15/2bb7145b-d0f8-406d-9a4f-258e6f60c37d.webp,겨울이면 더욱 아름다운 한라산 대표적인 뷰포인트,겨울이면 더욱 아름다운 한라산 대표적인 뷰포인트,VJ,관광지인지 확인(도서관·교회·골프 등),https://map.kakao.com/?q=한라산문화관광 천백고지휴게소
3587,한라의향기,,WEST,EXPERIENCE,체험 활동 관광지,,서귀포시 안덕면,33.2809176,126.3638977,제주특별자치도 서귀포시 안덕면 병악로 58,https://api.cdn.visitjeju.net/photomng/imgpath/202111/24/86814c0b-c439-4dc0-b1f9-2e1cbfc644e1.webp,감귤체험장,감귤체험장,VJ,,https://map.kakao.com/?q=한라의향기
3588,한림매일시장,,WEST,COMMERCIAL,상업지구,,제주시 한림읍,33.416092,126.26494,제주특별자치도 제주시 한림읍 한림로 687,https://api.cdn.visitjeju.net/photomng/imgpath/201804/30/836a5251-3e51-4274-a06f-9bf199734979.webp,옛 재래시장의 면모를 보여주는 한림매일시장,옛 재래시장의 면모를 보여주는 한림매일시장,VJ+TOUR,,https://map.kakao.com/?q=한림매일시장
3589,한림항,,WEST,NATURE,자연관광지,,제주시 한림읍,33.413114,126.2567483,제주특별자치도 제주시 한림읍 한림해안로 93,https://api.cdn.visitjeju.net/photomng/imgpath/201804/30/e8b7e269-6b77-4598-bd23-495d5187fdf5.webp,제주의 서쪽에서 가장 큰 연안항,제주의 서쪽에서 가장 큰 연안항,VJ,,https://map.kakao.com/?q=한림항
3590,한림항,,WEST,NATURE,자연관광지,,제주시 한림읍,33.4190907,126.2625727,제주특별자치도 제주시 한림읍 한림해안로 192,https://tong.visitkorea.or.kr/cms/resource/65/3554865_image2_1.jpg,한림항은 한림에서 출발하여 비양도를 잇는 여객선이 있는 항구다.,"한림항은 한림에서 출발하여 비양도를 잇는 여객선이 있는 항구다. 비양도는 우리나라에서 유일하게 탄생에 대한 역사적 문헌이 남아있는 섬으로, ‘천년의 섬’이라고 불리며, 제주 본섬과는 불과 3㎞밖에 떨어지지 않은 섬이다. 비양도 항에서 배로 5분 정도만 가면 섬에 다다르는데, 오후 9시부터 오후 4시까지 하루에 4번만 운행하니 시간표를 반드시 확인하는 것이 좋다. 천혜의 자연경관을 고스란히 지닌 비양도를 산책할 수 있는 산책로가 잘 마련되어 있어 섬을 한 바퀴 여유롭게 돌아보는 것도 좋다.

◎ 한류의 매력을 만나는 여행 정보
한림항은 한류 드라마의 촬영지로도 주목받는 곳이다. ‘우리들의 블루스’ 1화에서는 경매 장면의 배경으로, ‘폭싹 속았수다’ 14화에서는 원양어선을 탄 은명을 애순과 관식이 데리러 오는 항구로 등장한다. 드라마 속에서도 관광지로도 자연경관과 함게 제주의 일상을 느껴볼 수 있는 특별한 장소이다.",TOUR,,https://map.kakao.com/?q=한림항
3591,한마음한라봉,,WEST,COMMERCIAL,상업지구,,제주시 애월읍,33.451775,126.308685,제주특별자치도 제주시 애월읍 애월해안로 32,https://api.cdn.visitjeju.net/photomng/imgpath/201804/30/b5f19c65-1971-4af6-b7d7-c89dcb27c295.webp,제주영농조합법인에서 운영하는 제주특산물 판매처,제주영농조합법인에서 운영하는 제주특산물 판매처,VJ,,https://map.kakao.com/?q=한마음한라봉
3592,한복더하기,,EAST,EXPERIENCE,체험 활동 관광지,,서귀포시 성산읍,33.4626711,126.9349029,제주특별자치도 서귀포시 성산읍 일출로 282,https://api.cdn.visitjeju.net/photomng/imgpath/202605/02/d3a4fbfe-53c2-420b-92e7-db3fe37a235d.jpeg,성산일출봉 근처 한복 대여점,성산일출봉 근처 한복 대여점,VJ,,https://map.kakao.com/?q=한복더하기
3593,한섬 FX 마인 더캐시미어 제주점,,NORTH,COMMERCIAL,상업지구,,제주시 노형동,33.4698116,126.4853322,제주특별자치도 제주시 1100로 3178 (노형동),https://tong.visitkorea.or.kr/cms/resource/86/4020086_image2_1.jpg,"한섬은 타임, 마인, 시스템 등 국내 패션 트렌드를 선도하는 다수의 하이엔드 브랜드를 보유한 패션 전문 기업입니다.","한섬은 타임, 마인, 시스템 등 국내 패션 트렌드를 선도하는 다수의 하이엔드 브랜드를 보유한 패션 전문 기업입니다. 수준 높은 품질과 독창적인 미학을 바탕으로 대한민국 패션의 품격을 높이는 데 앞장서고 있습니다.",TOUR,,https://map.kakao.com/?q=한섬 FX 마인 더캐시미어 제주점
3594,한섬 아울렛 FX 타임옴므 제주점,,NORTH,COMMERCIAL,상업지구,,제주시 노형동,33.4698116,126.4853322,"제주특별자치도 제주시 1100로 3178 (노형동) 1,2층",https://tong.visitkorea.or.kr/cms/resource/87/4020087_image2_1.jpg,"한섬은 타임, 마인, 시스템 등 국내 패션 트렌드를 선도하는 다수의 하이엔드 브랜드를 보유한 패션 전문 기업입니다.","한섬은 타임, 마인, 시스템 등 국내 패션 트렌드를 선도하는 다수의 하이엔드 브랜드를 보유한 패션 전문 기업입니다. 수준 높은 품질과 독창적인 미학을 바탕으로 대한민국 패션의 품격을 높이는 데 앞장서고 있습니다.",TOUR,,https://map.kakao.com/?q=한섬 아울렛 FX 타임옴므 제주점
3595,한형수정원,,WEST,THEME,테마시설,,제주시 한림읍,33.3970388,126.2502546,제주특별자치도 제주시 한림읍 옹포2길 44,https://api.cdn.visitjeju.net/photomng/imgpath/202302/28/b09cf429-0cb6-4a84-899d-c6aeffe44790.webp,한형수정원 테쉬폰 제주카페 꿈의 정원,한형수정원 테쉬폰 제주카페 꿈의 정원,VJ,,https://map.kakao.com/?q=한형수정원
3596,함덕민속오일시장,,EAST,COMMERCIAL,상업지구,,제주시 조천읍,33.540173,126.66804,제주특별자치도 제주시 조천읍 함덕16길 15-13,https://api.cdn.visitjeju.net/photomng/imgpath/202110/27/ba1fc525-4607-4f9e-8cdd-a1a8a757c7df.webp,수수한 매력을 지니고 있는 전통시장,수수한 매력을 지니고 있는 전통시장,VJ+TOUR,,https://map.kakao.com/?q=함덕민속오일시장
3597,함덕바다정류장,,EAST,COMMERCIAL,상업지구,,제주시 조천읍,33.5407764,126.6691832,제주특별자치도 제주시 조천읍 신북로 558,https://api.cdn.visitjeju.net/photomng/imgpath/202306/15/24794ea9-8566-46ef-9787-a286710547e9.webp,뜨개모자를 쓴 하르방이 있는 소품샵,뜨개모자를 쓴 하르방이 있는 소품샵,VJ,,https://map.kakao.com/?q=함덕바다정류장
3598,함덕스쿠버 다이빙&서핑&스노클&전동스쿠터,,EAST,EXPERIENCE,체험 활동 관광지,,제주시 조천읍,33.5473412,126.656787,제주특별자치도 제주시 조천읍 조함해안로 376-11,https://api.cdn.visitjeju.net/photomng/imgpath/202306/20/3812f20c-04dc-43eb-902d-a50ea4761f12.webp,에메랄드 함덕바다에서 즐기는 해양레저,에메랄드 함덕바다에서 즐기는 해양레저,VJ,,https://map.kakao.com/?q=함덕스쿠버 다이빙&서핑&스노클&전동스쿠터
3599,함덕잠수함,,EAST,EXPERIENCE,체험 활동 관광지,,제주시 조천읍,33.5478023,126.6568193,제주특별자치도 제주시 조천읍 조함해안로 378,https://tong.visitkorea.or.kr/cms/resource/77/3057277_image2_1.jpg,함덕잠수함은 잠수함과 요트를 한꺼번에 이용할 수 있도록 배 아래에 투명창을 설치하여 수중 세계를 볼 수 있도록 설계된 선박이다.,"함덕잠수함은 잠수함과 요트를 한꺼번에 이용할 수 있도록 배 아래에 투명창을 설치하여 수중 세계를 볼 수 있도록 설계된 선박이다. 함덕잠수함은 타 잠수함과 달리, 몇 개의 계단만 내려가면 멋진 수중 세계를 볼 수 있고 위로 올라오면 요트 체험을 할 수 있다. 자유롭게 수중과 수상을 이동할 수 있으며 한 배에 한 그룹만 탑승하기 때문에 방해 없이 조용하게 체험을 즐길 수 있다. 함덕잠수함은 제주도에서도 가장 물이 깨끗한 에메랄드빛 함덕 바다에서 운항하며 탁 트인 바다 풍경이 아름답고 물속 관찰이 용이하며, 가끔은 돌고래 떼도 볼 수 있다. 바다 위에서 물고기 밥 주기 체험도 같이할 수 있어 특별한 경험을 만들 수 있다.",TOUR,,https://map.kakao.com/?q=함덕잠수함
3600,함덕코코아로마,,EAST,EXPERIENCE,체험 활동 관광지,,제주시 조천읍,33.5409079,126.6683116,제주특별자치도 제주시 조천읍 신북로 550,https://api.cdn.visitjeju.net/photomng/imgpath/202609/07/3b2c35e0-dc3b-45f5-9ccb-ad0dcf8cb50b.JPG,사계절 내내 바람을 맞으며 살아온 제주도민들의 몸에 맞춰 발전해온 제주식 테라피로 시간이 쌓인 흔적을 비우고 감각을 깨워 가벼운 몸과 마음을…,사계절 내내 바람을 맞으며 살아온 제주도민들의 몸에 맞춰 발전해온 제주식 테라피로 시간이 쌓인 흔적을 비우고 감각을 깨워 가벼운 몸과 마음을 돌려드립니다.,VJ,,https://map.kakao.com/?q=함덕코코아로마
3601,해거름전망대,,WEST,NATURE,자연관광지,,제주시 한경면,33.37016,126.20664,제주특별자치도 제주시 한경면 일주서로 4641,https://api.cdn.visitjeju.net/photomng/imgpath/201804/30/a81adc86-6696-4e15-829b-f6c8d3cd2ab4.webp,하루의 마무리는 해거름전망대에서,하루의 마무리는 해거름전망대에서,VJ,,https://map.kakao.com/?q=해거름전망대
3602,해녀태왁,,EAST,EXPERIENCE,체험 활동 관광지,,제주시 구좌읍,33.5582139,126.7373381,제주특별자치도 제주시 구좌읍 김송로 94,https://api.cdn.visitjeju.net/photomng/imgpath/201807/20/54a5d911-bf52-47a4-9c80-d8d13a363cea.webp,해녀와 함께 태왁 만들기 체험을 할 수 있는 곳이다.,해녀와 함께 태왁 만들기 체험을 할 수 있는 곳이다.,VJ,,https://map.kakao.com/?q=해녀태왁
3603,해맞이해안로,,EAST,NATURE,자연관광지,,제주시 구좌읍,33.558674,126.79477,제주특별자치도 제주시 구좌읍 김녕리,https://api.cdn.visitjeju.net/photomng/imgpath/202111/26/216c62ba-6954-4125-a289-ae2926adf762.webp,제주에서 가장 인기있는 해안도로 해맞이해안도로,제주에서 가장 인기있는 해안도로 해맞이해안도로,VJ,,https://map.kakao.com/?q=해맞이해안로
3604,해맞이해안로,,EAST,NATURE,자연관광지,,제주시 구좌읍,33.5504227,126.7427252,제주특별자치도 제주시 구좌읍 김녕리,https://tong.visitkorea.or.kr/cms/resource/89/3555389_image2_1.jpg,제주 동쪽 해가 뜨는 방향의 해안도로라는 의미의 해맞이해안로는 제주시 구좌읍 김녕리에서 서귀포시 성산읍 오조리까지 해안을 따라 조성된 약 27…,"제주 동쪽 해가 뜨는 방향의 해안도로라는 의미의 해맞이해안로는 제주시 구좌읍 김녕리에서 서귀포시 성산읍 오조리까지 해안을 따라 조성된 약 27.8㎞의 도로이다. 올레길 21코스에 포함되는 해맞이해안로를 가다 보면 해맞이 명소로 유명한 성산 일출봉이 있어 제주를 방문하는 여행객들이 꼭 지나가는 길이다. 김녕- 월정리 -세화 -하도 -종달리 -성산 일출봉까지 연결되어 있어 제주의 맛집, 카페, 명소 등을 중간중간 방문할 수 있어 접근성도 좋다. 제주에 오면 꼭 들러야 하는 해맞이해안로의 가장 큰 매력은 끝없이 펼쳐지는 제주 바다를 감상할 수 있다는 점이다.",TOUR,,https://map.kakao.com/?q=해맞이해안로
3605,"해병3,4기호국관",,WEST,EXPERIENCE,체험 활동 관광지,,서귀포시 대정읍,33.2272873,126.2610544,제주특별자치도 서귀포시 대정읍 상모대서로66번길 13,https://api.cdn.visitjeju.net/photomng/imgpath/202403/12/e1fbcebd-56cd-42c5-9823-6ae839a34d1b.webp,"해병 3·4기 참전 용사들의 숭고한 희생과 헌신을 기리고, 그들의 애국 정신과 자랑스러운 발자취를 기념하기 위한 호국관","해병 3·4기 참전 용사들의 숭고한 희생과 헌신을 기리고, 그들의 애국 정신과 자랑스러운 발자취를 기념하기 위한 호국관",VJ,,"https://map.kakao.com/?q=해병3,4기호국관"
3606,해비치 컨트리클럽 제주,,SOUTH,EXPERIENCE,체험 활동 관광지,,서귀포시 남원읍,33.3589911,126.7244129,제주특별자치도 서귀포시 남원읍 원님로399번길 319,https://api.cdn.visitjeju.net/photomng/imgpath/202407/05/e6088ee0-d972-4657-9159-f90abbe1e7c1.webp,"""세심하게 관리된 청정 자연 속에서 골프를 ""","""세심하게 관리된 청정 자연 속에서 골프를 """,VJ,,https://map.kakao.com/?q=해비치 컨트리클럽 제주
3607,해빛,,EAST,EXPERIENCE,체험 활동 관광지,,제주시 조천읍,33.5353203,126.6222901,제주특별자치도 제주시 조천읍 신촌9길 8,https://api.cdn.visitjeju.net/photomng/imgpath/202206/13/af6d763e-8032-41c6-acdf-aa28d6bc1cce.webp,"스테인드글래스 공방으로 유리 조명, 썬캐쳐, 각종 소품을 판매하고 원데이 클래스를 운영하는 제주 신촌리에 있는 작은 공방","스테인드글래스 공방으로 유리 조명, 썬캐쳐, 각종 소품을 판매하고 원데이 클래스를 운영하는 제주 신촌리에 있는 작은 공방",VJ,,https://map.kakao.com/?q=해빛
3608,해빛다이브,,SOUTH,EXPERIENCE,체험 활동 관광지,,서귀포시 송산동,33.2431344,126.5675779,제주특별자치도 서귀포시 칠십리로 123,https://api.cdn.visitjeju.net/photomng/imgpath/202306/20/4e79e92c-e141-44cb-bf06-fc819a58ddea.webp,전용 보트를 타고 즐기는 스쿠버다이빙,전용 보트를 타고 즐기는 스쿠버다이빙,VJ,,https://map.kakao.com/?q=해빛다이브
3609,해안누리길50코스,,EAST,TRAIL,산책로·둘레길,,제주시 조천읍,33.5367354,126.6173448,제주특별자치도 제주시 조천읍 신촌북3길 17,https://api.cdn.visitjeju.net/photomng/imgpath/201810/26/cc43fa8d-f9df-4b93-bf1f-87e5df18ddac.webp,"신촌리 해안을 따라 바다와 억새, 일몰을 즐길 수 있는 해안 산책길.","신촌리 해안을 따라 바다와 억새, 일몰을 즐길 수 있는 해안 산책길.",VJ,,https://map.kakao.com/?q=해안누리길50코스
3610,해품은체험농장,,EAST,EXPERIENCE,체험 활동 관광지,,서귀포시 성산읍,33.443462,126.89263,제주특별자치도 서귀포시 성산읍 서성일로 1078-14,https://api.cdn.visitjeju.net/photomng/imgpath/201804/30/a41b70fc-b8de-414d-bc96-09efb009c770.webp,청정제주의 깨끗한 자연에서 감귤을 정성껏 재배하고 있는 체험형 감귤농장입니다.,청정제주의 깨끗한 자연에서 감귤을 정성껏 재배하고 있는 체험형 감귤농장입니다.,VJ+TOUR,,https://map.kakao.com/?q=해품은체험농장
3611,해피맘하우스,,WEST,EXPERIENCE,체험 활동 관광지,,제주시 애월읍,33.4488627,126.3042586,제주특별자치도 제주시 애월읍 애월해안로 306-3,https://api.cdn.visitjeju.net/photomng/imgpath/201804/30/6eab266b-df6d-427d-8e81-ccaffaa7a463.webp,제주 인형만들기 체험장,제주 인형만들기 체험장,VJ,,https://map.kakao.com/?q=해피맘하우스
3612,해피애견,,NORTH,EXPERIENCE,체험 활동 관광지,,제주시 오라동,33.498056,126.5079461,제주특별자치도 제주시 오라로1길 20-9,https://api.cdn.visitjeju.net/photomng/imgpath/202308/23/b9bfbe2a-7ce4-4995-aee4-c85661efc0d6.webp,해피애견은 홀로 있는 강아지들의 외롭거나 스트레스를 받는 강아지들을 위해 만든 곳이다.,해피애견은 홀로 있는 강아지들의 외롭거나 스트레스를 받는 강아지들을 위해 만든 곳이다.,VJ,,https://map.kakao.com/?q=해피애견
3613,핸썸제주,,EAST,COMMERCIAL,상업지구,,제주시 조천읍,33.5422686,126.6713203,제주특별자치도 제주시 조천읍 함덕로 38 1층,https://tong.visitkorea.or.kr/cms/resource/09/4043509_image2_1.jpg,핸썸제주(HANDSOME JEJU)는 세련된(Handsome) 디자인 안목으로 제주의 가치를 재정의하는 로컬 라이프스타일 브랜드입니다.,핸썸제주(HANDSOME JEJU)는 세련된(Handsome) 디자인 안목으로 제주의 가치를 재정의하는 로컬 라이프스타일 브랜드입니다. 제주의 자원을 현대적인 감각으로 가공한 고품질의 상품들을 통해 기품 있는 제주 여행의 추억을 선물합니다.,TOUR,,https://map.kakao.com/?q=핸썸제주
3614,핸즈웍스,,WEST,EXPERIENCE,체험 활동 관광지,,제주시 한림읍,33.4376503,126.2969333,제주특별자치도 제주시 한림읍 귀덕로 78,https://api.cdn.visitjeju.net/photomng/imgpath/201811/20/5f684b84-6596-4d03-a842-9520fb47c8ac.webp,"손으로 만든 모든 것, 핸즈웍스 가죽공방","손으로 만든 모든 것, 핸즈웍스 가죽공방",VJ,,https://map.kakao.com/?q=핸즈웍스
3615,햇살나무바다아래 왓추 테라피센터,,SOUTH,NATURE,자연관광지,,서귀포시 남원읍,33.3330338,126.6180657,제주특별자치도 서귀포시 남원읍 하신로212번길 64,https://api.cdn.visitjeju.net/photomng/imgpath/202510/30/50011a59-d193-4444-86e1-f26c208f414a.webp,"제주의 자연 속, 따뜻한 물에서 몸과 마음을 치유하는 수중 테라피 센터","제주의 자연 속, 따뜻한 물에서 몸과 마음을 치유하는 수중 테라피 센터",VJ,관광지인지 확인(도서관·교회·골프 등),https://map.kakao.com/?q=햇살나무바다아래 왓추 테라피센터
3616,행복공방 에치비,,SOUTH,EXPERIENCE,체험 활동 관광지,,서귀포시 대천동,33.2604907,126.4948354,제주특별자치도 서귀포시 중산간서로 188,https://api.cdn.visitjeju.net/photomng/imgpath/202306/20/239f7c62-8189-4d4b-a049-22c4a7b45e27.webp,고즈넉한 분위기에서 즐기는 도예 체험,고즈넉한 분위기에서 즐기는 도예 체험,VJ,,https://map.kakao.com/?q=행복공방 에치비
3617,행원육상양식단지,,EAST,NATURE,자연관광지,,제주시 구좌읍,33.5586767,126.8160514,제주특별자치도 제주시 구좌읍 해맞이해안로 680-24,https://api.cdn.visitjeju.net/photomng/imgpath/201811/20/7ac69362-8877-473d-b041-b832b04edee4.webp,제주 동쪽 일몰 포인트,제주 동쪽 일몰 포인트,VJ,,https://map.kakao.com/?q=행원육상양식단지
3618,향기다움제주,,EAST,COMMERCIAL,상업지구,,서귀포시 표선면,33.3291863,126.8237462,제주특별자치도 서귀포시 표선면 표선관정로 10,https://api.cdn.visitjeju.net/photomng/imgpath/202306/15/3432340d-dbf0-40fe-8a89-a64e5745b0fc.webp,단 하나뿐인 나의 향기를 찾아내는 곳,단 하나뿐인 나의 향기를 찾아내는 곳,VJ,,https://map.kakao.com/?q=향기다움제주
3619,향사당,,NORTH,NATURE,자연관광지,,제주시 삼도2동,33.5120459,126.5216322,제주특별자치도 제주시 중앙로12길 29 (삼도이동),https://tong.visitkorea.or.kr/cms/resource/77/4072177_image2_1.jpeg,조선 시대 제주 고을의 어른들이 봄과 가을 두 차례 모여 활쏘기와 주연을 베풀며 고을의 당면 과제를 의논하고 민심의 동향을 살피던 향사당이 제…,"조선 시대 제주 고을의 어른들이 봄과 가을 두 차례 모여 활쏘기와 주연을 베풀며 고을의 당면 과제를 의논하고 민심의 동향을 살피던 향사당이 제주시 원도심 골목길 안쪽에 자리한다. 향사당은 본래 유향소의 기능을 담당했으나 1475년(성종 6) 예악과 덕행을 세우는 향사음례를 행하는 유향소라는 뜻으로 개칭됐으며, 좌수 1인·별감 3인을 임원으로 두고 지방 자치 기능까지 수행했다. 당초 가락천 서쪽에 있던 건물은 1691년(숙종 17) 현 위치로 이전됐고, 1981년 현재의 모습으로 고쳐 지어졌다. 홑처마 팔작지붕에 2고주 7량 구조이며 중앙 대청에 우물마루를 깔았고, 현무암으로만 쌓은 화방벽과 도리 방향 첨차 설치가 독특한 건축적 특징으로 꼽힌다. 1975년 제주특별자치도 유형문화유산으로 지정되었으며, 현재는 제주 국가유산 방문자센터로 활용되고 있다.",TOUR,,https://map.kakao.com/?q=향사당
3620,향수공방 미띠뽀,,SOUTH,EXPERIENCE,체험 활동 관광지,,서귀포시 서홍동,33.2559653,126.5568587,제주특별자치도 서귀포시 장수로 105-1,https://api.cdn.visitjeju.net/photomng/imgpath/202307/26/ee33b035-c4d0-43df-9b42-7fdd84a6021c.webp,제주를 향기로 담아내는 공간,제주를 향기로 담아내는 공간,VJ,,https://map.kakao.com/?q=향수공방 미띠뽀
3621,헬로제주,,EAST,COMMERCIAL,상업지구,,제주시 조천읍,33.5423935,126.6668653,제주특별자치도 제주시 조천읍 조함해안로 504 1층,https://tong.visitkorea.or.kr/cms/resource/02/4030502_image2_1.jpg,헬로제주는 제주로 떠나는 설레는 여행의 첫 인사를 건네듯 밝고 화사한 감성의 로컬 굿즈 브랜드입니다.,헬로제주는 제주로 떠나는 설레는 여행의 첫 인사를 건네듯 밝고 화사한 감성의 로컬 굿즈 브랜드입니다. 제주의 아름다운 풍경을 일러스트로 담아낸 디자인 소품들을 통해 고객들에게 여행의 기쁨과 활기를 전달합니다.,TOUR,,https://map.kakao.com/?q=헬로제주
3622,헬로제주 구좌점,,EAST,COMMERCIAL,상업지구,,제주시 구좌읍,33.5555728,126.7957699,제주특별자치도 제주시 구좌읍 해맞이해안로 460 1층,https://tong.visitkorea.or.kr/cms/resource/23/4043523_image2_1.jpg,헬로제주는 제주로 떠나는 설레는 여행의 첫 인사를 건네듯 밝고 화사한 감성의 로컬 굿즈 브랜드입니다.,헬로제주는 제주로 떠나는 설레는 여행의 첫 인사를 건네듯 밝고 화사한 감성의 로컬 굿즈 브랜드입니다. 제주의 아름다운 풍경을 일러스트로 담아낸 디자인 소품들을 통해 고객들에게 여행의 기쁨과 활기를 전달합니다.,TOUR,,https://map.kakao.com/?q=헬로제주 구좌점
3623,헬리녹스 크리에이티브 센터 제주,,NORTH,COMMERCIAL,상업지구,,제주시 삼도2동,33.5167693,126.5241764,제주특별자치도 제주시 탑동로 5 (삼도이동) B1층,https://tong.visitkorea.or.kr/cms/resource/37/4045737_image2_1.jpg,헬리녹스는 전 세계 아웃도어 전문가들이 찬사를 보내는 최첨단 기술력의 프리미엄 캠핑 기어 브랜드입니다.,헬리녹스는 전 세계 아웃도어 전문가들이 찬사를 보내는 최첨단 기술력의 프리미엄 캠핑 기어 브랜드입니다. 독보적으로 가볍고 튼튼한 '체어원' 등 혁신적인 제품들을 통해 어디서나 가장 편안하고 스타일리시한 휴식을 제안합니다.,TOUR,,https://map.kakao.com/?q=헬리녹스 크리에이티브 센터 제주
3624,현사포구,,NORTH,TRAIL,산책로·둘레길,,제주시 이호동,33.50021,126.45968,제주특별자치도 제주시 이호1동,https://api.cdn.visitjeju.net/photomng/imgpath/201804/30/4d96fd44-f120-4ee3-80a6-830ff384aaac.webp,낚시꾼들이 애정하는 한치 포인트,낚시꾼들이 애정하는 한치 포인트,VJ,,https://map.kakao.com/?q=현사포구
3625,현승이네농장,,WEST,COMMERCIAL,상업지구,,제주시 애월읍,33.463615,126.37887,제주특별자치도 제주시 애월읍 신엄리 16,https://api.cdn.visitjeju.net/photomng/imgpath/201804/30/455c85fd-7019-4fa8-8d2c-f264d4e81408.webp,애월 더럭분교 인근 위치한 귤농장.,애월 더럭분교 인근 위치한 귤농장.,VJ,,https://map.kakao.com/?q=현승이네농장
3626,현애원,,EAST,THEME,테마시설,,서귀포시 성산읍,33.4559681,126.9084076,제주 서귀포시 성산읍 산성효자로114번길 131-1,https://api.cdn.visitjeju.net/photomng/imgpath/202406/26/bbd7f7e3-2f3c-4243-b508-9c9fa6c3c905.webp,사계절 꽃이 피는 곳이자 수국 명소로 유명한 정원,사계절 꽃이 피는 곳이자 수국 명소로 유명한 정원,VJ+TOUR,,https://map.kakao.com/?q=현애원
3627,협자연대,,EAST,CULTURE,문화시설,,서귀포시 성산읍,33.426456,126.932304,제주특별자치도 서귀포시 성산읍 고성리 57-1,https://api.cdn.visitjeju.net/photomng/imgpath/201804/30/efee4b65-7986-457c-bd33-9266ac6119c7.webp,성산읍 고성리에 위치한 제주특별자치도 기념물 제23-2호 협자연대,성산읍 고성리에 위치한 제주특별자치도 기념물 제23-2호 협자연대,VJ,,https://map.kakao.com/?q=협자연대
3628,협재기영상회,,WEST,COMMERCIAL,상업지구,,제주시 한림읍,33.3934382,126.2400058,제주특별자치도 제주시 한림읍 한림로 345,https://api.cdn.visitjeju.net/photomng/imgpath/201812/27/1a39f4b4-0099-4776-99d0-106b489acc31.webp,협재해수욕장 가까이 위치한 바틀샵,협재해수욕장 가까이 위치한 바틀샵,VJ,,https://map.kakao.com/?q=협재기영상회
3629,협재동굴,,WEST,NATURE,자연관광지,,제주시 한림읍,33.3894949,126.2396825,제주특별자치도 제주시 한림읍 한림로 300,https://api.cdn.visitjeju.net/photomng/imgpath/201804/30/0ce85715-b7a6-49e0-b668-e9b514a09b88.webp,천연기념물 236호로 세계 제3대 불가사의 동굴로 꼽히는 용암동굴,천연기념물 236호로 세계 제3대 불가사의 동굴로 꼽히는 용암동굴,VJ+TOUR,,https://map.kakao.com/?q=협재동굴
3630,협재포구,,WEST,NATURE,자연관광지,,제주시 한림읍,33.39929,126.24321,제주특별자치도 제주시 한림읍 협재리,https://api.cdn.visitjeju.net/photomng/imgpath/202112/09/07991d86-a4bf-4d2f-bfe9-2f713dbad1d1.webp,비양도를 바라보며 즐기는 바다낚시,비양도를 바라보며 즐기는 바다낚시,VJ+TOUR,,https://map.kakao.com/?q=협재포구
3631,형제섬,,WEST,NATURE,자연관광지,,서귀포시 안덕면,33.209785,126.31431,제주특별자치도 서귀포시 안덕면 사계리 산 44,https://api.cdn.visitjeju.net/photomng/imgpath/201804/30/417baf4b-ca87-49e2-abda-ca8324476285.webp,바다 한가운데 바위처럼 보이는 크고 작은 섬 2개가 사람의 형과 아우처럼 마주보고 있다 하여 붙여진 형제섬,바다 한가운데 바위처럼 보이는 크고 작은 섬 2개가 사람의 형과 아우처럼 마주보고 있다 하여 붙여진 형제섬,VJ+TOUR,,https://map.kakao.com/?q=형제섬
3632,형제해안도로,,WEST,TRAIL,산책로·둘레길,,서귀포시 안덕면,33.2382615,126.3157582,제주특별자치도 서귀포시 안덕면 사계리 3682,https://tong.visitkorea.or.kr/cms/resource/77/3552077_image2_1.jpg,형제해안도로는 대정읍 상모리 송악산에서 안덕면 사계리를 연결하는 도로이다.,"형제해안도로는 대정읍 상모리 송악산에서 안덕면 사계리를 연결하는 도로이다. 형제해안도로는 사계리와 상모리의 해안과 형제섬, 그리고 국토의 최남단인 마라도의 모습도 확인할 수 있어 푸른 바다와 어우러진 다양한 풍경을 즐길 수 있고, ‘한국의 아름다운 길 100선’에 선정될 만큼 아름다운 경치를 자랑한다. 주변 명소로는 사계해변, 형제섬, 발자국 화석 산지 등이 있고, 마라도 잠수함 선착장, 사계리해안 체육공원, 환태평양 평화 소공원 등의 시설이 있어 다양한 볼거리도 제공한다.

(출처 : 제주 문화관광 홈페이지)",TOUR,,https://map.kakao.com/?q=형제해안도로
3633,형제해안로,,WEST,NATURE,자연관광지,,서귀포시 대정읍,33.2011026,126.2655368,제주특별자치도 서귀포시 안덕면 사계리 3682,https://api.cdn.visitjeju.net/photomng/imgpath/201909/06/79d57693-c497-4dff-926a-d2cd949ffe33.webp,형제섬과 마라도의 풍경을 즐기다,형제섬과 마라도의 풍경을 즐기다,VJ,,https://map.kakao.com/?q=형제해안로
3634,형제해안로전망대,,WEST,TRAIL,산책로·둘레길,,서귀포시 안덕면,33.227848,126.30391,제주특별자치도 서귀포시 안덕면 형제해안로 26,https://api.cdn.visitjeju.net/photomng/imgpath/201804/30/c59feae9-435c-461c-b29e-5c2f8be83d9b.webp,"형제섬이 보이는 형제해안로 전망대, 한국의 아름다운 길 100선","형제섬이 보이는 형제해안로 전망대, 한국의 아름다운 길 100선",VJ,,https://map.kakao.com/?q=형제해안로전망대
3635,혜리스마스,,EAST,COMMERCIAL,상업지구,,제주시 구좌읍,33.5232074,126.8571133,제주특별자치도 제주시 구좌읍 구좌로 51-1,https://api.cdn.visitjeju.net/photomng/imgpath/202306/30/ac6a66e8-5182-424d-83c8-14555b6cc958.webp,제주 바다를 오롯이 담은 세화 소품숍,제주 바다를 오롯이 담은 세화 소품숍,VJ,,https://map.kakao.com/?q=혜리스마스
3636,호끄만거,,NORTH,COMMERCIAL,상업지구,,제주시 일도1동,33.5122122,126.5282021,제주특별자치도 제주시 동문로4길 9 지하 1층,https://api.cdn.visitjeju.net/photomng/imgpath/202306/30/fde82514-8196-4b6e-8d4a-4f6620b22015.webp,제주에서 활동하는 작가들의 감각있는 소품을 판매하는 소품샵,제주에서 활동하는 작가들의 감각있는 소품을 판매하는 소품샵,VJ,,https://map.kakao.com/?q=호끄만거
3637,호떡골목,,NORTH,NATURE,자연관광지,,제주시 일도1동,33.5127967,126.5283197,제주특별자치도 제주시 동문로 16 (일도일동),https://tong.visitkorea.or.kr/cms/resource/29/3056129_image2_1.jpg,1945년에 형성되어 제주에서 제일 크고 오래된 시장인 동문재래시장에는 그 세월만큼이나 오랜 시간 동안 자리를 지키고 있는 호떡 골목이 시장…,"1945년에 형성되어 제주에서 제일 크고 오래된 시장인 동문재래시장에는 그 세월만큼이나 오랜 시간 동안 자리를 지키고 있는 호떡 골목이 시장 안에 자리 잡고 있다. 제주 도민이라면 누구나 어린 시절 이곳에서 따뜻한 호떡을 먹은 추억 하나는 가지고 있을 것이다. 호떡 골목은 동문재래시장 1번 게이트 입구에서부터 왼쪽으로 길게 줄지어 가게들이 있어 쉽게 찾을 수 있다. 시장이 처음 생길 때부터 자리를 굳건하게 지키고 있는 가게부터, 빙떡, 쑥 호떡을 곁들여 파는 가게, 푸짐한 잡채가 한가득 들어간 잡채 호떡, 이색적인 다금바리 빵까지 조금씩 다른 콘셉트의 호떡으로 입맛 따라 취향 따라 맛보는 것을 추천한다.",TOUR,,https://map.kakao.com/?q=호떡골목
3638,호성이네 빛나는 선물가게,,SOUTH,COMMERCIAL,상업지구,,서귀포시 중앙동,33.2495843,126.5634525,제주특별자치도 서귀포시 중앙로54번길 34 (서귀동),https://tong.visitkorea.or.kr/cms/resource/74/4045274_image2_1.jpg,"호성이네 빛나는 선물가게는 제주의 따뜻한 감성과 아기자기한 아이디어를 담은 기념품을 판매하는 곳으로, 시장 구경 중 부담없이 들러 여행의 추억…","호성이네 빛나는 선물가게는 제주의 따뜻한 감성과 아기자기한 아이디어를 담은 기념품을 판매하는 곳으로, 시장 구경 중 부담없이 들러 여행의 추억을 구매하기 좋은 공간입니다.",TOUR,,https://map.kakao.com/?q=호성이네 빛나는 선물가게
3639,화북비석거리,,NORTH,CULTURE,문화시설,,제주시 화북동,33.5215008,126.5600456,제주특별자치도 제주시  화북1동 4008,https://api.cdn.visitjeju.net/photomng/imgpath/201804/30/278cacb5-0bbd-4507-accf-150b7d409324.webp,지방관리들의 치적을 기념하는 비가 많이 서 있는 거리,지방관리들의 치적을 기념하는 비가 많이 서 있는 거리,VJ,,https://map.kakao.com/?q=화북비석거리
3640,화북종합시장,,NORTH,COMMERCIAL,상업지구,,제주시 화북동,33.5218084,126.5664464,제주특별자치도 제주시 진동로5길 31,https://api.cdn.visitjeju.net/photomng/imgpath/202110/27/5c4013fe-1df8-4752-af57-98ece4e707fe.webp,정감 넘치는 동네시장,정감 넘치는 동네시장,VJ,,https://map.kakao.com/?q=화북종합시장
3641,화북포구,,NORTH,NATURE,자연관광지,,제주시 화북동,33.5255051,126.5645505,제주특별자치도 제주시 화북1동,https://tong.visitkorea.or.kr/cms/resource/93/3555293_image2_1.jpg,화북포구는 시가 있는 등대길로 이름을 알린 포구이다.,"화북포구는 시가 있는 등대길로 이름을 알린 포구이다. 다른 포구와 다르게 등대 끝까지 방파제를 따라 시를 만날 수 있는데, 학생들이 등대, 포구, 바다와 관련된 시를 포구 끝까지 만들어 두었다. 덕분에 이곳을 방문하는 사람들은 시를 하나하나 읽으면서 등대 끝까지 산책할 수 있다. 등대 끝에는 그림을 그리는 아이와 망원경을 들고 바다를 바라보는 어린아이 등의 조형물이 설치되어 있다. 이 등대를 배경으로 사진을 찍으려고 방문하는 관광객도 많으며 저녁이면 주변을 산책하는 도민들도 많은 편이다.",TOUR,,https://map.kakao.com/?q=화북포구
3642,화순곶자왈생태탐방숲길,,WEST,TRAIL,산책로·둘레길,,서귀포시 안덕면,33.264614,126.33123,제주특별자치도 서귀포시 안덕면 화순서동로 151,https://api.cdn.visitjeju.net/photomng/imgpath/202111/30/a7961a12-e79e-4a4f-ae47-903123185d67.webp,"한라산과 산방산이 보이는, 북방계와 남방계 식물이 공존하는 신비로운 곶자왈","한라산과 산방산이 보이는, 북방계와 남방계 식물이 공존하는 신비로운 곶자왈",VJ+TOUR,,https://map.kakao.com/?q=화순곶자왈생태탐방숲길
3643,화순리 유채꽃길,,WEST,TRAIL,산책로·둘레길,,서귀포시 안덕면,33.25176,126.33404,제주특별자치도 서귀포시 안덕면 화순리 1230-4 일대,https://api.cdn.visitjeju.net/photomng/imgpath/202111/30/010bc443-8fa8-4379-83f9-4598e27bf383.webp,서귀포시 안덕면 서광동 사거리부터 화순리 사거리까지의 유채꽃길.,서귀포시 안덕면 서광동 사거리부터 화순리 사거리까지의 유채꽃길.,VJ,,https://map.kakao.com/?q=화순리 유채꽃길
3644,환상숲곶자왈 담앙족욕,,WEST,EXPERIENCE,체험 활동 관광지,,제주시 한경면,33.3225764,126.2633048,제주특별자치도 제주시 한경면 녹차분재로 594-1,https://api.cdn.visitjeju.net/photomng/imgpath/202007/01/db58a4a4-1d15-4425-ab5d-2f5f2f81a9d4.webp,담앙족욕은 제주의 천연원시림을 볼 수 있는 ‘환상숲곶자왈공원’ 내에 위치하고 있다.,담앙족욕은 제주의 천연원시림을 볼 수 있는 ‘환상숲곶자왈공원’ 내에 위치하고 있다.,VJ,,https://map.kakao.com/?q=환상숲곶자왈 담앙족욕
3645,황금굴(한림공원),,WEST,NATURE,자연관광지,,제주시 한림읍,33.3879944,126.2397837,제주특별자치도 제주시 한림읍 한림로 300,https://api.cdn.visitjeju.net/photomng/imgpath/201804/30/7aae7f89-f4fd-4f01-a336-7460a7919ba8.webp,원형보존이 잘 되어 있고 희귀한 용암굴,원형보존이 잘 되어 있고 희귀한 용암굴,VJ,,https://map.kakao.com/?q=황금굴(한림공원)
3646,황우럭만화카페,,WEST,EXPERIENCE,체험 활동 관광지,,제주시 한림읍,33.41427,126.26667,제주특별자치도 제주시 한림읍 내동남길 7-3,https://api.cdn.visitjeju.net/photomng/imgpath/201804/30/9560d658-f21b-4b45-90d0-c343208c167e.webp,황우럭 만화카페는 故양병윤 화백의 생가를 카페로 새롭게 재구성한 장소입니다.,황우럭 만화카페는 故양병윤 화백의 생가를 카페로 새롭게 재구성한 장소입니다.,VJ,,https://map.kakao.com/?q=황우럭만화카페
3647,효돈에반하다,,NORTH,COMMERCIAL,상업지구,,제주시 일도1동,33.5128796,126.5290189,제주특별자치도 제주시 동문로 22,https://api.cdn.visitjeju.net/photomng/imgpath/202306/30/e6c7fa9c-9a8b-413b-a018-cced8e2e3f1d.webp,동문시장 인근 감성가득 제주 기념품숍,동문시장 인근 감성가득 제주 기념품숍,VJ,,https://map.kakao.com/?q=효돈에반하다
3648,후르츨리,,WEST,COMMERCIAL,상업지구,,제주시 한림읍,33.3936402,126.2402946,제주특별자치도 제주시 한림읍 한림로 335,https://api.cdn.visitjeju.net/photomng/imgpath/202306/15/fdcc8ae7-e78f-4987-ab97-f92caefc16f7.webp,제주 특산물로 만든 음료와 함께 즐기는 자체제작 소품,제주 특산물로 만든 음료와 함께 즐기는 자체제작 소품,VJ,,https://map.kakao.com/?q=후르츨리
3649,후박나무길,,EAST,TRAIL,산책로·둘레길,,제주시 조천읍,33.4402971,126.6993798,제주특별자치도 제주시 조천읍 선교로 807-31,https://api.cdn.visitjeju.net/photomng/imgpath/202407/24/7cde30f4-17c6-43b0-b063-8087c9484398.webp,후박나무 터널이 주는 여유로움과 위로...,후박나무 터널이 주는 여유로움과 위로... ‘후박나무길’,VJ,,https://map.kakao.com/?q=후박나무길
3650,후포해변,,NORTH,NATURE,자연관광지,,제주시 추자면,33.9623682,126.2894028,제주특별자치도 제주시 추자면 대서5길 87,https://api.cdn.visitjeju.net/photomng/imgpath/201804/30/2962a0fc-d37f-4d5e-8f79-1fe5c8e8a00c.webp,탈의실과 편의시설을 갖춘 작은 휴양지,탈의실과 편의시설을 갖춘 작은 휴양지,VJ,,https://map.kakao.com/?q=후포해변
3651,휠라언더웨어 신제주점,,NORTH,COMMERCIAL,상업지구,,제주시 연동,33.4901162,126.4859483,"제주특별자치도 제주시 도령로 73 (연동, 연동 펠리체) 1층",https://tong.visitkorea.or.kr/cms/resource/19/4024319_image2_1.jpeg,"휠라는 이탈리아에서 시작된 글로벌 스포츠 브랜드로, 깔끔한 디자인과 기능성을 겸비한 스포츠웨어를 선보입니다.","휠라는 이탈리아에서 시작된 글로벌 스포츠 브랜드로, 깔끔한 디자인과 기능성을 겸비한 스포츠웨어를 선보입니다. 일상에서도 활용 가능한 트렌디한 스타일을 지향하고 가격도 합리적인 편이라 젊은 세대에게 인기를 얻고 있습니다.",TOUR,,https://map.kakao.com/?q=휠라언더웨어 신제주점
3652,휠라키즈 서귀포점,,SOUTH,COMMERCIAL,상업지구,,서귀포시 천지동,33.2507362,126.5610794,제주특별자치도 서귀포시 중앙로 69 (서귀동),https://tong.visitkorea.or.kr/cms/resource/68/4042368_image2_1.png,"휠라는 이탈리아에서 시작된 글로벌 스포츠 브랜드로, 깔끔한 디자인과 기능성을 겸비한 스포츠웨어를 선보입니다.","휠라는 이탈리아에서 시작된 글로벌 스포츠 브랜드로, 깔끔한 디자인과 기능성을 겸비한 스포츠웨어를 선보입니다. 일상에서도 활용 가능한 트렌디한 스타일을 지향하고 가격도 합리적인 편이라 젊은 세대에게 인기를 얻고 있습니다.",TOUR,,https://map.kakao.com/?q=휠라키즈 서귀포점
3653,휠라키즈 신제주점,,NORTH,COMMERCIAL,상업지구,,제주시 연동,33.4874834,126.4902102,제주특별자치도 제주시 신광로 51 (연동) 1층,https://tong.visitkorea.or.kr/cms/resource/48/4043148_image2_1.jpg,"휠라는 이탈리아에서 시작된 글로벌 스포츠 브랜드로, 깔끔한 디자인과 기능성을 겸비한 스포츠웨어를 선보입니다.","휠라는 이탈리아에서 시작된 글로벌 스포츠 브랜드로, 깔끔한 디자인과 기능성을 겸비한 스포츠웨어를 선보입니다. 일상에서도 활용 가능한 트렌디한 스타일을 지향하고 가격도 합리적인 편이라 젊은 세대에게 인기를 얻고 있습니다.",TOUR,,https://map.kakao.com/?q=휠라키즈 신제주점
3654,휴림,,WEST,NATURE,자연관광지,,제주시 애월읍,33.4437791,126.4287872,제주특별자치도 제주시 애월읍 광령남서길 40,https://tong.visitkorea.or.kr/cms/resource/64/3017664_image2_1.jpg,휴림은 2017년 개장한 에코힐링파크로 남녀노소 온가족이 함께 즐길 수 있는 숲속 체험을 제공한다.,"휴림은 2017년 개장한 에코힐링파크로 남녀노소 온가족이 함께 즐길 수 있는 숲속 체험을 제공한다. 제주시산림조합에서 운영하며 산림자원의 새로운 부가가치를 창출하기 위해 제주의 산림자원을 활용하여 조성되어있어 제주의 숲내음을 온몸으로 맡으며 휴식을 즐길 수 있다. 양묘체험, 숲속캠핑, 글램핑, 카라반 등을 체험할 수 있으며, 유치원 등의 단체가 이용할 수 있는 유아숲속 놀이터를 운영하고 있다. 숲카페, 캐주얼와인샵, 산림부산물인 편백 톱밥을 활용한 톱밥효소 찜질 체험장도 있어 숲이 주는 자연치유력과 힐링을 느끼는 느긋함도 가져볼 수 있다.",TOUR,,https://map.kakao.com/?q=휴림
3655,흑돼지거리,,NORTH,COMMERCIAL,상업지구,,제주시 건입동,33.5132674,126.5511425,제주특별자치도 제주시 건입동,https://api.cdn.visitjeju.net/photomng/imgpath/201807/26/f8ad0c26-2030-4f03-8511-b80fb56a3718.webp,건입동에 위치한 흑돼지구이 전문점이 모여 있는 골목,건입동에 위치한 흑돼지구이 전문점이 모여 있는 골목,VJ,,https://map.kakao.com/?q=흑돼지거리
3656,흑돼지거리,,NORTH,COMMERCIAL,상업지구,,제주시 일도1동,33.515417,126.526861,제주특별자치도 제주시 일도일동,https://tong.visitkorea.or.kr/cms/resource/69/3061569_image2_1.jpg,"제주항 탑동광장 부근에 조성된 제주 흑돼지 거리는 제주의 특산물인 흑돼지 전문점이 모여 있는 골목으로, 흑돼지를 맛보고 싶다면 방문하는 것을…","제주항 탑동광장 부근에 조성된 제주 흑돼지 거리는 제주의 특산물인 흑돼지 전문점이 모여 있는 골목으로, 흑돼지를 맛보고 싶다면 방문하는 것을 추천한다. 흑돼지 거리는 오랜 전통을 자랑하고 있으며, 초입에는 흑돼지 거리 간판 조형물과 돼지 동상 조형물이 설치되어 있어 단번에 흑돼지 거리임을 알 수 있게 해주고 있다. 흑돼지는 일반 돼지고기에 비해 쫄깃하고 영양도 많다고 알려져 있으며, 흑돼지고기를 구워 꽃멸치 젓갈에 찍어 먹으면 그 맛이 담백하고 고소하여 씹을수록 입맛을 돋게 한다. 주변에는 칠성로 쇼핑거리, 동문재래시장, 생태하천 산지천, 산지 등대, 탑동광장 등 여러 관광지가 있는 제주 특화 거리이다.",TOUR,,https://map.kakao.com/?q=흑돼지거리
3657,흘아카이브,,EAST,NATURE,자연관광지,,제주시 조천읍,33.4580968,126.7109922,제주특별자치도 제주시 조천읍 선진길 88,https://tong.visitkorea.or.kr/cms/resource/75/4090175_image2_1.jpg,"제주의 곶자왈 생태에서 영감을 받아 전시와 차, 체험을 함께 운영하는 공간이다.","제주의 곶자왈 생태에서 영감을 받아 전시와 차, 체험을 함께 운영하는 공간이다. 통유리창 너머로 보이는 수목과 자연광이 실내로 이어지며, 전시 관람과 사색을 통해 자신의 생각을 차분히 정리할 수 있도록 구성하였다. 대표 체험인 ‘먹을 수 있는 숲, 테라리움 디저트’는 곶자왈의 돌과 흙, 이끼를 닮은 크럼블·초콜릿·그래놀라·생크림 등을 투명한 용기에 쌓아 작은 숲 형태의 디저트를 만드는 프로그램이다. 체험 과정에서 제주 곶자왈과 선흘마을에 관한 이야기를 듣고, 완성한 디저트와 곶자왈을 모티프로 만든 블렌딩 차를 맛볼 수 있다. 체험에 참여하지 않아도 현장에서 차를 주문한 뒤 전시와 사색의 방을 개별적으로 이용할 수 있다.",TOUR,,https://map.kakao.com/?q=흘아카이브
3658,흰백,,WEST,COMMERCIAL,상업지구,,제주시 한림읍,33.4059511,126.2560537,제주특별자치도 제주시 한림읍 한림로 541,https://api.cdn.visitjeju.net/photomng/imgpath/202306/30/e42d4888-92ef-4bf5-b871-3b470967db67.webp,반짝반짝 빛나는 유리공예 소품 가게,반짝반짝 빛나는 유리공예 소품 가게,VJ,,https://map.kakao.com/?q=흰백
